{
  "meta": {
    "data_version": "1.0.0",
    "created": "2014-09-28",
    "revision": 4
  },
  "info": {
    "balls_per_over": 6,
    "city": "Incheon",
    "dates": [
      "2014-09-25"
    ],
    "event": {
      "name": "Asian Games Women's Cricket Competition",
      "stage": "Semi Final"
    },
    "gender": "female",
    "match_type": "IT20",
    "missing": [
      "player_of_match"
    ],
    "officials": {
      "match_referees": [
        "Iqbal Sikander"
      ],
      "reserve_umpires": [
        "L Jingmin"
      ],
      "umpires": [
        "Sarika Prasad",
        "Riaz Chaudhry"
      ]
    },
    "outcome": {
      "by": {
        "runs": 25
      },
      "winner": "Bangladesh"
    },
    "overs": 20,
    "players": {
      "Bangladesh": [
        "Shahanaz Parvin",
        "Ayasha Rahman",
        "Fargana Hoque",
        "Lata Mondal",
        "Salma Khatun",
        "Rumana Ahmed",
        "Shaila Sharmin",
        "Jahanara Alam",
        "Panna Ghosh",
        "Fahima Khatun",
        "Nuzhat Tasnia"
      ],
      "Sri Lanka": [
        "BYA Mendis",
        "HML Madushani",
        "AC Jayangani",
        "HASD Siriwardene",
        "PRCS Kumarihami",
        "LE Kaushalya",
        "SS Weerakkody",
        "MADD Surangika",
        "KDU Prabodhani",
        "HHC Gunaratne",
        "I Ranaweera"
      ]
    },
    "registry": {
      "people": {
        "AC Jayangani": "ac56b5a7",
        "Ayasha Rahman": "2f899a44",
        "BYA Mendis": "a9fabff4",
        "Fahima Khatun": "558cdd64",
        "Fargana Hoque": "6e96c956",
        "HASD Siriwardene": "dbd79036",
        "HHC Gunaratne": "44d0e8af",
        "HML Madushani": "07485bb9",
        "I Ranaweera": "a61850e6",
        "Iqbal Sikander": "ee4e7305",
        "Jahanara Alam": "752183c1",
        "KDU Prabodhani": "a0fdf513",
        "L Jingmin": "d092845d",
        "LE Kaushalya": "8b552293",
        "Lata Mondal": "5bf87532",
        "MADD Surangika": "3f440bd6",
        "NND de Silva": "f0b4294e",
        "Nuzhat Tasnia": "6ce57e02",
        "PRCS Kumarihami": "a1c4aed5",
        "Panna Ghosh": "005f0561",
        "Riaz Chaudhry": "3f6d9c7f",
        "Rumana Ahmed": "a92763ea",
        "SS Weerakkody": "5f862ccd",
        "Salma Khatun": "037f2b86",
        "Sarika Prasad": "8ff397fa",
        "Shahanaz Parvin": "78209d38",
        "Shaila Sharmin": "b76fd014"
      }
    },
    "season": "2014/15",
    "team_type": "international",
    "teams": [
      "Bangladesh",
      "Sri Lanka"
    ],
    "toss": {
      "decision": "bat",
      "winner": "Bangladesh"
    },
    "venue": "Yeonhui Cricket Ground"
  },
  "innings": [
    {
      "team": "Bangladesh",
      "overs": [
        {
          "over": 0,
          "deliveries": [
            {
              "batter": "Shahanaz Parvin",
              "bowler": "KDU Prabodhani",
              "extras": {
                "wides": 1
              },
              "non_striker": "Ayasha Rahman",
              "runs": {
                "batter": 0,
                "extras": 1,
                "total": 1
              }
            },
            {
              "batter": "Shahanaz Parvin",
              "bowler": "KDU Prabodhani",
              "extras": {
                "wides": 1
              },
              "non_striker": "Ayasha Rahman",
              "runs": {
                "batter": 0,
                "extras": 1,
                "total": 1
              }
            },
            {
              "batter": "Shahanaz Parvin",
              "bowler": "KDU Prabodhani",
              "non_striker": "Ayasha Rahman",
              "runs": {
                "batter": 0,
                "extras": 0,
                "total": 0
              }
            },
            {
              "batter": "Shahanaz Parvin",
              "bowler": "KDU Prabodhani",
              "non_striker": "Ayasha Rahman",
              "runs": {
                "batter": 0,
                "extras": 0,
                "total": 0
              },
              "wickets": [
                {
                  "kind": "bowled",
                  "player_out": "Shahanaz Parvin"
                }
              ]
            },
            {
              "batter": "Fargana Hoque",
              "bowler": "KDU Prabodhani",
              "non_striker": "Ayasha Rahman",
              "runs": {
                "batter": 3,
                "extras": 0,
                "total": 3
              }
            },
            {
              "batter": "Ayasha Rahman",
              "bowler": "KDU Prabodhani",
              "non_striker": "Fargana Hoque",
              "runs": {
                "batter": 0,
                "extras": 0,
                "total": 0
              }
            },
            {
              "batter": "Ayasha Rahman",
              "bowler": "KDU Prabodhani",
              "non_striker": "Fargana Hoque",
              "runs": {
                "batter": 0,
                "extras": 0,
                "total": 0
              }
            },
            {
              "batter": "Ayasha Rahman",
              "bowler": "KDU Prabodhani",
              "non_striker": "Fargana Hoque",
              "runs": {
                "batter": 0,
                "extras": 0,
                "total": 0
              }
            }
          ]
        },
        {
          "over": 1,
          "deliveries": [
            {
              "batter": "Fargana Hoque",
              "bowler": "SS Weerakkody",
              "extras": {
                "wides": 1
              },
              "non_striker": "Ayasha Rahman",
              "runs": {
                "batter": 0,
                "extras": 1,
                "total": 1
              }
            },
            {
              "batter": "Fargana Hoque",
              "bowler": "SS Weerakkody",
              "non_striker": "Ayasha Rahman",
              "runs": {
                "batter": 0,
                "extras": 0,
                "total": 0
              }
            },
            {
              "batter": "Fargana Hoque",
              "bowler": "SS Weerakkody",
              "non_striker": "Ayasha Rahman",
              "runs": {
                "batter": 3,
                "extras": 0,
                "total": 3
              }
            },
            {
              "batter": "Ayasha Rahman",
              "bowler": "SS Weerakkody",
              "non_striker": "Fargana Hoque",
              "runs": {
                "batter": 0,
                "extras": 0,
                "total": 0
              }
            },
            {
              "batter": "Ayasha Rahman",
              "bowler": "SS Weerakkody",
              "non_striker": "Fargana Hoque",
              "runs": {
                "batter": 0,
                "extras": 0,
                "total": 0
              }
            },
            {
              "batter": "Ayasha Rahman",
              "bowler": "SS Weerakkody",
              "non_striker": "Fargana Hoque",
              "runs": {
                "batter": 1,
                "extras": 0,
                "total": 1
              }
            },
            {
              "batter": "Fargana Hoque",
              "bowler": "SS Weerakkody",
              "non_striker": "Ayasha Rahman",
              "runs": {
                "batter": 0,
                "extras": 0,
                "total": 0
              }
            }
          ]
        },
        {
          "over": 2,
          "deliveries": [
            {
              "batter": "Ayasha Rahman",
              "bowler": "KDU Prabodhani",
              "non_striker": "Fargana Hoque",
              "runs": {
                "batter": 0,
                "extras": 0,
                "total": 0
              }
            },
            {
              "batter": "Ayasha Rahman",
              "bowler": "KDU Prabodhani",
              "non_striker": "Fargana Hoque",
              "runs": {
                "batter": 0,
                "extras": 0,
                "total": 0
              }
            },
            {
              "batter": "Ayasha Rahman",
              "bowler": "KDU Prabodhani",
              "non_striker": "Fargana Hoque",
              "runs": {
                "batter": 0,
                "extras": 0,
                "total": 0
              }
            },
            {
              "batter": "Ayasha Rahman",
              "bowler": "KDU Prabodhani",
              "non_striker": "Fargana Hoque",
              "runs": {
                "batter": 0,
                "extras": 0,
                "total": 0
              }
            },
            {
              "batter": "Ayasha Rahman",
              "bowler": "KDU Prabodhani",
              "non_striker": "Fargana Hoque",
              "runs": {
                "batter": 0,
                "extras": 0,
                "total": 0
              }
            },
            {
              "batter": "Ayasha Rahman",
              "bowler": "KDU Prabodhani",
              "non_striker": "Fargana Hoque",
              "runs": {
                "batter": 2,
                "extras": 0,
                "total": 2
              }
            }
          ]
        },
        {
          "over": 3,
          "deliveries": [
            {
              "batter": "Fargana Hoque",
              "bowler": "SS Weerakkody",
              "non_striker": "Ayasha Rahman",
              "runs": {
                "batter": 0,
                "extras": 0,
                "total": 0
              }
            },
            {
              "batter": "Fargana Hoque",
              "bowler": "SS Weerakkody",
              "non_striker": "Ayasha Rahman",
              "runs": {
                "batter": 1,
                "extras": 0,
                "total": 1
              }
            },
            {
              "batter": "Ayasha Rahman",
              "bowler": "SS Weerakkody",
              "extras": {
                "wides": 1
              },
              "non_striker": "Fargana Hoque",
              "runs": {
                "batter": 0,
                "extras": 1,
                "total": 1
              }
            },
            {
              "batter": "Ayasha Rahman",
              "bowler": "SS Weerakkody",
              "non_striker": "Fargana Hoque",
              "runs": {
                "batter": 1,
                "extras": 0,
                "total": 1
              }
            },
            {
              "batter": "Fargana Hoque",
              "bowler": "SS Weerakkody",
              "non_striker": "Ayasha Rahman",
              "runs": {
                "batter": 1,
                "extras": 0,
                "total": 1
              }
            },
            {
              "batter": "Ayasha Rahman",
              "bowler": "SS Weerakkody",
              "non_striker": "Fargana Hoque",
              "runs": {
                "batter": 0,
                "extras": 0,
                "total": 0
              }
            },
            {
              "batter": "Ayasha Rahman",
              "bowler": "SS Weerakkody",
              "non_striker": "Fargana Hoque",
              "runs": {
                "batter": 2,
                "extras": 0,
                "total": 2
              }
            }
          ]
        },
        {
          "over": 4,
          "deliveries": [
            {
              "batter": "Fargana Hoque",
              "bowler": "KDU Prabodhani",
              "non_striker": "Ayasha Rahman",
              "runs": {
                "batter": 2,
                "extras": 0,
                "total": 2
              }
            },
            {
              "batter": "Fargana Hoque",
              "bowler": "KDU Prabodhani",
              "non_striker": "Ayasha Rahman",
              "runs": {
                "batter": 0,
                "extras": 0,
                "total": 0
              }
            },
            {
              "batter": "Fargana Hoque",
              "bowler": "KDU Prabodhani",
              "non_striker": "Ayasha Rahman",
              "runs": {
                "batter": 0,
                "extras": 0,
                "total": 0
              }
            },
            {
              "batter": "Fargana Hoque",
              "bowler": "KDU Prabodhani",
              "non_striker": "Ayasha Rahman",
              "runs": {
                "batter": 1,
                "extras": 0,
                "total": 1
              }
            },
            {
              "batter": "Ayasha Rahman",
              "bowler": "KDU Prabodhani",
              "non_striker": "Fargana Hoque",
              "runs": {
                "batter": 1,
                "extras": 0,
                "total": 1
              }
            },
            {
              "batter": "Fargana Hoque",
              "bowler": "KDU Prabodhani",
              "non_striker": "Ayasha Rahman",
              "runs": {
                "batter": 0,
                "extras": 0,
                "total": 0
              }
            }
          ]
        },
        {
          "over": 5,
          "deliveries": [
            {
              "batter": "Ayasha Rahman",
              "bowler": "HHC Gunaratne",
              "non_striker": "Fargana Hoque",
              "runs": {
                "batter": 0,
                "extras": 0,
                "total": 0
              }
            },
            {
              "batter": "Ayasha Rahman",
              "bowler": "HHC Gunaratne",
              "non_striker": "Fargana Hoque",
              "runs": {
                "batter": 0,
                "extras": 0,
                "total": 0
              },
              "wickets": [
                {
                  "kind": "stumped",
                  "player_out": "Ayasha Rahman",
                  "fielders": [
                    {
                      "name": "MADD Surangika"
                    }
                  ]
                }
              ]
            },
            {
              "batter": "Lata Mondal",
              "bowler": "HHC Gunaratne",
              "non_striker": "Fargana Hoque",
              "runs": {
                "batter": 1,
                "extras": 0,
                "total": 1
              }
            },
            {
              "batter": "Fargana Hoque",
              "bowler": "HHC Gunaratne",
              "non_striker": "Lata Mondal",
              "runs": {
                "batter": 1,
                "extras": 0,
                "total": 1
              }
            },
            {
              "batter": "Lata Mondal",
              "bowler": "HHC Gunaratne",
              "non_striker": "Fargana Hoque",
              "runs": {
                "batter": 0,
                "extras": 0,
                "total": 0
              }
            },
            {
              "batter": "Lata Mondal",
              "bowler": "HHC Gunaratne",
              "non_striker": "Fargana Hoque",
              "runs": {
                "batter": 0,
                "extras": 0,
                "total": 0
              }
            }
          ]
        },
        {
          "over": 6,
          "deliveries": [
            {
              "batter": "Fargana Hoque",
              "bowler": "I Ranaweera",
              "extras": {
                "byes": 2
              },
              "non_striker": "Lata Mondal",
              "runs": {
                "batter": 0,
                "extras": 2,
                "total": 2
              }
            },
            {
              "batter": "Fargana Hoque",
              "bowler": "I Ranaweera",
              "non_striker": "Lata Mondal",
              "runs": {
                "batter": 0,
                "extras": 0,
                "total": 0
              }
            },
            {
              "batter": "Fargana Hoque",
              "bowler": "I Ranaweera",
              "non_striker": "Lata Mondal",
              "runs": {
                "batter": 1,
                "extras": 0,
                "total": 1
              }
            },
            {
              "batter": "Lata Mondal",
              "bowler": "I Ranaweera",
              "non_striker": "Fargana Hoque",
              "runs": {
                "batter": 0,
                "extras": 0,
                "total": 0
              }
            },
            {
              "batter": "Lata Mondal",
              "bowler": "I Ranaweera",
              "non_striker": "Fargana Hoque",
              "runs": {
                "batter": 1,
                "extras": 0,
                "total": 1
              }
            },
            {
              "batter": "Fargana Hoque",
              "bowler": "I Ranaweera",
              "non_striker": "Lata Mondal",
              "runs": {
                "batter": 0,
                "extras": 0,
                "total": 0
              }
            }
          ]
        },
        {
          "over": 7,
          "deliveries": [
            {
              "batter": "Lata Mondal",
              "bowler": "HHC Gunaratne",
              "non_striker": "Fargana Hoque",
              "runs": {
                "batter": 1,
                "extras": 0,
                "total": 1
              }
            },
            {
              "batter": "Fargana Hoque",
              "bowler": "HHC Gunaratne",
              "non_striker": "Lata Mondal",
              "runs": {
                "batter": 0,
                "extras": 0,
                "total": 0
              }
            },
            {
              "batter": "Fargana Hoque",
              "bowler": "HHC Gunaratne",
              "extras": {
                "legbyes": 2
              },
              "non_striker": "Lata Mondal",
              "runs": {
                "batter": 0,
                "extras": 2,
                "total": 2
              }
            },
            {
              "batter": "Fargana Hoque",
              "bowler": "HHC Gunaratne",
              "non_striker": "Lata Mondal",
              "runs": {
                "batter": 1,
                "extras": 0,
                "total": 1
              }
            },
            {
              "batter": "Lata Mondal",
              "bowler": "HHC Gunaratne",
              "non_striker": "Fargana Hoque",
              "runs": {
                "batter": 0,
                "extras": 0,
                "total": 0
              }
            },
            {
              "batter": "Lata Mondal",
              "bowler": "HHC Gunaratne",
              "non_striker": "Fargana Hoque",
              "runs": {
                "batter": 0,
                "extras": 0,
                "total": 0
              }
            }
          ]
        },
        {
          "over": 8,
          "deliveries": [
            {
              "batter": "Fargana Hoque",
              "bowler": "I Ranaweera",
              "non_striker": "Lata Mondal",
              "runs": {
                "batter": 1,
                "extras": 0,
                "total": 1
              }
            },
            {
              "batter": "Lata Mondal",
              "bowler": "I Ranaweera",
              "non_striker": "Fargana Hoque",
              "runs": {
                "batter": 2,
                "extras": 0,
                "total": 2
              }
            },
            {
              "batter": "Lata Mondal",
              "bowler": "I Ranaweera",
              "non_striker": "Fargana Hoque",
              "runs": {
                "batter": 1,
                "extras": 0,
                "total": 1
              }
            },
            {
              "batter": "Fargana Hoque",
              "bowler": "I Ranaweera",
              "non_striker": "Lata Mondal",
              "runs": {
                "batter": 0,
                "extras": 0,
                "total": 0
              }
            },
            {
              "batter": "Fargana Hoque",
              "bowler": "I Ranaweera",
              "non_striker": "Lata Mondal",
              "runs": {
                "batter": 0,
                "extras": 0,
                "total": 0
              }
            },
            {
              "batter": "Fargana Hoque",
              "bowler": "I Ranaweera",
              "non_striker": "Lata Mondal",
              "runs": {
                "batter": 1,
                "extras": 0,
                "total": 1
              }
            }
          ]
        },
        {
          "over": 9,
          "deliveries": [
            {
              "batter": "Fargana Hoque",
              "bowler": "HHC Gunaratne",
              "non_striker": "Lata Mondal",
              "runs": {
                "batter": 0,
                "extras": 0,
                "total": 0
              }
            },
            {
              "batter": "Fargana Hoque",
              "bowler": "HHC Gunaratne",
              "non_striker": "Lata Mondal",
              "runs": {
                "batter": 1,
                "extras": 0,
                "total": 1
              }
            },
            {
              "batter": "Lata Mondal",
              "bowler": "HHC Gunaratne",
              "non_striker": "Fargana Hoque",
              "runs": {
                "batter": 0,
                "extras": 0,
                "total": 0
              }
            },
            {
              "batter": "Lata Mondal",
              "bowler": "HHC Gunaratne",
              "non_striker": "Fargana Hoque",
              "runs": {
                "batter": 2,
                "extras": 0,
                "total": 2
              }
            },
            {
              "batter": "Lata Mondal",
              "bowler": "HHC Gunaratne",
              "non_striker": "Fargana Hoque",
              "runs": {
                "batter": 0,
                "extras": 0,
                "total": 0
              }
            },
            {
              "batter": "Lata Mondal",
              "bowler": "HHC Gunaratne",
              "non_striker": "Fargana Hoque",
              "runs": {
                "batter": 1,
                "extras": 0,
                "total": 1
              }
            }
          ]
        },
        {
          "over": 10,
          "deliveries": [
            {
              "batter": "Lata Mondal",
              "bowler": "LE Kaushalya",
              "non_striker": "Fargana Hoque",
              "runs": {
                "batter": 1,
                "extras": 0,
                "total": 1
              }
            },
            {
              "batter": "Fargana Hoque",
              "bowler": "LE Kaushalya",
              "extras": {
                "byes": 1
              },
              "non_striker": "Lata Mondal",
              "runs": {
                "batter": 0,
                "extras": 1,
                "total": 1
              }
            },
            {
              "batter": "Lata Mondal",
              "bowler": "LE Kaushalya",
              "non_striker": "Fargana Hoque",
              "runs": {
                "batter": 0,
                "extras": 0,
                "total": 0
              }
            },
            {
              "batter": "Lata Mondal",
              "bowler": "LE Kaushalya",
              "non_striker": "Fargana Hoque",
              "runs": {
                "batter": 0,
                "extras": 0,
                "total": 0
              }
            },
            {
              "batter": "Lata Mondal",
              "bowler": "LE Kaushalya",
              "non_striker": "Fargana Hoque",
              "runs": {
                "batter": 3,
                "extras": 0,
                "total": 3
              }
            },
            {
              "batter": "Fargana Hoque",
              "bowler": "LE Kaushalya",
              "non_striker": "Lata Mondal",
              "runs": {
                "batter": 1,
                "extras": 0,
                "total": 1
              }
            }
          ]
        },
        {
          "over": 11,
          "deliveries": [
            {
              "batter": "Fargana Hoque",
              "bowler": "HASD Siriwardene",
              "non_striker": "Lata Mondal",
              "runs": {
                "batter": 4,
                "extras": 0,
                "total": 4
              }
            },
            {
              "batter": "Fargana Hoque",
              "bowler": "HASD Siriwardene",
              "non_striker": "Lata Mondal",
              "runs": {
                "batter": 0,
                "extras": 0,
                "total": 0
              }
            },
            {
              "batter": "Fargana Hoque",
              "bowler": "HASD Siriwardene",
              "non_striker": "Lata Mondal",
              "runs": {
                "batter": 0,
                "extras": 0,
                "total": 0
              }
            },
            {
              "batter": "Fargana Hoque",
              "bowler": "HASD Siriwardene",
              "non_striker": "Lata Mondal",
              "runs": {
                "batter": 0,
                "extras": 0,
                "total": 0
              }
            },
            {
              "batter": "Fargana Hoque",
              "bowler": "HASD Siriwardene",
              "non_striker": "Lata Mondal",
              "runs": {
                "batter": 0,
                "extras": 0,
                "total": 0
              },
              "wickets": [
                {
                  "kind": "caught",
                  "player_out": "Fargana Hoque",
                  "fielders": [
                    {
                      "name": "BYA Mendis"
                    }
                  ]
                }
              ]
            },
            {
              "batter": "Lata Mondal",
              "bowler": "HASD Siriwardene",
              "non_striker": "Salma Khatun",
              "runs": {
                "batter": 0,
                "extras": 0,
                "total": 0
              }
            }
          ]
        },
        {
          "over": 12,
          "deliveries": [
            {
              "batter": "Salma Khatun",
              "bowler": "HHC Gunaratne",
              "non_striker": "Lata Mondal",
              "runs": {
                "batter": 0,
                "extras": 0,
                "total": 0
              }
            },
            {
              "batter": "Salma Khatun",
              "bowler": "HHC Gunaratne",
              "non_striker": "Lata Mondal",
              "runs": {
                "batter": 0,
                "extras": 0,
                "total": 0
              }
            },
            {
              "batter": "Salma Khatun",
              "bowler": "HHC Gunaratne",
              "non_striker": "Lata Mondal",
              "runs": {
                "batter": 0,
                "extras": 0,
                "total": 0
              }
            },
            {
              "batter": "Salma Khatun",
              "bowler": "HHC Gunaratne",
              "non_striker": "Lata Mondal",
              "runs": {
                "batter": 1,
                "extras": 0,
                "total": 1
              }
            },
            {
              "batter": "Lata Mondal",
              "bowler": "HHC Gunaratne",
              "non_striker": "Salma Khatun",
              "runs": {
                "batter": 0,
                "extras": 0,
                "total": 0
              }
            },
            {
              "batter": "Lata Mondal",
              "bowler": "HHC Gunaratne",
              "non_striker": "Salma Khatun",
              "runs": {
                "batter": 1,
                "extras": 0,
                "total": 1
              }
            }
          ]
        },
        {
          "over": 13,
          "deliveries": [
            {
              "batter": "Lata Mondal",
              "bowler": "HASD Siriwardene",
              "non_striker": "Salma Khatun",
              "runs": {
                "batter": 3,
                "extras": 0,
                "total": 3
              }
            },
            {
              "batter": "Salma Khatun",
              "bowler": "HASD Siriwardene",
              "non_striker": "Lata Mondal",
              "runs": {
                "batter": 1,
                "extras": 0,
                "total": 1
              }
            },
            {
              "batter": "Lata Mondal",
              "bowler": "HASD Siriwardene",
              "non_striker": "Salma Khatun",
              "runs": {
                "batter": 1,
                "extras": 0,
                "total": 1
              }
            },
            {
              "batter": "Salma Khatun",
              "bowler": "HASD Siriwardene",
              "non_striker": "Lata Mondal",
              "runs": {
                "batter": 1,
                "extras": 0,
                "total": 1
              }
            },
            {
              "batter": "Lata Mondal",
              "bowler": "HASD Siriwardene",
              "non_striker": "Salma Khatun",
              "runs": {
                "batter": 0,
                "extras": 0,
                "total": 0
              }
            },
            {
              "batter": "Lata Mondal",
              "bowler": "HASD Siriwardene",
              "non_striker": "Salma Khatun",
              "runs": {
                "batter": 0,
                "extras": 0,
                "total": 0
              }
            }
          ]
        },
        {
          "over": 14,
          "deliveries": [
            {
              "batter": "Salma Khatun",
              "bowler": "I Ranaweera",
              "non_striker": "Lata Mondal",
              "runs": {
                "batter": 1,
                "extras": 0,
                "total": 1
              }
            },
            {
              "batter": "Lata Mondal",
              "bowler": "I Ranaweera",
              "non_striker": "Salma Khatun",
              "runs": {
                "batter": 1,
                "extras": 0,
                "total": 1
              }
            },
            {
              "batter": "Salma Khatun",
              "bowler": "I Ranaweera",
              "non_striker": "Lata Mondal",
              "runs": {
                "batter": 0,
                "extras": 0,
                "total": 0
              }
            },
            {
              "batter": "Salma Khatun",
              "bowler": "I Ranaweera",
              "non_striker": "Lata Mondal",
              "runs": {
                "batter": 1,
                "extras": 0,
                "total": 1
              }
            },
            {
              "batter": "Lata Mondal",
              "bowler": "I Ranaweera",
              "non_striker": "Salma Khatun",
              "runs": {
                "batter": 0,
                "extras": 0,
                "total": 0
              }
            },
            {
              "batter": "Lata Mondal",
              "bowler": "I Ranaweera",
              "non_striker": "Salma Khatun",
              "runs": {
                "batter": 0,
                "extras": 0,
                "total": 0
              }
            }
          ]
        },
        {
          "over": 15,
          "deliveries": [
            {
              "batter": "Salma Khatun",
              "bowler": "HML Madushani",
              "non_striker": "Lata Mondal",
              "runs": {
                "batter": 0,
                "extras": 0,
                "total": 0
              }
            },
            {
              "batter": "Salma Khatun",
              "bowler": "HML Madushani",
              "non_striker": "Lata Mondal",
              "runs": {
                "batter": 1,
                "extras": 0,
                "total": 1
              }
            },
            {
              "batter": "Lata Mondal",
              "bowler": "HML Madushani",
              "extras": {
                "legbyes": 2
              },
              "non_striker": "Salma Khatun",
              "runs": {
                "batter": 0,
                "extras": 2,
                "total": 2
              }
            },
            {
              "batter": "Lata Mondal",
              "bowler": "HML Madushani",
              "non_striker": "Salma Khatun",
              "runs": {
                "batter": 1,
                "extras": 0,
                "total": 1
              }
            },
            {
              "batter": "Salma Khatun",
              "bowler": "HML Madushani",
              "non_striker": "Lata Mondal",
              "runs": {
                "batter": 1,
                "extras": 0,
                "total": 1
              }
            },
            {
              "batter": "Lata Mondal",
              "bowler": "HML Madushani",
              "non_striker": "Salma Khatun",
              "runs": {
                "batter": 4,
                "extras": 0,
                "total": 4
              }
            }
          ]
        },
        {
          "over": 16,
          "deliveries": [
            {
              "batter": "Salma Khatun",
              "bowler": "HASD Siriwardene",
              "non_striker": "Lata Mondal",
              "runs": {
                "batter": 3,
                "extras": 0,
                "total": 3
              }
            },
            {
              "batter": "Lata Mondal",
              "bowler": "HASD Siriwardene",
              "extras": {
                "legbyes": 1
              },
              "non_striker": "Salma Khatun",
              "runs": {
                "batter": 0,
                "extras": 1,
                "total": 1
              }
            },
            {
              "batter": "Salma Khatun",
              "bowler": "HASD Siriwardene",
              "extras": {
                "legbyes": 1
              },
              "non_striker": "Lata Mondal",
              "runs": {
                "batter": 0,
                "extras": 1,
                "total": 1
              }
            },
            {
              "batter": "Lata Mondal",
              "bowler": "HASD Siriwardene",
              "non_striker": "Salma Khatun",
              "runs": {
                "batter": 2,
                "extras": 0,
                "total": 2
              }
            },
            {
              "batter": "Lata Mondal",
              "bowler": "HASD Siriwardene",
              "non_striker": "Salma Khatun",
              "runs": {
                "batter": 1,
                "extras": 0,
                "total": 1
              }
            },
            {
              "batter": "Salma Khatun",
              "bowler": "HASD Siriwardene",
              "non_striker": "Lata Mondal",
              "runs": {
                "batter": 0,
                "extras": 0,
                "total": 0
              }
            }
          ]
        },
        {
          "over": 17,
          "deliveries": [
            {
              "batter": "Lata Mondal",
              "bowler": "I Ranaweera",
              "non_striker": "Salma Khatun",
              "runs": {
                "batter": 1,
                "extras": 0,
                "total": 1
              }
            },
            {
              "batter": "Salma Khatun",
              "bowler": "I Ranaweera",
              "non_striker": "Lata Mondal",
              "runs": {
                "batter": 0,
                "extras": 0,
                "total": 0
              }
            },
            {
              "batter": "Salma Khatun",
              "bowler": "I Ranaweera",
              "non_striker": "Lata Mondal",
              "runs": {
                "batter": 1,
                "extras": 0,
                "total": 1
              }
            },
            {
              "batter": "Lata Mondal",
              "bowler": "I Ranaweera",
              "non_striker": "Salma Khatun",
              "runs": {
                "batter": 0,
                "extras": 0,
                "total": 0
              }
            },
            {
              "batter": "Lata Mondal",
              "bowler": "I Ranaweera",
              "non_striker": "Salma Khatun",
              "runs": {
                "batter": 2,
                "extras": 0,
                "total": 2
              }
            },
            {
              "batter": "Lata Mondal",
              "bowler": "I Ranaweera",
              "non_striker": "Salma Khatun",
              "runs": {
                "batter": 1,
                "extras": 0,
                "total": 1
              }
            }
          ]
        },
        {
          "over": 18,
          "deliveries": [
            {
              "batter": "Lata Mondal",
              "bowler": "KDU Prabodhani",
              "non_striker": "Salma Khatun",
              "runs": {
                "batter": 1,
                "extras": 0,
                "total": 1
              }
            },
            {
              "batter": "Salma Khatun",
              "bowler": "KDU Prabodhani",
              "non_striker": "Lata Mondal",
              "runs": {
                "batter": 0,
                "extras": 0,
                "total": 0
              }
            },
            {
              "batter": "Salma Khatun",
              "bowler": "KDU Prabodhani",
              "non_striker": "Lata Mondal",
              "runs": {
                "batter": 2,
                "extras": 0,
                "total": 2
              }
            },
            {
              "batter": "Salma Khatun",
              "bowler": "KDU Prabodhani",
              "non_striker": "Lata Mondal",
              "runs": {
                "batter": 1,
                "extras": 0,
                "total": 1
              }
            },
            {
              "batter": "Lata Mondal",
              "bowler": "KDU Prabodhani",
              "non_striker": "Salma Khatun",
              "runs": {
                "batter": 0,
                "extras": 0,
                "total": 0
              }
            },
            {
              "batter": "Lata Mondal",
              "bowler": "KDU Prabodhani",
              "non_striker": "Salma Khatun",
              "runs": {
                "batter": 0,
                "extras": 0,
                "total": 0
              }
            }
          ]
        },
        {
          "over": 19,
          "deliveries": [
            {
              "batter": "Salma Khatun",
              "bowler": "SS Weerakkody",
              "non_striker": "Lata Mondal",
              "runs": {
                "batter": 0,
                "extras": 0,
                "total": 0
              },
              "wickets": [
                {
                  "kind": "caught",
                  "player_out": "Salma Khatun",
                  "fielders": [
                    {
                      "name": "NND de Silva",
                      "substitute": true
                    }
                  ]
                }
              ]
            },
            {
              "batter": "Lata Mondal",
              "bowler": "SS Weerakkody",
              "non_striker": "Rumana Ahmed",
              "runs": {
                "batter": 1,
                "extras": 0,
                "total": 1
              }
            },
            {
              "batter": "Rumana Ahmed",
              "bowler": "SS Weerakkody",
              "extras": {
                "legbyes": 2
              },
              "non_striker": "Lata Mondal",
              "runs": {
                "batter": 0,
                "extras": 2,
                "total": 2
              }
            },
            {
              "batter": "Rumana Ahmed",
              "bowler": "SS Weerakkody",
              "non_striker": "Lata Mondal",
              "runs": {
                "batter": 2,
                "extras": 0,
                "total": 2
              }
            },
            {
              "batter": "Rumana Ahmed",
              "bowler": "SS Weerakkody",
              "non_striker": "Lata Mondal",
              "runs": {
                "batter": 1,
                "extras": 0,
                "total": 1
              }
            },
            {
              "batter": "Lata Mondal",
              "bowler": "SS Weerakkody",
              "non_striker": "Rumana Ahmed",
              "runs": {
                "batter": 1,
                "extras": 0,
                "total": 1
              }
            }
          ]
        }
      ],
      "powerplays": [
        {
          "from": 0.1,
          "to": 5.6,
          "type": "mandatory"
        }
      ]
    },
    {
      "team": "Sri Lanka",
      "overs": [
        {
          "over": 0,
          "deliveries": [
            {
              "batter": "BYA Mendis",
              "bowler": "Jahanara Alam",
              "non_striker": "HML Madushani",
              "runs": {
                "batter": 2,
                "extras": 0,
                "total": 2
              }
            },
            {
              "batter": "BYA Mendis",
              "bowler": "Jahanara Alam",
              "extras": {
                "wides": 1
              },
              "non_striker": "HML Madushani",
              "runs": {
                "batter": 0,
                "extras": 1,
                "total": 1
              }
            },
            {
              "batter": "BYA Mendis",
              "bowler": "Jahanara Alam",
              "non_striker": "HML Madushani",
              "runs": {
                "batter": 1,
                "extras": 0,
                "total": 1
              }
            },
            {
              "batter": "HML Madushani",
              "bowler": "Jahanara Alam",
              "extras": {
                "noballs": 1
              },
              "non_striker": "BYA Mendis",
              "runs": {
                "batter": 0,
                "extras": 1,
                "total": 1
              }
            },
            {
              "batter": "HML Madushani",
              "bowler": "Jahanara Alam",
              "non_striker": "BYA Mendis",
              "runs": {
                "batter": 0,
                "extras": 0,
                "total": 0
              }
            },
            {
              "batter": "HML Madushani",
              "bowler": "Jahanara Alam",
              "non_striker": "BYA Mendis",
              "runs": {
                "batter": 0,
                "extras": 0,
                "total": 0
              }
            },
            {
              "batter": "HML Madushani",
              "bowler": "Jahanara Alam",
              "non_striker": "BYA Mendis",
              "runs": {
                "batter": 0,
                "extras": 0,
                "total": 0
              }
            },
            {
              "batter": "HML Madushani",
              "bowler": "Jahanara Alam",
              "non_striker": "BYA Mendis",
              "runs": {
                "batter": 1,
                "extras": 0,
                "total": 1
              }
            }
          ]
        },
        {
          "over": 1,
          "deliveries": [
            {
              "batter": "HML Madushani",
              "bowler": "Panna Ghosh",
              "non_striker": "BYA Mendis",
              "runs": {
                "batter": 0,
                "extras": 0,
                "total": 0
              },
              "wickets": [
                {
                  "kind": "caught",
                  "player_out": "HML Madushani",
                  "fielders": [
                    {
                      "name": "Ayasha Rahman"
                    }
                  ]
                }
              ]
            },
            {
              "batter": "BYA Mendis",
              "bowler": "Panna Ghosh",
              "non_striker": "AC Jayangani",
              "runs": {
                "batter": 0,
                "extras": 0,
                "total": 0
              }
            },
            {
              "batter": "BYA Mendis",
              "bowler": "Panna Ghosh",
              "non_striker": "AC Jayangani",
              "runs": {
                "batter": 0,
                "extras": 0,
                "total": 0
              },
              "wickets": [
                {
                  "kind": "caught",
                  "player_out": "BYA Mendis",
                  "fielders": [
                    {
                      "name": "Ayasha Rahman"
                    }
                  ]
                }
              ]
            },
            {
              "batter": "AC Jayangani",
              "bowler": "Panna Ghosh",
              "non_striker": "HASD Siriwardene",
              "runs": {
                "batter": 0,
                "extras": 0,
                "total": 0
              }
            },
            {
              "batter": "AC Jayangani",
              "bowler": "Panna Ghosh",
              "non_striker": "HASD Siriwardene",
              "runs": {
                "batter": 0,
                "extras": 0,
                "total": 0
              }
            },
            {
              "batter": "AC Jayangani",
              "bowler": "Panna Ghosh",
              "non_striker": "HASD Siriwardene",
              "runs": {
                "batter": 0,
                "extras": 0,
                "total": 0
              }
            }
          ]
        },
        {
          "over": 2,
          "deliveries": [
            {
              "batter": "HASD Siriwardene",
              "bowler": "Jahanara Alam",
              "non_striker": "AC Jayangani",
              "runs": {
                "batter": 0,
                "extras": 0,
                "total": 0
              }
            },
            {
              "batter": "HASD Siriwardene",
              "bowler": "Jahanara Alam",
              "non_striker": "AC Jayangani",
              "runs": {
                "batter": 0,
                "extras": 0,
                "total": 0
              }
            },
            {
              "batter": "HASD Siriwardene",
              "bowler": "Jahanara Alam",
              "non_striker": "AC Jayangani",
              "runs": {
                "batter": 1,
                "extras": 0,
                "total": 1
              }
            },
            {
              "batter": "AC Jayangani",
              "bowler": "Jahanara Alam",
              "non_striker": "HASD Siriwardene",
              "runs": {
                "batter": 0,
                "extras": 0,
                "total": 0
              }
            },
            {
              "batter": "AC Jayangani",
              "bowler": "Jahanara Alam",
              "non_striker": "HASD Siriwardene",
              "runs": {
                "batter": 4,
                "extras": 0,
                "total": 4
              }
            },
            {
              "batter": "AC Jayangani",
              "bowler": "Jahanara Alam",
              "non_striker": "HASD Siriwardene",
              "runs": {
                "batter": 0,
                "extras": 0,
                "total": 0
              }
            }
          ]
        },
        {
          "over": 3,
          "deliveries": [
            {
              "batter": "HASD Siriwardene",
              "bowler": "Panna Ghosh",
              "non_striker": "AC Jayangani",
              "runs": {
                "batter": 0,
                "extras": 0,
                "total": 0
              }
            },
            {
              "batter": "HASD Siriwardene",
              "bowler": "Panna Ghosh",
              "non_striker": "AC Jayangani",
              "runs": {
                "batter": 0,
                "extras": 0,
                "total": 0
              }
            },
            {
              "batter": "HASD Siriwardene",
              "bowler": "Panna Ghosh",
              "non_striker": "AC Jayangani",
              "runs": {
                "batter": 1,
                "extras": 0,
                "total": 1
              }
            },
            {
              "batter": "AC Jayangani",
              "bowler": "Panna Ghosh",
              "non_striker": "HASD Siriwardene",
              "runs": {
                "batter": 0,
                "extras": 0,
                "total": 0
              }
            },
            {
              "batter": "AC Jayangani",
              "bowler": "Panna Ghosh",
              "non_striker": "HASD Siriwardene",
              "runs": {
                "batter": 0,
                "extras": 0,
                "total": 0
              }
            },
            {
              "batter": "AC Jayangani",
              "bowler": "Panna Ghosh",
              "non_striker": "HASD Siriwardene",
              "runs": {
                "batter": 1,
                "extras": 0,
                "total": 1
              }
            }
          ]
        },
        {
          "over": 4,
          "deliveries": [
            {
              "batter": "AC Jayangani",
              "bowler": "Salma Khatun",
              "non_striker": "HASD Siriwardene",
              "runs": {
                "batter": 2,
                "extras": 0,
                "total": 2
              }
            },
            {
              "batter": "AC Jayangani",
              "bowler": "Salma Khatun",
              "non_striker": "HASD Siriwardene",
              "runs": {
                "batter": 0,
                "extras": 0,
                "total": 0
              }
            },
            {
              "batter": "AC Jayangani",
              "bowler": "Salma Khatun",
              "non_striker": "HASD Siriwardene",
              "runs": {
                "batter": 0,
                "extras": 0,
                "total": 0
              }
            },
            {
              "batter": "AC Jayangani",
              "bowler": "Salma Khatun",
              "non_striker": "HASD Siriwardene",
              "runs": {
                "batter": 0,
                "extras": 0,
                "total": 0
              }
            },
            {
              "batter": "AC Jayangani",
              "bowler": "Salma Khatun",
              "non_striker": "HASD Siriwardene",
              "runs": {
                "batter": 0,
                "extras": 0,
                "total": 0
              }
            },
            {
              "batter": "AC Jayangani",
              "bowler": "Salma Khatun",
              "non_striker": "HASD Siriwardene",
              "runs": {
                "batter": 1,
                "extras": 0,
                "total": 1
              }
            }
          ]
        },
        {
          "over": 5,
          "deliveries": [
            {
              "batter": "AC Jayangani",
              "bowler": "Rumana Ahmed",
              "non_striker": "HASD Siriwardene",
              "runs": {
                "batter": 0,
                "extras": 0,
                "total": 0
              }
            },
            {
              "batter": "AC Jayangani",
              "bowler": "Rumana Ahmed",
              "non_striker": "HASD Siriwardene",
              "runs": {
                "batter": 0,
                "extras": 0,
                "total": 0
              }
            },
            {
              "batter": "AC Jayangani",
              "bowler": "Rumana Ahmed",
              "non_striker": "HASD Siriwardene",
              "runs": {
                "batter": 0,
                "extras": 0,
                "total": 0
              },
              "wickets": [
                {
                  "kind": "caught",
                  "player_out": "AC Jayangani",
                  "fielders": [
                    {
                      "name": "Shahanaz Parvin"
                    }
                  ]
                }
              ]
            },
            {
              "batter": "HASD Siriwardene",
              "bowler": "Rumana Ahmed",
              "non_striker": "PRCS Kumarihami",
              "runs": {
                "batter": 0,
                "extras": 0,
                "total": 0
              }
            },
            {
              "batter": "HASD Siriwardene",
              "bowler": "Rumana Ahmed",
              "non_striker": "PRCS Kumarihami",
              "runs": {
                "batter": 0,
                "extras": 0,
                "total": 0
              }
            },
            {
              "batter": "HASD Siriwardene",
              "bowler": "Rumana Ahmed",
              "non_striker": "PRCS Kumarihami",
              "runs": {
                "batter": 0,
                "extras": 0,
                "total": 0
              }
            }
          ]
        },
        {
          "over": 6,
          "deliveries": [
            {
              "batter": "PRCS Kumarihami",
              "bowler": "Salma Khatun",
              "non_striker": "HASD Siriwardene",
              "runs": {
                "batter": 0,
                "extras": 0,
                "total": 0
              }
            },
            {
              "batter": "PRCS Kumarihami",
              "bowler": "Salma Khatun",
              "non_striker": "HASD Siriwardene",
              "runs": {
                "batter": 0,
                "extras": 0,
                "total": 0
              }
            },
            {
              "batter": "PRCS Kumarihami",
              "bowler": "Salma Khatun",
              "extras": {
                "wides": 1
              },
              "non_striker": "HASD Siriwardene",
              "runs": {
                "batter": 0,
                "extras": 1,
                "total": 1
              }
            },
            {
              "batter": "PRCS Kumarihami",
              "bowler": "Salma Khatun",
              "non_striker": "HASD Siriwardene",
              "runs": {
                "batter": 1,
                "extras": 0,
                "total": 1
              }
            },
            {
              "batter": "HASD Siriwardene",
              "bowler": "Salma Khatun",
              "non_striker": "PRCS Kumarihami",
              "runs": {
                "batter": 1,
                "extras": 0,
                "total": 1
              }
            },
            {
              "batter": "PRCS Kumarihami",
              "bowler": "Salma Khatun",
              "non_striker": "HASD Siriwardene",
              "runs": {
                "batter": 0,
                "extras": 0,
                "total": 0
              }
            },
            {
              "batter": "PRCS Kumarihami",
              "bowler": "Salma Khatun",
              "non_striker": "HASD Siriwardene",
              "runs": {
                "batter": 1,
                "extras": 0,
                "total": 1
              }
            }
          ]
        },
        {
          "over": 7,
          "deliveries": [
            {
              "batter": "PRCS Kumarihami",
              "bowler": "Rumana Ahmed",
              "non_striker": "HASD Siriwardene",
              "runs": {
                "batter": 0,
                "extras": 0,
                "total": 0
              }
            },
            {
              "batter": "PRCS Kumarihami",
              "bowler": "Rumana Ahmed",
              "non_striker": "HASD Siriwardene",
              "runs": {
                "batter": 1,
                "extras": 0,
                "total": 1
              }
            },
            {
              "batter": "HASD Siriwardene",
              "bowler": "Rumana Ahmed",
              "non_striker": "PRCS Kumarihami",
              "runs": {
                "batter": 2,
                "extras": 0,
                "total": 2
              }
            },
            {
              "batter": "HASD Siriwardene",
              "bowler": "Rumana Ahmed",
              "non_striker": "PRCS Kumarihami",
              "runs": {
                "batter": 0,
                "extras": 0,
                "total": 0
              }
            },
            {
              "batter": "HASD Siriwardene",
              "bowler": "Rumana Ahmed",
              "non_striker": "PRCS Kumarihami",
              "runs": {
                "batter": 0,
                "extras": 0,
                "total": 0
              }
            },
            {
              "batter": "HASD Siriwardene",
              "bowler": "Rumana Ahmed",
              "non_striker": "PRCS Kumarihami",
              "runs": {
                "batter": 0,
                "extras": 0,
                "total": 0
              }
            }
          ]
        },
        {
          "over": 8,
          "deliveries": [
            {
              "batter": "PRCS Kumarihami",
              "bowler": "Shaila Sharmin",
              "extras": {
                "wides": 1
              },
              "non_striker": "HASD Siriwardene",
              "runs": {
                "batter": 0,
                "extras": 1,
                "total": 1
              }
            },
            {
              "batter": "PRCS Kumarihami",
              "bowler": "Shaila Sharmin",
              "extras": {
                "wides": 1
              },
              "non_striker": "HASD Siriwardene",
              "runs": {
                "batter": 0,
                "extras": 1,
                "total": 1
              }
            },
            {
              "batter": "PRCS Kumarihami",
              "bowler": "Shaila Sharmin",
              "non_striker": "HASD Siriwardene",
              "runs": {
                "batter": 1,
                "extras": 0,
                "total": 1
              }
            },
            {
              "batter": "HASD Siriwardene",
              "bowler": "Shaila Sharmin",
              "extras": {
                "wides": 1
              },
              "non_striker": "PRCS Kumarihami",
              "runs": {
                "batter": 0,
                "extras": 1,
                "total": 1
              }
            },
            {
              "batter": "HASD Siriwardene",
              "bowler": "Shaila Sharmin",
              "extras": {
                "wides": 1
              },
              "non_striker": "PRCS Kumarihami",
              "runs": {
                "batter": 0,
                "extras": 1,
                "total": 1
              }
            },
            {
              "batter": "HASD Siriwardene",
              "bowler": "Shaila Sharmin",
              "non_striker": "PRCS Kumarihami",
              "runs": {
                "batter": 1,
                "extras": 0,
                "total": 1
              }
            },
            {
              "batter": "PRCS Kumarihami",
              "bowler": "Shaila Sharmin",
              "non_striker": "HASD Siriwardene",
              "runs": {
                "batter": 0,
                "extras": 0,
                "total": 0
              }
            },
            {
              "batter": "PRCS Kumarihami",
              "bowler": "Shaila Sharmin",
              "non_striker": "HASD Siriwardene",
              "runs": {
                "batter": 1,
                "extras": 0,
                "total": 1
              }
            },
            {
              "batter": "HASD Siriwardene",
              "bowler": "Shaila Sharmin",
              "non_striker": "PRCS Kumarihami",
              "runs": {
                "batter": 1,
                "extras": 0,
                "total": 1
              }
            },
            {
              "batter": "PRCS Kumarihami",
              "bowler": "Shaila Sharmin",
              "non_striker": "HASD Siriwardene",
              "runs": {
                "batter": 0,
                "extras": 0,
                "total": 0
              }
            }
          ]
        },
        {
          "over": 9,
          "deliveries": [
            {
              "batter": "HASD Siriwardene",
              "bowler": "Rumana Ahmed",
              "non_striker": "PRCS Kumarihami",
              "runs": {
                "batter": 1,
                "extras": 0,
                "total": 1
              }
            },
            {
              "batter": "PRCS Kumarihami",
              "bowler": "Rumana Ahmed",
              "non_striker": "HASD Siriwardene",
              "runs": {
                "batter": 0,
                "extras": 0,
                "total": 0
              }
            },
            {
              "batter": "PRCS Kumarihami",
              "bowler": "Rumana Ahmed",
              "non_striker": "HASD Siriwardene",
              "runs": {
                "batter": 0,
                "extras": 0,
                "total": 0
              }
            },
            {
              "batter": "PRCS Kumarihami",
              "bowler": "Rumana Ahmed",
              "non_striker": "HASD Siriwardene",
              "runs": {
                "batter": 0,
                "extras": 0,
                "total": 0
              }
            },
            {
              "batter": "PRCS Kumarihami",
              "bowler": "Rumana Ahmed",
              "non_striker": "HASD Siriwardene",
              "runs": {
                "batter": 0,
                "extras": 0,
                "total": 0
              }
            },
            {
              "batter": "PRCS Kumarihami",
              "bowler": "Rumana Ahmed",
              "non_striker": "HASD Siriwardene",
              "runs": {
                "batter": 0,
                "extras": 0,
                "total": 0
              }
            }
          ]
        },
        {
          "over": 10,
          "deliveries": [
            {
              "batter": "HASD Siriwardene",
              "bowler": "Fahima Khatun",
              "non_striker": "PRCS Kumarihami",
              "runs": {
                "batter": 0,
                "extras": 0,
                "total": 0
              }
            },
            {
              "batter": "HASD Siriwardene",
              "bowler": "Fahima Khatun",
              "non_striker": "PRCS Kumarihami",
              "runs": {
                "batter": 0,
                "extras": 0,
                "total": 0
              }
            },
            {
              "batter": "HASD Siriwardene",
              "bowler": "Fahima Khatun",
              "non_striker": "PRCS Kumarihami",
              "runs": {
                "batter": 3,
                "extras": 0,
                "total": 3
              }
            },
            {
              "batter": "PRCS Kumarihami",
              "bowler": "Fahima Khatun",
              "non_striker": "HASD Siriwardene",
              "runs": {
                "batter": 2,
                "extras": 0,
                "total": 2
              }
            },
            {
              "batter": "PRCS Kumarihami",
              "bowler": "Fahima Khatun",
              "non_striker": "HASD Siriwardene",
              "runs": {
                "batter": 0,
                "extras": 0,
                "total": 0
              }
            },
            {
              "batter": "PRCS Kumarihami",
              "bowler": "Fahima Khatun",
              "non_striker": "HASD Siriwardene",
              "runs": {
                "batter": 1,
                "extras": 0,
                "total": 1
              }
            }
          ]
        },
        {
          "over": 11,
          "deliveries": [
            {
              "batter": "PRCS Kumarihami",
              "bowler": "Salma Khatun",
              "non_striker": "HASD Siriwardene",
              "runs": {
                "batter": 1,
                "extras": 0,
                "total": 1
              }
            },
            {
              "batter": "HASD Siriwardene",
              "bowler": "Salma Khatun",
              "non_striker": "PRCS Kumarihami",
              "runs": {
                "batter": 1,
                "extras": 0,
                "total": 1
              }
            },
            {
              "batter": "PRCS Kumarihami",
              "bowler": "Salma Khatun",
              "non_striker": "HASD Siriwardene",
              "runs": {
                "batter": 0,
                "extras": 0,
                "total": 0
              }
            },
            {
              "batter": "PRCS Kumarihami",
              "bowler": "Salma Khatun",
              "non_striker": "HASD Siriwardene",
              "runs": {
                "batter": 1,
                "extras": 0,
                "total": 1
              }
            },
            {
              "batter": "HASD Siriwardene",
              "bowler": "Salma Khatun",
              "non_striker": "PRCS Kumarihami",
              "runs": {
                "batter": 1,
                "extras": 0,
                "total": 1
              }
            },
            {
              "batter": "PRCS Kumarihami",
              "bowler": "Salma Khatun",
              "non_striker": "HASD Siriwardene",
              "runs": {
                "batter": 1,
                "extras": 0,
                "total": 1
              }
            }
          ]
        },
        {
          "over": 12,
          "deliveries": [
            {
              "batter": "PRCS Kumarihami",
              "bowler": "Fahima Khatun",
              "non_striker": "HASD Siriwardene",
              "runs": {
                "batter": 0,
                "extras": 0,
                "total": 0
              },
              "wickets": [
                {
                  "kind": "run out",
                  "player_out": "PRCS Kumarihami",
                  "fielders": [
                    {
                      "name": "Fahima Khatun"
                    }
                  ]
                }
              ]
            },
            {
              "batter": "LE Kaushalya",
              "bowler": "Fahima Khatun",
              "non_striker": "HASD Siriwardene",
              "runs": {
                "batter": 1,
                "extras": 0,
                "total": 1
              }
            },
            {
              "batter": "HASD Siriwardene",
              "bowler": "Fahima Khatun",
              "non_striker": "LE Kaushalya",
              "runs": {
                "batter": 0,
                "extras": 0,
                "total": 0
              }
            },
            {
              "batter": "HASD Siriwardene",
              "bowler": "Fahima Khatun",
              "non_striker": "LE Kaushalya",
              "runs": {
                "batter": 0,
                "extras": 0,
                "total": 0
              }
            },
            {
              "batter": "HASD Siriwardene",
              "bowler": "Fahima Khatun",
              "non_striker": "LE Kaushalya",
              "runs": {
                "batter": 1,
                "extras": 0,
                "total": 1
              }
            },
            {
              "batter": "LE Kaushalya",
              "bowler": "Fahima Khatun",
              "non_striker": "HASD Siriwardene",
              "runs": {
                "batter": 0,
                "extras": 0,
                "total": 0
              }
            }
          ]
        },
        {
          "over": 13,
          "deliveries": [
            {
              "batter": "HASD Siriwardene",
              "bowler": "Panna Ghosh",
              "non_striker": "LE Kaushalya",
              "runs": {
                "batter": 1,
                "extras": 0,
                "total": 1
              }
            },
            {
              "batter": "LE Kaushalya",
              "bowler": "Panna Ghosh",
              "non_striker": "HASD Siriwardene",
              "runs": {
                "batter": 2,
                "extras": 0,
                "total": 2
              }
            },
            {
              "batter": "LE Kaushalya",
              "bowler": "Panna Ghosh",
              "non_striker": "HASD Siriwardene",
              "runs": {
                "batter": 3,
                "extras": 0,
                "total": 3
              }
            },
            {
              "batter": "HASD Siriwardene",
              "bowler": "Panna Ghosh",
              "non_striker": "LE Kaushalya",
              "runs": {
                "batter": 0,
                "extras": 0,
                "total": 0
              },
              "wickets": [
                {
                  "kind": "caught",
                  "player_out": "HASD Siriwardene",
                  "fielders": [
                    {
                      "name": "Ayasha Rahman"
                    }
                  ]
                }
              ]
            },
            {
              "batter": "LE Kaushalya",
              "bowler": "Panna Ghosh",
              "non_striker": "SS Weerakkody",
              "runs": {
                "batter": 0,
                "extras": 0,
                "total": 0
              }
            },
            {
              "batter": "LE Kaushalya",
              "bowler": "Panna Ghosh",
              "non_striker": "SS Weerakkody",
              "runs": {
                "batter": 0,
                "extras": 0,
                "total": 0
              },
              "wickets": [
                {
                  "kind": "lbw",
                  "player_out": "LE Kaushalya"
                }
              ]
            }
          ]
        },
        {
          "over": 14,
          "deliveries": [
            {
              "batter": "SS Weerakkody",
              "bowler": "Fahima Khatun",
              "non_striker": "MADD Surangika",
              "runs": {
                "batter": 0,
                "extras": 0,
                "total": 0
              }
            },
            {
              "batter": "SS Weerakkody",
              "bowler": "Fahima Khatun",
              "non_striker": "MADD Surangika",
              "runs": {
                "batter": 1,
                "extras": 0,
                "total": 1
              }
            },
            {
              "batter": "MADD Surangika",
              "bowler": "Fahima Khatun",
              "non_striker": "SS Weerakkody",
              "runs": {
                "batter": 2,
                "extras": 0,
                "total": 2
              }
            },
            {
              "batter": "MADD Surangika",
              "bowler": "Fahima Khatun",
              "non_striker": "SS Weerakkody",
              "runs": {
                "batter": 1,
                "extras": 0,
                "total": 1
              }
            },
            {
              "batter": "SS Weerakkody",
              "bowler": "Fahima Khatun",
              "non_striker": "MADD Surangika",
              "runs": {
                "batter": 1,
                "extras": 0,
                "total": 1
              }
            },
            {
              "batter": "MADD Surangika",
              "bowler": "Fahima Khatun",
              "non_striker": "SS Weerakkody",
              "runs": {
                "batter": 0,
                "extras": 0,
                "total": 0
              }
            }
          ]
        },
        {
          "over": 15,
          "deliveries": [
            {
              "batter": "SS Weerakkody",
              "bowler": "Panna Ghosh",
              "non_striker": "MADD Surangika",
              "runs": {
                "batter": 2,
                "extras": 0,
                "total": 2
              }
            },
            {
              "batter": "SS Weerakkody",
              "bowler": "Panna Ghosh",
              "non_striker": "MADD Surangika",
              "runs": {
                "batter": 0,
                "extras": 0,
                "total": 0
              },
              "wickets": [
                {
                  "kind": "caught",
                  "player_out": "SS Weerakkody",
                  "fielders": [
                    {
                      "name": "Nuzhat Tasnia"
                    }
                  ]
                }
              ]
            },
            {
              "batter": "KDU Prabodhani",
              "bowler": "Panna Ghosh",
              "non_striker": "MADD Surangika",
              "runs": {
                "batter": 0,
                "extras": 0,
                "total": 0
              }
            },
            {
              "batter": "KDU Prabodhani",
              "bowler": "Panna Ghosh",
              "non_striker": "MADD Surangika",
              "runs": {
                "batter": 0,
                "extras": 0,
                "total": 0
              }
            },
            {
              "batter": "KDU Prabodhani",
              "bowler": "Panna Ghosh",
              "non_striker": "MADD Surangika",
              "runs": {
                "batter": 0,
                "extras": 0,
                "total": 0
              }
            },
            {
              "batter": "KDU Prabodhani",
              "bowler": "Panna Ghosh",
              "non_striker": "MADD Surangika",
              "runs": {
                "batter": 0,
                "extras": 0,
                "total": 0
              }
            }
          ]
        },
        {
          "over": 16,
          "deliveries": [
            {
              "batter": "MADD Surangika",
              "bowler": "Fahima Khatun",
              "extras": {
                "wides": 2
              },
              "non_striker": "KDU Prabodhani",
              "runs": {
                "batter": 0,
                "extras": 2,
                "total": 2
              }
            },
            {
              "batter": "KDU Prabodhani",
              "bowler": "Fahima Khatun",
              "non_striker": "MADD Surangika",
              "runs": {
                "batter": 0,
                "extras": 0,
                "total": 0
              }
            },
            {
              "batter": "KDU Prabodhani",
              "bowler": "Fahima Khatun",
              "non_striker": "MADD Surangika",
              "runs": {
                "batter": 0,
                "extras": 0,
                "total": 0
              }
            },
            {
              "batter": "KDU Prabodhani",
              "bowler": "Fahima Khatun",
              "non_striker": "MADD Surangika",
              "runs": {
                "batter": 1,
                "extras": 0,
                "total": 1
              }
            },
            {
              "batter": "MADD Surangika",
              "bowler": "Fahima Khatun",
              "non_striker": "KDU Prabodhani",
              "runs": {
                "batter": 0,
                "extras": 0,
                "total": 0
              }
            },
            {
              "batter": "MADD Surangika",
              "bowler": "Fahima Khatun",
              "non_striker": "KDU Prabodhani",
              "runs": {
                "batter": 1,
                "extras": 0,
                "total": 1
              }
            },
            {
              "batter": "KDU Prabodhani",
              "bowler": "Fahima Khatun",
              "non_striker": "MADD Surangika",
              "runs": {
                "batter": 1,
                "extras": 0,
                "total": 1
              }
            }
          ]
        },
        {
          "over": 17,
          "deliveries": [
            {
              "batter": "KDU Prabodhani",
              "bowler": "Rumana Ahmed",
              "non_striker": "MADD Surangika",
              "runs": {
                "batter": 1,
                "extras": 0,
                "total": 1
              }
            },
            {
              "batter": "MADD Surangika",
              "bowler": "Rumana Ahmed",
              "non_striker": "KDU Prabodhani",
              "runs": {
                "batter": 0,
                "extras": 0,
                "total": 0
              },
              "wickets": [
                {
                  "kind": "run out",
                  "player_out": "KDU Prabodhani",
                  "fielders": [
                    {
                      "name": "Jahanara Alam"
                    }
                  ]
                }
              ]
            },
            {
              "batter": "MADD Surangika",
              "bowler": "Rumana Ahmed",
              "non_striker": "HHC Gunaratne",
              "runs": {
                "batter": 4,
                "extras": 0,
                "total": 4
              }
            },
            {
              "batter": "MADD Surangika",
              "bowler": "Rumana Ahmed",
              "non_striker": "HHC Gunaratne",
              "runs": {
                "batter": 1,
                "extras": 0,
                "total": 1
              }
            },
            {
              "batter": "HHC Gunaratne",
              "bowler": "Rumana Ahmed",
              "non_striker": "MADD Surangika",
              "runs": {
                "batter": 1,
                "extras": 0,
                "total": 1
              }
            },
            {
              "batter": "MADD Surangika",
              "bowler": "Rumana Ahmed",
              "non_striker": "HHC Gunaratne",
              "runs": {
                "batter": 0,
                "extras": 0,
                "total": 0
              },
              "wickets": [
                {
                  "kind": "bowled",
                  "player_out": "MADD Surangika"
                }
              ]
            }
          ]
        },
        {
          "over": 18,
          "deliveries": [
            {
              "batter": "HHC Gunaratne",
              "bowler": "Salma Khatun",
              "non_striker": "I Ranaweera",
              "runs": {
                "batter": 0,
                "extras": 0,
                "total": 0
              }
            },
            {
              "batter": "HHC Gunaratne",
              "bowler": "Salma Khatun",
              "non_striker": "I Ranaweera",
              "runs": {
                "batter": 0,
                "extras": 0,
                "total": 0
              },
              "wickets": [
                {
                  "kind": "bowled",
                  "player_out": "HHC Gunaratne"
                }
              ]
            }
          ]
        }
      ],
      "powerplays": [
        {
          "from": 0.1,
          "to": 5.6,
          "type": "mandatory"
        }
      ],
      "target": {
        "overs": 20,
        "runs": 96
      }
    }
  ]
}