{
  "meta": {
    "data_version": "1.0.0",
    "created": "2015-02-15",
    "revision": 2
  },
  "info": {
    "balls_per_over": 6,
    "dates": [
      "2015-01-30"
    ],
    "event": {
      "match_number": 15,
      "name": "ACC Twenty20 Cup"
    },
    "gender": "male",
    "match_type": "IT20",
    "officials": {
      "match_referees": [
        "SLV Raju"
      ],
      "reserve_umpires": [
        "Ahmed Shah Pakteen"
      ],
      "umpires": [
        "Akbar Ali",
        "Imran Mustafa"
      ]
    },
    "outcome": {
      "by": {
        "wickets": 6
      },
      "winner": "Malaysia"
    },
    "overs": 20,
    "player_of_match": [
      "Ahmed Faiz"
    ],
    "players": {
      "Malaysia": [
        "Suhan Alagaratnam",
        "Virandeep Singh",
        "Ahmed Faiz",
        "M Syahadat Ramli",
        "Shafiq Sharif",
        "Khizar Hayat",
        "Aminuddin Ramly",
        "Hassan Ghulam",
        "Shahrulnizam Yusof",
        "Pavandeep Singh",
        "D Duraisingam"
      ],
      "Singapore": [
        "A Mutreja",
        "CR Kumarage",
        "AE Paraam",
        "CR Suryawanshi",
        "KB Shinde",
        "A Goenka",
        "Amjad Mahboob",
        "S Vijayakumar",
        "Mohamed Shoib",
        "S Appusamy",
        "Abhiraj Singh"
      ]
    },
    "registry": {
      "people": {
        "A Goenka": "c53500ba",
        "A Mutreja": "a2ec22d2",
        "AE Paraam": "b56f5b6f",
        "Abhiraj Singh": "edf3773b",
        "Ahmed Faiz": "f6b4f746",
        "Ahmed Shah Pakteen": "43602937",
        "Akbar Ali": "e753931d",
        "Aminuddin Ramly": "8cae5b48",
        "Amjad Mahboob": "48f25627",
        "CR Kumarage": "9f9a728c",
        "CR Suryawanshi": "8a3756a0",
        "D Duraisingam": "ea9a0642",
        "Hassan Ghulam": "288ea226",
        "Imran Mustafa": "f11bc2ff",
        "KB Shinde": "bd3c0b79",
        "Khizar Hayat": "78bbeba1",
        "M Syahadat Ramli": "5efa8af3",
        "Mohamed Shoib": "61340099",
        "Pavandeep Singh": "78fcc740",
        "S Appusamy": "a7d4a5e9",
        "S Vijayakumar": "44c69e2b",
        "SLV Raju": "56ee86ce",
        "Shafiq Sharif": "033ac24e",
        "Shahrulnizam Yusof": "2b8718c8",
        "Suhan Alagaratnam": "4cf59936",
        "Virandeep Singh": "415d30b6"
      }
    },
    "season": "2014/15",
    "team_type": "international",
    "teams": [
      "Malaysia",
      "Singapore"
    ],
    "toss": {
      "decision": "bat",
      "winner": "Singapore"
    },
    "venue": "Sharjah Cricket Stadium"
  },
  "innings": [
    {
      "team": "Singapore",
      "overs": [
        {
          "over": 0,
          "deliveries": [
            {
              "batter": "A Mutreja",
              "bowler": "Hassan Ghulam",
              "non_striker": "CR Kumarage",
              "runs": {
                "batter": 1,
                "extras": 0,
                "total": 1
              }
            },
            {
              "batter": "CR Kumarage",
              "bowler": "Hassan Ghulam",
              "non_striker": "A Mutreja",
              "runs": {
                "batter": 0,
                "extras": 0,
                "total": 0
              }
            },
            {
              "batter": "CR Kumarage",
              "bowler": "Hassan Ghulam",
              "non_striker": "A Mutreja",
              "runs": {
                "batter": 0,
                "extras": 0,
                "total": 0
              },
              "wickets": [
                {
                  "kind": "caught",
                  "player_out": "CR Kumarage",
                  "fielders": [
                    {
                      "name": "Suhan Alagaratnam"
                    }
                  ]
                }
              ]
            },
            {
              "batter": "AE Paraam",
              "bowler": "Hassan Ghulam",
              "extras": {
                "wides": 1
              },
              "non_striker": "A Mutreja",
              "runs": {
                "batter": 0,
                "extras": 1,
                "total": 1
              }
            },
            {
              "batter": "AE Paraam",
              "bowler": "Hassan Ghulam",
              "non_striker": "A Mutreja",
              "runs": {
                "batter": 1,
                "extras": 0,
                "total": 1
              }
            },
            {
              "batter": "A Mutreja",
              "bowler": "Hassan Ghulam",
              "non_striker": "AE Paraam",
              "runs": {
                "batter": 1,
                "extras": 0,
                "total": 1
              }
            },
            {
              "batter": "AE Paraam",
              "bowler": "Hassan Ghulam",
              "non_striker": "A Mutreja",
              "runs": {
                "batter": 0,
                "extras": 0,
                "total": 0
              }
            }
          ]
        },
        {
          "over": 1,
          "deliveries": [
            {
              "batter": "A Mutreja",
              "bowler": "Pavandeep Singh",
              "non_striker": "AE Paraam",
              "runs": {
                "batter": 0,
                "extras": 0,
                "total": 0
              }
            },
            {
              "batter": "A Mutreja",
              "bowler": "Pavandeep Singh",
              "non_striker": "AE Paraam",
              "runs": {
                "batter": 1,
                "extras": 0,
                "total": 1
              }
            },
            {
              "batter": "AE Paraam",
              "bowler": "Pavandeep Singh",
              "non_striker": "A Mutreja",
              "runs": {
                "batter": 0,
                "extras": 0,
                "total": 0
              }
            },
            {
              "batter": "AE Paraam",
              "bowler": "Pavandeep Singh",
              "non_striker": "A Mutreja",
              "runs": {
                "batter": 0,
                "extras": 0,
                "total": 0
              }
            },
            {
              "batter": "AE Paraam",
              "bowler": "Pavandeep Singh",
              "non_striker": "A Mutreja",
              "runs": {
                "batter": 1,
                "extras": 0,
                "total": 1
              }
            },
            {
              "batter": "A Mutreja",
              "bowler": "Pavandeep Singh",
              "non_striker": "AE Paraam",
              "runs": {
                "batter": 0,
                "extras": 0,
                "total": 0
              },
              "wickets": [
                {
                  "kind": "caught",
                  "player_out": "A Mutreja",
                  "fielders": [
                    {
                      "name": "Shafiq Sharif"
                    }
                  ]
                }
              ]
            }
          ]
        },
        {
          "over": 2,
          "deliveries": [
            {
              "batter": "AE Paraam",
              "bowler": "Hassan Ghulam",
              "non_striker": "CR Suryawanshi",
              "runs": {
                "batter": 1,
                "extras": 0,
                "total": 1
              }
            },
            {
              "batter": "CR Suryawanshi",
              "bowler": "Hassan Ghulam",
              "extras": {
                "wides": 1
              },
              "non_striker": "AE Paraam",
              "runs": {
                "batter": 0,
                "extras": 1,
                "total": 1
              }
            },
            {
              "batter": "CR Suryawanshi",
              "bowler": "Hassan Ghulam",
              "non_striker": "AE Paraam",
              "runs": {
                "batter": 0,
                "extras": 0,
                "total": 0
              }
            },
            {
              "batter": "CR Suryawanshi",
              "bowler": "Hassan Ghulam",
              "extras": {
                "noballs": 1
              },
              "non_striker": "AE Paraam",
              "runs": {
                "batter": 0,
                "extras": 1,
                "total": 1
              }
            },
            {
              "batter": "CR Suryawanshi",
              "bowler": "Hassan Ghulam",
              "extras": {
                "wides": 1
              },
              "non_striker": "AE Paraam",
              "runs": {
                "batter": 0,
                "extras": 1,
                "total": 1
              }
            },
            {
              "batter": "CR Suryawanshi",
              "bowler": "Hassan Ghulam",
              "non_striker": "AE Paraam",
              "runs": {
                "batter": 1,
                "extras": 0,
                "total": 1
              }
            },
            {
              "batter": "AE Paraam",
              "bowler": "Hassan Ghulam",
              "non_striker": "CR Suryawanshi",
              "runs": {
                "batter": 4,
                "extras": 0,
                "total": 4
              }
            },
            {
              "batter": "AE Paraam",
              "bowler": "Hassan Ghulam",
              "non_striker": "CR Suryawanshi",
              "runs": {
                "batter": 0,
                "extras": 0,
                "total": 0
              }
            },
            {
              "batter": "AE Paraam",
              "bowler": "Hassan Ghulam",
              "non_striker": "CR Suryawanshi",
              "runs": {
                "batter": 1,
                "extras": 0,
                "total": 1
              }
            }
          ]
        },
        {
          "over": 3,
          "deliveries": [
            {
              "batter": "AE Paraam",
              "bowler": "Pavandeep Singh",
              "non_striker": "CR Suryawanshi",
              "runs": {
                "batter": 0,
                "extras": 0,
                "total": 0
              }
            },
            {
              "batter": "AE Paraam",
              "bowler": "Pavandeep Singh",
              "non_striker": "CR Suryawanshi",
              "runs": {
                "batter": 1,
                "extras": 0,
                "total": 1
              }
            },
            {
              "batter": "CR Suryawanshi",
              "bowler": "Pavandeep Singh",
              "non_striker": "AE Paraam",
              "runs": {
                "batter": 1,
                "extras": 0,
                "total": 1
              }
            },
            {
              "batter": "AE Paraam",
              "bowler": "Pavandeep Singh",
              "non_striker": "CR Suryawanshi",
              "runs": {
                "batter": 4,
                "extras": 0,
                "total": 4
              }
            },
            {
              "batter": "AE Paraam",
              "bowler": "Pavandeep Singh",
              "non_striker": "CR Suryawanshi",
              "runs": {
                "batter": 4,
                "extras": 0,
                "total": 4
              }
            },
            {
              "batter": "AE Paraam",
              "bowler": "Pavandeep Singh",
              "non_striker": "CR Suryawanshi",
              "runs": {
                "batter": 1,
                "extras": 0,
                "total": 1
              }
            }
          ]
        },
        {
          "over": 4,
          "deliveries": [
            {
              "batter": "AE Paraam",
              "bowler": "D Duraisingam",
              "non_striker": "CR Suryawanshi",
              "runs": {
                "batter": 1,
                "extras": 0,
                "total": 1
              }
            },
            {
              "batter": "CR Suryawanshi",
              "bowler": "D Duraisingam",
              "non_striker": "AE Paraam",
              "runs": {
                "batter": 2,
                "extras": 0,
                "total": 2
              }
            },
            {
              "batter": "CR Suryawanshi",
              "bowler": "D Duraisingam",
              "non_striker": "AE Paraam",
              "runs": {
                "batter": 0,
                "extras": 0,
                "total": 0
              }
            },
            {
              "batter": "CR Suryawanshi",
              "bowler": "D Duraisingam",
              "extras": {
                "wides": 1
              },
              "non_striker": "AE Paraam",
              "runs": {
                "batter": 0,
                "extras": 1,
                "total": 1
              }
            },
            {
              "batter": "CR Suryawanshi",
              "bowler": "D Duraisingam",
              "non_striker": "AE Paraam",
              "runs": {
                "batter": 4,
                "extras": 0,
                "total": 4
              }
            },
            {
              "batter": "CR Suryawanshi",
              "bowler": "D Duraisingam",
              "non_striker": "AE Paraam",
              "runs": {
                "batter": 1,
                "extras": 0,
                "total": 1
              }
            },
            {
              "batter": "AE Paraam",
              "bowler": "D Duraisingam",
              "non_striker": "CR Suryawanshi",
              "runs": {
                "batter": 0,
                "extras": 0,
                "total": 0
              }
            }
          ]
        },
        {
          "over": 5,
          "deliveries": [
            {
              "batter": "CR Suryawanshi",
              "bowler": "Hassan Ghulam",
              "extras": {
                "legbyes": 1
              },
              "non_striker": "AE Paraam",
              "runs": {
                "batter": 0,
                "extras": 1,
                "total": 1
              }
            },
            {
              "batter": "AE Paraam",
              "bowler": "Hassan Ghulam",
              "non_striker": "CR Suryawanshi",
              "runs": {
                "batter": 0,
                "extras": 0,
                "total": 0
              }
            },
            {
              "batter": "AE Paraam",
              "bowler": "Hassan Ghulam",
              "non_striker": "CR Suryawanshi",
              "runs": {
                "batter": 2,
                "extras": 0,
                "total": 2
              }
            },
            {
              "batter": "AE Paraam",
              "bowler": "Hassan Ghulam",
              "non_striker": "CR Suryawanshi",
              "runs": {
                "batter": 2,
                "extras": 0,
                "total": 2
              }
            },
            {
              "batter": "AE Paraam",
              "bowler": "Hassan Ghulam",
              "non_striker": "CR Suryawanshi",
              "runs": {
                "batter": 1,
                "extras": 0,
                "total": 1
              }
            },
            {
              "batter": "CR Suryawanshi",
              "bowler": "Hassan Ghulam",
              "non_striker": "AE Paraam",
              "runs": {
                "batter": 1,
                "extras": 0,
                "total": 1
              }
            }
          ]
        },
        {
          "over": 6,
          "deliveries": [
            {
              "batter": "CR Suryawanshi",
              "bowler": "Khizar Hayat",
              "non_striker": "AE Paraam",
              "runs": {
                "batter": 1,
                "extras": 0,
                "total": 1
              }
            },
            {
              "batter": "AE Paraam",
              "bowler": "Khizar Hayat",
              "non_striker": "CR Suryawanshi",
              "runs": {
                "batter": 4,
                "extras": 0,
                "total": 4
              }
            },
            {
              "batter": "AE Paraam",
              "bowler": "Khizar Hayat",
              "non_striker": "CR Suryawanshi",
              "runs": {
                "batter": 1,
                "extras": 0,
                "total": 1
              }
            },
            {
              "batter": "CR Suryawanshi",
              "bowler": "Khizar Hayat",
              "non_striker": "AE Paraam",
              "runs": {
                "batter": 1,
                "extras": 0,
                "total": 1
              }
            },
            {
              "batter": "AE Paraam",
              "bowler": "Khizar Hayat",
              "non_striker": "CR Suryawanshi",
              "runs": {
                "batter": 1,
                "extras": 0,
                "total": 1
              }
            },
            {
              "batter": "CR Suryawanshi",
              "bowler": "Khizar Hayat",
              "non_striker": "AE Paraam",
              "runs": {
                "batter": 0,
                "extras": 0,
                "total": 0
              }
            }
          ]
        },
        {
          "over": 7,
          "deliveries": [
            {
              "batter": "AE Paraam",
              "bowler": "Shahrulnizam Yusof",
              "non_striker": "CR Suryawanshi",
              "runs": {
                "batter": 1,
                "extras": 0,
                "total": 1
              }
            },
            {
              "batter": "CR Suryawanshi",
              "bowler": "Shahrulnizam Yusof",
              "non_striker": "AE Paraam",
              "runs": {
                "batter": 2,
                "extras": 0,
                "total": 2
              }
            },
            {
              "batter": "CR Suryawanshi",
              "bowler": "Shahrulnizam Yusof",
              "non_striker": "AE Paraam",
              "runs": {
                "batter": 1,
                "extras": 0,
                "total": 1
              }
            },
            {
              "batter": "AE Paraam",
              "bowler": "Shahrulnizam Yusof",
              "non_striker": "CR Suryawanshi",
              "runs": {
                "batter": 1,
                "extras": 0,
                "total": 1
              }
            },
            {
              "batter": "CR Suryawanshi",
              "bowler": "Shahrulnizam Yusof",
              "non_striker": "AE Paraam",
              "runs": {
                "batter": 6,
                "extras": 0,
                "total": 6
              }
            },
            {
              "batter": "CR Suryawanshi",
              "bowler": "Shahrulnizam Yusof",
              "non_striker": "AE Paraam",
              "runs": {
                "batter": 1,
                "extras": 0,
                "total": 1
              }
            }
          ]
        },
        {
          "over": 8,
          "deliveries": [
            {
              "batter": "CR Suryawanshi",
              "bowler": "Khizar Hayat",
              "non_striker": "AE Paraam",
              "runs": {
                "batter": 1,
                "extras": 0,
                "total": 1
              }
            },
            {
              "batter": "AE Paraam",
              "bowler": "Khizar Hayat",
              "non_striker": "CR Suryawanshi",
              "runs": {
                "batter": 0,
                "extras": 0,
                "total": 0
              }
            },
            {
              "batter": "AE Paraam",
              "bowler": "Khizar Hayat",
              "non_striker": "CR Suryawanshi",
              "runs": {
                "batter": 1,
                "extras": 0,
                "total": 1
              }
            },
            {
              "batter": "CR Suryawanshi",
              "bowler": "Khizar Hayat",
              "non_striker": "AE Paraam",
              "runs": {
                "batter": 1,
                "extras": 0,
                "total": 1
              }
            },
            {
              "batter": "AE Paraam",
              "bowler": "Khizar Hayat",
              "non_striker": "CR Suryawanshi",
              "runs": {
                "batter": 4,
                "extras": 0,
                "total": 4
              }
            },
            {
              "batter": "AE Paraam",
              "bowler": "Khizar Hayat",
              "non_striker": "CR Suryawanshi",
              "runs": {
                "batter": 0,
                "extras": 0,
                "total": 0
              }
            }
          ]
        },
        {
          "over": 9,
          "deliveries": [
            {
              "batter": "CR Suryawanshi",
              "bowler": "Shahrulnizam Yusof",
              "non_striker": "AE Paraam",
              "runs": {
                "batter": 0,
                "extras": 0,
                "total": 0
              }
            },
            {
              "batter": "CR Suryawanshi",
              "bowler": "Shahrulnizam Yusof",
              "non_striker": "AE Paraam",
              "runs": {
                "batter": 1,
                "extras": 0,
                "total": 1
              }
            },
            {
              "batter": "AE Paraam",
              "bowler": "Shahrulnizam Yusof",
              "non_striker": "CR Suryawanshi",
              "runs": {
                "batter": 0,
                "extras": 0,
                "total": 0
              }
            },
            {
              "batter": "AE Paraam",
              "bowler": "Shahrulnizam Yusof",
              "non_striker": "CR Suryawanshi",
              "runs": {
                "batter": 0,
                "extras": 0,
                "total": 0
              },
              "wickets": [
                {
                  "kind": "caught",
                  "player_out": "AE Paraam",
                  "fielders": [
                    {
                      "name": "M Syahadat Ramli"
                    }
                  ]
                }
              ]
            },
            {
              "batter": "CR Suryawanshi",
              "bowler": "Shahrulnizam Yusof",
              "non_striker": "KB Shinde",
              "runs": {
                "batter": 4,
                "extras": 0,
                "total": 4
              }
            },
            {
              "batter": "CR Suryawanshi",
              "bowler": "Shahrulnizam Yusof",
              "extras": {
                "wides": 1
              },
              "non_striker": "KB Shinde",
              "runs": {
                "batter": 0,
                "extras": 1,
                "total": 1
              }
            },
            {
              "batter": "CR Suryawanshi",
              "bowler": "Shahrulnizam Yusof",
              "non_striker": "KB Shinde",
              "runs": {
                "batter": 1,
                "extras": 0,
                "total": 1
              }
            }
          ]
        },
        {
          "over": 10,
          "deliveries": [
            {
              "batter": "CR Suryawanshi",
              "bowler": "Pavandeep Singh",
              "non_striker": "KB Shinde",
              "runs": {
                "batter": 0,
                "extras": 0,
                "total": 0
              }
            },
            {
              "batter": "CR Suryawanshi",
              "bowler": "Pavandeep Singh",
              "non_striker": "KB Shinde",
              "runs": {
                "batter": 1,
                "extras": 0,
                "total": 1
              }
            },
            {
              "batter": "KB Shinde",
              "bowler": "Pavandeep Singh",
              "non_striker": "CR Suryawanshi",
              "runs": {
                "batter": 0,
                "extras": 0,
                "total": 0
              }
            },
            {
              "batter": "KB Shinde",
              "bowler": "Pavandeep Singh",
              "non_striker": "CR Suryawanshi",
              "runs": {
                "batter": 1,
                "extras": 0,
                "total": 1
              }
            },
            {
              "batter": "CR Suryawanshi",
              "bowler": "Pavandeep Singh",
              "non_striker": "KB Shinde",
              "runs": {
                "batter": 1,
                "extras": 0,
                "total": 1
              }
            },
            {
              "batter": "KB Shinde",
              "bowler": "Pavandeep Singh",
              "non_striker": "CR Suryawanshi",
              "runs": {
                "batter": 1,
                "extras": 0,
                "total": 1
              }
            }
          ]
        },
        {
          "over": 11,
          "deliveries": [
            {
              "batter": "KB Shinde",
              "bowler": "Shahrulnizam Yusof",
              "non_striker": "CR Suryawanshi",
              "runs": {
                "batter": 1,
                "extras": 0,
                "total": 1
              }
            },
            {
              "batter": "CR Suryawanshi",
              "bowler": "Shahrulnizam Yusof",
              "non_striker": "KB Shinde",
              "runs": {
                "batter": 2,
                "extras": 0,
                "total": 2
              }
            },
            {
              "batter": "CR Suryawanshi",
              "bowler": "Shahrulnizam Yusof",
              "non_striker": "KB Shinde",
              "runs": {
                "batter": 1,
                "extras": 0,
                "total": 1
              }
            },
            {
              "batter": "KB Shinde",
              "bowler": "Shahrulnizam Yusof",
              "non_striker": "CR Suryawanshi",
              "runs": {
                "batter": 1,
                "extras": 0,
                "total": 1
              }
            },
            {
              "batter": "CR Suryawanshi",
              "bowler": "Shahrulnizam Yusof",
              "non_striker": "KB Shinde",
              "runs": {
                "batter": 1,
                "extras": 0,
                "total": 1
              }
            },
            {
              "batter": "KB Shinde",
              "bowler": "Shahrulnizam Yusof",
              "non_striker": "CR Suryawanshi",
              "runs": {
                "batter": 4,
                "extras": 0,
                "total": 4
              }
            }
          ]
        },
        {
          "over": 12,
          "deliveries": [
            {
              "batter": "CR Suryawanshi",
              "bowler": "Pavandeep Singh",
              "non_striker": "KB Shinde",
              "runs": {
                "batter": 0,
                "extras": 0,
                "total": 0
              },
              "wickets": [
                {
                  "kind": "lbw",
                  "player_out": "CR Suryawanshi"
                }
              ]
            },
            {
              "batter": "A Goenka",
              "bowler": "Pavandeep Singh",
              "non_striker": "KB Shinde",
              "runs": {
                "batter": 0,
                "extras": 0,
                "total": 0
              }
            },
            {
              "batter": "A Goenka",
              "bowler": "Pavandeep Singh",
              "non_striker": "KB Shinde",
              "runs": {
                "batter": 1,
                "extras": 0,
                "total": 1
              }
            },
            {
              "batter": "KB Shinde",
              "bowler": "Pavandeep Singh",
              "non_striker": "A Goenka",
              "runs": {
                "batter": 0,
                "extras": 0,
                "total": 0
              }
            },
            {
              "batter": "KB Shinde",
              "bowler": "Pavandeep Singh",
              "non_striker": "A Goenka",
              "runs": {
                "batter": 1,
                "extras": 0,
                "total": 1
              }
            },
            {
              "batter": "A Goenka",
              "bowler": "Pavandeep Singh",
              "non_striker": "KB Shinde",
              "runs": {
                "batter": 0,
                "extras": 0,
                "total": 0
              }
            }
          ]
        },
        {
          "over": 13,
          "deliveries": [
            {
              "batter": "KB Shinde",
              "bowler": "Shahrulnizam Yusof",
              "non_striker": "A Goenka",
              "runs": {
                "batter": 1,
                "extras": 0,
                "total": 1
              }
            },
            {
              "batter": "A Goenka",
              "bowler": "Shahrulnizam Yusof",
              "non_striker": "KB Shinde",
              "runs": {
                "batter": 1,
                "extras": 0,
                "total": 1
              }
            },
            {
              "batter": "KB Shinde",
              "bowler": "Shahrulnizam Yusof",
              "non_striker": "A Goenka",
              "runs": {
                "batter": 6,
                "extras": 0,
                "total": 6
              }
            },
            {
              "batter": "KB Shinde",
              "bowler": "Shahrulnizam Yusof",
              "non_striker": "A Goenka",
              "runs": {
                "batter": 1,
                "extras": 0,
                "total": 1
              }
            },
            {
              "batter": "A Goenka",
              "bowler": "Shahrulnizam Yusof",
              "extras": {
                "wides": 2
              },
              "non_striker": "KB Shinde",
              "runs": {
                "batter": 0,
                "extras": 2,
                "total": 2
              }
            },
            {
              "batter": "KB Shinde",
              "bowler": "Shahrulnizam Yusof",
              "non_striker": "A Goenka",
              "runs": {
                "batter": 0,
                "extras": 0,
                "total": 0
              }
            },
            {
              "batter": "KB Shinde",
              "bowler": "Shahrulnizam Yusof",
              "non_striker": "A Goenka",
              "runs": {
                "batter": 1,
                "extras": 0,
                "total": 1
              }
            }
          ]
        },
        {
          "over": 14,
          "deliveries": [
            {
              "batter": "KB Shinde",
              "bowler": "Khizar Hayat",
              "non_striker": "A Goenka",
              "runs": {
                "batter": 0,
                "extras": 0,
                "total": 0
              }
            },
            {
              "batter": "KB Shinde",
              "bowler": "Khizar Hayat",
              "non_striker": "A Goenka",
              "runs": {
                "batter": 2,
                "extras": 0,
                "total": 2
              }
            },
            {
              "batter": "KB Shinde",
              "bowler": "Khizar Hayat",
              "non_striker": "A Goenka",
              "runs": {
                "batter": 0,
                "extras": 0,
                "total": 0
              }
            },
            {
              "batter": "KB Shinde",
              "bowler": "Khizar Hayat",
              "non_striker": "A Goenka",
              "runs": {
                "batter": 1,
                "extras": 0,
                "total": 1
              }
            },
            {
              "batter": "A Goenka",
              "bowler": "Khizar Hayat",
              "non_striker": "KB Shinde",
              "runs": {
                "batter": 1,
                "extras": 0,
                "total": 1
              }
            },
            {
              "batter": "KB Shinde",
              "bowler": "Khizar Hayat",
              "non_striker": "A Goenka",
              "runs": {
                "batter": 2,
                "extras": 0,
                "total": 2
              }
            }
          ]
        },
        {
          "over": 15,
          "deliveries": [
            {
              "batter": "A Goenka",
              "bowler": "D Duraisingam",
              "extras": {
                "legbyes": 1
              },
              "non_striker": "KB Shinde",
              "runs": {
                "batter": 0,
                "extras": 1,
                "total": 1
              }
            },
            {
              "batter": "KB Shinde",
              "bowler": "D Duraisingam",
              "non_striker": "A Goenka",
              "runs": {
                "batter": 6,
                "extras": 0,
                "total": 6
              }
            },
            {
              "batter": "KB Shinde",
              "bowler": "D Duraisingam",
              "non_striker": "A Goenka",
              "runs": {
                "batter": 4,
                "extras": 0,
                "total": 4
              }
            },
            {
              "batter": "KB Shinde",
              "bowler": "D Duraisingam",
              "non_striker": "A Goenka",
              "runs": {
                "batter": 1,
                "extras": 0,
                "total": 1
              }
            },
            {
              "batter": "A Goenka",
              "bowler": "D Duraisingam",
              "non_striker": "KB Shinde",
              "runs": {
                "batter": 2,
                "extras": 0,
                "total": 2
              }
            },
            {
              "batter": "A Goenka",
              "bowler": "D Duraisingam",
              "non_striker": "KB Shinde",
              "runs": {
                "batter": 2,
                "extras": 0,
                "total": 2
              }
            }
          ]
        },
        {
          "over": 16,
          "deliveries": [
            {
              "batter": "KB Shinde",
              "bowler": "Khizar Hayat",
              "extras": {
                "noballs": 1
              },
              "non_striker": "A Goenka",
              "runs": {
                "batter": 0,
                "extras": 1,
                "total": 1
              }
            },
            {
              "batter": "KB Shinde",
              "bowler": "Khizar Hayat",
              "non_striker": "A Goenka",
              "runs": {
                "batter": 2,
                "extras": 0,
                "total": 2
              }
            },
            {
              "batter": "KB Shinde",
              "bowler": "Khizar Hayat",
              "non_striker": "A Goenka",
              "runs": {
                "batter": 0,
                "extras": 0,
                "total": 0
              },
              "wickets": [
                {
                  "kind": "caught",
                  "player_out": "KB Shinde",
                  "fielders": [
                    {
                      "name": "Pavandeep Singh"
                    }
                  ]
                }
              ]
            },
            {
              "batter": "A Goenka",
              "bowler": "Khizar Hayat",
              "non_striker": "Amjad Mahboob",
              "runs": {
                "batter": 0,
                "extras": 0,
                "total": 0
              },
              "wickets": [
                {
                  "kind": "run out",
                  "player_out": "A Goenka",
                  "fielders": [
                    {
                      "name": "Khizar Hayat"
                    }
                  ]
                }
              ]
            },
            {
              "batter": "Amjad Mahboob",
              "bowler": "Khizar Hayat",
              "non_striker": "S Vijayakumar",
              "runs": {
                "batter": 0,
                "extras": 0,
                "total": 0
              }
            },
            {
              "batter": "Amjad Mahboob",
              "bowler": "Khizar Hayat",
              "non_striker": "S Vijayakumar",
              "runs": {
                "batter": 0,
                "extras": 0,
                "total": 0
              }
            },
            {
              "batter": "Amjad Mahboob",
              "bowler": "Khizar Hayat",
              "non_striker": "S Vijayakumar",
              "runs": {
                "batter": 0,
                "extras": 0,
                "total": 0
              }
            }
          ]
        },
        {
          "over": 17,
          "deliveries": [
            {
              "batter": "S Vijayakumar",
              "bowler": "D Duraisingam",
              "non_striker": "Amjad Mahboob",
              "runs": {
                "batter": 1,
                "extras": 0,
                "total": 1
              }
            },
            {
              "batter": "Amjad Mahboob",
              "bowler": "D Duraisingam",
              "non_striker": "S Vijayakumar",
              "runs": {
                "batter": 1,
                "extras": 0,
                "total": 1
              }
            },
            {
              "batter": "S Vijayakumar",
              "bowler": "D Duraisingam",
              "non_striker": "Amjad Mahboob",
              "runs": {
                "batter": 1,
                "extras": 0,
                "total": 1
              }
            },
            {
              "batter": "Amjad Mahboob",
              "bowler": "D Duraisingam",
              "non_striker": "S Vijayakumar",
              "runs": {
                "batter": 0,
                "extras": 0,
                "total": 0
              }
            },
            {
              "batter": "Amjad Mahboob",
              "bowler": "D Duraisingam",
              "non_striker": "S Vijayakumar",
              "runs": {
                "batter": 0,
                "extras": 0,
                "total": 0
              }
            },
            {
              "batter": "Amjad Mahboob",
              "bowler": "D Duraisingam",
              "non_striker": "S Vijayakumar",
              "runs": {
                "batter": 1,
                "extras": 0,
                "total": 1
              }
            }
          ]
        },
        {
          "over": 18,
          "deliveries": [
            {
              "batter": "Amjad Mahboob",
              "bowler": "Hassan Ghulam",
              "non_striker": "S Vijayakumar",
              "runs": {
                "batter": 1,
                "extras": 0,
                "total": 1
              }
            },
            {
              "batter": "S Vijayakumar",
              "bowler": "Hassan Ghulam",
              "non_striker": "Amjad Mahboob",
              "runs": {
                "batter": 0,
                "extras": 0,
                "total": 0
              },
              "wickets": [
                {
                  "kind": "caught",
                  "player_out": "S Vijayakumar",
                  "fielders": [
                    {
                      "name": "Shahrulnizam Yusof"
                    }
                  ]
                }
              ]
            },
            {
              "batter": "Amjad Mahboob",
              "bowler": "Hassan Ghulam",
              "non_striker": "Mohamed Shoib",
              "runs": {
                "batter": 0,
                "extras": 0,
                "total": 0
              },
              "wickets": [
                {
                  "kind": "caught",
                  "player_out": "Amjad Mahboob",
                  "fielders": [
                    {
                      "name": "Aminuddin Ramly"
                    }
                  ]
                }
              ]
            },
            {
              "batter": "Mohamed Shoib",
              "bowler": "Hassan Ghulam",
              "non_striker": "S Appusamy",
              "runs": {
                "batter": 1,
                "extras": 0,
                "total": 1
              }
            },
            {
              "batter": "S Appusamy",
              "bowler": "Hassan Ghulam",
              "extras": {
                "wides": 1
              },
              "non_striker": "Mohamed Shoib",
              "runs": {
                "batter": 0,
                "extras": 1,
                "total": 1
              }
            },
            {
              "batter": "S Appusamy",
              "bowler": "Hassan Ghulam",
              "non_striker": "Mohamed Shoib",
              "runs": {
                "batter": 0,
                "extras": 0,
                "total": 0
              }
            },
            {
              "batter": "S Appusamy",
              "bowler": "Hassan Ghulam",
              "non_striker": "Mohamed Shoib",
              "runs": {
                "batter": 0,
                "extras": 0,
                "total": 0
              }
            }
          ]
        },
        {
          "over": 19,
          "deliveries": [
            {
              "batter": "Mohamed Shoib",
              "bowler": "D Duraisingam",
              "non_striker": "S Appusamy",
              "runs": {
                "batter": 1,
                "extras": 0,
                "total": 1
              }
            },
            {
              "batter": "S Appusamy",
              "bowler": "D Duraisingam",
              "non_striker": "Mohamed Shoib",
              "runs": {
                "batter": 0,
                "extras": 0,
                "total": 0
              },
              "wickets": [
                {
                  "kind": "bowled",
                  "player_out": "S Appusamy"
                }
              ]
            },
            {
              "batter": "Abhiraj Singh",
              "bowler": "D Duraisingam",
              "non_striker": "Mohamed Shoib",
              "runs": {
                "batter": 0,
                "extras": 0,
                "total": 0
              }
            },
            {
              "batter": "Abhiraj Singh",
              "bowler": "D Duraisingam",
              "non_striker": "Mohamed Shoib",
              "runs": {
                "batter": 2,
                "extras": 0,
                "total": 2
              }
            },
            {
              "batter": "Abhiraj Singh",
              "bowler": "D Duraisingam",
              "non_striker": "Mohamed Shoib",
              "runs": {
                "batter": 0,
                "extras": 0,
                "total": 0
              },
              "wickets": [
                {
                  "kind": "caught",
                  "player_out": "Abhiraj Singh",
                  "fielders": [
                    {
                      "name": "Ahmed Faiz"
                    }
                  ]
                }
              ]
            }
          ]
        }
      ],
      "powerplays": [
        {
          "from": 0.1,
          "to": 5.6,
          "type": "mandatory"
        }
      ]
    },
    {
      "team": "Malaysia",
      "overs": [
        {
          "over": 0,
          "deliveries": [
            {
              "batter": "Suhan Alagaratnam",
              "bowler": "Mohamed Shoib",
              "non_striker": "Virandeep Singh",
              "runs": {
                "batter": 1,
                "extras": 0,
                "total": 1
              }
            },
            {
              "batter": "Virandeep Singh",
              "bowler": "Mohamed Shoib",
              "non_striker": "Suhan Alagaratnam",
              "runs": {
                "batter": 1,
                "extras": 0,
                "total": 1
              }
            },
            {
              "batter": "Suhan Alagaratnam",
              "bowler": "Mohamed Shoib",
              "non_striker": "Virandeep Singh",
              "runs": {
                "batter": 0,
                "extras": 0,
                "total": 0
              }
            },
            {
              "batter": "Suhan Alagaratnam",
              "bowler": "Mohamed Shoib",
              "non_striker": "Virandeep Singh",
              "runs": {
                "batter": 1,
                "extras": 0,
                "total": 1
              }
            },
            {
              "batter": "Virandeep Singh",
              "bowler": "Mohamed Shoib",
              "non_striker": "Suhan Alagaratnam",
              "runs": {
                "batter": 0,
                "extras": 0,
                "total": 0
              }
            },
            {
              "batter": "Virandeep Singh",
              "bowler": "Mohamed Shoib",
              "non_striker": "Suhan Alagaratnam",
              "runs": {
                "batter": 0,
                "extras": 0,
                "total": 0
              }
            }
          ]
        },
        {
          "over": 1,
          "deliveries": [
            {
              "batter": "Suhan Alagaratnam",
              "bowler": "Amjad Mahboob",
              "non_striker": "Virandeep Singh",
              "runs": {
                "batter": 0,
                "extras": 0,
                "total": 0
              }
            },
            {
              "batter": "Suhan Alagaratnam",
              "bowler": "Amjad Mahboob",
              "extras": {
                "byes": 1
              },
              "non_striker": "Virandeep Singh",
              "runs": {
                "batter": 0,
                "extras": 1,
                "total": 1
              }
            },
            {
              "batter": "Virandeep Singh",
              "bowler": "Amjad Mahboob",
              "non_striker": "Suhan Alagaratnam",
              "runs": {
                "batter": 4,
                "extras": 0,
                "total": 4
              }
            },
            {
              "batter": "Virandeep Singh",
              "bowler": "Amjad Mahboob",
              "non_striker": "Suhan Alagaratnam",
              "runs": {
                "batter": 1,
                "extras": 0,
                "total": 1
              }
            },
            {
              "batter": "Suhan Alagaratnam",
              "bowler": "Amjad Mahboob",
              "non_striker": "Virandeep Singh",
              "runs": {
                "batter": 0,
                "extras": 0,
                "total": 0
              }
            },
            {
              "batter": "Suhan Alagaratnam",
              "bowler": "Amjad Mahboob",
              "non_striker": "Virandeep Singh",
              "runs": {
                "batter": 0,
                "extras": 0,
                "total": 0
              }
            }
          ]
        },
        {
          "over": 2,
          "deliveries": [
            {
              "batter": "Virandeep Singh",
              "bowler": "Mohamed Shoib",
              "non_striker": "Suhan Alagaratnam",
              "runs": {
                "batter": 1,
                "extras": 0,
                "total": 1
              }
            },
            {
              "batter": "Suhan Alagaratnam",
              "bowler": "Mohamed Shoib",
              "non_striker": "Virandeep Singh",
              "runs": {
                "batter": 1,
                "extras": 0,
                "total": 1
              }
            },
            {
              "batter": "Virandeep Singh",
              "bowler": "Mohamed Shoib",
              "non_striker": "Suhan Alagaratnam",
              "runs": {
                "batter": 1,
                "extras": 0,
                "total": 1
              }
            },
            {
              "batter": "Suhan Alagaratnam",
              "bowler": "Mohamed Shoib",
              "non_striker": "Virandeep Singh",
              "runs": {
                "batter": 0,
                "extras": 0,
                "total": 0
              }
            },
            {
              "batter": "Suhan Alagaratnam",
              "bowler": "Mohamed Shoib",
              "non_striker": "Virandeep Singh",
              "runs": {
                "batter": 6,
                "extras": 0,
                "total": 6
              }
            },
            {
              "batter": "Suhan Alagaratnam",
              "bowler": "Mohamed Shoib",
              "non_striker": "Virandeep Singh",
              "runs": {
                "batter": 4,
                "extras": 0,
                "total": 4
              }
            }
          ]
        },
        {
          "over": 3,
          "deliveries": [
            {
              "batter": "Virandeep Singh",
              "bowler": "Amjad Mahboob",
              "non_striker": "Suhan Alagaratnam",
              "runs": {
                "batter": 0,
                "extras": 0,
                "total": 0
              },
              "wickets": [
                {
                  "kind": "caught",
                  "player_out": "Virandeep Singh",
                  "fielders": [
                    {
                      "name": "A Goenka"
                    }
                  ]
                }
              ]
            },
            {
              "batter": "Suhan Alagaratnam",
              "bowler": "Amjad Mahboob",
              "non_striker": "Ahmed Faiz",
              "runs": {
                "batter": 0,
                "extras": 0,
                "total": 0
              },
              "wickets": [
                {
                  "kind": "caught",
                  "player_out": "Suhan Alagaratnam",
                  "fielders": [
                    {
                      "name": "CR Suryawanshi"
                    }
                  ]
                }
              ]
            },
            {
              "batter": "M Syahadat Ramli",
              "bowler": "Amjad Mahboob",
              "non_striker": "Ahmed Faiz",
              "runs": {
                "batter": 1,
                "extras": 0,
                "total": 1
              }
            },
            {
              "batter": "Ahmed Faiz",
              "bowler": "Amjad Mahboob",
              "non_striker": "M Syahadat Ramli",
              "runs": {
                "batter": 0,
                "extras": 0,
                "total": 0
              }
            },
            {
              "batter": "Ahmed Faiz",
              "bowler": "Amjad Mahboob",
              "non_striker": "M Syahadat Ramli",
              "runs": {
                "batter": 0,
                "extras": 0,
                "total": 0
              }
            },
            {
              "batter": "Ahmed Faiz",
              "bowler": "Amjad Mahboob",
              "non_striker": "M Syahadat Ramli",
              "runs": {
                "batter": 2,
                "extras": 0,
                "total": 2
              }
            }
          ]
        },
        {
          "over": 4,
          "deliveries": [
            {
              "batter": "M Syahadat Ramli",
              "bowler": "S Appusamy",
              "non_striker": "Ahmed Faiz",
              "runs": {
                "batter": 4,
                "extras": 0,
                "total": 4
              }
            },
            {
              "batter": "M Syahadat Ramli",
              "bowler": "S Appusamy",
              "non_striker": "Ahmed Faiz",
              "runs": {
                "batter": 0,
                "extras": 0,
                "total": 0
              }
            },
            {
              "batter": "M Syahadat Ramli",
              "bowler": "S Appusamy",
              "non_striker": "Ahmed Faiz",
              "runs": {
                "batter": 0,
                "extras": 0,
                "total": 0
              }
            },
            {
              "batter": "M Syahadat Ramli",
              "bowler": "S Appusamy",
              "non_striker": "Ahmed Faiz",
              "runs": {
                "batter": 2,
                "extras": 0,
                "total": 2
              }
            },
            {
              "batter": "M Syahadat Ramli",
              "bowler": "S Appusamy",
              "non_striker": "Ahmed Faiz",
              "runs": {
                "batter": 0,
                "extras": 0,
                "total": 0
              }
            },
            {
              "batter": "M Syahadat Ramli",
              "bowler": "S Appusamy",
              "non_striker": "Ahmed Faiz",
              "runs": {
                "batter": 0,
                "extras": 0,
                "total": 0
              },
              "wickets": [
                {
                  "kind": "caught",
                  "player_out": "M Syahadat Ramli",
                  "fielders": [
                    {
                      "name": "Abhiraj Singh"
                    }
                  ]
                }
              ]
            }
          ]
        },
        {
          "over": 5,
          "deliveries": [
            {
              "batter": "Ahmed Faiz",
              "bowler": "Mohamed Shoib",
              "non_striker": "Shafiq Sharif",
              "runs": {
                "batter": 4,
                "extras": 0,
                "total": 4
              }
            },
            {
              "batter": "Ahmed Faiz",
              "bowler": "Mohamed Shoib",
              "non_striker": "Shafiq Sharif",
              "runs": {
                "batter": 1,
                "extras": 0,
                "total": 1
              }
            },
            {
              "batter": "Shafiq Sharif",
              "bowler": "Mohamed Shoib",
              "extras": {
                "wides": 1
              },
              "non_striker": "Ahmed Faiz",
              "runs": {
                "batter": 0,
                "extras": 1,
                "total": 1
              }
            },
            {
              "batter": "Shafiq Sharif",
              "bowler": "Mohamed Shoib",
              "non_striker": "Ahmed Faiz",
              "runs": {
                "batter": 0,
                "extras": 0,
                "total": 0
              }
            },
            {
              "batter": "Shafiq Sharif",
              "bowler": "Mohamed Shoib",
              "non_striker": "Ahmed Faiz",
              "runs": {
                "batter": 0,
                "extras": 0,
                "total": 0
              }
            },
            {
              "batter": "Shafiq Sharif",
              "bowler": "Mohamed Shoib",
              "non_striker": "Ahmed Faiz",
              "runs": {
                "batter": 0,
                "extras": 0,
                "total": 0
              }
            },
            {
              "batter": "Shafiq Sharif",
              "bowler": "Mohamed Shoib",
              "non_striker": "Ahmed Faiz",
              "runs": {
                "batter": 0,
                "extras": 0,
                "total": 0
              }
            }
          ]
        },
        {
          "over": 6,
          "deliveries": [
            {
              "batter": "Ahmed Faiz",
              "bowler": "S Appusamy",
              "non_striker": "Shafiq Sharif",
              "runs": {
                "batter": 1,
                "extras": 0,
                "total": 1
              }
            },
            {
              "batter": "Shafiq Sharif",
              "bowler": "S Appusamy",
              "non_striker": "Ahmed Faiz",
              "runs": {
                "batter": 0,
                "extras": 0,
                "total": 0
              }
            },
            {
              "batter": "Shafiq Sharif",
              "bowler": "S Appusamy",
              "non_striker": "Ahmed Faiz",
              "runs": {
                "batter": 4,
                "extras": 0,
                "total": 4
              }
            },
            {
              "batter": "Shafiq Sharif",
              "bowler": "S Appusamy",
              "non_striker": "Ahmed Faiz",
              "runs": {
                "batter": 0,
                "extras": 0,
                "total": 0
              }
            },
            {
              "batter": "Shafiq Sharif",
              "bowler": "S Appusamy",
              "non_striker": "Ahmed Faiz",
              "runs": {
                "batter": 1,
                "extras": 0,
                "total": 1
              }
            },
            {
              "batter": "Ahmed Faiz",
              "bowler": "S Appusamy",
              "non_striker": "Shafiq Sharif",
              "runs": {
                "batter": 0,
                "extras": 0,
                "total": 0
              }
            }
          ]
        },
        {
          "over": 7,
          "deliveries": [
            {
              "batter": "Shafiq Sharif",
              "bowler": "Abhiraj Singh",
              "non_striker": "Ahmed Faiz",
              "runs": {
                "batter": 0,
                "extras": 0,
                "total": 0
              }
            },
            {
              "batter": "Shafiq Sharif",
              "bowler": "Abhiraj Singh",
              "non_striker": "Ahmed Faiz",
              "runs": {
                "batter": 0,
                "extras": 0,
                "total": 0
              }
            },
            {
              "batter": "Shafiq Sharif",
              "bowler": "Abhiraj Singh",
              "non_striker": "Ahmed Faiz",
              "runs": {
                "batter": 1,
                "extras": 0,
                "total": 1
              }
            },
            {
              "batter": "Ahmed Faiz",
              "bowler": "Abhiraj Singh",
              "non_striker": "Shafiq Sharif",
              "runs": {
                "batter": 1,
                "extras": 0,
                "total": 1
              }
            },
            {
              "batter": "Shafiq Sharif",
              "bowler": "Abhiraj Singh",
              "non_striker": "Ahmed Faiz",
              "runs": {
                "batter": 1,
                "extras": 0,
                "total": 1
              }
            },
            {
              "batter": "Ahmed Faiz",
              "bowler": "Abhiraj Singh",
              "non_striker": "Shafiq Sharif",
              "runs": {
                "batter": 0,
                "extras": 0,
                "total": 0
              }
            }
          ]
        },
        {
          "over": 8,
          "deliveries": [
            {
              "batter": "Shafiq Sharif",
              "bowler": "S Vijayakumar",
              "non_striker": "Ahmed Faiz",
              "runs": {
                "batter": 2,
                "extras": 0,
                "total": 2
              }
            },
            {
              "batter": "Shafiq Sharif",
              "bowler": "S Vijayakumar",
              "non_striker": "Ahmed Faiz",
              "runs": {
                "batter": 1,
                "extras": 0,
                "total": 1
              }
            },
            {
              "batter": "Ahmed Faiz",
              "bowler": "S Vijayakumar",
              "non_striker": "Shafiq Sharif",
              "runs": {
                "batter": 1,
                "extras": 0,
                "total": 1
              }
            },
            {
              "batter": "Shafiq Sharif",
              "bowler": "S Vijayakumar",
              "non_striker": "Ahmed Faiz",
              "runs": {
                "batter": 4,
                "extras": 0,
                "total": 4
              }
            },
            {
              "batter": "Shafiq Sharif",
              "bowler": "S Vijayakumar",
              "non_striker": "Ahmed Faiz",
              "runs": {
                "batter": 1,
                "extras": 0,
                "total": 1
              }
            },
            {
              "batter": "Ahmed Faiz",
              "bowler": "S Vijayakumar",
              "non_striker": "Shafiq Sharif",
              "runs": {
                "batter": 0,
                "extras": 0,
                "total": 0
              }
            }
          ]
        },
        {
          "over": 9,
          "deliveries": [
            {
              "batter": "Shafiq Sharif",
              "bowler": "Abhiraj Singh",
              "non_striker": "Ahmed Faiz",
              "runs": {
                "batter": 0,
                "extras": 0,
                "total": 0
              }
            },
            {
              "batter": "Shafiq Sharif",
              "bowler": "Abhiraj Singh",
              "non_striker": "Ahmed Faiz",
              "runs": {
                "batter": 1,
                "extras": 0,
                "total": 1
              }
            },
            {
              "batter": "Ahmed Faiz",
              "bowler": "Abhiraj Singh",
              "non_striker": "Shafiq Sharif",
              "runs": {
                "batter": 1,
                "extras": 0,
                "total": 1
              }
            },
            {
              "batter": "Shafiq Sharif",
              "bowler": "Abhiraj Singh",
              "non_striker": "Ahmed Faiz",
              "runs": {
                "batter": 1,
                "extras": 0,
                "total": 1
              }
            },
            {
              "batter": "Ahmed Faiz",
              "bowler": "Abhiraj Singh",
              "extras": {
                "wides": 1
              },
              "non_striker": "Shafiq Sharif",
              "runs": {
                "batter": 0,
                "extras": 1,
                "total": 1
              }
            },
            {
              "batter": "Ahmed Faiz",
              "bowler": "Abhiraj Singh",
              "non_striker": "Shafiq Sharif",
              "runs": {
                "batter": 0,
                "extras": 0,
                "total": 0
              }
            },
            {
              "batter": "Ahmed Faiz",
              "bowler": "Abhiraj Singh",
              "non_striker": "Shafiq Sharif",
              "runs": {
                "batter": 1,
                "extras": 0,
                "total": 1
              }
            }
          ]
        },
        {
          "over": 10,
          "deliveries": [
            {
              "batter": "Ahmed Faiz",
              "bowler": "S Vijayakumar",
              "non_striker": "Shafiq Sharif",
              "runs": {
                "batter": 1,
                "extras": 0,
                "total": 1
              }
            },
            {
              "batter": "Shafiq Sharif",
              "bowler": "S Vijayakumar",
              "non_striker": "Ahmed Faiz",
              "runs": {
                "batter": 4,
                "extras": 0,
                "total": 4
              }
            },
            {
              "batter": "Shafiq Sharif",
              "bowler": "S Vijayakumar",
              "non_striker": "Ahmed Faiz",
              "runs": {
                "batter": 1,
                "extras": 0,
                "total": 1
              }
            },
            {
              "batter": "Ahmed Faiz",
              "bowler": "S Vijayakumar",
              "non_striker": "Shafiq Sharif",
              "runs": {
                "batter": 6,
                "extras": 0,
                "total": 6
              }
            },
            {
              "batter": "Ahmed Faiz",
              "bowler": "S Vijayakumar",
              "non_striker": "Shafiq Sharif",
              "runs": {
                "batter": 1,
                "extras": 0,
                "total": 1
              }
            },
            {
              "batter": "Shafiq Sharif",
              "bowler": "S Vijayakumar",
              "non_striker": "Ahmed Faiz",
              "runs": {
                "batter": 1,
                "extras": 0,
                "total": 1
              }
            }
          ]
        },
        {
          "over": 11,
          "deliveries": [
            {
              "batter": "Shafiq Sharif",
              "bowler": "A Goenka",
              "non_striker": "Ahmed Faiz",
              "runs": {
                "batter": 2,
                "extras": 0,
                "total": 2
              }
            },
            {
              "batter": "Shafiq Sharif",
              "bowler": "A Goenka",
              "non_striker": "Ahmed Faiz",
              "runs": {
                "batter": 1,
                "extras": 0,
                "total": 1
              }
            },
            {
              "batter": "Ahmed Faiz",
              "bowler": "A Goenka",
              "non_striker": "Shafiq Sharif",
              "runs": {
                "batter": 1,
                "extras": 0,
                "total": 1
              }
            },
            {
              "batter": "Shafiq Sharif",
              "bowler": "A Goenka",
              "non_striker": "Ahmed Faiz",
              "runs": {
                "batter": 1,
                "extras": 0,
                "total": 1
              }
            },
            {
              "batter": "Ahmed Faiz",
              "bowler": "A Goenka",
              "non_striker": "Shafiq Sharif",
              "runs": {
                "batter": 1,
                "extras": 0,
                "total": 1
              }
            },
            {
              "batter": "Shafiq Sharif",
              "bowler": "A Goenka",
              "non_striker": "Ahmed Faiz",
              "runs": {
                "batter": 3,
                "extras": 0,
                "total": 3
              }
            }
          ]
        },
        {
          "over": 12,
          "deliveries": [
            {
              "batter": "Shafiq Sharif",
              "bowler": "Amjad Mahboob",
              "non_striker": "Ahmed Faiz",
              "runs": {
                "batter": 1,
                "extras": 0,
                "total": 1
              }
            },
            {
              "batter": "Ahmed Faiz",
              "bowler": "Amjad Mahboob",
              "non_striker": "Shafiq Sharif",
              "runs": {
                "batter": 1,
                "extras": 0,
                "total": 1
              }
            },
            {
              "batter": "Shafiq Sharif",
              "bowler": "Amjad Mahboob",
              "non_striker": "Ahmed Faiz",
              "runs": {
                "batter": 0,
                "extras": 0,
                "total": 0
              },
              "wickets": [
                {
                  "kind": "lbw",
                  "player_out": "Shafiq Sharif"
                }
              ]
            },
            {
              "batter": "Khizar Hayat",
              "bowler": "Amjad Mahboob",
              "non_striker": "Ahmed Faiz",
              "runs": {
                "batter": 0,
                "extras": 0,
                "total": 0
              }
            },
            {
              "batter": "Khizar Hayat",
              "bowler": "Amjad Mahboob",
              "non_striker": "Ahmed Faiz",
              "runs": {
                "batter": 2,
                "extras": 0,
                "total": 2
              }
            },
            {
              "batter": "Khizar Hayat",
              "bowler": "Amjad Mahboob",
              "non_striker": "Ahmed Faiz",
              "runs": {
                "batter": 1,
                "extras": 0,
                "total": 1
              }
            }
          ]
        },
        {
          "over": 13,
          "deliveries": [
            {
              "batter": "Khizar Hayat",
              "bowler": "S Appusamy",
              "non_striker": "Ahmed Faiz",
              "runs": {
                "batter": 1,
                "extras": 0,
                "total": 1
              }
            },
            {
              "batter": "Ahmed Faiz",
              "bowler": "S Appusamy",
              "non_striker": "Khizar Hayat",
              "runs": {
                "batter": 4,
                "extras": 0,
                "total": 4
              }
            },
            {
              "batter": "Ahmed Faiz",
              "bowler": "S Appusamy",
              "non_striker": "Khizar Hayat",
              "runs": {
                "batter": 1,
                "extras": 0,
                "total": 1
              }
            },
            {
              "batter": "Khizar Hayat",
              "bowler": "S Appusamy",
              "non_striker": "Ahmed Faiz",
              "runs": {
                "batter": 0,
                "extras": 0,
                "total": 0
              }
            },
            {
              "batter": "Khizar Hayat",
              "bowler": "S Appusamy",
              "non_striker": "Ahmed Faiz",
              "runs": {
                "batter": 2,
                "extras": 0,
                "total": 2
              }
            },
            {
              "batter": "Khizar Hayat",
              "bowler": "S Appusamy",
              "non_striker": "Ahmed Faiz",
              "runs": {
                "batter": 1,
                "extras": 0,
                "total": 1
              }
            }
          ]
        },
        {
          "over": 14,
          "deliveries": [
            {
              "batter": "Khizar Hayat",
              "bowler": "Abhiraj Singh",
              "non_striker": "Ahmed Faiz",
              "runs": {
                "batter": 2,
                "extras": 0,
                "total": 2
              }
            },
            {
              "batter": "Khizar Hayat",
              "bowler": "Abhiraj Singh",
              "non_striker": "Ahmed Faiz",
              "runs": {
                "batter": 1,
                "extras": 0,
                "total": 1
              }
            },
            {
              "batter": "Ahmed Faiz",
              "bowler": "Abhiraj Singh",
              "non_striker": "Khizar Hayat",
              "runs": {
                "batter": 2,
                "extras": 0,
                "total": 2
              }
            },
            {
              "batter": "Ahmed Faiz",
              "bowler": "Abhiraj Singh",
              "non_striker": "Khizar Hayat",
              "runs": {
                "batter": 1,
                "extras": 0,
                "total": 1
              }
            },
            {
              "batter": "Khizar Hayat",
              "bowler": "Abhiraj Singh",
              "extras": {
                "legbyes": 1
              },
              "non_striker": "Ahmed Faiz",
              "runs": {
                "batter": 0,
                "extras": 1,
                "total": 1
              }
            },
            {
              "batter": "Ahmed Faiz",
              "bowler": "Abhiraj Singh",
              "non_striker": "Khizar Hayat",
              "runs": {
                "batter": 6,
                "extras": 0,
                "total": 6
              }
            }
          ]
        },
        {
          "over": 15,
          "deliveries": [
            {
              "batter": "Khizar Hayat",
              "bowler": "Amjad Mahboob",
              "non_striker": "Ahmed Faiz",
              "runs": {
                "batter": 0,
                "extras": 0,
                "total": 0
              }
            },
            {
              "batter": "Khizar Hayat",
              "bowler": "Amjad Mahboob",
              "non_striker": "Ahmed Faiz",
              "runs": {
                "batter": 1,
                "extras": 0,
                "total": 1
              }
            },
            {
              "batter": "Ahmed Faiz",
              "bowler": "Amjad Mahboob",
              "non_striker": "Khizar Hayat",
              "runs": {
                "batter": 1,
                "extras": 0,
                "total": 1
              }
            },
            {
              "batter": "Khizar Hayat",
              "bowler": "Amjad Mahboob",
              "non_striker": "Ahmed Faiz",
              "runs": {
                "batter": 4,
                "extras": 0,
                "total": 4
              }
            },
            {
              "batter": "Khizar Hayat",
              "bowler": "Amjad Mahboob",
              "non_striker": "Ahmed Faiz",
              "runs": {
                "batter": 2,
                "extras": 0,
                "total": 2
              }
            },
            {
              "batter": "Khizar Hayat",
              "bowler": "Amjad Mahboob",
              "extras": {
                "wides": 1
              },
              "non_striker": "Ahmed Faiz",
              "runs": {
                "batter": 0,
                "extras": 1,
                "total": 1
              }
            },
            {
              "batter": "Khizar Hayat",
              "bowler": "Amjad Mahboob",
              "non_striker": "Ahmed Faiz",
              "runs": {
                "batter": 1,
                "extras": 0,
                "total": 1
              }
            }
          ]
        },
        {
          "over": 16,
          "deliveries": [
            {
              "batter": "Khizar Hayat",
              "bowler": "Abhiraj Singh",
              "non_striker": "Ahmed Faiz",
              "runs": {
                "batter": 0,
                "extras": 0,
                "total": 0
              }
            },
            {
              "batter": "Khizar Hayat",
              "bowler": "Abhiraj Singh",
              "non_striker": "Ahmed Faiz",
              "runs": {
                "batter": 2,
                "extras": 0,
                "total": 2
              }
            },
            {
              "batter": "Khizar Hayat",
              "bowler": "Abhiraj Singh",
              "non_striker": "Ahmed Faiz",
              "runs": {
                "batter": 2,
                "extras": 0,
                "total": 2
              }
            },
            {
              "batter": "Khizar Hayat",
              "bowler": "Abhiraj Singh",
              "non_striker": "Ahmed Faiz",
              "runs": {
                "batter": 0,
                "extras": 0,
                "total": 0
              }
            },
            {
              "batter": "Khizar Hayat",
              "bowler": "Abhiraj Singh",
              "non_striker": "Ahmed Faiz",
              "runs": {
                "batter": 1,
                "extras": 0,
                "total": 1
              }
            },
            {
              "batter": "Ahmed Faiz",
              "bowler": "Abhiraj Singh",
              "non_striker": "Khizar Hayat",
              "runs": {
                "batter": 1,
                "extras": 0,
                "total": 1
              }
            }
          ]
        },
        {
          "over": 17,
          "deliveries": [
            {
              "batter": "Ahmed Faiz",
              "bowler": "S Vijayakumar",
              "non_striker": "Khizar Hayat",
              "runs": {
                "batter": 1,
                "extras": 0,
                "total": 1
              }
            },
            {
              "batter": "Khizar Hayat",
              "bowler": "S Vijayakumar",
              "non_striker": "Ahmed Faiz",
              "runs": {
                "batter": 1,
                "extras": 0,
                "total": 1
              }
            },
            {
              "batter": "Ahmed Faiz",
              "bowler": "S Vijayakumar",
              "non_striker": "Khizar Hayat",
              "runs": {
                "batter": 6,
                "extras": 0,
                "total": 6
              }
            },
            {
              "batter": "Ahmed Faiz",
              "bowler": "S Vijayakumar",
              "non_striker": "Khizar Hayat",
              "runs": {
                "batter": 0,
                "extras": 0,
                "total": 0
              }
            },
            {
              "batter": "Ahmed Faiz",
              "bowler": "S Vijayakumar",
              "non_striker": "Khizar Hayat",
              "runs": {
                "batter": 6,
                "extras": 0,
                "total": 6
              }
            },
            {
              "batter": "Ahmed Faiz",
              "bowler": "S Vijayakumar",
              "non_striker": "Khizar Hayat",
              "runs": {
                "batter": 4,
                "extras": 0,
                "total": 4
              }
            }
          ]
        }
      ],
      "powerplays": [
        {
          "from": 0.1,
          "to": 5.7,
          "type": "mandatory"
        }
      ],
      "target": {
        "overs": 20,
        "runs": 141
      }
    }
  ]
}