{
  "meta": {
    "data_version": "1.0.0",
    "created": "2015-02-02",
    "revision": 4
  },
  "info": {
    "balls_per_over": 6,
    "dates": [
      "2015-01-25"
    ],
    "event": {
      "match_number": 2,
      "name": "ACC Twenty20 Cup"
    },
    "gender": "male",
    "match_type": "IT20",
    "officials": {
      "match_referees": [
        "Mansoor Pasha"
      ],
      "reserve_umpires": [
        "Rabiul Hoque"
      ],
      "umpires": [
        "Imran Mustafa",
        "Shabbir Ali"
      ]
    },
    "outcome": {
      "by": {
        "runs": 56
      },
      "winner": "Malaysia"
    },
    "overs": 20,
    "player_of_match": [
      "Ahmed Faiz"
    ],
    "players": {
      "Malaysia": [
        "Suhan Alagaratnam",
        "Shafiq Sharif",
        "Ahmed Faiz",
        "Hammadullah Khan",
        "Virandeep Singh",
        "Hassan Ghulam",
        "Aminuddin Ramly",
        "Shahrulnizam Yusof",
        "Imran ullah Gul",
        "Khizar Hayat",
        "D Duraisingam"
      ],
      "Maldives": [
        "Mohamed Rishwan",
        "Abdullah Shahid",
        "Ahmed Hassan",
        "Shafraz Jaleel",
        "Muawiyath Ghanee",
        "Mihusan Hamid",
        "Afzal Faiz",
        "Mohamed Mahfooz",
        "Mohamed Azzam",
        "Ameel Mauroof",
        "Ibrahim Hassan"
      ]
    },
    "registry": {
      "people": {
        "Abdullah Shahid": "71686118",
        "Afzal Faiz": "4017cb2e",
        "Ameel Mauroof": "1579d497",
        "Ahmed Faiz": "f6b4f746",
        "Ahmed Hassan": "7c885103",
        "Aminuddin Ramly": "8cae5b48",
        "D Duraisingam": "ea9a0642",
        "Hammadullah Khan": "6e0a942c",
        "Hassan Ghulam": "288ea226",
        "Ibrahim Hassan": "4add4c98",
        "Imran Mustafa": "f11bc2ff",
        "Imran ullah Gul": "037bf4eb",
        "Khizar Hayat": "78bbeba1",
        "Mansoor Pasha": "e2d093ff",
        "Mihusan Hamid": "b426ff49",
        "Mohamed Azzam": "e43c9818",
        "Mohamed Mahfooz": "44f5a3e4",
        "Mohamed Rishwan": "7d15170b",
        "Muawiyath Ghanee": "6a37f771",
        "Rabiul Hoque": "8f770e34",
        "Shabbir Ali": "1e84e9a2",
        "Shafiq Sharif": "033ac24e",
        "Shafraz Jaleel": "0f88e2dc",
        "Shahrulnizam Yusof": "2b8718c8",
        "Suhan Alagaratnam": "4cf59936",
        "Virandeep Singh": "415d30b6"
      }
    },
    "season": "2014/15",
    "team_type": "international",
    "teams": [
      "Malaysia",
      "Maldives"
    ],
    "toss": {
      "decision": "bat",
      "winner": "Malaysia"
    },
    "venue": "Al Dhaid Cricket Village"
  },
  "innings": [
    {
      "team": "Malaysia",
      "overs": [
        {
          "over": 0,
          "deliveries": [
            {
              "batter": "Suhan Alagaratnam",
              "bowler": "Ibrahim Hassan",
              "non_striker": "Shafiq Sharif",
              "runs": {
                "batter": 0,
                "extras": 0,
                "total": 0
              }
            },
            {
              "batter": "Suhan Alagaratnam",
              "bowler": "Ibrahim Hassan",
              "non_striker": "Shafiq Sharif",
              "runs": {
                "batter": 0,
                "extras": 0,
                "total": 0
              }
            },
            {
              "batter": "Suhan Alagaratnam",
              "bowler": "Ibrahim Hassan",
              "non_striker": "Shafiq Sharif",
              "runs": {
                "batter": 1,
                "extras": 0,
                "total": 1
              }
            },
            {
              "batter": "Shafiq Sharif",
              "bowler": "Ibrahim Hassan",
              "non_striker": "Suhan Alagaratnam",
              "runs": {
                "batter": 0,
                "extras": 0,
                "total": 0
              }
            },
            {
              "batter": "Shafiq Sharif",
              "bowler": "Ibrahim Hassan",
              "non_striker": "Suhan Alagaratnam",
              "runs": {
                "batter": 2,
                "extras": 0,
                "total": 2
              }
            },
            {
              "batter": "Shafiq Sharif",
              "bowler": "Ibrahim Hassan",
              "non_striker": "Suhan Alagaratnam",
              "runs": {
                "batter": 2,
                "extras": 0,
                "total": 2
              }
            }
          ]
        },
        {
          "over": 1,
          "deliveries": [
            {
              "batter": "Suhan Alagaratnam",
              "bowler": "Ahmed Hassan",
              "non_striker": "Shafiq Sharif",
              "runs": {
                "batter": 4,
                "extras": 0,
                "total": 4
              }
            },
            {
              "batter": "Suhan Alagaratnam",
              "bowler": "Ahmed Hassan",
              "non_striker": "Shafiq Sharif",
              "runs": {
                "batter": 1,
                "extras": 0,
                "total": 1
              }
            },
            {
              "batter": "Shafiq Sharif",
              "bowler": "Ahmed Hassan",
              "non_striker": "Suhan Alagaratnam",
              "runs": {
                "batter": 0,
                "extras": 0,
                "total": 0
              }
            },
            {
              "batter": "Shafiq Sharif",
              "bowler": "Ahmed Hassan",
              "non_striker": "Suhan Alagaratnam",
              "runs": {
                "batter": 1,
                "extras": 0,
                "total": 1
              }
            },
            {
              "batter": "Suhan Alagaratnam",
              "bowler": "Ahmed Hassan",
              "non_striker": "Shafiq Sharif",
              "runs": {
                "batter": 1,
                "extras": 0,
                "total": 1
              }
            },
            {
              "batter": "Shafiq Sharif",
              "bowler": "Ahmed Hassan",
              "non_striker": "Suhan Alagaratnam",
              "runs": {
                "batter": 0,
                "extras": 0,
                "total": 0
              }
            }
          ]
        },
        {
          "over": 2,
          "deliveries": [
            {
              "batter": "Suhan Alagaratnam",
              "bowler": "Ameel Mauroof",
              "non_striker": "Shafiq Sharif",
              "runs": {
                "batter": 0,
                "extras": 0,
                "total": 0
              }
            },
            {
              "batter": "Suhan Alagaratnam",
              "bowler": "Ameel Mauroof",
              "non_striker": "Shafiq Sharif",
              "runs": {
                "batter": 0,
                "extras": 0,
                "total": 0
              }
            },
            {
              "batter": "Suhan Alagaratnam",
              "bowler": "Ameel Mauroof",
              "non_striker": "Shafiq Sharif",
              "runs": {
                "batter": 1,
                "extras": 0,
                "total": 1
              }
            },
            {
              "batter": "Shafiq Sharif",
              "bowler": "Ameel Mauroof",
              "non_striker": "Suhan Alagaratnam",
              "runs": {
                "batter": 4,
                "extras": 0,
                "total": 4
              }
            },
            {
              "batter": "Shafiq Sharif",
              "bowler": "Ameel Mauroof",
              "non_striker": "Suhan Alagaratnam",
              "runs": {
                "batter": 1,
                "extras": 0,
                "total": 1
              }
            },
            {
              "batter": "Suhan Alagaratnam",
              "bowler": "Ameel Mauroof",
              "non_striker": "Shafiq Sharif",
              "runs": {
                "batter": 0,
                "extras": 0,
                "total": 0
              },
              "wickets": [
                {
                  "kind": "caught",
                  "player_out": "Suhan Alagaratnam",
                  "fielders": [
                    {
                      "name": "Muawiyath Ghanee"
                    }
                  ]
                }
              ]
            }
          ]
        },
        {
          "over": 3,
          "deliveries": [
            {
              "batter": "Ahmed Faiz",
              "bowler": "Mihusan Hamid",
              "non_striker": "Shafiq Sharif",
              "runs": {
                "batter": 0,
                "extras": 0,
                "total": 0
              }
            },
            {
              "batter": "Ahmed Faiz",
              "bowler": "Mihusan Hamid",
              "non_striker": "Shafiq Sharif",
              "runs": {
                "batter": 1,
                "extras": 0,
                "total": 1
              }
            },
            {
              "batter": "Shafiq Sharif",
              "bowler": "Mihusan Hamid",
              "non_striker": "Ahmed Faiz",
              "runs": {
                "batter": 1,
                "extras": 0,
                "total": 1
              }
            },
            {
              "batter": "Ahmed Faiz",
              "bowler": "Mihusan Hamid",
              "non_striker": "Shafiq Sharif",
              "runs": {
                "batter": 1,
                "extras": 0,
                "total": 1
              }
            },
            {
              "batter": "Shafiq Sharif",
              "bowler": "Mihusan Hamid",
              "non_striker": "Ahmed Faiz",
              "runs": {
                "batter": 1,
                "extras": 0,
                "total": 1
              }
            },
            {
              "batter": "Ahmed Faiz",
              "bowler": "Mihusan Hamid",
              "non_striker": "Shafiq Sharif",
              "runs": {
                "batter": 1,
                "extras": 0,
                "total": 1
              }
            }
          ]
        },
        {
          "over": 4,
          "deliveries": [
            {
              "batter": "Ahmed Faiz",
              "bowler": "Ameel Mauroof",
              "non_striker": "Shafiq Sharif",
              "runs": {
                "batter": 1,
                "extras": 0,
                "total": 1
              }
            },
            {
              "batter": "Shafiq Sharif",
              "bowler": "Ameel Mauroof",
              "non_striker": "Ahmed Faiz",
              "runs": {
                "batter": 1,
                "extras": 0,
                "total": 1
              }
            },
            {
              "batter": "Ahmed Faiz",
              "bowler": "Ameel Mauroof",
              "non_striker": "Shafiq Sharif",
              "runs": {
                "batter": 1,
                "extras": 0,
                "total": 1
              }
            },
            {
              "batter": "Shafiq Sharif",
              "bowler": "Ameel Mauroof",
              "non_striker": "Ahmed Faiz",
              "runs": {
                "batter": 4,
                "extras": 0,
                "total": 4
              }
            },
            {
              "batter": "Shafiq Sharif",
              "bowler": "Ameel Mauroof",
              "non_striker": "Ahmed Faiz",
              "runs": {
                "batter": 0,
                "extras": 0,
                "total": 0
              }
            },
            {
              "batter": "Shafiq Sharif",
              "bowler": "Ameel Mauroof",
              "non_striker": "Ahmed Faiz",
              "runs": {
                "batter": 1,
                "extras": 0,
                "total": 1
              }
            }
          ]
        },
        {
          "over": 5,
          "deliveries": [
            {
              "batter": "Shafiq Sharif",
              "bowler": "Mihusan Hamid",
              "extras": {
                "legbyes": 1
              },
              "non_striker": "Ahmed Faiz",
              "runs": {
                "batter": 0,
                "extras": 1,
                "total": 1
              }
            },
            {
              "batter": "Ahmed Faiz",
              "bowler": "Mihusan Hamid",
              "non_striker": "Shafiq Sharif",
              "runs": {
                "batter": 0,
                "extras": 0,
                "total": 0
              },
              "wickets": [
                {
                  "kind": "run out",
                  "player_out": "Shafiq Sharif",
                  "fielders": [
                    {
                      "name": "Afzal Faiz"
                    },
                    {
                      "name": "Mihusan Hamid"
                    }
                  ]
                }
              ]
            },
            {
              "batter": "Ahmed Faiz",
              "bowler": "Mihusan Hamid",
              "non_striker": "Hammadullah Khan",
              "runs": {
                "batter": 1,
                "extras": 0,
                "total": 1
              }
            },
            {
              "batter": "Hammadullah Khan",
              "bowler": "Mihusan Hamid",
              "non_striker": "Ahmed Faiz",
              "runs": {
                "batter": 0,
                "extras": 0,
                "total": 0
              }
            },
            {
              "batter": "Hammadullah Khan",
              "bowler": "Mihusan Hamid",
              "non_striker": "Ahmed Faiz",
              "runs": {
                "batter": 1,
                "extras": 0,
                "total": 1
              }
            },
            {
              "batter": "Ahmed Faiz",
              "bowler": "Mihusan Hamid",
              "non_striker": "Hammadullah Khan",
              "runs": {
                "batter": 0,
                "extras": 0,
                "total": 0
              }
            }
          ]
        },
        {
          "over": 6,
          "deliveries": [
            {
              "batter": "Hammadullah Khan",
              "bowler": "Mohamed Mahfooz",
              "non_striker": "Ahmed Faiz",
              "runs": {
                "batter": 1,
                "extras": 0,
                "total": 1
              }
            },
            {
              "batter": "Ahmed Faiz",
              "bowler": "Mohamed Mahfooz",
              "non_striker": "Hammadullah Khan",
              "runs": {
                "batter": 0,
                "extras": 0,
                "total": 0
              }
            },
            {
              "batter": "Ahmed Faiz",
              "bowler": "Mohamed Mahfooz",
              "non_striker": "Hammadullah Khan",
              "runs": {
                "batter": 1,
                "extras": 0,
                "total": 1
              }
            },
            {
              "batter": "Hammadullah Khan",
              "bowler": "Mohamed Mahfooz",
              "non_striker": "Ahmed Faiz",
              "runs": {
                "batter": 1,
                "extras": 0,
                "total": 1
              }
            },
            {
              "batter": "Ahmed Faiz",
              "bowler": "Mohamed Mahfooz",
              "non_striker": "Hammadullah Khan",
              "runs": {
                "batter": 1,
                "extras": 0,
                "total": 1
              }
            },
            {
              "batter": "Hammadullah Khan",
              "bowler": "Mohamed Mahfooz",
              "non_striker": "Ahmed Faiz",
              "runs": {
                "batter": 0,
                "extras": 0,
                "total": 0
              }
            }
          ]
        },
        {
          "over": 7,
          "deliveries": [
            {
              "batter": "Ahmed Faiz",
              "bowler": "Ahmed Hassan",
              "non_striker": "Hammadullah Khan",
              "runs": {
                "batter": 0,
                "extras": 0,
                "total": 0
              }
            },
            {
              "batter": "Ahmed Faiz",
              "bowler": "Ahmed Hassan",
              "non_striker": "Hammadullah Khan",
              "runs": {
                "batter": 1,
                "extras": 0,
                "total": 1
              }
            },
            {
              "batter": "Hammadullah Khan",
              "bowler": "Ahmed Hassan",
              "non_striker": "Ahmed Faiz",
              "runs": {
                "batter": 0,
                "extras": 0,
                "total": 0
              }
            },
            {
              "batter": "Hammadullah Khan",
              "bowler": "Ahmed Hassan",
              "non_striker": "Ahmed Faiz",
              "runs": {
                "batter": 0,
                "extras": 0,
                "total": 0
              }
            },
            {
              "batter": "Hammadullah Khan",
              "bowler": "Ahmed Hassan",
              "non_striker": "Ahmed Faiz",
              "runs": {
                "batter": 1,
                "extras": 0,
                "total": 1
              }
            },
            {
              "batter": "Ahmed Faiz",
              "bowler": "Ahmed Hassan",
              "non_striker": "Hammadullah Khan",
              "runs": {
                "batter": 0,
                "extras": 0,
                "total": 0
              }
            }
          ]
        },
        {
          "over": 8,
          "deliveries": [
            {
              "batter": "Hammadullah Khan",
              "bowler": "Ameel Mauroof",
              "non_striker": "Ahmed Faiz",
              "runs": {
                "batter": 1,
                "extras": 0,
                "total": 1
              }
            },
            {
              "batter": "Ahmed Faiz",
              "bowler": "Ameel Mauroof",
              "extras": {
                "wides": 1
              },
              "non_striker": "Hammadullah Khan",
              "runs": {
                "batter": 0,
                "extras": 1,
                "total": 1
              }
            },
            {
              "batter": "Ahmed Faiz",
              "bowler": "Ameel Mauroof",
              "non_striker": "Hammadullah Khan",
              "runs": {
                "batter": 4,
                "extras": 0,
                "total": 4
              }
            },
            {
              "batter": "Ahmed Faiz",
              "bowler": "Ameel Mauroof",
              "non_striker": "Hammadullah Khan",
              "runs": {
                "batter": 1,
                "extras": 0,
                "total": 1
              }
            },
            {
              "batter": "Hammadullah Khan",
              "bowler": "Ameel Mauroof",
              "non_striker": "Ahmed Faiz",
              "runs": {
                "batter": 1,
                "extras": 0,
                "total": 1
              }
            },
            {
              "batter": "Ahmed Faiz",
              "bowler": "Ameel Mauroof",
              "non_striker": "Hammadullah Khan",
              "runs": {
                "batter": 0,
                "extras": 0,
                "total": 0
              }
            },
            {
              "batter": "Ahmed Faiz",
              "bowler": "Ameel Mauroof",
              "non_striker": "Hammadullah Khan",
              "runs": {
                "batter": 0,
                "extras": 0,
                "total": 0
              }
            }
          ]
        },
        {
          "over": 9,
          "deliveries": [
            {
              "batter": "Hammadullah Khan",
              "bowler": "Mihusan Hamid",
              "non_striker": "Ahmed Faiz",
              "runs": {
                "batter": 0,
                "extras": 0,
                "total": 0
              }
            },
            {
              "batter": "Hammadullah Khan",
              "bowler": "Mihusan Hamid",
              "non_striker": "Ahmed Faiz",
              "runs": {
                "batter": 1,
                "extras": 0,
                "total": 1
              }
            },
            {
              "batter": "Ahmed Faiz",
              "bowler": "Mihusan Hamid",
              "non_striker": "Hammadullah Khan",
              "runs": {
                "batter": 1,
                "extras": 0,
                "total": 1
              }
            },
            {
              "batter": "Hammadullah Khan",
              "bowler": "Mihusan Hamid",
              "non_striker": "Ahmed Faiz",
              "runs": {
                "batter": 1,
                "extras": 0,
                "total": 1
              }
            },
            {
              "batter": "Ahmed Faiz",
              "bowler": "Mihusan Hamid",
              "non_striker": "Hammadullah Khan",
              "runs": {
                "batter": 1,
                "extras": 0,
                "total": 1
              }
            },
            {
              "batter": "Hammadullah Khan",
              "bowler": "Mihusan Hamid",
              "non_striker": "Ahmed Faiz",
              "runs": {
                "batter": 0,
                "extras": 0,
                "total": 0
              },
              "wickets": [
                {
                  "kind": "lbw",
                  "player_out": "Hammadullah Khan"
                }
              ]
            }
          ]
        },
        {
          "over": 10,
          "deliveries": [
            {
              "batter": "Ahmed Faiz",
              "bowler": "Ibrahim Hassan",
              "non_striker": "Virandeep Singh",
              "runs": {
                "batter": 1,
                "extras": 0,
                "total": 1
              }
            },
            {
              "batter": "Virandeep Singh",
              "bowler": "Ibrahim Hassan",
              "non_striker": "Ahmed Faiz",
              "runs": {
                "batter": 0,
                "extras": 0,
                "total": 0
              }
            },
            {
              "batter": "Virandeep Singh",
              "bowler": "Ibrahim Hassan",
              "non_striker": "Ahmed Faiz",
              "runs": {
                "batter": 2,
                "extras": 0,
                "total": 2
              }
            },
            {
              "batter": "Virandeep Singh",
              "bowler": "Ibrahim Hassan",
              "non_striker": "Ahmed Faiz",
              "runs": {
                "batter": 1,
                "extras": 0,
                "total": 1
              }
            },
            {
              "batter": "Ahmed Faiz",
              "bowler": "Ibrahim Hassan",
              "non_striker": "Virandeep Singh",
              "runs": {
                "batter": 0,
                "extras": 0,
                "total": 0
              }
            },
            {
              "batter": "Ahmed Faiz",
              "bowler": "Ibrahim Hassan",
              "non_striker": "Virandeep Singh",
              "runs": {
                "batter": 1,
                "extras": 0,
                "total": 1
              }
            }
          ]
        },
        {
          "over": 11,
          "deliveries": [
            {
              "batter": "Ahmed Faiz",
              "bowler": "Ahmed Hassan",
              "non_striker": "Virandeep Singh",
              "runs": {
                "batter": 2,
                "extras": 0,
                "total": 2
              }
            },
            {
              "batter": "Ahmed Faiz",
              "bowler": "Ahmed Hassan",
              "non_striker": "Virandeep Singh",
              "runs": {
                "batter": 1,
                "extras": 0,
                "total": 1
              }
            },
            {
              "batter": "Virandeep Singh",
              "bowler": "Ahmed Hassan",
              "non_striker": "Ahmed Faiz",
              "runs": {
                "batter": 0,
                "extras": 0,
                "total": 0
              }
            },
            {
              "batter": "Virandeep Singh",
              "bowler": "Ahmed Hassan",
              "non_striker": "Ahmed Faiz",
              "runs": {
                "batter": 1,
                "extras": 0,
                "total": 1
              }
            },
            {
              "batter": "Ahmed Faiz",
              "bowler": "Ahmed Hassan",
              "non_striker": "Virandeep Singh",
              "runs": {
                "batter": 4,
                "extras": 0,
                "total": 4
              }
            },
            {
              "batter": "Ahmed Faiz",
              "bowler": "Ahmed Hassan",
              "non_striker": "Virandeep Singh",
              "runs": {
                "batter": 4,
                "extras": 0,
                "total": 4
              }
            }
          ]
        },
        {
          "over": 12,
          "deliveries": [
            {
              "batter": "Virandeep Singh",
              "bowler": "Mohamed Mahfooz",
              "non_striker": "Ahmed Faiz",
              "runs": {
                "batter": 4,
                "extras": 0,
                "total": 4
              }
            },
            {
              "batter": "Virandeep Singh",
              "bowler": "Mohamed Mahfooz",
              "non_striker": "Ahmed Faiz",
              "runs": {
                "batter": 0,
                "extras": 0,
                "total": 0
              }
            },
            {
              "batter": "Virandeep Singh",
              "bowler": "Mohamed Mahfooz",
              "non_striker": "Ahmed Faiz",
              "runs": {
                "batter": 1,
                "extras": 0,
                "total": 1
              }
            },
            {
              "batter": "Ahmed Faiz",
              "bowler": "Mohamed Mahfooz",
              "non_striker": "Virandeep Singh",
              "runs": {
                "batter": 6,
                "extras": 0,
                "total": 6
              }
            },
            {
              "batter": "Ahmed Faiz",
              "bowler": "Mohamed Mahfooz",
              "non_striker": "Virandeep Singh",
              "runs": {
                "batter": 1,
                "extras": 0,
                "total": 1
              }
            },
            {
              "batter": "Virandeep Singh",
              "bowler": "Mohamed Mahfooz",
              "non_striker": "Ahmed Faiz",
              "runs": {
                "batter": 1,
                "extras": 0,
                "total": 1
              }
            }
          ]
        },
        {
          "over": 13,
          "deliveries": [
            {
              "batter": "Virandeep Singh",
              "bowler": "Afzal Faiz",
              "non_striker": "Ahmed Faiz",
              "runs": {
                "batter": 2,
                "extras": 0,
                "total": 2
              }
            },
            {
              "batter": "Virandeep Singh",
              "bowler": "Afzal Faiz",
              "non_striker": "Ahmed Faiz",
              "runs": {
                "batter": 1,
                "extras": 0,
                "total": 1
              }
            },
            {
              "batter": "Ahmed Faiz",
              "bowler": "Afzal Faiz",
              "non_striker": "Virandeep Singh",
              "runs": {
                "batter": 0,
                "extras": 0,
                "total": 0
              }
            },
            {
              "batter": "Ahmed Faiz",
              "bowler": "Afzal Faiz",
              "non_striker": "Virandeep Singh",
              "runs": {
                "batter": 1,
                "extras": 0,
                "total": 1
              }
            },
            {
              "batter": "Virandeep Singh",
              "bowler": "Afzal Faiz",
              "non_striker": "Ahmed Faiz",
              "runs": {
                "batter": 4,
                "extras": 0,
                "total": 4
              }
            },
            {
              "batter": "Virandeep Singh",
              "bowler": "Afzal Faiz",
              "non_striker": "Ahmed Faiz",
              "runs": {
                "batter": 2,
                "extras": 0,
                "total": 2
              }
            }
          ]
        },
        {
          "over": 14,
          "deliveries": [
            {
              "batter": "Ahmed Faiz",
              "bowler": "Mihusan Hamid",
              "non_striker": "Virandeep Singh",
              "runs": {
                "batter": 1,
                "extras": 0,
                "total": 1
              }
            },
            {
              "batter": "Virandeep Singh",
              "bowler": "Mihusan Hamid",
              "non_striker": "Ahmed Faiz",
              "runs": {
                "batter": 1,
                "extras": 0,
                "total": 1
              }
            },
            {
              "batter": "Ahmed Faiz",
              "bowler": "Mihusan Hamid",
              "non_striker": "Virandeep Singh",
              "runs": {
                "batter": 2,
                "extras": 0,
                "total": 2
              }
            },
            {
              "batter": "Ahmed Faiz",
              "bowler": "Mihusan Hamid",
              "non_striker": "Virandeep Singh",
              "runs": {
                "batter": 2,
                "extras": 0,
                "total": 2
              }
            },
            {
              "batter": "Ahmed Faiz",
              "bowler": "Mihusan Hamid",
              "non_striker": "Virandeep Singh",
              "runs": {
                "batter": 1,
                "extras": 0,
                "total": 1
              }
            },
            {
              "batter": "Virandeep Singh",
              "bowler": "Mihusan Hamid",
              "non_striker": "Ahmed Faiz",
              "runs": {
                "batter": 2,
                "extras": 0,
                "total": 2
              }
            }
          ]
        },
        {
          "over": 15,
          "deliveries": [
            {
              "batter": "Ahmed Faiz",
              "bowler": "Mohamed Mahfooz",
              "non_striker": "Virandeep Singh",
              "runs": {
                "batter": 0,
                "extras": 0,
                "total": 0
              }
            },
            {
              "batter": "Ahmed Faiz",
              "bowler": "Mohamed Mahfooz",
              "non_striker": "Virandeep Singh",
              "runs": {
                "batter": 2,
                "extras": 0,
                "total": 2
              }
            },
            {
              "batter": "Ahmed Faiz",
              "bowler": "Mohamed Mahfooz",
              "non_striker": "Virandeep Singh",
              "runs": {
                "batter": 6,
                "extras": 0,
                "total": 6
              }
            },
            {
              "batter": "Ahmed Faiz",
              "bowler": "Mohamed Mahfooz",
              "non_striker": "Virandeep Singh",
              "runs": {
                "batter": 2,
                "extras": 0,
                "total": 2
              }
            },
            {
              "batter": "Ahmed Faiz",
              "bowler": "Mohamed Mahfooz",
              "non_striker": "Virandeep Singh",
              "runs": {
                "batter": 0,
                "extras": 0,
                "total": 0
              }
            },
            {
              "batter": "Ahmed Faiz",
              "bowler": "Mohamed Mahfooz",
              "non_striker": "Virandeep Singh",
              "runs": {
                "batter": 6,
                "extras": 0,
                "total": 6
              }
            }
          ]
        },
        {
          "over": 16,
          "deliveries": [
            {
              "batter": "Virandeep Singh",
              "bowler": "Ibrahim Hassan",
              "non_striker": "Ahmed Faiz",
              "runs": {
                "batter": 1,
                "extras": 0,
                "total": 1
              }
            },
            {
              "batter": "Ahmed Faiz",
              "bowler": "Ibrahim Hassan",
              "non_striker": "Virandeep Singh",
              "runs": {
                "batter": 2,
                "extras": 0,
                "total": 2
              }
            },
            {
              "batter": "Ahmed Faiz",
              "bowler": "Ibrahim Hassan",
              "non_striker": "Virandeep Singh",
              "runs": {
                "batter": 1,
                "extras": 0,
                "total": 1
              }
            },
            {
              "batter": "Virandeep Singh",
              "bowler": "Ibrahim Hassan",
              "non_striker": "Ahmed Faiz",
              "runs": {
                "batter": 0,
                "extras": 0,
                "total": 0
              },
              "wickets": [
                {
                  "kind": "bowled",
                  "player_out": "Virandeep Singh"
                }
              ]
            },
            {
              "batter": "Hassan Ghulam",
              "bowler": "Ibrahim Hassan",
              "non_striker": "Ahmed Faiz",
              "runs": {
                "batter": 1,
                "extras": 0,
                "total": 1
              }
            },
            {
              "batter": "Ahmed Faiz",
              "bowler": "Ibrahim Hassan",
              "non_striker": "Hassan Ghulam",
              "runs": {
                "batter": 2,
                "extras": 0,
                "total": 2
              }
            }
          ]
        },
        {
          "over": 17,
          "deliveries": [
            {
              "batter": "Hassan Ghulam",
              "bowler": "Afzal Faiz",
              "non_striker": "Ahmed Faiz",
              "runs": {
                "batter": 0,
                "extras": 0,
                "total": 0
              }
            },
            {
              "batter": "Hassan Ghulam",
              "bowler": "Afzal Faiz",
              "non_striker": "Ahmed Faiz",
              "runs": {
                "batter": 4,
                "extras": 0,
                "total": 4
              }
            },
            {
              "batter": "Hassan Ghulam",
              "bowler": "Afzal Faiz",
              "non_striker": "Ahmed Faiz",
              "runs": {
                "batter": 1,
                "extras": 0,
                "total": 1
              }
            },
            {
              "batter": "Ahmed Faiz",
              "bowler": "Afzal Faiz",
              "non_striker": "Hassan Ghulam",
              "runs": {
                "batter": 6,
                "extras": 0,
                "total": 6
              }
            },
            {
              "batter": "Ahmed Faiz",
              "bowler": "Afzal Faiz",
              "non_striker": "Hassan Ghulam",
              "runs": {
                "batter": 0,
                "extras": 0,
                "total": 0
              }
            },
            {
              "batter": "Ahmed Faiz",
              "bowler": "Afzal Faiz",
              "non_striker": "Hassan Ghulam",
              "runs": {
                "batter": 6,
                "extras": 0,
                "total": 6
              }
            }
          ]
        },
        {
          "over": 18,
          "deliveries": [
            {
              "batter": "Hassan Ghulam",
              "bowler": "Mohamed Mahfooz",
              "non_striker": "Ahmed Faiz",
              "runs": {
                "batter": 4,
                "extras": 0,
                "total": 4
              }
            },
            {
              "batter": "Hassan Ghulam",
              "bowler": "Mohamed Mahfooz",
              "non_striker": "Ahmed Faiz",
              "runs": {
                "batter": 2,
                "extras": 0,
                "total": 2
              }
            },
            {
              "batter": "Hassan Ghulam",
              "bowler": "Mohamed Mahfooz",
              "non_striker": "Ahmed Faiz",
              "runs": {
                "batter": 1,
                "extras": 0,
                "total": 1
              }
            },
            {
              "batter": "Ahmed Faiz",
              "bowler": "Mohamed Mahfooz",
              "non_striker": "Hassan Ghulam",
              "runs": {
                "batter": 1,
                "extras": 0,
                "total": 1
              }
            },
            {
              "batter": "Hassan Ghulam",
              "bowler": "Mohamed Mahfooz",
              "non_striker": "Ahmed Faiz",
              "runs": {
                "batter": 0,
                "extras": 0,
                "total": 0
              }
            },
            {
              "batter": "Hassan Ghulam",
              "bowler": "Mohamed Mahfooz",
              "non_striker": "Ahmed Faiz",
              "runs": {
                "batter": 2,
                "extras": 0,
                "total": 2
              }
            }
          ]
        },
        {
          "over": 19,
          "deliveries": [
            {
              "batter": "Ahmed Faiz",
              "bowler": "Ibrahim Hassan",
              "extras": {
                "wides": 1
              },
              "non_striker": "Hassan Ghulam",
              "runs": {
                "batter": 0,
                "extras": 1,
                "total": 1
              }
            },
            {
              "batter": "Ahmed Faiz",
              "bowler": "Ibrahim Hassan",
              "non_striker": "Hassan Ghulam",
              "runs": {
                "batter": 2,
                "extras": 0,
                "total": 2
              }
            },
            {
              "batter": "Ahmed Faiz",
              "bowler": "Ibrahim Hassan",
              "non_striker": "Hassan Ghulam",
              "runs": {
                "batter": 0,
                "extras": 0,
                "total": 0
              }
            },
            {
              "batter": "Ahmed Faiz",
              "bowler": "Ibrahim Hassan",
              "non_striker": "Hassan Ghulam",
              "runs": {
                "batter": 0,
                "extras": 0,
                "total": 0
              }
            },
            {
              "batter": "Ahmed Faiz",
              "bowler": "Ibrahim Hassan",
              "extras": {
                "wides": 1
              },
              "non_striker": "Hassan Ghulam",
              "runs": {
                "batter": 0,
                "extras": 1,
                "total": 1
              }
            },
            {
              "batter": "Ahmed Faiz",
              "bowler": "Ibrahim Hassan",
              "non_striker": "Hassan Ghulam",
              "runs": {
                "batter": 1,
                "extras": 0,
                "total": 1
              }
            },
            {
              "batter": "Hassan Ghulam",
              "bowler": "Ibrahim Hassan",
              "non_striker": "Ahmed Faiz",
              "runs": {
                "batter": 0,
                "extras": 0,
                "total": 0
              },
              "wickets": [
                {
                  "kind": "caught",
                  "player_out": "Hassan Ghulam",
                  "fielders": [
                    {
                      "name": "Mihusan Hamid"
                    }
                  ]
                }
              ]
            },
            {
              "batter": "Ahmed Faiz",
              "bowler": "Ibrahim Hassan",
              "non_striker": "Aminuddin Ramly",
              "runs": {
                "batter": 0,
                "extras": 0,
                "total": 0
              },
              "wickets": [
                {
                  "kind": "caught",
                  "player_out": "Ahmed Faiz",
                  "fielders": [
                    {
                      "name": "Afzal Faiz"
                    }
                  ]
                }
              ]
            }
          ]
        }
      ],
      "powerplays": [
        {
          "from": 0.1,
          "to": 5.6,
          "type": "mandatory"
        }
      ]
    },
    {
      "team": "Maldives",
      "overs": [
        {
          "over": 0,
          "deliveries": [
            {
              "batter": "Mohamed Rishwan",
              "bowler": "Imran ullah Gul",
              "non_striker": "Abdullah Shahid",
              "runs": {
                "batter": 4,
                "extras": 0,
                "total": 4
              }
            },
            {
              "batter": "Mohamed Rishwan",
              "bowler": "Imran ullah Gul",
              "non_striker": "Abdullah Shahid",
              "runs": {
                "batter": 1,
                "extras": 0,
                "total": 1
              }
            },
            {
              "batter": "Abdullah Shahid",
              "bowler": "Imran ullah Gul",
              "non_striker": "Mohamed Rishwan",
              "runs": {
                "batter": 3,
                "extras": 0,
                "total": 3
              }
            },
            {
              "batter": "Mohamed Rishwan",
              "bowler": "Imran ullah Gul",
              "non_striker": "Abdullah Shahid",
              "runs": {
                "batter": 0,
                "extras": 0,
                "total": 0
              }
            },
            {
              "batter": "Mohamed Rishwan",
              "bowler": "Imran ullah Gul",
              "extras": {
                "wides": 1
              },
              "non_striker": "Abdullah Shahid",
              "runs": {
                "batter": 0,
                "extras": 1,
                "total": 1
              }
            },
            {
              "batter": "Mohamed Rishwan",
              "bowler": "Imran ullah Gul",
              "non_striker": "Abdullah Shahid",
              "runs": {
                "batter": 1,
                "extras": 0,
                "total": 1
              }
            },
            {
              "batter": "Abdullah Shahid",
              "bowler": "Imran ullah Gul",
              "non_striker": "Mohamed Rishwan",
              "runs": {
                "batter": 1,
                "extras": 0,
                "total": 1
              }
            }
          ]
        },
        {
          "over": 1,
          "deliveries": [
            {
              "batter": "Abdullah Shahid",
              "bowler": "Hassan Ghulam",
              "non_striker": "Mohamed Rishwan",
              "runs": {
                "batter": 0,
                "extras": 0,
                "total": 0
              }
            },
            {
              "batter": "Abdullah Shahid",
              "bowler": "Hassan Ghulam",
              "extras": {
                "wides": 1
              },
              "non_striker": "Mohamed Rishwan",
              "runs": {
                "batter": 0,
                "extras": 1,
                "total": 1
              }
            },
            {
              "batter": "Abdullah Shahid",
              "bowler": "Hassan Ghulam",
              "non_striker": "Mohamed Rishwan",
              "runs": {
                "batter": 1,
                "extras": 0,
                "total": 1
              }
            },
            {
              "batter": "Mohamed Rishwan",
              "bowler": "Hassan Ghulam",
              "non_striker": "Abdullah Shahid",
              "runs": {
                "batter": 0,
                "extras": 0,
                "total": 0
              }
            },
            {
              "batter": "Mohamed Rishwan",
              "bowler": "Hassan Ghulam",
              "extras": {
                "wides": 1
              },
              "non_striker": "Abdullah Shahid",
              "runs": {
                "batter": 0,
                "extras": 1,
                "total": 1
              }
            },
            {
              "batter": "Mohamed Rishwan",
              "bowler": "Hassan Ghulam",
              "non_striker": "Abdullah Shahid",
              "runs": {
                "batter": 1,
                "extras": 0,
                "total": 1
              }
            },
            {
              "batter": "Abdullah Shahid",
              "bowler": "Hassan Ghulam",
              "non_striker": "Mohamed Rishwan",
              "runs": {
                "batter": 0,
                "extras": 0,
                "total": 0
              }
            },
            {
              "batter": "Abdullah Shahid",
              "bowler": "Hassan Ghulam",
              "non_striker": "Mohamed Rishwan",
              "runs": {
                "batter": 1,
                "extras": 0,
                "total": 1
              }
            }
          ]
        },
        {
          "over": 2,
          "deliveries": [
            {
              "batter": "Abdullah Shahid",
              "bowler": "Imran ullah Gul",
              "non_striker": "Mohamed Rishwan",
              "runs": {
                "batter": 2,
                "extras": 0,
                "total": 2
              }
            },
            {
              "batter": "Abdullah Shahid",
              "bowler": "Imran ullah Gul",
              "non_striker": "Mohamed Rishwan",
              "runs": {
                "batter": 1,
                "extras": 0,
                "total": 1
              }
            },
            {
              "batter": "Mohamed Rishwan",
              "bowler": "Imran ullah Gul",
              "non_striker": "Abdullah Shahid",
              "runs": {
                "batter": 0,
                "extras": 0,
                "total": 0
              }
            },
            {
              "batter": "Mohamed Rishwan",
              "bowler": "Imran ullah Gul",
              "non_striker": "Abdullah Shahid",
              "runs": {
                "batter": 1,
                "extras": 0,
                "total": 1
              }
            },
            {
              "batter": "Abdullah Shahid",
              "bowler": "Imran ullah Gul",
              "non_striker": "Mohamed Rishwan",
              "runs": {
                "batter": 4,
                "extras": 0,
                "total": 4
              }
            },
            {
              "batter": "Abdullah Shahid",
              "bowler": "Imran ullah Gul",
              "non_striker": "Mohamed Rishwan",
              "runs": {
                "batter": 0,
                "extras": 0,
                "total": 0
              }
            }
          ]
        },
        {
          "over": 3,
          "deliveries": [
            {
              "batter": "Mohamed Rishwan",
              "bowler": "Khizar Hayat",
              "non_striker": "Abdullah Shahid",
              "runs": {
                "batter": 4,
                "extras": 0,
                "total": 4
              }
            },
            {
              "batter": "Mohamed Rishwan",
              "bowler": "Khizar Hayat",
              "non_striker": "Abdullah Shahid",
              "runs": {
                "batter": 1,
                "extras": 0,
                "total": 1
              }
            },
            {
              "batter": "Abdullah Shahid",
              "bowler": "Khizar Hayat",
              "non_striker": "Mohamed Rishwan",
              "runs": {
                "batter": 1,
                "extras": 0,
                "total": 1
              }
            },
            {
              "batter": "Mohamed Rishwan",
              "bowler": "Khizar Hayat",
              "non_striker": "Abdullah Shahid",
              "runs": {
                "batter": 0,
                "extras": 0,
                "total": 0
              }
            },
            {
              "batter": "Mohamed Rishwan",
              "bowler": "Khizar Hayat",
              "non_striker": "Abdullah Shahid",
              "runs": {
                "batter": 0,
                "extras": 0,
                "total": 0
              }
            },
            {
              "batter": "Mohamed Rishwan",
              "bowler": "Khizar Hayat",
              "non_striker": "Abdullah Shahid",
              "runs": {
                "batter": 1,
                "extras": 0,
                "total": 1
              }
            }
          ]
        },
        {
          "over": 4,
          "deliveries": [
            {
              "batter": "Mohamed Rishwan",
              "bowler": "Imran ullah Gul",
              "non_striker": "Abdullah Shahid",
              "runs": {
                "batter": 6,
                "extras": 0,
                "total": 6
              }
            },
            {
              "batter": "Mohamed Rishwan",
              "bowler": "Imran ullah Gul",
              "non_striker": "Abdullah Shahid",
              "runs": {
                "batter": 1,
                "extras": 0,
                "total": 1
              }
            },
            {
              "batter": "Abdullah Shahid",
              "bowler": "Imran ullah Gul",
              "non_striker": "Mohamed Rishwan",
              "runs": {
                "batter": 0,
                "extras": 0,
                "total": 0
              }
            },
            {
              "batter": "Abdullah Shahid",
              "bowler": "Imran ullah Gul",
              "non_striker": "Mohamed Rishwan",
              "runs": {
                "batter": 0,
                "extras": 0,
                "total": 0
              },
              "wickets": [
                {
                  "kind": "caught",
                  "player_out": "Abdullah Shahid",
                  "fielders": [
                    {
                      "name": "Virandeep Singh"
                    }
                  ]
                }
              ]
            },
            {
              "batter": "Ahmed Hassan",
              "bowler": "Imran ullah Gul",
              "non_striker": "Mohamed Rishwan",
              "runs": {
                "batter": 1,
                "extras": 0,
                "total": 1
              }
            },
            {
              "batter": "Mohamed Rishwan",
              "bowler": "Imran ullah Gul",
              "non_striker": "Ahmed Hassan",
              "runs": {
                "batter": 0,
                "extras": 0,
                "total": 0
              }
            }
          ]
        },
        {
          "over": 5,
          "deliveries": [
            {
              "batter": "Ahmed Hassan",
              "bowler": "Khizar Hayat",
              "non_striker": "Mohamed Rishwan",
              "runs": {
                "batter": 0,
                "extras": 0,
                "total": 0
              }
            },
            {
              "batter": "Ahmed Hassan",
              "bowler": "Khizar Hayat",
              "non_striker": "Mohamed Rishwan",
              "runs": {
                "batter": 1,
                "extras": 0,
                "total": 1
              }
            },
            {
              "batter": "Mohamed Rishwan",
              "bowler": "Khizar Hayat",
              "non_striker": "Ahmed Hassan",
              "runs": {
                "batter": 1,
                "extras": 0,
                "total": 1
              }
            },
            {
              "batter": "Ahmed Hassan",
              "bowler": "Khizar Hayat",
              "non_striker": "Mohamed Rishwan",
              "runs": {
                "batter": 2,
                "extras": 0,
                "total": 2
              }
            },
            {
              "batter": "Ahmed Hassan",
              "bowler": "Khizar Hayat",
              "non_striker": "Mohamed Rishwan",
              "runs": {
                "batter": 0,
                "extras": 0,
                "total": 0
              }
            },
            {
              "batter": "Ahmed Hassan",
              "bowler": "Khizar Hayat",
              "non_striker": "Mohamed Rishwan",
              "runs": {
                "batter": 1,
                "extras": 0,
                "total": 1
              }
            }
          ]
        },
        {
          "over": 6,
          "deliveries": [
            {
              "batter": "Ahmed Hassan",
              "bowler": "Virandeep Singh",
              "non_striker": "Mohamed Rishwan",
              "runs": {
                "batter": 1,
                "extras": 0,
                "total": 1
              }
            },
            {
              "batter": "Mohamed Rishwan",
              "bowler": "Virandeep Singh",
              "non_striker": "Ahmed Hassan",
              "runs": {
                "batter": 0,
                "extras": 0,
                "total": 0
              }
            },
            {
              "batter": "Mohamed Rishwan",
              "bowler": "Virandeep Singh",
              "non_striker": "Ahmed Hassan",
              "runs": {
                "batter": 0,
                "extras": 0,
                "total": 0
              }
            },
            {
              "batter": "Mohamed Rishwan",
              "bowler": "Virandeep Singh",
              "non_striker": "Ahmed Hassan",
              "runs": {
                "batter": 2,
                "extras": 0,
                "total": 2
              }
            },
            {
              "batter": "Mohamed Rishwan",
              "bowler": "Virandeep Singh",
              "non_striker": "Ahmed Hassan",
              "runs": {
                "batter": 1,
                "extras": 0,
                "total": 1
              }
            },
            {
              "batter": "Ahmed Hassan",
              "bowler": "Virandeep Singh",
              "non_striker": "Mohamed Rishwan",
              "runs": {
                "batter": 0,
                "extras": 0,
                "total": 0
              }
            }
          ]
        },
        {
          "over": 7,
          "deliveries": [
            {
              "batter": "Mohamed Rishwan",
              "bowler": "Shahrulnizam Yusof",
              "non_striker": "Ahmed Hassan",
              "runs": {
                "batter": 6,
                "extras": 0,
                "total": 6
              }
            },
            {
              "batter": "Mohamed Rishwan",
              "bowler": "Shahrulnizam Yusof",
              "non_striker": "Ahmed Hassan",
              "runs": {
                "batter": 0,
                "extras": 0,
                "total": 0
              }
            },
            {
              "batter": "Mohamed Rishwan",
              "bowler": "Shahrulnizam Yusof",
              "non_striker": "Ahmed Hassan",
              "runs": {
                "batter": 1,
                "extras": 0,
                "total": 1
              }
            },
            {
              "batter": "Ahmed Hassan",
              "bowler": "Shahrulnizam Yusof",
              "non_striker": "Mohamed Rishwan",
              "runs": {
                "batter": 1,
                "extras": 0,
                "total": 1
              }
            },
            {
              "batter": "Mohamed Rishwan",
              "bowler": "Shahrulnizam Yusof",
              "non_striker": "Ahmed Hassan",
              "runs": {
                "batter": 2,
                "extras": 0,
                "total": 2
              }
            },
            {
              "batter": "Mohamed Rishwan",
              "bowler": "Shahrulnizam Yusof",
              "non_striker": "Ahmed Hassan",
              "runs": {
                "batter": 0,
                "extras": 0,
                "total": 0
              }
            }
          ]
        },
        {
          "over": 8,
          "deliveries": [
            {
              "batter": "Ahmed Hassan",
              "bowler": "Virandeep Singh",
              "non_striker": "Mohamed Rishwan",
              "runs": {
                "batter": 0,
                "extras": 0,
                "total": 0
              },
              "wickets": [
                {
                  "kind": "bowled",
                  "player_out": "Ahmed Hassan"
                }
              ]
            },
            {
              "batter": "Shafraz Jaleel",
              "bowler": "Virandeep Singh",
              "non_striker": "Mohamed Rishwan",
              "runs": {
                "batter": 0,
                "extras": 0,
                "total": 0
              },
              "wickets": [
                {
                  "kind": "lbw",
                  "player_out": "Shafraz Jaleel"
                }
              ]
            },
            {
              "batter": "Muawiyath Ghanee",
              "bowler": "Virandeep Singh",
              "non_striker": "Mohamed Rishwan",
              "runs": {
                "batter": 0,
                "extras": 0,
                "total": 0
              }
            },
            {
              "batter": "Muawiyath Ghanee",
              "bowler": "Virandeep Singh",
              "non_striker": "Mohamed Rishwan",
              "runs": {
                "batter": 1,
                "extras": 0,
                "total": 1
              }
            },
            {
              "batter": "Mohamed Rishwan",
              "bowler": "Virandeep Singh",
              "non_striker": "Muawiyath Ghanee",
              "runs": {
                "batter": 0,
                "extras": 0,
                "total": 0
              }
            },
            {
              "batter": "Mohamed Rishwan",
              "bowler": "Virandeep Singh",
              "non_striker": "Muawiyath Ghanee",
              "runs": {
                "batter": 1,
                "extras": 0,
                "total": 1
              }
            }
          ]
        },
        {
          "over": 9,
          "deliveries": [
            {
              "batter": "Mohamed Rishwan",
              "bowler": "Shahrulnizam Yusof",
              "non_striker": "Muawiyath Ghanee",
              "runs": {
                "batter": 1,
                "extras": 0,
                "total": 1
              }
            },
            {
              "batter": "Muawiyath Ghanee",
              "bowler": "Shahrulnizam Yusof",
              "non_striker": "Mohamed Rishwan",
              "runs": {
                "batter": 0,
                "extras": 0,
                "total": 0
              },
              "wickets": [
                {
                  "kind": "bowled",
                  "player_out": "Muawiyath Ghanee"
                }
              ]
            },
            {
              "batter": "Mihusan Hamid",
              "bowler": "Shahrulnizam Yusof",
              "non_striker": "Mohamed Rishwan",
              "runs": {
                "batter": 0,
                "extras": 0,
                "total": 0
              }
            },
            {
              "batter": "Mihusan Hamid",
              "bowler": "Shahrulnizam Yusof",
              "non_striker": "Mohamed Rishwan",
              "runs": {
                "batter": 0,
                "extras": 0,
                "total": 0
              }
            },
            {
              "batter": "Mihusan Hamid",
              "bowler": "Shahrulnizam Yusof",
              "non_striker": "Mohamed Rishwan",
              "runs": {
                "batter": 0,
                "extras": 0,
                "total": 0
              }
            },
            {
              "batter": "Mihusan Hamid",
              "bowler": "Shahrulnizam Yusof",
              "non_striker": "Mohamed Rishwan",
              "runs": {
                "batter": 0,
                "extras": 0,
                "total": 0
              },
              "wickets": [
                {
                  "kind": "run out",
                  "player_out": "Mohamed Rishwan",
                  "fielders": [
                    {
                      "name": "Khizar Hayat"
                    },
                    {
                      "name": "Shafiq Sharif"
                    }
                  ]
                }
              ]
            }
          ]
        },
        {
          "over": 10,
          "deliveries": [
            {
              "batter": "Mihusan Hamid",
              "bowler": "Virandeep Singh",
              "non_striker": "Afzal Faiz",
              "runs": {
                "batter": 0,
                "extras": 0,
                "total": 0
              }
            },
            {
              "batter": "Mihusan Hamid",
              "bowler": "Virandeep Singh",
              "non_striker": "Afzal Faiz",
              "runs": {
                "batter": 1,
                "extras": 0,
                "total": 1
              }
            },
            {
              "batter": "Afzal Faiz",
              "bowler": "Virandeep Singh",
              "extras": {
                "wides": 1
              },
              "non_striker": "Mihusan Hamid",
              "runs": {
                "batter": 0,
                "extras": 1,
                "total": 1
              }
            },
            {
              "batter": "Afzal Faiz",
              "bowler": "Virandeep Singh",
              "non_striker": "Mihusan Hamid",
              "runs": {
                "batter": 1,
                "extras": 0,
                "total": 1
              }
            },
            {
              "batter": "Mihusan Hamid",
              "bowler": "Virandeep Singh",
              "non_striker": "Afzal Faiz",
              "runs": {
                "batter": 0,
                "extras": 0,
                "total": 0
              }
            },
            {
              "batter": "Mihusan Hamid",
              "bowler": "Virandeep Singh",
              "non_striker": "Afzal Faiz",
              "runs": {
                "batter": 1,
                "extras": 0,
                "total": 1
              }
            },
            {
              "batter": "Afzal Faiz",
              "bowler": "Virandeep Singh",
              "non_striker": "Mihusan Hamid",
              "runs": {
                "batter": 1,
                "extras": 0,
                "total": 1
              }
            }
          ]
        },
        {
          "over": 11,
          "deliveries": [
            {
              "batter": "Afzal Faiz",
              "bowler": "Shahrulnizam Yusof",
              "non_striker": "Mihusan Hamid",
              "runs": {
                "batter": 1,
                "extras": 0,
                "total": 1
              }
            },
            {
              "batter": "Mihusan Hamid",
              "bowler": "Shahrulnizam Yusof",
              "non_striker": "Afzal Faiz",
              "runs": {
                "batter": 1,
                "extras": 0,
                "total": 1
              }
            },
            {
              "batter": "Afzal Faiz",
              "bowler": "Shahrulnizam Yusof",
              "non_striker": "Mihusan Hamid",
              "runs": {
                "batter": 1,
                "extras": 0,
                "total": 1
              }
            },
            {
              "batter": "Mihusan Hamid",
              "bowler": "Shahrulnizam Yusof",
              "non_striker": "Afzal Faiz",
              "runs": {
                "batter": 0,
                "extras": 0,
                "total": 0
              }
            },
            {
              "batter": "Mihusan Hamid",
              "bowler": "Shahrulnizam Yusof",
              "non_striker": "Afzal Faiz",
              "runs": {
                "batter": 0,
                "extras": 0,
                "total": 0
              }
            },
            {
              "batter": "Mihusan Hamid",
              "bowler": "Shahrulnizam Yusof",
              "non_striker": "Afzal Faiz",
              "runs": {
                "batter": 0,
                "extras": 0,
                "total": 0
              }
            }
          ]
        },
        {
          "over": 12,
          "deliveries": [
            {
              "batter": "Afzal Faiz",
              "bowler": "Virandeep Singh",
              "non_striker": "Mihusan Hamid",
              "runs": {
                "batter": 0,
                "extras": 0,
                "total": 0
              }
            },
            {
              "batter": "Afzal Faiz",
              "bowler": "Virandeep Singh",
              "non_striker": "Mihusan Hamid",
              "runs": {
                "batter": 2,
                "extras": 0,
                "total": 2
              }
            },
            {
              "batter": "Afzal Faiz",
              "bowler": "Virandeep Singh",
              "non_striker": "Mihusan Hamid",
              "runs": {
                "batter": 0,
                "extras": 0,
                "total": 0
              }
            },
            {
              "batter": "Afzal Faiz",
              "bowler": "Virandeep Singh",
              "non_striker": "Mihusan Hamid",
              "runs": {
                "batter": 4,
                "extras": 0,
                "total": 4
              }
            },
            {
              "batter": "Afzal Faiz",
              "bowler": "Virandeep Singh",
              "non_striker": "Mihusan Hamid",
              "runs": {
                "batter": 0,
                "extras": 0,
                "total": 0
              }
            },
            {
              "batter": "Afzal Faiz",
              "bowler": "Virandeep Singh",
              "non_striker": "Mihusan Hamid",
              "runs": {
                "batter": 0,
                "extras": 0,
                "total": 0
              },
              "wickets": [
                {
                  "kind": "bowled",
                  "player_out": "Afzal Faiz"
                }
              ]
            }
          ]
        },
        {
          "over": 13,
          "deliveries": [
            {
              "batter": "Mihusan Hamid",
              "bowler": "D Duraisingam",
              "non_striker": "Mohamed Mahfooz",
              "runs": {
                "batter": 1,
                "extras": 0,
                "total": 1
              }
            },
            {
              "batter": "Mohamed Mahfooz",
              "bowler": "D Duraisingam",
              "non_striker": "Mihusan Hamid",
              "runs": {
                "batter": 1,
                "extras": 0,
                "total": 1
              }
            },
            {
              "batter": "Mihusan Hamid",
              "bowler": "D Duraisingam",
              "non_striker": "Mohamed Mahfooz",
              "runs": {
                "batter": 1,
                "extras": 0,
                "total": 1
              }
            },
            {
              "batter": "Mohamed Mahfooz",
              "bowler": "D Duraisingam",
              "non_striker": "Mihusan Hamid",
              "runs": {
                "batter": 0,
                "extras": 0,
                "total": 0
              }
            },
            {
              "batter": "Mohamed Mahfooz",
              "bowler": "D Duraisingam",
              "non_striker": "Mihusan Hamid",
              "runs": {
                "batter": 0,
                "extras": 0,
                "total": 0
              }
            },
            {
              "batter": "Mohamed Mahfooz",
              "bowler": "D Duraisingam",
              "non_striker": "Mihusan Hamid",
              "runs": {
                "batter": 0,
                "extras": 0,
                "total": 0
              }
            }
          ]
        },
        {
          "over": 14,
          "deliveries": [
            {
              "batter": "Mihusan Hamid",
              "bowler": "Hassan Ghulam",
              "non_striker": "Mohamed Mahfooz",
              "runs": {
                "batter": 0,
                "extras": 0,
                "total": 0
              }
            },
            {
              "batter": "Mihusan Hamid",
              "bowler": "Hassan Ghulam",
              "non_striker": "Mohamed Mahfooz",
              "runs": {
                "batter": 1,
                "extras": 0,
                "total": 1
              }
            },
            {
              "batter": "Mohamed Mahfooz",
              "bowler": "Hassan Ghulam",
              "non_striker": "Mihusan Hamid",
              "runs": {
                "batter": 0,
                "extras": 0,
                "total": 0
              }
            },
            {
              "batter": "Mohamed Mahfooz",
              "bowler": "Hassan Ghulam",
              "non_striker": "Mihusan Hamid",
              "runs": {
                "batter": 2,
                "extras": 0,
                "total": 2
              }
            },
            {
              "batter": "Mohamed Mahfooz",
              "bowler": "Hassan Ghulam",
              "non_striker": "Mihusan Hamid",
              "runs": {
                "batter": 0,
                "extras": 0,
                "total": 0
              }
            },
            {
              "batter": "Mohamed Mahfooz",
              "bowler": "Hassan Ghulam",
              "non_striker": "Mihusan Hamid",
              "runs": {
                "batter": 0,
                "extras": 0,
                "total": 0
              }
            }
          ]
        },
        {
          "over": 15,
          "deliveries": [
            {
              "batter": "Mihusan Hamid",
              "bowler": "D Duraisingam",
              "non_striker": "Mohamed Mahfooz",
              "runs": {
                "batter": 0,
                "extras": 0,
                "total": 0
              }
            },
            {
              "batter": "Mihusan Hamid",
              "bowler": "D Duraisingam",
              "non_striker": "Mohamed Mahfooz",
              "runs": {
                "batter": 1,
                "extras": 0,
                "total": 1
              }
            },
            {
              "batter": "Mohamed Mahfooz",
              "bowler": "D Duraisingam",
              "non_striker": "Mihusan Hamid",
              "runs": {
                "batter": 0,
                "extras": 0,
                "total": 0
              }
            },
            {
              "batter": "Mohamed Mahfooz",
              "bowler": "D Duraisingam",
              "non_striker": "Mihusan Hamid",
              "runs": {
                "batter": 0,
                "extras": 0,
                "total": 0
              },
              "wickets": [
                {
                  "kind": "bowled",
                  "player_out": "Mohamed Mahfooz"
                }
              ]
            },
            {
              "batter": "Mohamed Azzam",
              "bowler": "D Duraisingam",
              "non_striker": "Mihusan Hamid",
              "runs": {
                "batter": 0,
                "extras": 0,
                "total": 0
              },
              "wickets": [
                {
                  "kind": "lbw",
                  "player_out": "Mohamed Azzam"
                }
              ]
            },
            {
              "batter": "Ameel Mauroof",
              "bowler": "D Duraisingam",
              "non_striker": "Mihusan Hamid",
              "runs": {
                "batter": 0,
                "extras": 0,
                "total": 0
              }
            }
          ]
        },
        {
          "over": 16,
          "deliveries": [
            {
              "batter": "Mihusan Hamid",
              "bowler": "Hassan Ghulam",
              "non_striker": "Ameel Mauroof",
              "runs": {
                "batter": 4,
                "extras": 0,
                "total": 4
              }
            },
            {
              "batter": "Mihusan Hamid",
              "bowler": "Hassan Ghulam",
              "non_striker": "Ameel Mauroof",
              "runs": {
                "batter": 1,
                "extras": 0,
                "total": 1
              }
            },
            {
              "batter": "Ameel Mauroof",
              "bowler": "Hassan Ghulam",
              "non_striker": "Mihusan Hamid",
              "runs": {
                "batter": 1,
                "extras": 0,
                "total": 1
              }
            },
            {
              "batter": "Mihusan Hamid",
              "bowler": "Hassan Ghulam",
              "non_striker": "Ameel Mauroof",
              "runs": {
                "batter": 1,
                "extras": 0,
                "total": 1
              }
            },
            {
              "batter": "Ameel Mauroof",
              "bowler": "Hassan Ghulam",
              "non_striker": "Mihusan Hamid",
              "runs": {
                "batter": 0,
                "extras": 0,
                "total": 0
              }
            },
            {
              "batter": "Ameel Mauroof",
              "bowler": "Hassan Ghulam",
              "non_striker": "Mihusan Hamid",
              "runs": {
                "batter": 0,
                "extras": 0,
                "total": 0
              }
            }
          ]
        },
        {
          "over": 17,
          "deliveries": [
            {
              "batter": "Mihusan Hamid",
              "bowler": "D Duraisingam",
              "non_striker": "Ameel Mauroof",
              "runs": {
                "batter": 1,
                "extras": 0,
                "total": 1
              }
            },
            {
              "batter": "Ameel Mauroof",
              "bowler": "D Duraisingam",
              "non_striker": "Mihusan Hamid",
              "runs": {
                "batter": 1,
                "extras": 0,
                "total": 1
              }
            },
            {
              "batter": "Mihusan Hamid",
              "bowler": "D Duraisingam",
              "non_striker": "Ameel Mauroof",
              "runs": {
                "batter": 1,
                "extras": 0,
                "total": 1
              }
            },
            {
              "batter": "Ameel Mauroof",
              "bowler": "D Duraisingam",
              "non_striker": "Mihusan Hamid",
              "runs": {
                "batter": 1,
                "extras": 0,
                "total": 1
              }
            },
            {
              "batter": "Mihusan Hamid",
              "bowler": "D Duraisingam",
              "non_striker": "Ameel Mauroof",
              "runs": {
                "batter": 1,
                "extras": 0,
                "total": 1
              }
            },
            {
              "batter": "Ameel Mauroof",
              "bowler": "D Duraisingam",
              "non_striker": "Mihusan Hamid",
              "runs": {
                "batter": 1,
                "extras": 0,
                "total": 1
              }
            }
          ]
        },
        {
          "over": 18,
          "deliveries": [
            {
              "batter": "Ameel Mauroof",
              "bowler": "Khizar Hayat",
              "non_striker": "Mihusan Hamid",
              "runs": {
                "batter": 2,
                "extras": 0,
                "total": 2
              }
            },
            {
              "batter": "Ameel Mauroof",
              "bowler": "Khizar Hayat",
              "non_striker": "Mihusan Hamid",
              "runs": {
                "batter": 0,
                "extras": 0,
                "total": 0
              }
            },
            {
              "batter": "Ameel Mauroof",
              "bowler": "Khizar Hayat",
              "non_striker": "Mihusan Hamid",
              "runs": {
                "batter": 0,
                "extras": 0,
                "total": 0
              }
            },
            {
              "batter": "Ameel Mauroof",
              "bowler": "Khizar Hayat",
              "non_striker": "Mihusan Hamid",
              "runs": {
                "batter": 1,
                "extras": 0,
                "total": 1
              }
            },
            {
              "batter": "Mihusan Hamid",
              "bowler": "Khizar Hayat",
              "non_striker": "Ameel Mauroof",
              "runs": {
                "batter": 1,
                "extras": 0,
                "total": 1
              }
            },
            {
              "batter": "Ameel Mauroof",
              "bowler": "Khizar Hayat",
              "non_striker": "Mihusan Hamid",
              "runs": {
                "batter": 0,
                "extras": 0,
                "total": 0
              },
              "wickets": [
                {
                  "kind": "caught",
                  "player_out": "Ameel Mauroof",
                  "fielders": [
                    {
                      "name": "Hassan Ghulam"
                    }
                  ]
                }
              ]
            }
          ]
        },
        {
          "over": 19,
          "deliveries": [
            {
              "batter": "Ibrahim Hassan",
              "bowler": "D Duraisingam",
              "non_striker": "Mihusan Hamid",
              "runs": {
                "batter": 0,
                "extras": 0,
                "total": 0
              }
            },
            {
              "batter": "Ibrahim Hassan",
              "bowler": "D Duraisingam",
              "non_striker": "Mihusan Hamid",
              "runs": {
                "batter": 0,
                "extras": 0,
                "total": 0
              }
            },
            {
              "batter": "Ibrahim Hassan",
              "bowler": "D Duraisingam",
              "non_striker": "Mihusan Hamid",
              "runs": {
                "batter": 1,
                "extras": 0,
                "total": 1
              }
            },
            {
              "batter": "Mihusan Hamid",
              "bowler": "D Duraisingam",
              "non_striker": "Ibrahim Hassan",
              "runs": {
                "batter": 0,
                "extras": 0,
                "total": 0
              }
            },
            {
              "batter": "Mihusan Hamid",
              "bowler": "D Duraisingam",
              "non_striker": "Ibrahim Hassan",
              "runs": {
                "batter": 0,
                "extras": 0,
                "total": 0
              },
              "wickets": [
                {
                  "kind": "caught",
                  "player_out": "Mihusan Hamid",
                  "fielders": [
                    {
                      "name": "Shafiq Sharif"
                    }
                  ]
                }
              ]
            }
          ]
        }
      ],
      "powerplays": [
        {
          "from": 0.1,
          "to": 5.6,
          "type": "mandatory"
        }
      ],
      "target": {
        "overs": 20,
        "runs": 157
      }
    }
  ]
}