{
  "meta": {
    "data_version": "1.0.0",
    "created": "2015-02-02",
    "revision": 3
  },
  "info": {
    "balls_per_over": 6,
    "dates": [
      "2015-01-26"
    ],
    "event": {
      "match_number": 6,
      "name": "ACC Twenty20 Cup"
    },
    "gender": "male",
    "match_type": "IT20",
    "officials": {
      "match_referees": [
        "SLV Raju"
      ],
      "reserve_umpires": [
        "Rabiul Hoque"
      ],
      "umpires": [
        "Imran Mustafa",
        "VK Jha"
      ]
    },
    "outcome": {
      "by": {
        "runs": 46
      },
      "winner": "Oman"
    },
    "overs": 20,
    "player_of_match": [
      "Jatinder Singh"
    ],
    "players": {
      "Malaysia": [
        "Suhan Alagaratnam",
        "Shafiq Sharif",
        "Ahmed Faiz",
        "Aminuddin Ramly",
        "Khizar Hayat",
        "Hammadullah Khan",
        "Hassan Ghulam",
        "Virandeep Singh",
        "Suharril Fetri",
        "Shahrulnizam Yusof",
        "D Duraisingam"
      ],
      "Oman": [
        "AV Lalcheta",
        "Zeeshan Maqsood",
        "Jatinder Singh",
        "VS Wategaonkar",
        "Adnan Ilyas",
        "Aamir Kaleem",
        "Amir Ali",
        "Sufyan Mehmood",
        "Sultan Ahmed",
        "RJ Ranpura",
        "M Ansari"
      ]
    },
    "registry": {
      "people": {
        "AV Lalcheta": "b858be20",
        "Aamir Kaleem": "7ecb9a14",
        "Adnan Ilyas": "d376bbaa",
        "Ahmed Faiz": "f6b4f746",
        "Aminuddin Ramly": "8cae5b48",
        "Amir Ali": "3748955d",
        "D Duraisingam": "ea9a0642",
        "Hammadullah Khan": "6e0a942c",
        "Hassan Ghulam": "288ea226",
        "Imran Mustafa": "f11bc2ff",
        "Jatinder Singh": "b80dd12c",
        "Khizar Hayat": "78bbeba1",
        "M Ansari": "681af475",
        "RJ Ranpura": "c024db94",
        "Rabiul Hoque": "8f770e34",
        "SLV Raju": "56ee86ce",
        "Shafiq Sharif": "033ac24e",
        "Shahrulnizam Yusof": "2b8718c8",
        "Sufyan Mehmood": "bf172ae6",
        "Suhan Alagaratnam": "4cf59936",
        "Suharril Fetri": "a96938ba",
        "Sultan Ahmed": "3bf7c034",
        "VK Jha": "5d46eb72",
        "VS Wategaonkar": "dd340ef9",
        "Virandeep Singh": "415d30b6",
        "Zeeshan Maqsood": "34464143"
      }
    },
    "season": "2014/15",
    "team_type": "international",
    "teams": [
      "Malaysia",
      "Oman"
    ],
    "toss": {
      "decision": "bat",
      "winner": "Oman"
    },
    "venue": "Sharjah Cricket Stadium"
  },
  "innings": [
    {
      "team": "Oman",
      "overs": [
        {
          "over": 0,
          "deliveries": [
            {
              "batter": "AV Lalcheta",
              "bowler": "Suharril Fetri",
              "non_striker": "Zeeshan Maqsood",
              "runs": {
                "batter": 0,
                "extras": 0,
                "total": 0
              }
            },
            {
              "batter": "AV Lalcheta",
              "bowler": "Suharril Fetri",
              "non_striker": "Zeeshan Maqsood",
              "runs": {
                "batter": 1,
                "extras": 0,
                "total": 1
              }
            },
            {
              "batter": "Zeeshan Maqsood",
              "bowler": "Suharril Fetri",
              "non_striker": "AV Lalcheta",
              "runs": {
                "batter": 0,
                "extras": 0,
                "total": 0
              }
            },
            {
              "batter": "Zeeshan Maqsood",
              "bowler": "Suharril Fetri",
              "non_striker": "AV Lalcheta",
              "runs": {
                "batter": 0,
                "extras": 0,
                "total": 0
              }
            },
            {
              "batter": "Zeeshan Maqsood",
              "bowler": "Suharril Fetri",
              "non_striker": "AV Lalcheta",
              "runs": {
                "batter": 0,
                "extras": 0,
                "total": 0
              }
            },
            {
              "batter": "Zeeshan Maqsood",
              "bowler": "Suharril Fetri",
              "non_striker": "AV Lalcheta",
              "runs": {
                "batter": 4,
                "extras": 0,
                "total": 4
              }
            }
          ]
        },
        {
          "over": 1,
          "deliveries": [
            {
              "batter": "AV Lalcheta",
              "bowler": "Hassan Ghulam",
              "non_striker": "Zeeshan Maqsood",
              "runs": {
                "batter": 0,
                "extras": 0,
                "total": 0
              }
            },
            {
              "batter": "AV Lalcheta",
              "bowler": "Hassan Ghulam",
              "extras": {
                "legbyes": 1
              },
              "non_striker": "Zeeshan Maqsood",
              "runs": {
                "batter": 0,
                "extras": 1,
                "total": 1
              }
            },
            {
              "batter": "Zeeshan Maqsood",
              "bowler": "Hassan Ghulam",
              "non_striker": "AV Lalcheta",
              "runs": {
                "batter": 4,
                "extras": 0,
                "total": 4
              }
            },
            {
              "batter": "Zeeshan Maqsood",
              "bowler": "Hassan Ghulam",
              "non_striker": "AV Lalcheta",
              "runs": {
                "batter": 0,
                "extras": 0,
                "total": 0
              }
            },
            {
              "batter": "Zeeshan Maqsood",
              "bowler": "Hassan Ghulam",
              "extras": {
                "legbyes": 1
              },
              "non_striker": "AV Lalcheta",
              "runs": {
                "batter": 0,
                "extras": 1,
                "total": 1
              }
            },
            {
              "batter": "AV Lalcheta",
              "bowler": "Hassan Ghulam",
              "non_striker": "Zeeshan Maqsood",
              "runs": {
                "batter": 0,
                "extras": 0,
                "total": 0
              }
            }
          ]
        },
        {
          "over": 2,
          "deliveries": [
            {
              "batter": "Zeeshan Maqsood",
              "bowler": "Suharril Fetri",
              "non_striker": "AV Lalcheta",
              "runs": {
                "batter": 0,
                "extras": 0,
                "total": 0
              }
            },
            {
              "batter": "Zeeshan Maqsood",
              "bowler": "Suharril Fetri",
              "non_striker": "AV Lalcheta",
              "runs": {
                "batter": 0,
                "extras": 0,
                "total": 0
              }
            },
            {
              "batter": "Zeeshan Maqsood",
              "bowler": "Suharril Fetri",
              "non_striker": "AV Lalcheta",
              "runs": {
                "batter": 1,
                "extras": 0,
                "total": 1
              }
            },
            {
              "batter": "AV Lalcheta",
              "bowler": "Suharril Fetri",
              "non_striker": "Zeeshan Maqsood",
              "runs": {
                "batter": 0,
                "extras": 0,
                "total": 0
              }
            },
            {
              "batter": "AV Lalcheta",
              "bowler": "Suharril Fetri",
              "non_striker": "Zeeshan Maqsood",
              "runs": {
                "batter": 1,
                "extras": 0,
                "total": 1
              }
            },
            {
              "batter": "Zeeshan Maqsood",
              "bowler": "Suharril Fetri",
              "non_striker": "AV Lalcheta",
              "runs": {
                "batter": 0,
                "extras": 0,
                "total": 0
              }
            }
          ]
        },
        {
          "over": 3,
          "deliveries": [
            {
              "batter": "AV Lalcheta",
              "bowler": "Khizar Hayat",
              "non_striker": "Zeeshan Maqsood",
              "runs": {
                "batter": 0,
                "extras": 0,
                "total": 0
              }
            },
            {
              "batter": "AV Lalcheta",
              "bowler": "Khizar Hayat",
              "non_striker": "Zeeshan Maqsood",
              "runs": {
                "batter": 4,
                "extras": 0,
                "total": 4
              }
            },
            {
              "batter": "AV Lalcheta",
              "bowler": "Khizar Hayat",
              "non_striker": "Zeeshan Maqsood",
              "runs": {
                "batter": 4,
                "extras": 0,
                "total": 4
              }
            },
            {
              "batter": "AV Lalcheta",
              "bowler": "Khizar Hayat",
              "non_striker": "Zeeshan Maqsood",
              "runs": {
                "batter": 1,
                "extras": 0,
                "total": 1
              }
            },
            {
              "batter": "Zeeshan Maqsood",
              "bowler": "Khizar Hayat",
              "non_striker": "AV Lalcheta",
              "runs": {
                "batter": 1,
                "extras": 0,
                "total": 1
              }
            },
            {
              "batter": "AV Lalcheta",
              "bowler": "Khizar Hayat",
              "non_striker": "Zeeshan Maqsood",
              "runs": {
                "batter": 0,
                "extras": 0,
                "total": 0
              }
            }
          ]
        },
        {
          "over": 4,
          "deliveries": [
            {
              "batter": "Zeeshan Maqsood",
              "bowler": "Virandeep Singh",
              "non_striker": "AV Lalcheta",
              "runs": {
                "batter": 0,
                "extras": 0,
                "total": 0
              }
            },
            {
              "batter": "Zeeshan Maqsood",
              "bowler": "Virandeep Singh",
              "non_striker": "AV Lalcheta",
              "runs": {
                "batter": 6,
                "extras": 0,
                "total": 6
              }
            },
            {
              "batter": "Zeeshan Maqsood",
              "bowler": "Virandeep Singh",
              "non_striker": "AV Lalcheta",
              "runs": {
                "batter": 6,
                "extras": 0,
                "total": 6
              }
            },
            {
              "batter": "Zeeshan Maqsood",
              "bowler": "Virandeep Singh",
              "extras": {
                "noballs": 1
              },
              "non_striker": "AV Lalcheta",
              "runs": {
                "batter": 0,
                "extras": 1,
                "total": 1
              }
            },
            {
              "batter": "Zeeshan Maqsood",
              "bowler": "Virandeep Singh",
              "non_striker": "AV Lalcheta",
              "runs": {
                "batter": 6,
                "extras": 0,
                "total": 6
              }
            },
            {
              "batter": "Zeeshan Maqsood",
              "bowler": "Virandeep Singh",
              "non_striker": "AV Lalcheta",
              "runs": {
                "batter": 0,
                "extras": 0,
                "total": 0
              }
            },
            {
              "batter": "Zeeshan Maqsood",
              "bowler": "Virandeep Singh",
              "non_striker": "AV Lalcheta",
              "runs": {
                "batter": 2,
                "extras": 0,
                "total": 2
              }
            }
          ]
        },
        {
          "over": 5,
          "deliveries": [
            {
              "batter": "AV Lalcheta",
              "bowler": "Suharril Fetri",
              "non_striker": "Zeeshan Maqsood",
              "runs": {
                "batter": 0,
                "extras": 0,
                "total": 0
              }
            },
            {
              "batter": "AV Lalcheta",
              "bowler": "Suharril Fetri",
              "non_striker": "Zeeshan Maqsood",
              "runs": {
                "batter": 0,
                "extras": 0,
                "total": 0
              }
            },
            {
              "batter": "AV Lalcheta",
              "bowler": "Suharril Fetri",
              "non_striker": "Zeeshan Maqsood",
              "runs": {
                "batter": 1,
                "extras": 0,
                "total": 1
              }
            },
            {
              "batter": "Zeeshan Maqsood",
              "bowler": "Suharril Fetri",
              "non_striker": "AV Lalcheta",
              "runs": {
                "batter": 0,
                "extras": 0,
                "total": 0
              }
            },
            {
              "batter": "Zeeshan Maqsood",
              "bowler": "Suharril Fetri",
              "non_striker": "AV Lalcheta",
              "runs": {
                "batter": 0,
                "extras": 0,
                "total": 0
              },
              "wickets": [
                {
                  "kind": "bowled",
                  "player_out": "Zeeshan Maqsood"
                }
              ]
            },
            {
              "batter": "Jatinder Singh",
              "bowler": "Suharril Fetri",
              "extras": {
                "wides": 1
              },
              "non_striker": "AV Lalcheta",
              "runs": {
                "batter": 0,
                "extras": 1,
                "total": 1
              }
            },
            {
              "batter": "Jatinder Singh",
              "bowler": "Suharril Fetri",
              "non_striker": "AV Lalcheta",
              "runs": {
                "batter": 1,
                "extras": 0,
                "total": 1
              }
            }
          ]
        },
        {
          "over": 6,
          "deliveries": [
            {
              "batter": "Jatinder Singh",
              "bowler": "Shahrulnizam Yusof",
              "non_striker": "AV Lalcheta",
              "runs": {
                "batter": 1,
                "extras": 0,
                "total": 1
              }
            },
            {
              "batter": "AV Lalcheta",
              "bowler": "Shahrulnizam Yusof",
              "non_striker": "Jatinder Singh",
              "runs": {
                "batter": 1,
                "extras": 0,
                "total": 1
              }
            },
            {
              "batter": "Jatinder Singh",
              "bowler": "Shahrulnizam Yusof",
              "non_striker": "AV Lalcheta",
              "runs": {
                "batter": 1,
                "extras": 0,
                "total": 1
              }
            },
            {
              "batter": "AV Lalcheta",
              "bowler": "Shahrulnizam Yusof",
              "non_striker": "Jatinder Singh",
              "runs": {
                "batter": 1,
                "extras": 0,
                "total": 1
              }
            },
            {
              "batter": "Jatinder Singh",
              "bowler": "Shahrulnizam Yusof",
              "non_striker": "AV Lalcheta",
              "runs": {
                "batter": 0,
                "extras": 0,
                "total": 0
              }
            },
            {
              "batter": "Jatinder Singh",
              "bowler": "Shahrulnizam Yusof",
              "non_striker": "AV Lalcheta",
              "runs": {
                "batter": 2,
                "extras": 0,
                "total": 2
              }
            }
          ]
        },
        {
          "over": 7,
          "deliveries": [
            {
              "batter": "AV Lalcheta",
              "bowler": "Virandeep Singh",
              "non_striker": "Jatinder Singh",
              "runs": {
                "batter": 4,
                "extras": 0,
                "total": 4
              }
            },
            {
              "batter": "AV Lalcheta",
              "bowler": "Virandeep Singh",
              "non_striker": "Jatinder Singh",
              "runs": {
                "batter": 1,
                "extras": 0,
                "total": 1
              }
            },
            {
              "batter": "Jatinder Singh",
              "bowler": "Virandeep Singh",
              "non_striker": "AV Lalcheta",
              "runs": {
                "batter": 0,
                "extras": 0,
                "total": 0
              }
            },
            {
              "batter": "Jatinder Singh",
              "bowler": "Virandeep Singh",
              "non_striker": "AV Lalcheta",
              "runs": {
                "batter": 1,
                "extras": 0,
                "total": 1
              }
            },
            {
              "batter": "AV Lalcheta",
              "bowler": "Virandeep Singh",
              "non_striker": "Jatinder Singh",
              "runs": {
                "batter": 4,
                "extras": 0,
                "total": 4
              }
            },
            {
              "batter": "AV Lalcheta",
              "bowler": "Virandeep Singh",
              "non_striker": "Jatinder Singh",
              "runs": {
                "batter": 0,
                "extras": 0,
                "total": 0
              }
            }
          ]
        },
        {
          "over": 8,
          "deliveries": [
            {
              "batter": "Jatinder Singh",
              "bowler": "Shahrulnizam Yusof",
              "non_striker": "AV Lalcheta",
              "runs": {
                "batter": 1,
                "extras": 0,
                "total": 1
              }
            },
            {
              "batter": "AV Lalcheta",
              "bowler": "Shahrulnizam Yusof",
              "non_striker": "Jatinder Singh",
              "runs": {
                "batter": 1,
                "extras": 0,
                "total": 1
              }
            },
            {
              "batter": "Jatinder Singh",
              "bowler": "Shahrulnizam Yusof",
              "non_striker": "AV Lalcheta",
              "runs": {
                "batter": 1,
                "extras": 0,
                "total": 1
              }
            },
            {
              "batter": "AV Lalcheta",
              "bowler": "Shahrulnizam Yusof",
              "non_striker": "Jatinder Singh",
              "runs": {
                "batter": 0,
                "extras": 0,
                "total": 0
              }
            },
            {
              "batter": "AV Lalcheta",
              "bowler": "Shahrulnizam Yusof",
              "non_striker": "Jatinder Singh",
              "runs": {
                "batter": 0,
                "extras": 0,
                "total": 0
              }
            },
            {
              "batter": "AV Lalcheta",
              "bowler": "Shahrulnizam Yusof",
              "non_striker": "Jatinder Singh",
              "runs": {
                "batter": 1,
                "extras": 0,
                "total": 1
              }
            }
          ]
        },
        {
          "over": 9,
          "deliveries": [
            {
              "batter": "AV Lalcheta",
              "bowler": "Khizar Hayat",
              "non_striker": "Jatinder Singh",
              "runs": {
                "batter": 1,
                "extras": 0,
                "total": 1
              }
            },
            {
              "batter": "Jatinder Singh",
              "bowler": "Khizar Hayat",
              "non_striker": "AV Lalcheta",
              "runs": {
                "batter": 2,
                "extras": 0,
                "total": 2
              }
            },
            {
              "batter": "Jatinder Singh",
              "bowler": "Khizar Hayat",
              "non_striker": "AV Lalcheta",
              "runs": {
                "batter": 1,
                "extras": 0,
                "total": 1
              }
            },
            {
              "batter": "AV Lalcheta",
              "bowler": "Khizar Hayat",
              "non_striker": "Jatinder Singh",
              "runs": {
                "batter": 1,
                "extras": 0,
                "total": 1
              }
            },
            {
              "batter": "Jatinder Singh",
              "bowler": "Khizar Hayat",
              "non_striker": "AV Lalcheta",
              "runs": {
                "batter": 1,
                "extras": 0,
                "total": 1
              }
            },
            {
              "batter": "AV Lalcheta",
              "bowler": "Khizar Hayat",
              "extras": {
                "wides": 1
              },
              "non_striker": "Jatinder Singh",
              "runs": {
                "batter": 0,
                "extras": 1,
                "total": 1
              }
            },
            {
              "batter": "AV Lalcheta",
              "bowler": "Khizar Hayat",
              "non_striker": "Jatinder Singh",
              "runs": {
                "batter": 0,
                "extras": 0,
                "total": 0
              }
            }
          ]
        },
        {
          "over": 10,
          "deliveries": [
            {
              "batter": "Jatinder Singh",
              "bowler": "Shahrulnizam Yusof",
              "non_striker": "AV Lalcheta",
              "runs": {
                "batter": 1,
                "extras": 0,
                "total": 1
              }
            },
            {
              "batter": "AV Lalcheta",
              "bowler": "Shahrulnizam Yusof",
              "non_striker": "Jatinder Singh",
              "runs": {
                "batter": 1,
                "extras": 0,
                "total": 1
              }
            },
            {
              "batter": "Jatinder Singh",
              "bowler": "Shahrulnizam Yusof",
              "non_striker": "AV Lalcheta",
              "runs": {
                "batter": 1,
                "extras": 0,
                "total": 1
              }
            },
            {
              "batter": "AV Lalcheta",
              "bowler": "Shahrulnizam Yusof",
              "non_striker": "Jatinder Singh",
              "runs": {
                "batter": 1,
                "extras": 0,
                "total": 1
              }
            },
            {
              "batter": "Jatinder Singh",
              "bowler": "Shahrulnizam Yusof",
              "non_striker": "AV Lalcheta",
              "runs": {
                "batter": 6,
                "extras": 0,
                "total": 6
              }
            },
            {
              "batter": "Jatinder Singh",
              "bowler": "Shahrulnizam Yusof",
              "non_striker": "AV Lalcheta",
              "runs": {
                "batter": 0,
                "extras": 0,
                "total": 0
              }
            }
          ]
        },
        {
          "over": 11,
          "deliveries": [
            {
              "batter": "Jatinder Singh",
              "bowler": "D Duraisingam",
              "non_striker": "AV Lalcheta",
              "runs": {
                "batter": 1,
                "extras": 0,
                "total": 1
              }
            },
            {
              "batter": "AV Lalcheta",
              "bowler": "D Duraisingam",
              "non_striker": "Jatinder Singh",
              "runs": {
                "batter": 1,
                "extras": 0,
                "total": 1
              }
            },
            {
              "batter": "Jatinder Singh",
              "bowler": "D Duraisingam",
              "non_striker": "AV Lalcheta",
              "runs": {
                "batter": 2,
                "extras": 0,
                "total": 2
              }
            },
            {
              "batter": "Jatinder Singh",
              "bowler": "D Duraisingam",
              "non_striker": "AV Lalcheta",
              "runs": {
                "batter": 0,
                "extras": 0,
                "total": 0
              }
            },
            {
              "batter": "Jatinder Singh",
              "bowler": "D Duraisingam",
              "non_striker": "AV Lalcheta",
              "runs": {
                "batter": 1,
                "extras": 0,
                "total": 1
              }
            },
            {
              "batter": "AV Lalcheta",
              "bowler": "D Duraisingam",
              "non_striker": "Jatinder Singh",
              "runs": {
                "batter": 1,
                "extras": 0,
                "total": 1
              }
            }
          ]
        },
        {
          "over": 12,
          "deliveries": [
            {
              "batter": "AV Lalcheta",
              "bowler": "Khizar Hayat",
              "non_striker": "Jatinder Singh",
              "runs": {
                "batter": 1,
                "extras": 0,
                "total": 1
              }
            },
            {
              "batter": "Jatinder Singh",
              "bowler": "Khizar Hayat",
              "non_striker": "AV Lalcheta",
              "runs": {
                "batter": 1,
                "extras": 0,
                "total": 1
              }
            },
            {
              "batter": "AV Lalcheta",
              "bowler": "Khizar Hayat",
              "non_striker": "Jatinder Singh",
              "runs": {
                "batter": 0,
                "extras": 0,
                "total": 0
              }
            },
            {
              "batter": "AV Lalcheta",
              "bowler": "Khizar Hayat",
              "non_striker": "Jatinder Singh",
              "runs": {
                "batter": 4,
                "extras": 0,
                "total": 4
              }
            },
            {
              "batter": "AV Lalcheta",
              "bowler": "Khizar Hayat",
              "non_striker": "Jatinder Singh",
              "runs": {
                "batter": 1,
                "extras": 0,
                "total": 1
              }
            },
            {
              "batter": "Jatinder Singh",
              "bowler": "Khizar Hayat",
              "extras": {
                "noballs": 1
              },
              "non_striker": "AV Lalcheta",
              "runs": {
                "batter": 2,
                "extras": 1,
                "total": 3
              }
            },
            {
              "batter": "Jatinder Singh",
              "bowler": "Khizar Hayat",
              "non_striker": "AV Lalcheta",
              "runs": {
                "batter": 6,
                "extras": 0,
                "total": 6
              }
            }
          ]
        },
        {
          "over": 13,
          "deliveries": [
            {
              "batter": "AV Lalcheta",
              "bowler": "Hassan Ghulam",
              "non_striker": "Jatinder Singh",
              "runs": {
                "batter": 1,
                "extras": 0,
                "total": 1
              }
            },
            {
              "batter": "Jatinder Singh",
              "bowler": "Hassan Ghulam",
              "non_striker": "AV Lalcheta",
              "runs": {
                "batter": 0,
                "extras": 0,
                "total": 0
              }
            },
            {
              "batter": "Jatinder Singh",
              "bowler": "Hassan Ghulam",
              "non_striker": "AV Lalcheta",
              "runs": {
                "batter": 1,
                "extras": 0,
                "total": 1
              }
            },
            {
              "batter": "AV Lalcheta",
              "bowler": "Hassan Ghulam",
              "non_striker": "Jatinder Singh",
              "runs": {
                "batter": 1,
                "extras": 0,
                "total": 1
              }
            },
            {
              "batter": "Jatinder Singh",
              "bowler": "Hassan Ghulam",
              "non_striker": "AV Lalcheta",
              "runs": {
                "batter": 6,
                "extras": 0,
                "total": 6
              }
            },
            {
              "batter": "Jatinder Singh",
              "bowler": "Hassan Ghulam",
              "non_striker": "AV Lalcheta",
              "runs": {
                "batter": 1,
                "extras": 0,
                "total": 1
              }
            }
          ]
        },
        {
          "over": 14,
          "deliveries": [
            {
              "batter": "Jatinder Singh",
              "bowler": "D Duraisingam",
              "non_striker": "AV Lalcheta",
              "runs": {
                "batter": 1,
                "extras": 0,
                "total": 1
              }
            },
            {
              "batter": "AV Lalcheta",
              "bowler": "D Duraisingam",
              "non_striker": "Jatinder Singh",
              "runs": {
                "batter": 0,
                "extras": 0,
                "total": 0
              }
            },
            {
              "batter": "AV Lalcheta",
              "bowler": "D Duraisingam",
              "non_striker": "Jatinder Singh",
              "runs": {
                "batter": 0,
                "extras": 0,
                "total": 0
              }
            },
            {
              "batter": "AV Lalcheta",
              "bowler": "D Duraisingam",
              "non_striker": "Jatinder Singh",
              "runs": {
                "batter": 1,
                "extras": 0,
                "total": 1
              }
            },
            {
              "batter": "Jatinder Singh",
              "bowler": "D Duraisingam",
              "non_striker": "AV Lalcheta",
              "runs": {
                "batter": 1,
                "extras": 0,
                "total": 1
              }
            },
            {
              "batter": "AV Lalcheta",
              "bowler": "D Duraisingam",
              "non_striker": "Jatinder Singh",
              "runs": {
                "batter": 0,
                "extras": 0,
                "total": 0
              },
              "wickets": [
                {
                  "kind": "caught",
                  "player_out": "AV Lalcheta",
                  "fielders": [
                    {
                      "name": "Suharril Fetri"
                    }
                  ]
                }
              ]
            }
          ]
        },
        {
          "over": 15,
          "deliveries": [
            {
              "batter": "Jatinder Singh",
              "bowler": "Hassan Ghulam",
              "non_striker": "VS Wategaonkar",
              "runs": {
                "batter": 0,
                "extras": 0,
                "total": 0
              }
            },
            {
              "batter": "Jatinder Singh",
              "bowler": "Hassan Ghulam",
              "non_striker": "VS Wategaonkar",
              "runs": {
                "batter": 1,
                "extras": 0,
                "total": 1
              }
            },
            {
              "batter": "VS Wategaonkar",
              "bowler": "Hassan Ghulam",
              "non_striker": "Jatinder Singh",
              "runs": {
                "batter": 1,
                "extras": 0,
                "total": 1
              }
            },
            {
              "batter": "Jatinder Singh",
              "bowler": "Hassan Ghulam",
              "non_striker": "VS Wategaonkar",
              "runs": {
                "batter": 0,
                "extras": 0,
                "total": 0
              }
            },
            {
              "batter": "Jatinder Singh",
              "bowler": "Hassan Ghulam",
              "non_striker": "VS Wategaonkar",
              "runs": {
                "batter": 1,
                "extras": 0,
                "total": 1
              }
            },
            {
              "batter": "VS Wategaonkar",
              "bowler": "Hassan Ghulam",
              "non_striker": "Jatinder Singh",
              "runs": {
                "batter": 1,
                "extras": 0,
                "total": 1
              }
            }
          ]
        },
        {
          "over": 16,
          "deliveries": [
            {
              "batter": "Jatinder Singh",
              "bowler": "D Duraisingam",
              "non_striker": "VS Wategaonkar",
              "runs": {
                "batter": 2,
                "extras": 0,
                "total": 2
              }
            },
            {
              "batter": "Jatinder Singh",
              "bowler": "D Duraisingam",
              "non_striker": "VS Wategaonkar",
              "runs": {
                "batter": 6,
                "extras": 0,
                "total": 6
              }
            },
            {
              "batter": "Jatinder Singh",
              "bowler": "D Duraisingam",
              "non_striker": "VS Wategaonkar",
              "runs": {
                "batter": 2,
                "extras": 0,
                "total": 2
              }
            },
            {
              "batter": "Jatinder Singh",
              "bowler": "D Duraisingam",
              "non_striker": "VS Wategaonkar",
              "runs": {
                "batter": 4,
                "extras": 0,
                "total": 4
              }
            },
            {
              "batter": "Jatinder Singh",
              "bowler": "D Duraisingam",
              "non_striker": "VS Wategaonkar",
              "runs": {
                "batter": 1,
                "extras": 0,
                "total": 1
              }
            },
            {
              "batter": "VS Wategaonkar",
              "bowler": "D Duraisingam",
              "non_striker": "Jatinder Singh",
              "runs": {
                "batter": 4,
                "extras": 0,
                "total": 4
              }
            }
          ]
        },
        {
          "over": 17,
          "deliveries": [
            {
              "batter": "Jatinder Singh",
              "bowler": "Khizar Hayat",
              "non_striker": "VS Wategaonkar",
              "runs": {
                "batter": 1,
                "extras": 0,
                "total": 1
              }
            },
            {
              "batter": "VS Wategaonkar",
              "bowler": "Khizar Hayat",
              "non_striker": "Jatinder Singh",
              "runs": {
                "batter": 1,
                "extras": 0,
                "total": 1
              }
            },
            {
              "batter": "Jatinder Singh",
              "bowler": "Khizar Hayat",
              "non_striker": "VS Wategaonkar",
              "runs": {
                "batter": 1,
                "extras": 0,
                "total": 1
              }
            },
            {
              "batter": "VS Wategaonkar",
              "bowler": "Khizar Hayat",
              "non_striker": "Jatinder Singh",
              "runs": {
                "batter": 6,
                "extras": 0,
                "total": 6
              }
            },
            {
              "batter": "VS Wategaonkar",
              "bowler": "Khizar Hayat",
              "non_striker": "Jatinder Singh",
              "runs": {
                "batter": 1,
                "extras": 0,
                "total": 1
              }
            },
            {
              "batter": "Jatinder Singh",
              "bowler": "Khizar Hayat",
              "non_striker": "VS Wategaonkar",
              "runs": {
                "batter": 0,
                "extras": 0,
                "total": 0
              },
              "wickets": [
                {
                  "kind": "bowled",
                  "player_out": "Jatinder Singh"
                }
              ]
            }
          ]
        },
        {
          "over": 18,
          "deliveries": [
            {
              "batter": "VS Wategaonkar",
              "bowler": "D Duraisingam",
              "non_striker": "Adnan Ilyas",
              "runs": {
                "batter": 1,
                "extras": 0,
                "total": 1
              }
            },
            {
              "batter": "Adnan Ilyas",
              "bowler": "D Duraisingam",
              "non_striker": "VS Wategaonkar",
              "runs": {
                "batter": 1,
                "extras": 0,
                "total": 1
              }
            },
            {
              "batter": "VS Wategaonkar",
              "bowler": "D Duraisingam",
              "non_striker": "Adnan Ilyas",
              "runs": {
                "batter": 2,
                "extras": 0,
                "total": 2
              }
            },
            {
              "batter": "VS Wategaonkar",
              "bowler": "D Duraisingam",
              "non_striker": "Adnan Ilyas",
              "runs": {
                "batter": 1,
                "extras": 0,
                "total": 1
              }
            },
            {
              "batter": "Adnan Ilyas",
              "bowler": "D Duraisingam",
              "non_striker": "VS Wategaonkar",
              "runs": {
                "batter": 6,
                "extras": 0,
                "total": 6
              }
            },
            {
              "batter": "Adnan Ilyas",
              "bowler": "D Duraisingam",
              "non_striker": "VS Wategaonkar",
              "runs": {
                "batter": 6,
                "extras": 0,
                "total": 6
              }
            }
          ]
        },
        {
          "over": 19,
          "deliveries": [
            {
              "batter": "VS Wategaonkar",
              "bowler": "Hassan Ghulam",
              "non_striker": "Adnan Ilyas",
              "runs": {
                "batter": 1,
                "extras": 0,
                "total": 1
              }
            },
            {
              "batter": "Adnan Ilyas",
              "bowler": "Hassan Ghulam",
              "non_striker": "VS Wategaonkar",
              "runs": {
                "batter": 4,
                "extras": 0,
                "total": 4
              }
            },
            {
              "batter": "Adnan Ilyas",
              "bowler": "Hassan Ghulam",
              "non_striker": "VS Wategaonkar",
              "runs": {
                "batter": 2,
                "extras": 0,
                "total": 2
              }
            },
            {
              "batter": "Adnan Ilyas",
              "bowler": "Hassan Ghulam",
              "non_striker": "VS Wategaonkar",
              "runs": {
                "batter": 6,
                "extras": 0,
                "total": 6
              }
            },
            {
              "batter": "Adnan Ilyas",
              "bowler": "Hassan Ghulam",
              "non_striker": "VS Wategaonkar",
              "runs": {
                "batter": 4,
                "extras": 0,
                "total": 4
              }
            },
            {
              "batter": "Adnan Ilyas",
              "bowler": "Hassan Ghulam",
              "non_striker": "VS Wategaonkar",
              "runs": {
                "batter": 6,
                "extras": 0,
                "total": 6
              }
            }
          ]
        }
      ],
      "powerplays": [
        {
          "from": 0.1,
          "to": 5.7,
          "type": "mandatory"
        }
      ]
    },
    {
      "team": "Malaysia",
      "overs": [
        {
          "over": 0,
          "deliveries": [
            {
              "batter": "Suhan Alagaratnam",
              "bowler": "RJ Ranpura",
              "non_striker": "Shafiq Sharif",
              "runs": {
                "batter": 0,
                "extras": 0,
                "total": 0
              }
            },
            {
              "batter": "Suhan Alagaratnam",
              "bowler": "RJ Ranpura",
              "non_striker": "Shafiq Sharif",
              "runs": {
                "batter": 0,
                "extras": 0,
                "total": 0
              }
            },
            {
              "batter": "Suhan Alagaratnam",
              "bowler": "RJ Ranpura",
              "non_striker": "Shafiq Sharif",
              "runs": {
                "batter": 2,
                "extras": 0,
                "total": 2
              }
            },
            {
              "batter": "Suhan Alagaratnam",
              "bowler": "RJ Ranpura",
              "non_striker": "Shafiq Sharif",
              "runs": {
                "batter": 6,
                "extras": 0,
                "total": 6
              }
            },
            {
              "batter": "Suhan Alagaratnam",
              "bowler": "RJ Ranpura",
              "non_striker": "Shafiq Sharif",
              "runs": {
                "batter": 1,
                "extras": 0,
                "total": 1
              }
            },
            {
              "batter": "Shafiq Sharif",
              "bowler": "RJ Ranpura",
              "non_striker": "Suhan Alagaratnam",
              "runs": {
                "batter": 0,
                "extras": 0,
                "total": 0
              },
              "wickets": [
                {
                  "kind": "bowled",
                  "player_out": "Shafiq Sharif"
                }
              ]
            }
          ]
        },
        {
          "over": 1,
          "deliveries": [
            {
              "batter": "Suhan Alagaratnam",
              "bowler": "M Ansari",
              "non_striker": "Ahmed Faiz",
              "runs": {
                "batter": 0,
                "extras": 0,
                "total": 0
              }
            },
            {
              "batter": "Suhan Alagaratnam",
              "bowler": "M Ansari",
              "non_striker": "Ahmed Faiz",
              "runs": {
                "batter": 2,
                "extras": 0,
                "total": 2
              }
            },
            {
              "batter": "Suhan Alagaratnam",
              "bowler": "M Ansari",
              "non_striker": "Ahmed Faiz",
              "runs": {
                "batter": 1,
                "extras": 0,
                "total": 1
              }
            },
            {
              "batter": "Ahmed Faiz",
              "bowler": "M Ansari",
              "non_striker": "Suhan Alagaratnam",
              "runs": {
                "batter": 0,
                "extras": 0,
                "total": 0
              }
            },
            {
              "batter": "Ahmed Faiz",
              "bowler": "M Ansari",
              "non_striker": "Suhan Alagaratnam",
              "runs": {
                "batter": 4,
                "extras": 0,
                "total": 4
              }
            },
            {
              "batter": "Ahmed Faiz",
              "bowler": "M Ansari",
              "non_striker": "Suhan Alagaratnam",
              "runs": {
                "batter": 1,
                "extras": 0,
                "total": 1
              }
            }
          ]
        },
        {
          "over": 2,
          "deliveries": [
            {
              "batter": "Ahmed Faiz",
              "bowler": "RJ Ranpura",
              "non_striker": "Suhan Alagaratnam",
              "runs": {
                "batter": 1,
                "extras": 0,
                "total": 1
              }
            },
            {
              "batter": "Suhan Alagaratnam",
              "bowler": "RJ Ranpura",
              "non_striker": "Ahmed Faiz",
              "runs": {
                "batter": 0,
                "extras": 0,
                "total": 0
              }
            },
            {
              "batter": "Suhan Alagaratnam",
              "bowler": "RJ Ranpura",
              "non_striker": "Ahmed Faiz",
              "runs": {
                "batter": 0,
                "extras": 0,
                "total": 0
              }
            },
            {
              "batter": "Suhan Alagaratnam",
              "bowler": "RJ Ranpura",
              "non_striker": "Ahmed Faiz",
              "runs": {
                "batter": 4,
                "extras": 0,
                "total": 4
              }
            },
            {
              "batter": "Suhan Alagaratnam",
              "bowler": "RJ Ranpura",
              "non_striker": "Ahmed Faiz",
              "runs": {
                "batter": 0,
                "extras": 0,
                "total": 0
              }
            },
            {
              "batter": "Suhan Alagaratnam",
              "bowler": "RJ Ranpura",
              "non_striker": "Ahmed Faiz",
              "runs": {
                "batter": 4,
                "extras": 0,
                "total": 4
              }
            }
          ]
        },
        {
          "over": 3,
          "deliveries": [
            {
              "batter": "Ahmed Faiz",
              "bowler": "M Ansari",
              "non_striker": "Suhan Alagaratnam",
              "runs": {
                "batter": 4,
                "extras": 0,
                "total": 4
              }
            },
            {
              "batter": "Ahmed Faiz",
              "bowler": "M Ansari",
              "non_striker": "Suhan Alagaratnam",
              "runs": {
                "batter": 1,
                "extras": 0,
                "total": 1
              }
            },
            {
              "batter": "Suhan Alagaratnam",
              "bowler": "M Ansari",
              "non_striker": "Ahmed Faiz",
              "runs": {
                "batter": 0,
                "extras": 0,
                "total": 0
              }
            },
            {
              "batter": "Suhan Alagaratnam",
              "bowler": "M Ansari",
              "non_striker": "Ahmed Faiz",
              "runs": {
                "batter": 4,
                "extras": 0,
                "total": 4
              }
            },
            {
              "batter": "Suhan Alagaratnam",
              "bowler": "M Ansari",
              "non_striker": "Ahmed Faiz",
              "runs": {
                "batter": 2,
                "extras": 0,
                "total": 2
              }
            },
            {
              "batter": "Suhan Alagaratnam",
              "bowler": "M Ansari",
              "extras": {
                "legbyes": 1
              },
              "non_striker": "Ahmed Faiz",
              "runs": {
                "batter": 0,
                "extras": 1,
                "total": 1
              }
            }
          ]
        },
        {
          "over": 4,
          "deliveries": [
            {
              "batter": "Suhan Alagaratnam",
              "bowler": "AV Lalcheta",
              "non_striker": "Ahmed Faiz",
              "runs": {
                "batter": 4,
                "extras": 0,
                "total": 4
              }
            },
            {
              "batter": "Suhan Alagaratnam",
              "bowler": "AV Lalcheta",
              "non_striker": "Ahmed Faiz",
              "runs": {
                "batter": 4,
                "extras": 0,
                "total": 4
              }
            },
            {
              "batter": "Suhan Alagaratnam",
              "bowler": "AV Lalcheta",
              "non_striker": "Ahmed Faiz",
              "runs": {
                "batter": 0,
                "extras": 0,
                "total": 0
              }
            },
            {
              "batter": "Suhan Alagaratnam",
              "bowler": "AV Lalcheta",
              "non_striker": "Ahmed Faiz",
              "runs": {
                "batter": 0,
                "extras": 0,
                "total": 0
              },
              "wickets": [
                {
                  "kind": "caught",
                  "player_out": "Suhan Alagaratnam",
                  "fielders": [
                    {
                      "name": "Sufyan Mehmood"
                    }
                  ]
                }
              ]
            },
            {
              "batter": "Aminuddin Ramly",
              "bowler": "AV Lalcheta",
              "non_striker": "Ahmed Faiz",
              "runs": {
                "batter": 0,
                "extras": 0,
                "total": 0
              }
            },
            {
              "batter": "Aminuddin Ramly",
              "bowler": "AV Lalcheta",
              "non_striker": "Ahmed Faiz",
              "runs": {
                "batter": 0,
                "extras": 0,
                "total": 0
              }
            }
          ]
        },
        {
          "over": 5,
          "deliveries": [
            {
              "batter": "Ahmed Faiz",
              "bowler": "Zeeshan Maqsood",
              "non_striker": "Aminuddin Ramly",
              "runs": {
                "batter": 0,
                "extras": 0,
                "total": 0
              }
            },
            {
              "batter": "Ahmed Faiz",
              "bowler": "Zeeshan Maqsood",
              "non_striker": "Aminuddin Ramly",
              "runs": {
                "batter": 1,
                "extras": 0,
                "total": 1
              }
            },
            {
              "batter": "Aminuddin Ramly",
              "bowler": "Zeeshan Maqsood",
              "non_striker": "Ahmed Faiz",
              "runs": {
                "batter": 1,
                "extras": 0,
                "total": 1
              }
            },
            {
              "batter": "Ahmed Faiz",
              "bowler": "Zeeshan Maqsood",
              "non_striker": "Aminuddin Ramly",
              "runs": {
                "batter": 0,
                "extras": 0,
                "total": 0
              },
              "wickets": [
                {
                  "kind": "caught",
                  "player_out": "Ahmed Faiz",
                  "fielders": [
                    {
                      "name": "Aamir Kaleem"
                    }
                  ]
                }
              ]
            },
            {
              "batter": "Khizar Hayat",
              "bowler": "Zeeshan Maqsood",
              "extras": {
                "legbyes": 1
              },
              "non_striker": "Aminuddin Ramly",
              "runs": {
                "batter": 0,
                "extras": 1,
                "total": 1
              }
            },
            {
              "batter": "Aminuddin Ramly",
              "bowler": "Zeeshan Maqsood",
              "non_striker": "Khizar Hayat",
              "runs": {
                "batter": 0,
                "extras": 0,
                "total": 0
              }
            }
          ]
        },
        {
          "over": 6,
          "deliveries": [
            {
              "batter": "Khizar Hayat",
              "bowler": "AV Lalcheta",
              "non_striker": "Aminuddin Ramly",
              "runs": {
                "batter": 0,
                "extras": 0,
                "total": 0
              }
            },
            {
              "batter": "Khizar Hayat",
              "bowler": "AV Lalcheta",
              "non_striker": "Aminuddin Ramly",
              "runs": {
                "batter": 1,
                "extras": 0,
                "total": 1
              }
            },
            {
              "batter": "Aminuddin Ramly",
              "bowler": "AV Lalcheta",
              "non_striker": "Khizar Hayat",
              "runs": {
                "batter": 0,
                "extras": 0,
                "total": 0
              }
            },
            {
              "batter": "Aminuddin Ramly",
              "bowler": "AV Lalcheta",
              "non_striker": "Khizar Hayat",
              "runs": {
                "batter": 0,
                "extras": 0,
                "total": 0
              }
            },
            {
              "batter": "Aminuddin Ramly",
              "bowler": "AV Lalcheta",
              "non_striker": "Khizar Hayat",
              "runs": {
                "batter": 0,
                "extras": 0,
                "total": 0
              }
            },
            {
              "batter": "Aminuddin Ramly",
              "bowler": "AV Lalcheta",
              "non_striker": "Khizar Hayat",
              "runs": {
                "batter": 0,
                "extras": 0,
                "total": 0
              }
            }
          ]
        },
        {
          "over": 7,
          "deliveries": [
            {
              "batter": "Khizar Hayat",
              "bowler": "Zeeshan Maqsood",
              "extras": {
                "legbyes": 1
              },
              "non_striker": "Aminuddin Ramly",
              "runs": {
                "batter": 0,
                "extras": 1,
                "total": 1
              }
            },
            {
              "batter": "Aminuddin Ramly",
              "bowler": "Zeeshan Maqsood",
              "non_striker": "Khizar Hayat",
              "runs": {
                "batter": 2,
                "extras": 0,
                "total": 2
              }
            },
            {
              "batter": "Aminuddin Ramly",
              "bowler": "Zeeshan Maqsood",
              "non_striker": "Khizar Hayat",
              "runs": {
                "batter": 6,
                "extras": 0,
                "total": 6
              }
            },
            {
              "batter": "Aminuddin Ramly",
              "bowler": "Zeeshan Maqsood",
              "non_striker": "Khizar Hayat",
              "runs": {
                "batter": 1,
                "extras": 0,
                "total": 1
              }
            },
            {
              "batter": "Khizar Hayat",
              "bowler": "Zeeshan Maqsood",
              "non_striker": "Aminuddin Ramly",
              "runs": {
                "batter": 0,
                "extras": 0,
                "total": 0
              }
            },
            {
              "batter": "Khizar Hayat",
              "bowler": "Zeeshan Maqsood",
              "non_striker": "Aminuddin Ramly",
              "runs": {
                "batter": 0,
                "extras": 0,
                "total": 0
              }
            }
          ]
        },
        {
          "over": 8,
          "deliveries": [
            {
              "batter": "Aminuddin Ramly",
              "bowler": "Aamir Kaleem",
              "non_striker": "Khizar Hayat",
              "runs": {
                "batter": 1,
                "extras": 0,
                "total": 1
              }
            },
            {
              "batter": "Khizar Hayat",
              "bowler": "Aamir Kaleem",
              "non_striker": "Aminuddin Ramly",
              "runs": {
                "batter": 1,
                "extras": 0,
                "total": 1
              }
            },
            {
              "batter": "Aminuddin Ramly",
              "bowler": "Aamir Kaleem",
              "non_striker": "Khizar Hayat",
              "runs": {
                "batter": 1,
                "extras": 0,
                "total": 1
              }
            },
            {
              "batter": "Khizar Hayat",
              "bowler": "Aamir Kaleem",
              "non_striker": "Aminuddin Ramly",
              "runs": {
                "batter": 1,
                "extras": 0,
                "total": 1
              }
            },
            {
              "batter": "Aminuddin Ramly",
              "bowler": "Aamir Kaleem",
              "non_striker": "Khizar Hayat",
              "runs": {
                "batter": 1,
                "extras": 0,
                "total": 1
              }
            },
            {
              "batter": "Khizar Hayat",
              "bowler": "Aamir Kaleem",
              "extras": {
                "wides": 1
              },
              "non_striker": "Aminuddin Ramly",
              "runs": {
                "batter": 0,
                "extras": 1,
                "total": 1
              }
            },
            {
              "batter": "Khizar Hayat",
              "bowler": "Aamir Kaleem",
              "non_striker": "Aminuddin Ramly",
              "runs": {
                "batter": 0,
                "extras": 0,
                "total": 0
              }
            }
          ]
        },
        {
          "over": 9,
          "deliveries": [
            {
              "batter": "Aminuddin Ramly",
              "bowler": "Zeeshan Maqsood",
              "extras": {
                "wides": 1
              },
              "non_striker": "Khizar Hayat",
              "runs": {
                "batter": 0,
                "extras": 1,
                "total": 1
              }
            },
            {
              "batter": "Aminuddin Ramly",
              "bowler": "Zeeshan Maqsood",
              "non_striker": "Khizar Hayat",
              "runs": {
                "batter": 1,
                "extras": 0,
                "total": 1
              }
            },
            {
              "batter": "Khizar Hayat",
              "bowler": "Zeeshan Maqsood",
              "non_striker": "Aminuddin Ramly",
              "runs": {
                "batter": 1,
                "extras": 0,
                "total": 1
              }
            },
            {
              "batter": "Aminuddin Ramly",
              "bowler": "Zeeshan Maqsood",
              "non_striker": "Khizar Hayat",
              "runs": {
                "batter": 1,
                "extras": 0,
                "total": 1
              }
            },
            {
              "batter": "Khizar Hayat",
              "bowler": "Zeeshan Maqsood",
              "non_striker": "Aminuddin Ramly",
              "runs": {
                "batter": 1,
                "extras": 0,
                "total": 1
              }
            },
            {
              "batter": "Aminuddin Ramly",
              "bowler": "Zeeshan Maqsood",
              "non_striker": "Khizar Hayat",
              "runs": {
                "batter": 2,
                "extras": 0,
                "total": 2
              }
            },
            {
              "batter": "Aminuddin Ramly",
              "bowler": "Zeeshan Maqsood",
              "non_striker": "Khizar Hayat",
              "runs": {
                "batter": 6,
                "extras": 0,
                "total": 6
              }
            }
          ]
        },
        {
          "over": 10,
          "deliveries": [
            {
              "batter": "Khizar Hayat",
              "bowler": "Aamir Kaleem",
              "non_striker": "Aminuddin Ramly",
              "runs": {
                "batter": 1,
                "extras": 0,
                "total": 1
              }
            },
            {
              "batter": "Aminuddin Ramly",
              "bowler": "Aamir Kaleem",
              "non_striker": "Khizar Hayat",
              "runs": {
                "batter": 0,
                "extras": 0,
                "total": 0
              },
              "wickets": [
                {
                  "kind": "bowled",
                  "player_out": "Aminuddin Ramly"
                }
              ]
            },
            {
              "batter": "Hammadullah Khan",
              "bowler": "Aamir Kaleem",
              "non_striker": "Khizar Hayat",
              "runs": {
                "batter": 1,
                "extras": 0,
                "total": 1
              }
            },
            {
              "batter": "Khizar Hayat",
              "bowler": "Aamir Kaleem",
              "non_striker": "Hammadullah Khan",
              "runs": {
                "batter": 1,
                "extras": 0,
                "total": 1
              }
            },
            {
              "batter": "Hammadullah Khan",
              "bowler": "Aamir Kaleem",
              "non_striker": "Khizar Hayat",
              "runs": {
                "batter": 1,
                "extras": 0,
                "total": 1
              }
            },
            {
              "batter": "Khizar Hayat",
              "bowler": "Aamir Kaleem",
              "non_striker": "Hammadullah Khan",
              "runs": {
                "batter": 1,
                "extras": 0,
                "total": 1
              }
            }
          ]
        },
        {
          "over": 11,
          "deliveries": [
            {
              "batter": "Khizar Hayat",
              "bowler": "AV Lalcheta",
              "non_striker": "Hammadullah Khan",
              "runs": {
                "batter": 1,
                "extras": 0,
                "total": 1
              }
            },
            {
              "batter": "Hammadullah Khan",
              "bowler": "AV Lalcheta",
              "non_striker": "Khizar Hayat",
              "runs": {
                "batter": 0,
                "extras": 0,
                "total": 0
              }
            },
            {
              "batter": "Hammadullah Khan",
              "bowler": "AV Lalcheta",
              "non_striker": "Khizar Hayat",
              "runs": {
                "batter": 2,
                "extras": 0,
                "total": 2
              }
            },
            {
              "batter": "Hammadullah Khan",
              "bowler": "AV Lalcheta",
              "non_striker": "Khizar Hayat",
              "runs": {
                "batter": 1,
                "extras": 0,
                "total": 1
              }
            },
            {
              "batter": "Khizar Hayat",
              "bowler": "AV Lalcheta",
              "non_striker": "Hammadullah Khan",
              "runs": {
                "batter": 6,
                "extras": 0,
                "total": 6
              }
            },
            {
              "batter": "Khizar Hayat",
              "bowler": "AV Lalcheta",
              "non_striker": "Hammadullah Khan",
              "runs": {
                "batter": 1,
                "extras": 0,
                "total": 1
              }
            }
          ]
        },
        {
          "over": 12,
          "deliveries": [
            {
              "batter": "Khizar Hayat",
              "bowler": "Aamir Kaleem",
              "non_striker": "Hammadullah Khan",
              "runs": {
                "batter": 0,
                "extras": 0,
                "total": 0
              }
            },
            {
              "batter": "Khizar Hayat",
              "bowler": "Aamir Kaleem",
              "non_striker": "Hammadullah Khan",
              "runs": {
                "batter": 0,
                "extras": 0,
                "total": 0
              }
            },
            {
              "batter": "Khizar Hayat",
              "bowler": "Aamir Kaleem",
              "non_striker": "Hammadullah Khan",
              "runs": {
                "batter": 1,
                "extras": 0,
                "total": 1
              }
            },
            {
              "batter": "Hammadullah Khan",
              "bowler": "Aamir Kaleem",
              "non_striker": "Khizar Hayat",
              "runs": {
                "batter": 1,
                "extras": 0,
                "total": 1
              }
            },
            {
              "batter": "Khizar Hayat",
              "bowler": "Aamir Kaleem",
              "non_striker": "Hammadullah Khan",
              "runs": {
                "batter": 1,
                "extras": 0,
                "total": 1
              }
            },
            {
              "batter": "Hammadullah Khan",
              "bowler": "Aamir Kaleem",
              "non_striker": "Khizar Hayat",
              "runs": {
                "batter": 0,
                "extras": 0,
                "total": 0
              }
            }
          ]
        },
        {
          "over": 13,
          "deliveries": [
            {
              "batter": "Khizar Hayat",
              "bowler": "M Ansari",
              "non_striker": "Hammadullah Khan",
              "runs": {
                "batter": 1,
                "extras": 0,
                "total": 1
              }
            },
            {
              "batter": "Hammadullah Khan",
              "bowler": "M Ansari",
              "non_striker": "Khizar Hayat",
              "runs": {
                "batter": 0,
                "extras": 0,
                "total": 0
              },
              "wickets": [
                {
                  "kind": "caught",
                  "player_out": "Hammadullah Khan",
                  "fielders": [
                    {
                      "name": "Sufyan Mehmood"
                    }
                  ]
                }
              ]
            },
            {
              "batter": "Hassan Ghulam",
              "bowler": "M Ansari",
              "non_striker": "Khizar Hayat",
              "runs": {
                "batter": 0,
                "extras": 0,
                "total": 0
              }
            },
            {
              "batter": "Hassan Ghulam",
              "bowler": "M Ansari",
              "non_striker": "Khizar Hayat",
              "runs": {
                "batter": 1,
                "extras": 0,
                "total": 1
              }
            },
            {
              "batter": "Hassan Ghulam",
              "bowler": "M Ansari",
              "non_striker": "Khizar Hayat",
              "runs": {
                "batter": 1,
                "extras": 0,
                "total": 1
              }
            },
            {
              "batter": "Khizar Hayat",
              "bowler": "M Ansari",
              "non_striker": "Hassan Ghulam",
              "runs": {
                "batter": 1,
                "extras": 0,
                "total": 1
              }
            }
          ]
        },
        {
          "over": 14,
          "deliveries": [
            {
              "batter": "Khizar Hayat",
              "bowler": "Aamir Kaleem",
              "non_striker": "Hassan Ghulam",
              "runs": {
                "batter": 1,
                "extras": 0,
                "total": 1
              }
            },
            {
              "batter": "Hassan Ghulam",
              "bowler": "Aamir Kaleem",
              "non_striker": "Khizar Hayat",
              "runs": {
                "batter": 0,
                "extras": 0,
                "total": 0
              }
            },
            {
              "batter": "Hassan Ghulam",
              "bowler": "Aamir Kaleem",
              "non_striker": "Khizar Hayat",
              "runs": {
                "batter": 1,
                "extras": 0,
                "total": 1
              }
            },
            {
              "batter": "Khizar Hayat",
              "bowler": "Aamir Kaleem",
              "non_striker": "Hassan Ghulam",
              "runs": {
                "batter": 1,
                "extras": 0,
                "total": 1
              }
            },
            {
              "batter": "Hassan Ghulam",
              "bowler": "Aamir Kaleem",
              "non_striker": "Khizar Hayat",
              "runs": {
                "batter": 1,
                "extras": 0,
                "total": 1
              }
            },
            {
              "batter": "Khizar Hayat",
              "bowler": "Aamir Kaleem",
              "non_striker": "Hassan Ghulam",
              "runs": {
                "batter": 0,
                "extras": 0,
                "total": 0
              },
              "wickets": [
                {
                  "kind": "stumped",
                  "player_out": "Khizar Hayat",
                  "fielders": [
                    {
                      "name": "Sultan Ahmed"
                    }
                  ]
                }
              ]
            }
          ]
        },
        {
          "over": 15,
          "deliveries": [
            {
              "batter": "Hassan Ghulam",
              "bowler": "M Ansari",
              "extras": {
                "wides": 1
              },
              "non_striker": "Virandeep Singh",
              "runs": {
                "batter": 0,
                "extras": 1,
                "total": 1
              }
            },
            {
              "batter": "Hassan Ghulam",
              "bowler": "M Ansari",
              "non_striker": "Virandeep Singh",
              "runs": {
                "batter": 0,
                "extras": 0,
                "total": 0
              }
            },
            {
              "batter": "Hassan Ghulam",
              "bowler": "M Ansari",
              "non_striker": "Virandeep Singh",
              "runs": {
                "batter": 1,
                "extras": 0,
                "total": 1
              }
            },
            {
              "batter": "Virandeep Singh",
              "bowler": "M Ansari",
              "non_striker": "Hassan Ghulam",
              "runs": {
                "batter": 1,
                "extras": 0,
                "total": 1
              }
            },
            {
              "batter": "Hassan Ghulam",
              "bowler": "M Ansari",
              "non_striker": "Virandeep Singh",
              "runs": {
                "batter": 1,
                "extras": 0,
                "total": 1
              }
            },
            {
              "batter": "Virandeep Singh",
              "bowler": "M Ansari",
              "non_striker": "Hassan Ghulam",
              "runs": {
                "batter": 1,
                "extras": 0,
                "total": 1
              }
            },
            {
              "batter": "Hassan Ghulam",
              "bowler": "M Ansari",
              "non_striker": "Virandeep Singh",
              "runs": {
                "batter": 0,
                "extras": 0,
                "total": 0
              }
            }
          ]
        },
        {
          "over": 16,
          "deliveries": [
            {
              "batter": "Virandeep Singh",
              "bowler": "RJ Ranpura",
              "non_striker": "Hassan Ghulam",
              "runs": {
                "batter": 1,
                "extras": 0,
                "total": 1
              }
            },
            {
              "batter": "Hassan Ghulam",
              "bowler": "RJ Ranpura",
              "non_striker": "Virandeep Singh",
              "runs": {
                "batter": 1,
                "extras": 0,
                "total": 1
              }
            },
            {
              "batter": "Virandeep Singh",
              "bowler": "RJ Ranpura",
              "non_striker": "Hassan Ghulam",
              "runs": {
                "batter": 1,
                "extras": 0,
                "total": 1
              }
            },
            {
              "batter": "Hassan Ghulam",
              "bowler": "RJ Ranpura",
              "non_striker": "Virandeep Singh",
              "runs": {
                "batter": 2,
                "extras": 0,
                "total": 2
              }
            },
            {
              "batter": "Hassan Ghulam",
              "bowler": "RJ Ranpura",
              "non_striker": "Virandeep Singh",
              "runs": {
                "batter": 4,
                "extras": 0,
                "total": 4
              }
            },
            {
              "batter": "Hassan Ghulam",
              "bowler": "RJ Ranpura",
              "non_striker": "Virandeep Singh",
              "runs": {
                "batter": 1,
                "extras": 0,
                "total": 1
              }
            }
          ]
        },
        {
          "over": 17,
          "deliveries": [
            {
              "batter": "Hassan Ghulam",
              "bowler": "Sufyan Mehmood",
              "non_striker": "Virandeep Singh",
              "runs": {
                "batter": 6,
                "extras": 0,
                "total": 6
              }
            },
            {
              "batter": "Hassan Ghulam",
              "bowler": "Sufyan Mehmood",
              "non_striker": "Virandeep Singh",
              "runs": {
                "batter": 4,
                "extras": 0,
                "total": 4
              }
            },
            {
              "batter": "Hassan Ghulam",
              "bowler": "Sufyan Mehmood",
              "non_striker": "Virandeep Singh",
              "runs": {
                "batter": 0,
                "extras": 0,
                "total": 0
              }
            },
            {
              "batter": "Hassan Ghulam",
              "bowler": "Sufyan Mehmood",
              "non_striker": "Virandeep Singh",
              "runs": {
                "batter": 1,
                "extras": 0,
                "total": 1
              }
            },
            {
              "batter": "Virandeep Singh",
              "bowler": "Sufyan Mehmood",
              "non_striker": "Hassan Ghulam",
              "runs": {
                "batter": 4,
                "extras": 0,
                "total": 4
              }
            },
            {
              "batter": "Virandeep Singh",
              "bowler": "Sufyan Mehmood",
              "non_striker": "Hassan Ghulam",
              "runs": {
                "batter": 0,
                "extras": 0,
                "total": 0
              }
            }
          ]
        },
        {
          "over": 18,
          "deliveries": [
            {
              "batter": "Hassan Ghulam",
              "bowler": "RJ Ranpura",
              "non_striker": "Virandeep Singh",
              "runs": {
                "batter": 2,
                "extras": 0,
                "total": 2
              }
            },
            {
              "batter": "Hassan Ghulam",
              "bowler": "RJ Ranpura",
              "non_striker": "Virandeep Singh",
              "runs": {
                "batter": 0,
                "extras": 0,
                "total": 0
              },
              "wickets": [
                {
                  "kind": "caught",
                  "player_out": "Hassan Ghulam",
                  "fielders": [
                    {
                      "name": "Aamir Kaleem"
                    }
                  ]
                }
              ]
            },
            {
              "batter": "Virandeep Singh",
              "bowler": "RJ Ranpura",
              "non_striker": "Suharril Fetri",
              "runs": {
                "batter": 0,
                "extras": 0,
                "total": 0
              }
            },
            {
              "batter": "Virandeep Singh",
              "bowler": "RJ Ranpura",
              "non_striker": "Suharril Fetri",
              "runs": {
                "batter": 1,
                "extras": 0,
                "total": 1
              }
            },
            {
              "batter": "Suharril Fetri",
              "bowler": "RJ Ranpura",
              "non_striker": "Virandeep Singh",
              "runs": {
                "batter": 1,
                "extras": 0,
                "total": 1
              }
            },
            {
              "batter": "Virandeep Singh",
              "bowler": "RJ Ranpura",
              "non_striker": "Suharril Fetri",
              "runs": {
                "batter": 0,
                "extras": 0,
                "total": 0
              }
            }
          ]
        },
        {
          "over": 19,
          "deliveries": [
            {
              "batter": "Suharril Fetri",
              "bowler": "AV Lalcheta",
              "extras": {
                "wides": 1
              },
              "non_striker": "Virandeep Singh",
              "runs": {
                "batter": 0,
                "extras": 1,
                "total": 1
              }
            },
            {
              "batter": "Suharril Fetri",
              "bowler": "AV Lalcheta",
              "non_striker": "Virandeep Singh",
              "runs": {
                "batter": 1,
                "extras": 0,
                "total": 1
              }
            },
            {
              "batter": "Virandeep Singh",
              "bowler": "AV Lalcheta",
              "non_striker": "Suharril Fetri",
              "runs": {
                "batter": 1,
                "extras": 0,
                "total": 1
              }
            },
            {
              "batter": "Suharril Fetri",
              "bowler": "AV Lalcheta",
              "non_striker": "Virandeep Singh",
              "runs": {
                "batter": 0,
                "extras": 0,
                "total": 0
              }
            },
            {
              "batter": "Suharril Fetri",
              "bowler": "AV Lalcheta",
              "non_striker": "Virandeep Singh",
              "runs": {
                "batter": 1,
                "extras": 0,
                "total": 1
              }
            },
            {
              "batter": "Virandeep Singh",
              "bowler": "AV Lalcheta",
              "non_striker": "Suharril Fetri",
              "runs": {
                "batter": 0,
                "extras": 0,
                "total": 0
              }
            },
            {
              "batter": "Virandeep Singh",
              "bowler": "AV Lalcheta",
              "non_striker": "Suharril Fetri",
              "runs": {
                "batter": 2,
                "extras": 0,
                "total": 2
              }
            }
          ]
        }
      ],
      "powerplays": [
        {
          "from": 0.1,
          "to": 5.6,
          "type": "mandatory"
        }
      ],
      "target": {
        "overs": 20,
        "runs": 193
      }
    }
  ]
}