{
  "meta": {
    "data_version": "1.0.0",
    "created": "2015-07-26",
    "revision": 4
  },
  "info": {
    "balls_per_over": 6,
    "city": "Edinburgh",
    "dates": [
      "2015-07-14"
    ],
    "event": {
      "group": "B",
      "match_number": 20,
      "name": "ICC World Twenty20 Qualifier"
    },
    "gender": "male",
    "match_type": "IT20",
    "officials": {
      "match_referees": [
        "DT Jukes"
      ],
      "reserve_umpires": [
        "EM Young"
      ],
      "umpires": [
        "D Odhiambo",
        "NJ Llong"
      ]
    },
    "outcome": {
      "by": {
        "wickets": 6
      },
      "winner": "Oman"
    },
    "overs": 20,
    "player_of_match": [
      "Jatinder Singh"
    ],
    "players": {
      "Netherlands": [
        "SJ Myburgh",
        "W Barresi",
        "BN Cooper",
        "PW Borren",
        "MP O'Dowd",
        "RE van der Merwe",
        "Mudassar Bukhari",
        "PM Seelaar",
        "MJG Rippon",
        "T van der Gugten",
        "PA van Meekeren"
      ],
      "Oman": [
        "Zeeshan Maqsood",
        "Zeeshan Siddiqui",
        "Jatinder Singh",
        "VS Wategaonkar",
        "Aamir Kaleem",
        "Sultan Ahmed",
        "Amir Ali",
        "RJ Ranpura",
        "AV Lalcheta",
        "M Ansari",
        "Mehran Khan"
      ]
    },
    "registry": {
      "people": {
        "AV Lalcheta": "b858be20",
        "Aamir Kaleem": "7ecb9a14",
        "Amir Ali": "3748955d",
        "BN Cooper": "634a7b21",
        "D Odhiambo": "45994517",
        "DT Jukes": "7c215d14",
        "EM Young": "543b4552",
        "Jatinder Singh": "b80dd12c",
        "M Ansari": "681af475",
        "MJG Rippon": "b03db6fa",
        "MP O'Dowd": "b699df47",
        "Mehran Khan": "d7bfcc0b",
        "Mudassar Bukhari": "37312a74",
        "NJ Llong": "573fb985",
        "PA van Meekeren": "4557dc54",
        "PM Seelaar": "abbdca1a",
        "PW Borren": "91052c96",
        "RE van der Merwe": "05c2ca46",
        "RJ Ranpura": "c024db94",
        "SJ Myburgh": "18261c22",
        "Sultan Ahmed": "3bf7c034",
        "T van der Gugten": "d99cc23a",
        "VS Wategaonkar": "dd340ef9",
        "W Barresi": "0d677597",
        "Zeeshan Maqsood": "34464143",
        "Zeeshan Siddiqui": "9029d54a"
      }
    },
    "season": 2015,
    "team_type": "international",
    "teams": [
      "Netherlands",
      "Oman"
    ],
    "toss": {
      "decision": "field",
      "winner": "Oman"
    },
    "venue": "Myreside"
  },
  "innings": [
    {
      "team": "Netherlands",
      "overs": [
        {
          "over": 0,
          "deliveries": [
            {
              "batter": "SJ Myburgh",
              "bowler": "M Ansari",
              "non_striker": "W Barresi",
              "runs": {
                "batter": 0,
                "extras": 0,
                "total": 0
              }
            },
            {
              "batter": "SJ Myburgh",
              "bowler": "M Ansari",
              "non_striker": "W Barresi",
              "runs": {
                "batter": 0,
                "extras": 0,
                "total": 0
              }
            },
            {
              "batter": "SJ Myburgh",
              "bowler": "M Ansari",
              "non_striker": "W Barresi",
              "runs": {
                "batter": 0,
                "extras": 0,
                "total": 0
              }
            },
            {
              "batter": "SJ Myburgh",
              "bowler": "M Ansari",
              "non_striker": "W Barresi",
              "runs": {
                "batter": 3,
                "extras": 0,
                "total": 3
              }
            },
            {
              "batter": "W Barresi",
              "bowler": "M Ansari",
              "non_striker": "SJ Myburgh",
              "runs": {
                "batter": 0,
                "extras": 0,
                "total": 0
              }
            },
            {
              "batter": "W Barresi",
              "bowler": "M Ansari",
              "non_striker": "SJ Myburgh",
              "runs": {
                "batter": 0,
                "extras": 0,
                "total": 0
              }
            }
          ]
        },
        {
          "over": 1,
          "deliveries": [
            {
              "batter": "SJ Myburgh",
              "bowler": "AV Lalcheta",
              "non_striker": "W Barresi",
              "runs": {
                "batter": 0,
                "extras": 0,
                "total": 0
              }
            },
            {
              "batter": "SJ Myburgh",
              "bowler": "AV Lalcheta",
              "non_striker": "W Barresi",
              "runs": {
                "batter": 1,
                "extras": 0,
                "total": 1
              }
            },
            {
              "batter": "W Barresi",
              "bowler": "AV Lalcheta",
              "extras": {
                "wides": 1
              },
              "non_striker": "SJ Myburgh",
              "runs": {
                "batter": 0,
                "extras": 1,
                "total": 1
              }
            },
            {
              "batter": "W Barresi",
              "bowler": "AV Lalcheta",
              "non_striker": "SJ Myburgh",
              "runs": {
                "batter": 0,
                "extras": 0,
                "total": 0
              }
            },
            {
              "batter": "W Barresi",
              "bowler": "AV Lalcheta",
              "non_striker": "SJ Myburgh",
              "runs": {
                "batter": 0,
                "extras": 0,
                "total": 0
              }
            },
            {
              "batter": "W Barresi",
              "bowler": "AV Lalcheta",
              "extras": {
                "wides": 2
              },
              "non_striker": "SJ Myburgh",
              "runs": {
                "batter": 0,
                "extras": 2,
                "total": 2
              }
            },
            {
              "batter": "SJ Myburgh",
              "bowler": "AV Lalcheta",
              "extras": {
                "wides": 5
              },
              "non_striker": "W Barresi",
              "runs": {
                "batter": 0,
                "extras": 5,
                "total": 5
              }
            },
            {
              "batter": "SJ Myburgh",
              "bowler": "AV Lalcheta",
              "non_striker": "W Barresi",
              "runs": {
                "batter": 0,
                "extras": 0,
                "total": 0
              }
            },
            {
              "batter": "SJ Myburgh",
              "bowler": "AV Lalcheta",
              "extras": {
                "byes": 2
              },
              "non_striker": "W Barresi",
              "runs": {
                "batter": 0,
                "extras": 2,
                "total": 2
              }
            }
          ]
        },
        {
          "over": 2,
          "deliveries": [
            {
              "batter": "W Barresi",
              "bowler": "M Ansari",
              "non_striker": "SJ Myburgh",
              "runs": {
                "batter": 1,
                "extras": 0,
                "total": 1
              }
            },
            {
              "batter": "SJ Myburgh",
              "bowler": "M Ansari",
              "non_striker": "W Barresi",
              "runs": {
                "batter": 4,
                "extras": 0,
                "total": 4
              }
            },
            {
              "batter": "SJ Myburgh",
              "bowler": "M Ansari",
              "non_striker": "W Barresi",
              "runs": {
                "batter": 0,
                "extras": 0,
                "total": 0
              }
            },
            {
              "batter": "SJ Myburgh",
              "bowler": "M Ansari",
              "non_striker": "W Barresi",
              "runs": {
                "batter": 0,
                "extras": 0,
                "total": 0
              }
            },
            {
              "batter": "SJ Myburgh",
              "bowler": "M Ansari",
              "non_striker": "W Barresi",
              "runs": {
                "batter": 0,
                "extras": 0,
                "total": 0
              }
            },
            {
              "batter": "SJ Myburgh",
              "bowler": "M Ansari",
              "non_striker": "W Barresi",
              "runs": {
                "batter": 0,
                "extras": 0,
                "total": 0
              }
            }
          ]
        },
        {
          "over": 3,
          "deliveries": [
            {
              "batter": "W Barresi",
              "bowler": "AV Lalcheta",
              "non_striker": "SJ Myburgh",
              "runs": {
                "batter": 0,
                "extras": 0,
                "total": 0
              }
            },
            {
              "batter": "W Barresi",
              "bowler": "AV Lalcheta",
              "non_striker": "SJ Myburgh",
              "runs": {
                "batter": 0,
                "extras": 0,
                "total": 0
              }
            },
            {
              "batter": "W Barresi",
              "bowler": "AV Lalcheta",
              "non_striker": "SJ Myburgh",
              "runs": {
                "batter": 0,
                "extras": 0,
                "total": 0
              }
            },
            {
              "batter": "W Barresi",
              "bowler": "AV Lalcheta",
              "non_striker": "SJ Myburgh",
              "runs": {
                "batter": 0,
                "extras": 0,
                "total": 0
              }
            },
            {
              "batter": "W Barresi",
              "bowler": "AV Lalcheta",
              "non_striker": "SJ Myburgh",
              "runs": {
                "batter": 4,
                "extras": 0,
                "total": 4
              }
            },
            {
              "batter": "W Barresi",
              "bowler": "AV Lalcheta",
              "non_striker": "SJ Myburgh",
              "runs": {
                "batter": 2,
                "extras": 0,
                "total": 2
              }
            }
          ]
        },
        {
          "over": 4,
          "deliveries": [
            {
              "batter": "SJ Myburgh",
              "bowler": "RJ Ranpura",
              "non_striker": "W Barresi",
              "runs": {
                "batter": 0,
                "extras": 0,
                "total": 0
              }
            },
            {
              "batter": "SJ Myburgh",
              "bowler": "RJ Ranpura",
              "non_striker": "W Barresi",
              "runs": {
                "batter": 4,
                "extras": 0,
                "total": 4
              }
            },
            {
              "batter": "SJ Myburgh",
              "bowler": "RJ Ranpura",
              "non_striker": "W Barresi",
              "runs": {
                "batter": 4,
                "extras": 0,
                "total": 4
              }
            },
            {
              "batter": "SJ Myburgh",
              "bowler": "RJ Ranpura",
              "non_striker": "W Barresi",
              "runs": {
                "batter": 0,
                "extras": 0,
                "total": 0
              }
            },
            {
              "batter": "SJ Myburgh",
              "bowler": "RJ Ranpura",
              "non_striker": "W Barresi",
              "runs": {
                "batter": 0,
                "extras": 0,
                "total": 0
              }
            },
            {
              "batter": "SJ Myburgh",
              "bowler": "RJ Ranpura",
              "non_striker": "W Barresi",
              "runs": {
                "batter": 1,
                "extras": 0,
                "total": 1
              }
            }
          ]
        },
        {
          "over": 5,
          "deliveries": [
            {
              "batter": "SJ Myburgh",
              "bowler": "AV Lalcheta",
              "non_striker": "W Barresi",
              "runs": {
                "batter": 0,
                "extras": 0,
                "total": 0
              }
            },
            {
              "batter": "SJ Myburgh",
              "bowler": "AV Lalcheta",
              "non_striker": "W Barresi",
              "runs": {
                "batter": 1,
                "extras": 0,
                "total": 1
              }
            },
            {
              "batter": "W Barresi",
              "bowler": "AV Lalcheta",
              "non_striker": "SJ Myburgh",
              "runs": {
                "batter": 2,
                "extras": 0,
                "total": 2
              }
            },
            {
              "batter": "W Barresi",
              "bowler": "AV Lalcheta",
              "non_striker": "SJ Myburgh",
              "runs": {
                "batter": 4,
                "extras": 0,
                "total": 4
              }
            },
            {
              "batter": "W Barresi",
              "bowler": "AV Lalcheta",
              "non_striker": "SJ Myburgh",
              "runs": {
                "batter": 0,
                "extras": 0,
                "total": 0
              }
            },
            {
              "batter": "W Barresi",
              "bowler": "AV Lalcheta",
              "non_striker": "SJ Myburgh",
              "runs": {
                "batter": 1,
                "extras": 0,
                "total": 1
              }
            }
          ]
        },
        {
          "over": 6,
          "deliveries": [
            {
              "batter": "W Barresi",
              "bowler": "Zeeshan Maqsood",
              "non_striker": "SJ Myburgh",
              "runs": {
                "batter": 0,
                "extras": 0,
                "total": 0
              }
            },
            {
              "batter": "W Barresi",
              "bowler": "Zeeshan Maqsood",
              "non_striker": "SJ Myburgh",
              "runs": {
                "batter": 0,
                "extras": 0,
                "total": 0
              }
            },
            {
              "batter": "W Barresi",
              "bowler": "Zeeshan Maqsood",
              "non_striker": "SJ Myburgh",
              "runs": {
                "batter": 1,
                "extras": 0,
                "total": 1
              }
            },
            {
              "batter": "SJ Myburgh",
              "bowler": "Zeeshan Maqsood",
              "non_striker": "W Barresi",
              "runs": {
                "batter": 1,
                "extras": 0,
                "total": 1
              }
            },
            {
              "batter": "W Barresi",
              "bowler": "Zeeshan Maqsood",
              "non_striker": "SJ Myburgh",
              "runs": {
                "batter": 0,
                "extras": 0,
                "total": 0
              }
            },
            {
              "batter": "W Barresi",
              "bowler": "Zeeshan Maqsood",
              "non_striker": "SJ Myburgh",
              "runs": {
                "batter": 1,
                "extras": 0,
                "total": 1
              }
            }
          ]
        },
        {
          "over": 7,
          "deliveries": [
            {
              "batter": "W Barresi",
              "bowler": "AV Lalcheta",
              "non_striker": "SJ Myburgh",
              "runs": {
                "batter": 1,
                "extras": 0,
                "total": 1
              }
            },
            {
              "batter": "SJ Myburgh",
              "bowler": "AV Lalcheta",
              "non_striker": "W Barresi",
              "runs": {
                "batter": 1,
                "extras": 0,
                "total": 1
              }
            },
            {
              "batter": "W Barresi",
              "bowler": "AV Lalcheta",
              "non_striker": "SJ Myburgh",
              "runs": {
                "batter": 4,
                "extras": 0,
                "total": 4
              }
            },
            {
              "batter": "W Barresi",
              "bowler": "AV Lalcheta",
              "non_striker": "SJ Myburgh",
              "runs": {
                "batter": 0,
                "extras": 0,
                "total": 0
              },
              "wickets": [
                {
                  "kind": "stumped",
                  "player_out": "W Barresi",
                  "fielders": [
                    {
                      "name": "Sultan Ahmed"
                    }
                  ]
                }
              ]
            },
            {
              "batter": "BN Cooper",
              "bowler": "AV Lalcheta",
              "non_striker": "SJ Myburgh",
              "runs": {
                "batter": 1,
                "extras": 0,
                "total": 1
              }
            },
            {
              "batter": "SJ Myburgh",
              "bowler": "AV Lalcheta",
              "non_striker": "BN Cooper",
              "runs": {
                "batter": 1,
                "extras": 0,
                "total": 1
              }
            }
          ]
        },
        {
          "over": 8,
          "deliveries": [
            {
              "batter": "SJ Myburgh",
              "bowler": "Amir Ali",
              "non_striker": "BN Cooper",
              "runs": {
                "batter": 2,
                "extras": 0,
                "total": 2
              }
            },
            {
              "batter": "SJ Myburgh",
              "bowler": "Amir Ali",
              "non_striker": "BN Cooper",
              "runs": {
                "batter": 1,
                "extras": 0,
                "total": 1
              }
            },
            {
              "batter": "BN Cooper",
              "bowler": "Amir Ali",
              "non_striker": "SJ Myburgh",
              "runs": {
                "batter": 0,
                "extras": 0,
                "total": 0
              }
            },
            {
              "batter": "BN Cooper",
              "bowler": "Amir Ali",
              "non_striker": "SJ Myburgh",
              "runs": {
                "batter": 1,
                "extras": 0,
                "total": 1
              }
            },
            {
              "batter": "SJ Myburgh",
              "bowler": "Amir Ali",
              "non_striker": "BN Cooper",
              "runs": {
                "batter": 1,
                "extras": 0,
                "total": 1
              }
            },
            {
              "batter": "BN Cooper",
              "bowler": "Amir Ali",
              "non_striker": "SJ Myburgh",
              "runs": {
                "batter": 1,
                "extras": 0,
                "total": 1
              }
            }
          ]
        },
        {
          "over": 9,
          "deliveries": [
            {
              "batter": "BN Cooper",
              "bowler": "RJ Ranpura",
              "non_striker": "SJ Myburgh",
              "runs": {
                "batter": 1,
                "extras": 0,
                "total": 1
              }
            },
            {
              "batter": "SJ Myburgh",
              "bowler": "RJ Ranpura",
              "non_striker": "BN Cooper",
              "runs": {
                "batter": 1,
                "extras": 0,
                "total": 1
              }
            },
            {
              "batter": "BN Cooper",
              "bowler": "RJ Ranpura",
              "non_striker": "SJ Myburgh",
              "runs": {
                "batter": 0,
                "extras": 0,
                "total": 0
              },
              "wickets": [
                {
                  "kind": "caught and bowled",
                  "player_out": "BN Cooper"
                }
              ]
            },
            {
              "batter": "PW Borren",
              "bowler": "RJ Ranpura",
              "non_striker": "SJ Myburgh",
              "runs": {
                "batter": 0,
                "extras": 0,
                "total": 0
              }
            },
            {
              "batter": "PW Borren",
              "bowler": "RJ Ranpura",
              "non_striker": "SJ Myburgh",
              "runs": {
                "batter": 2,
                "extras": 0,
                "total": 2
              }
            },
            {
              "batter": "PW Borren",
              "bowler": "RJ Ranpura",
              "non_striker": "SJ Myburgh",
              "runs": {
                "batter": 2,
                "extras": 0,
                "total": 2
              }
            }
          ]
        },
        {
          "over": 10,
          "deliveries": [
            {
              "batter": "SJ Myburgh",
              "bowler": "Amir Ali",
              "non_striker": "PW Borren",
              "runs": {
                "batter": 0,
                "extras": 0,
                "total": 0
              }
            },
            {
              "batter": "SJ Myburgh",
              "bowler": "Amir Ali",
              "non_striker": "PW Borren",
              "runs": {
                "batter": 0,
                "extras": 0,
                "total": 0
              }
            },
            {
              "batter": "SJ Myburgh",
              "bowler": "Amir Ali",
              "non_striker": "PW Borren",
              "runs": {
                "batter": 1,
                "extras": 0,
                "total": 1
              }
            },
            {
              "batter": "PW Borren",
              "bowler": "Amir Ali",
              "extras": {
                "legbyes": 1
              },
              "non_striker": "SJ Myburgh",
              "runs": {
                "batter": 0,
                "extras": 1,
                "total": 1
              }
            },
            {
              "batter": "SJ Myburgh",
              "bowler": "Amir Ali",
              "non_striker": "PW Borren",
              "runs": {
                "batter": 1,
                "extras": 0,
                "total": 1
              }
            },
            {
              "batter": "PW Borren",
              "bowler": "Amir Ali",
              "non_striker": "SJ Myburgh",
              "runs": {
                "batter": 6,
                "extras": 0,
                "total": 6
              }
            }
          ]
        },
        {
          "over": 11,
          "deliveries": [
            {
              "batter": "SJ Myburgh",
              "bowler": "Zeeshan Maqsood",
              "non_striker": "PW Borren",
              "runs": {
                "batter": 1,
                "extras": 0,
                "total": 1
              }
            },
            {
              "batter": "PW Borren",
              "bowler": "Zeeshan Maqsood",
              "non_striker": "SJ Myburgh",
              "runs": {
                "batter": 0,
                "extras": 0,
                "total": 0
              }
            },
            {
              "batter": "PW Borren",
              "bowler": "Zeeshan Maqsood",
              "non_striker": "SJ Myburgh",
              "runs": {
                "batter": 0,
                "extras": 0,
                "total": 0
              }
            },
            {
              "batter": "PW Borren",
              "bowler": "Zeeshan Maqsood",
              "non_striker": "SJ Myburgh",
              "runs": {
                "batter": 1,
                "extras": 0,
                "total": 1
              }
            },
            {
              "batter": "SJ Myburgh",
              "bowler": "Zeeshan Maqsood",
              "non_striker": "PW Borren",
              "runs": {
                "batter": 6,
                "extras": 0,
                "total": 6
              }
            },
            {
              "batter": "SJ Myburgh",
              "bowler": "Zeeshan Maqsood",
              "non_striker": "PW Borren",
              "runs": {
                "batter": 1,
                "extras": 0,
                "total": 1
              }
            }
          ]
        },
        {
          "over": 12,
          "deliveries": [
            {
              "batter": "SJ Myburgh",
              "bowler": "Amir Ali",
              "non_striker": "PW Borren",
              "runs": {
                "batter": 1,
                "extras": 0,
                "total": 1
              }
            },
            {
              "batter": "PW Borren",
              "bowler": "Amir Ali",
              "non_striker": "SJ Myburgh",
              "runs": {
                "batter": 0,
                "extras": 0,
                "total": 0
              }
            },
            {
              "batter": "PW Borren",
              "bowler": "Amir Ali",
              "non_striker": "SJ Myburgh",
              "runs": {
                "batter": 0,
                "extras": 0,
                "total": 0
              },
              "wickets": [
                {
                  "kind": "bowled",
                  "player_out": "PW Borren"
                }
              ]
            },
            {
              "batter": "MP O'Dowd",
              "bowler": "Amir Ali",
              "non_striker": "SJ Myburgh",
              "runs": {
                "batter": 1,
                "extras": 0,
                "total": 1
              }
            },
            {
              "batter": "SJ Myburgh",
              "bowler": "Amir Ali",
              "non_striker": "MP O'Dowd",
              "runs": {
                "batter": 1,
                "extras": 0,
                "total": 1
              }
            },
            {
              "batter": "MP O'Dowd",
              "bowler": "Amir Ali",
              "non_striker": "SJ Myburgh",
              "runs": {
                "batter": 0,
                "extras": 0,
                "total": 0
              }
            }
          ]
        },
        {
          "over": 13,
          "deliveries": [
            {
              "batter": "SJ Myburgh",
              "bowler": "Jatinder Singh",
              "non_striker": "MP O'Dowd",
              "runs": {
                "batter": 1,
                "extras": 0,
                "total": 1
              }
            },
            {
              "batter": "MP O'Dowd",
              "bowler": "Jatinder Singh",
              "non_striker": "SJ Myburgh",
              "runs": {
                "batter": 0,
                "extras": 0,
                "total": 0
              }
            },
            {
              "batter": "MP O'Dowd",
              "bowler": "Jatinder Singh",
              "extras": {
                "wides": 1
              },
              "non_striker": "SJ Myburgh",
              "runs": {
                "batter": 0,
                "extras": 1,
                "total": 1
              }
            },
            {
              "batter": "MP O'Dowd",
              "bowler": "Jatinder Singh",
              "non_striker": "SJ Myburgh",
              "runs": {
                "batter": 1,
                "extras": 0,
                "total": 1
              }
            },
            {
              "batter": "SJ Myburgh",
              "bowler": "Jatinder Singh",
              "non_striker": "MP O'Dowd",
              "runs": {
                "batter": 0,
                "extras": 0,
                "total": 0
              }
            },
            {
              "batter": "SJ Myburgh",
              "bowler": "Jatinder Singh",
              "non_striker": "MP O'Dowd",
              "runs": {
                "batter": 0,
                "extras": 0,
                "total": 0
              }
            },
            {
              "batter": "SJ Myburgh",
              "bowler": "Jatinder Singh",
              "non_striker": "MP O'Dowd",
              "runs": {
                "batter": 1,
                "extras": 0,
                "total": 1
              }
            }
          ]
        },
        {
          "over": 14,
          "deliveries": [
            {
              "batter": "SJ Myburgh",
              "bowler": "Amir Ali",
              "non_striker": "MP O'Dowd",
              "runs": {
                "batter": 1,
                "extras": 0,
                "total": 1
              }
            },
            {
              "batter": "MP O'Dowd",
              "bowler": "Amir Ali",
              "non_striker": "SJ Myburgh",
              "runs": {
                "batter": 1,
                "extras": 0,
                "total": 1
              }
            },
            {
              "batter": "SJ Myburgh",
              "bowler": "Amir Ali",
              "non_striker": "MP O'Dowd",
              "runs": {
                "batter": 0,
                "extras": 0,
                "total": 0
              },
              "wickets": [
                {
                  "kind": "caught",
                  "player_out": "SJ Myburgh",
                  "fielders": [
                    {
                      "name": "Zeeshan Siddiqui"
                    }
                  ]
                }
              ]
            },
            {
              "batter": "MP O'Dowd",
              "bowler": "Amir Ali",
              "non_striker": "RE van der Merwe",
              "runs": {
                "batter": 1,
                "extras": 0,
                "total": 1
              }
            },
            {
              "batter": "RE van der Merwe",
              "bowler": "Amir Ali",
              "non_striker": "MP O'Dowd",
              "runs": {
                "batter": 6,
                "extras": 0,
                "total": 6
              }
            },
            {
              "batter": "RE van der Merwe",
              "bowler": "Amir Ali",
              "non_striker": "MP O'Dowd",
              "runs": {
                "batter": 0,
                "extras": 0,
                "total": 0
              }
            }
          ]
        },
        {
          "over": 15,
          "deliveries": [
            {
              "batter": "MP O'Dowd",
              "bowler": "Zeeshan Maqsood",
              "non_striker": "RE van der Merwe",
              "runs": {
                "batter": 4,
                "extras": 0,
                "total": 4
              }
            },
            {
              "batter": "MP O'Dowd",
              "bowler": "Zeeshan Maqsood",
              "non_striker": "RE van der Merwe",
              "runs": {
                "batter": 2,
                "extras": 0,
                "total": 2
              }
            },
            {
              "batter": "MP O'Dowd",
              "bowler": "Zeeshan Maqsood",
              "non_striker": "RE van der Merwe",
              "runs": {
                "batter": 4,
                "extras": 0,
                "total": 4
              }
            },
            {
              "batter": "MP O'Dowd",
              "bowler": "Zeeshan Maqsood",
              "non_striker": "RE van der Merwe",
              "runs": {
                "batter": 1,
                "extras": 0,
                "total": 1
              }
            },
            {
              "batter": "RE van der Merwe",
              "bowler": "Zeeshan Maqsood",
              "non_striker": "MP O'Dowd",
              "runs": {
                "batter": 1,
                "extras": 0,
                "total": 1
              }
            },
            {
              "batter": "MP O'Dowd",
              "bowler": "Zeeshan Maqsood",
              "non_striker": "RE van der Merwe",
              "runs": {
                "batter": 2,
                "extras": 0,
                "total": 2
              }
            }
          ]
        },
        {
          "over": 16,
          "deliveries": [
            {
              "batter": "RE van der Merwe",
              "bowler": "M Ansari",
              "non_striker": "MP O'Dowd",
              "runs": {
                "batter": 4,
                "extras": 0,
                "total": 4
              }
            },
            {
              "batter": "RE van der Merwe",
              "bowler": "M Ansari",
              "non_striker": "MP O'Dowd",
              "runs": {
                "batter": 0,
                "extras": 0,
                "total": 0
              },
              "wickets": [
                {
                  "kind": "bowled",
                  "player_out": "RE van der Merwe"
                }
              ]
            },
            {
              "batter": "Mudassar Bukhari",
              "bowler": "M Ansari",
              "non_striker": "MP O'Dowd",
              "runs": {
                "batter": 1,
                "extras": 0,
                "total": 1
              }
            },
            {
              "batter": "MP O'Dowd",
              "bowler": "M Ansari",
              "non_striker": "Mudassar Bukhari",
              "runs": {
                "batter": 0,
                "extras": 0,
                "total": 0
              }
            },
            {
              "batter": "MP O'Dowd",
              "bowler": "M Ansari",
              "non_striker": "Mudassar Bukhari",
              "runs": {
                "batter": 1,
                "extras": 0,
                "total": 1
              }
            },
            {
              "batter": "Mudassar Bukhari",
              "bowler": "M Ansari",
              "non_striker": "MP O'Dowd",
              "runs": {
                "batter": 1,
                "extras": 0,
                "total": 1
              }
            }
          ]
        },
        {
          "over": 17,
          "deliveries": [
            {
              "batter": "Mudassar Bukhari",
              "bowler": "RJ Ranpura",
              "non_striker": "MP O'Dowd",
              "runs": {
                "batter": 1,
                "extras": 0,
                "total": 1
              }
            },
            {
              "batter": "MP O'Dowd",
              "bowler": "RJ Ranpura",
              "non_striker": "Mudassar Bukhari",
              "runs": {
                "batter": 4,
                "extras": 0,
                "total": 4
              }
            },
            {
              "batter": "MP O'Dowd",
              "bowler": "RJ Ranpura",
              "non_striker": "Mudassar Bukhari",
              "runs": {
                "batter": 1,
                "extras": 0,
                "total": 1
              }
            },
            {
              "batter": "MP O'Dowd",
              "bowler": "RJ Ranpura",
              "non_striker": "Mudassar Bukhari",
              "runs": {
                "batter": 0,
                "extras": 0,
                "total": 0
              }
            },
            {
              "batter": "MP O'Dowd",
              "bowler": "RJ Ranpura",
              "non_striker": "Mudassar Bukhari",
              "runs": {
                "batter": 6,
                "extras": 0,
                "total": 6
              }
            },
            {
              "batter": "MP O'Dowd",
              "bowler": "RJ Ranpura",
              "non_striker": "Mudassar Bukhari",
              "runs": {
                "batter": 2,
                "extras": 0,
                "total": 2
              }
            }
          ]
        },
        {
          "over": 18,
          "deliveries": [
            {
              "batter": "Mudassar Bukhari",
              "bowler": "M Ansari",
              "non_striker": "MP O'Dowd",
              "runs": {
                "batter": 0,
                "extras": 0,
                "total": 0
              },
              "wickets": [
                {
                  "kind": "bowled",
                  "player_out": "Mudassar Bukhari"
                }
              ]
            },
            {
              "batter": "PM Seelaar",
              "bowler": "M Ansari",
              "non_striker": "MP O'Dowd",
              "runs": {
                "batter": 0,
                "extras": 0,
                "total": 0
              }
            },
            {
              "batter": "PM Seelaar",
              "bowler": "M Ansari",
              "non_striker": "MP O'Dowd",
              "runs": {
                "batter": 0,
                "extras": 0,
                "total": 0
              },
              "wickets": [
                {
                  "kind": "bowled",
                  "player_out": "PM Seelaar"
                }
              ]
            },
            {
              "batter": "MJG Rippon",
              "bowler": "M Ansari",
              "non_striker": "MP O'Dowd",
              "runs": {
                "batter": 0,
                "extras": 0,
                "total": 0
              },
              "wickets": [
                {
                  "kind": "lbw",
                  "player_out": "MJG Rippon"
                }
              ]
            },
            {
              "batter": "T van der Gugten",
              "bowler": "M Ansari",
              "non_striker": "MP O'Dowd",
              "runs": {
                "batter": 0,
                "extras": 0,
                "total": 0
              }
            },
            {
              "batter": "T van der Gugten",
              "bowler": "M Ansari",
              "non_striker": "MP O'Dowd",
              "runs": {
                "batter": 0,
                "extras": 0,
                "total": 0
              }
            }
          ]
        },
        {
          "over": 19,
          "deliveries": [
            {
              "batter": "MP O'Dowd",
              "bowler": "RJ Ranpura",
              "non_striker": "T van der Gugten",
              "runs": {
                "batter": 1,
                "extras": 0,
                "total": 1
              }
            },
            {
              "batter": "T van der Gugten",
              "bowler": "RJ Ranpura",
              "non_striker": "MP O'Dowd",
              "runs": {
                "batter": 0,
                "extras": 0,
                "total": 0
              },
              "wickets": [
                {
                  "kind": "caught",
                  "player_out": "T van der Gugten",
                  "fielders": [
                    {
                      "name": "VS Wategaonkar"
                    }
                  ]
                }
              ]
            },
            {
              "batter": "MP O'Dowd",
              "bowler": "RJ Ranpura",
              "non_striker": "PA van Meekeren",
              "runs": {
                "batter": 0,
                "extras": 0,
                "total": 0
              }
            },
            {
              "batter": "MP O'Dowd",
              "bowler": "RJ Ranpura",
              "non_striker": "PA van Meekeren",
              "runs": {
                "batter": 0,
                "extras": 0,
                "total": 0
              },
              "wickets": [
                {
                  "kind": "caught",
                  "player_out": "MP O'Dowd",
                  "fielders": [
                    {
                      "name": "Zeeshan Maqsood"
                    }
                  ]
                }
              ]
            }
          ]
        }
      ],
      "powerplays": [
        {
          "from": 0.1,
          "to": 5.6,
          "type": "mandatory"
        }
      ]
    },
    {
      "team": "Oman",
      "overs": [
        {
          "over": 0,
          "deliveries": [
            {
              "batter": "Zeeshan Maqsood",
              "bowler": "RE van der Merwe",
              "non_striker": "Zeeshan Siddiqui",
              "runs": {
                "batter": 0,
                "extras": 0,
                "total": 0
              }
            },
            {
              "batter": "Zeeshan Maqsood",
              "bowler": "RE van der Merwe",
              "non_striker": "Zeeshan Siddiqui",
              "runs": {
                "batter": 0,
                "extras": 0,
                "total": 0
              }
            },
            {
              "batter": "Zeeshan Maqsood",
              "bowler": "RE van der Merwe",
              "non_striker": "Zeeshan Siddiqui",
              "runs": {
                "batter": 1,
                "extras": 0,
                "total": 1
              }
            },
            {
              "batter": "Zeeshan Siddiqui",
              "bowler": "RE van der Merwe",
              "non_striker": "Zeeshan Maqsood",
              "runs": {
                "batter": 4,
                "extras": 0,
                "total": 4
              }
            },
            {
              "batter": "Zeeshan Siddiqui",
              "bowler": "RE van der Merwe",
              "non_striker": "Zeeshan Maqsood",
              "runs": {
                "batter": 0,
                "extras": 0,
                "total": 0
              }
            },
            {
              "batter": "Zeeshan Siddiqui",
              "bowler": "RE van der Merwe",
              "non_striker": "Zeeshan Maqsood",
              "runs": {
                "batter": 0,
                "extras": 0,
                "total": 0
              }
            }
          ]
        },
        {
          "over": 1,
          "deliveries": [
            {
              "batter": "Zeeshan Maqsood",
              "bowler": "T van der Gugten",
              "non_striker": "Zeeshan Siddiqui",
              "runs": {
                "batter": 4,
                "extras": 0,
                "total": 4
              }
            },
            {
              "batter": "Zeeshan Maqsood",
              "bowler": "T van der Gugten",
              "non_striker": "Zeeshan Siddiqui",
              "runs": {
                "batter": 1,
                "extras": 0,
                "total": 1
              }
            },
            {
              "batter": "Zeeshan Siddiqui",
              "bowler": "T van der Gugten",
              "extras": {
                "wides": 1
              },
              "non_striker": "Zeeshan Maqsood",
              "runs": {
                "batter": 0,
                "extras": 1,
                "total": 1
              }
            },
            {
              "batter": "Zeeshan Siddiqui",
              "bowler": "T van der Gugten",
              "non_striker": "Zeeshan Maqsood",
              "runs": {
                "batter": 1,
                "extras": 0,
                "total": 1
              }
            },
            {
              "batter": "Zeeshan Maqsood",
              "bowler": "T van der Gugten",
              "non_striker": "Zeeshan Siddiqui",
              "runs": {
                "batter": 2,
                "extras": 0,
                "total": 2
              }
            },
            {
              "batter": "Zeeshan Maqsood",
              "bowler": "T van der Gugten",
              "non_striker": "Zeeshan Siddiqui",
              "runs": {
                "batter": 4,
                "extras": 0,
                "total": 4
              }
            },
            {
              "batter": "Zeeshan Maqsood",
              "bowler": "T van der Gugten",
              "non_striker": "Zeeshan Siddiqui",
              "runs": {
                "batter": 0,
                "extras": 0,
                "total": 0
              }
            }
          ]
        },
        {
          "over": 2,
          "deliveries": [
            {
              "batter": "Zeeshan Siddiqui",
              "bowler": "RE van der Merwe",
              "non_striker": "Zeeshan Maqsood",
              "runs": {
                "batter": 4,
                "extras": 0,
                "total": 4
              }
            },
            {
              "batter": "Zeeshan Siddiqui",
              "bowler": "RE van der Merwe",
              "non_striker": "Zeeshan Maqsood",
              "runs": {
                "batter": 0,
                "extras": 0,
                "total": 0
              },
              "wickets": [
                {
                  "kind": "caught",
                  "player_out": "Zeeshan Siddiqui",
                  "fielders": [
                    {
                      "name": "PW Borren"
                    }
                  ]
                }
              ]
            },
            {
              "batter": "Jatinder Singh",
              "bowler": "RE van der Merwe",
              "non_striker": "Zeeshan Maqsood",
              "runs": {
                "batter": 0,
                "extras": 0,
                "total": 0
              }
            },
            {
              "batter": "Jatinder Singh",
              "bowler": "RE van der Merwe",
              "non_striker": "Zeeshan Maqsood",
              "runs": {
                "batter": 0,
                "extras": 0,
                "total": 0
              }
            },
            {
              "batter": "Jatinder Singh",
              "bowler": "RE van der Merwe",
              "non_striker": "Zeeshan Maqsood",
              "runs": {
                "batter": 0,
                "extras": 0,
                "total": 0
              }
            },
            {
              "batter": "Jatinder Singh",
              "bowler": "RE van der Merwe",
              "non_striker": "Zeeshan Maqsood",
              "runs": {
                "batter": 1,
                "extras": 0,
                "total": 1
              }
            }
          ]
        },
        {
          "over": 3,
          "deliveries": [
            {
              "batter": "Jatinder Singh",
              "bowler": "MP O'Dowd",
              "non_striker": "Zeeshan Maqsood",
              "runs": {
                "batter": 0,
                "extras": 0,
                "total": 0
              }
            },
            {
              "batter": "Jatinder Singh",
              "bowler": "MP O'Dowd",
              "non_striker": "Zeeshan Maqsood",
              "runs": {
                "batter": 0,
                "extras": 0,
                "total": 0
              }
            },
            {
              "batter": "Jatinder Singh",
              "bowler": "MP O'Dowd",
              "non_striker": "Zeeshan Maqsood",
              "runs": {
                "batter": 0,
                "extras": 0,
                "total": 0
              }
            },
            {
              "batter": "Jatinder Singh",
              "bowler": "MP O'Dowd",
              "extras": {
                "wides": 3
              },
              "non_striker": "Zeeshan Maqsood",
              "runs": {
                "batter": 0,
                "extras": 3,
                "total": 3
              }
            },
            {
              "batter": "Jatinder Singh",
              "bowler": "MP O'Dowd",
              "non_striker": "Zeeshan Maqsood",
              "runs": {
                "batter": 0,
                "extras": 0,
                "total": 0
              }
            },
            {
              "batter": "Jatinder Singh",
              "bowler": "MP O'Dowd",
              "non_striker": "Zeeshan Maqsood",
              "runs": {
                "batter": 1,
                "extras": 0,
                "total": 1
              }
            },
            {
              "batter": "Zeeshan Maqsood",
              "bowler": "MP O'Dowd",
              "non_striker": "Jatinder Singh",
              "runs": {
                "batter": 4,
                "extras": 0,
                "total": 4
              }
            }
          ]
        },
        {
          "over": 4,
          "deliveries": [
            {
              "batter": "Jatinder Singh",
              "bowler": "PM Seelaar",
              "non_striker": "Zeeshan Maqsood",
              "runs": {
                "batter": 1,
                "extras": 0,
                "total": 1
              }
            },
            {
              "batter": "Zeeshan Maqsood",
              "bowler": "PM Seelaar",
              "non_striker": "Jatinder Singh",
              "runs": {
                "batter": 0,
                "extras": 0,
                "total": 0
              }
            },
            {
              "batter": "Zeeshan Maqsood",
              "bowler": "PM Seelaar",
              "non_striker": "Jatinder Singh",
              "runs": {
                "batter": 1,
                "extras": 0,
                "total": 1
              }
            },
            {
              "batter": "Jatinder Singh",
              "bowler": "PM Seelaar",
              "non_striker": "Zeeshan Maqsood",
              "runs": {
                "batter": 1,
                "extras": 0,
                "total": 1
              }
            },
            {
              "batter": "Zeeshan Maqsood",
              "bowler": "PM Seelaar",
              "non_striker": "Jatinder Singh",
              "runs": {
                "batter": 1,
                "extras": 0,
                "total": 1
              }
            },
            {
              "batter": "Jatinder Singh",
              "bowler": "PM Seelaar",
              "non_striker": "Zeeshan Maqsood",
              "runs": {
                "batter": 0,
                "extras": 0,
                "total": 0
              }
            }
          ]
        },
        {
          "over": 5,
          "deliveries": [
            {
              "batter": "Zeeshan Maqsood",
              "bowler": "MP O'Dowd",
              "non_striker": "Jatinder Singh",
              "runs": {
                "batter": 0,
                "extras": 0,
                "total": 0
              }
            },
            {
              "batter": "Zeeshan Maqsood",
              "bowler": "MP O'Dowd",
              "non_striker": "Jatinder Singh",
              "runs": {
                "batter": 0,
                "extras": 0,
                "total": 0
              }
            },
            {
              "batter": "Zeeshan Maqsood",
              "bowler": "MP O'Dowd",
              "non_striker": "Jatinder Singh",
              "runs": {
                "batter": 4,
                "extras": 0,
                "total": 4
              }
            },
            {
              "batter": "Zeeshan Maqsood",
              "bowler": "MP O'Dowd",
              "non_striker": "Jatinder Singh",
              "runs": {
                "batter": 0,
                "extras": 0,
                "total": 0
              }
            },
            {
              "batter": "Zeeshan Maqsood",
              "bowler": "MP O'Dowd",
              "non_striker": "Jatinder Singh",
              "runs": {
                "batter": 0,
                "extras": 0,
                "total": 0
              }
            },
            {
              "batter": "Zeeshan Maqsood",
              "bowler": "MP O'Dowd",
              "non_striker": "Jatinder Singh",
              "runs": {
                "batter": 4,
                "extras": 0,
                "total": 4
              }
            }
          ]
        },
        {
          "over": 6,
          "deliveries": [
            {
              "batter": "Jatinder Singh",
              "bowler": "MJG Rippon",
              "non_striker": "Zeeshan Maqsood",
              "runs": {
                "batter": 1,
                "extras": 0,
                "total": 1
              }
            },
            {
              "batter": "Zeeshan Maqsood",
              "bowler": "MJG Rippon",
              "non_striker": "Jatinder Singh",
              "runs": {
                "batter": 0,
                "extras": 0,
                "total": 0
              }
            },
            {
              "batter": "Zeeshan Maqsood",
              "bowler": "MJG Rippon",
              "non_striker": "Jatinder Singh",
              "runs": {
                "batter": 1,
                "extras": 0,
                "total": 1
              }
            },
            {
              "batter": "Jatinder Singh",
              "bowler": "MJG Rippon",
              "non_striker": "Zeeshan Maqsood",
              "runs": {
                "batter": 1,
                "extras": 0,
                "total": 1
              }
            },
            {
              "batter": "Zeeshan Maqsood",
              "bowler": "MJG Rippon",
              "non_striker": "Jatinder Singh",
              "runs": {
                "batter": 1,
                "extras": 0,
                "total": 1
              }
            },
            {
              "batter": "Jatinder Singh",
              "bowler": "MJG Rippon",
              "non_striker": "Zeeshan Maqsood",
              "runs": {
                "batter": 1,
                "extras": 0,
                "total": 1
              }
            }
          ]
        },
        {
          "over": 7,
          "deliveries": [
            {
              "batter": "Jatinder Singh",
              "bowler": "SJ Myburgh",
              "non_striker": "Zeeshan Maqsood",
              "runs": {
                "batter": 2,
                "extras": 0,
                "total": 2
              }
            },
            {
              "batter": "Jatinder Singh",
              "bowler": "SJ Myburgh",
              "non_striker": "Zeeshan Maqsood",
              "runs": {
                "batter": 1,
                "extras": 0,
                "total": 1
              }
            },
            {
              "batter": "Zeeshan Maqsood",
              "bowler": "SJ Myburgh",
              "non_striker": "Jatinder Singh",
              "runs": {
                "batter": 1,
                "extras": 0,
                "total": 1
              }
            },
            {
              "batter": "Jatinder Singh",
              "bowler": "SJ Myburgh",
              "non_striker": "Zeeshan Maqsood",
              "runs": {
                "batter": 4,
                "extras": 0,
                "total": 4
              }
            },
            {
              "batter": "Jatinder Singh",
              "bowler": "SJ Myburgh",
              "non_striker": "Zeeshan Maqsood",
              "runs": {
                "batter": 4,
                "extras": 0,
                "total": 4
              }
            },
            {
              "batter": "Jatinder Singh",
              "bowler": "SJ Myburgh",
              "non_striker": "Zeeshan Maqsood",
              "runs": {
                "batter": 0,
                "extras": 0,
                "total": 0
              }
            }
          ]
        },
        {
          "over": 8,
          "deliveries": [
            {
              "batter": "Zeeshan Maqsood",
              "bowler": "MJG Rippon",
              "non_striker": "Jatinder Singh",
              "runs": {
                "batter": 0,
                "extras": 0,
                "total": 0
              }
            },
            {
              "batter": "Zeeshan Maqsood",
              "bowler": "MJG Rippon",
              "non_striker": "Jatinder Singh",
              "runs": {
                "batter": 0,
                "extras": 0,
                "total": 0
              },
              "wickets": [
                {
                  "kind": "caught",
                  "player_out": "Zeeshan Maqsood",
                  "fielders": [
                    {
                      "name": "PA van Meekeren"
                    }
                  ]
                }
              ]
            },
            {
              "batter": "Jatinder Singh",
              "bowler": "MJG Rippon",
              "non_striker": "VS Wategaonkar",
              "runs": {
                "batter": 1,
                "extras": 0,
                "total": 1
              }
            },
            {
              "batter": "VS Wategaonkar",
              "bowler": "MJG Rippon",
              "extras": {
                "legbyes": 1
              },
              "non_striker": "Jatinder Singh",
              "runs": {
                "batter": 0,
                "extras": 1,
                "total": 1
              }
            },
            {
              "batter": "Jatinder Singh",
              "bowler": "MJG Rippon",
              "non_striker": "VS Wategaonkar",
              "runs": {
                "batter": 2,
                "extras": 0,
                "total": 2
              }
            },
            {
              "batter": "Jatinder Singh",
              "bowler": "MJG Rippon",
              "non_striker": "VS Wategaonkar",
              "runs": {
                "batter": 1,
                "extras": 0,
                "total": 1
              }
            }
          ]
        },
        {
          "over": 9,
          "deliveries": [
            {
              "batter": "Jatinder Singh",
              "bowler": "PM Seelaar",
              "non_striker": "VS Wategaonkar",
              "runs": {
                "batter": 2,
                "extras": 0,
                "total": 2
              }
            },
            {
              "batter": "Jatinder Singh",
              "bowler": "PM Seelaar",
              "non_striker": "VS Wategaonkar",
              "runs": {
                "batter": 1,
                "extras": 0,
                "total": 1
              }
            },
            {
              "batter": "VS Wategaonkar",
              "bowler": "PM Seelaar",
              "non_striker": "Jatinder Singh",
              "runs": {
                "batter": 1,
                "extras": 0,
                "total": 1
              }
            },
            {
              "batter": "Jatinder Singh",
              "bowler": "PM Seelaar",
              "non_striker": "VS Wategaonkar",
              "runs": {
                "batter": 1,
                "extras": 0,
                "total": 1
              }
            },
            {
              "batter": "VS Wategaonkar",
              "bowler": "PM Seelaar",
              "non_striker": "Jatinder Singh",
              "runs": {
                "batter": 1,
                "extras": 0,
                "total": 1
              }
            },
            {
              "batter": "Jatinder Singh",
              "bowler": "PM Seelaar",
              "non_striker": "VS Wategaonkar",
              "runs": {
                "batter": 1,
                "extras": 0,
                "total": 1
              }
            }
          ]
        },
        {
          "over": 10,
          "deliveries": [
            {
              "batter": "Jatinder Singh",
              "bowler": "PW Borren",
              "non_striker": "VS Wategaonkar",
              "runs": {
                "batter": 1,
                "extras": 0,
                "total": 1
              }
            },
            {
              "batter": "VS Wategaonkar",
              "bowler": "PW Borren",
              "non_striker": "Jatinder Singh",
              "runs": {
                "batter": 1,
                "extras": 0,
                "total": 1
              }
            },
            {
              "batter": "Jatinder Singh",
              "bowler": "PW Borren",
              "non_striker": "VS Wategaonkar",
              "runs": {
                "batter": 2,
                "extras": 0,
                "total": 2
              }
            },
            {
              "batter": "Jatinder Singh",
              "bowler": "PW Borren",
              "non_striker": "VS Wategaonkar",
              "runs": {
                "batter": 1,
                "extras": 0,
                "total": 1
              }
            },
            {
              "batter": "VS Wategaonkar",
              "bowler": "PW Borren",
              "non_striker": "Jatinder Singh",
              "runs": {
                "batter": 1,
                "extras": 0,
                "total": 1
              }
            },
            {
              "batter": "VS Wategaonkar",
              "bowler": "PW Borren",
              "non_striker": "Jatinder Singh",
              "runs": {
                "batter": 1,
                "extras": 0,
                "total": 1
              }
            }
          ]
        },
        {
          "over": 11,
          "deliveries": [
            {
              "batter": "VS Wategaonkar",
              "bowler": "PM Seelaar",
              "non_striker": "Jatinder Singh",
              "runs": {
                "batter": 0,
                "extras": 0,
                "total": 0
              }
            },
            {
              "batter": "VS Wategaonkar",
              "bowler": "PM Seelaar",
              "non_striker": "Jatinder Singh",
              "runs": {
                "batter": 1,
                "extras": 0,
                "total": 1
              }
            },
            {
              "batter": "Jatinder Singh",
              "bowler": "PM Seelaar",
              "non_striker": "VS Wategaonkar",
              "runs": {
                "batter": 0,
                "extras": 0,
                "total": 0
              }
            },
            {
              "batter": "Jatinder Singh",
              "bowler": "PM Seelaar",
              "non_striker": "VS Wategaonkar",
              "runs": {
                "batter": 1,
                "extras": 0,
                "total": 1
              }
            },
            {
              "batter": "VS Wategaonkar",
              "bowler": "PM Seelaar",
              "non_striker": "Jatinder Singh",
              "runs": {
                "batter": 0,
                "extras": 0,
                "total": 0
              },
              "wickets": [
                {
                  "kind": "caught",
                  "player_out": "VS Wategaonkar",
                  "fielders": [
                    {
                      "name": "MP O'Dowd"
                    }
                  ]
                }
              ]
            },
            {
              "batter": "Aamir Kaleem",
              "bowler": "PM Seelaar",
              "non_striker": "Jatinder Singh",
              "runs": {
                "batter": 0,
                "extras": 0,
                "total": 0
              }
            }
          ]
        },
        {
          "over": 12,
          "deliveries": [
            {
              "batter": "Jatinder Singh",
              "bowler": "MJG Rippon",
              "non_striker": "Aamir Kaleem",
              "runs": {
                "batter": 1,
                "extras": 0,
                "total": 1
              }
            },
            {
              "batter": "Aamir Kaleem",
              "bowler": "MJG Rippon",
              "non_striker": "Jatinder Singh",
              "runs": {
                "batter": 0,
                "extras": 0,
                "total": 0
              },
              "wickets": [
                {
                  "kind": "run out",
                  "player_out": "Aamir Kaleem",
                  "fielders": [
                    {
                      "name": "SJ Myburgh"
                    }
                  ]
                }
              ]
            },
            {
              "batter": "Jatinder Singh",
              "bowler": "MJG Rippon",
              "non_striker": "Sultan Ahmed",
              "runs": {
                "batter": 1,
                "extras": 0,
                "total": 1
              }
            },
            {
              "batter": "Sultan Ahmed",
              "bowler": "MJG Rippon",
              "non_striker": "Jatinder Singh",
              "runs": {
                "batter": 3,
                "extras": 0,
                "total": 3
              }
            },
            {
              "batter": "Jatinder Singh",
              "bowler": "MJG Rippon",
              "non_striker": "Sultan Ahmed",
              "runs": {
                "batter": 4,
                "extras": 0,
                "total": 4
              }
            },
            {
              "batter": "Jatinder Singh",
              "bowler": "MJG Rippon",
              "non_striker": "Sultan Ahmed",
              "runs": {
                "batter": 1,
                "extras": 0,
                "total": 1
              }
            }
          ]
        },
        {
          "over": 13,
          "deliveries": [
            {
              "batter": "Jatinder Singh",
              "bowler": "RE van der Merwe",
              "non_striker": "Sultan Ahmed",
              "runs": {
                "batter": 1,
                "extras": 0,
                "total": 1
              }
            },
            {
              "batter": "Sultan Ahmed",
              "bowler": "RE van der Merwe",
              "non_striker": "Jatinder Singh",
              "runs": {
                "batter": 1,
                "extras": 0,
                "total": 1
              }
            },
            {
              "batter": "Jatinder Singh",
              "bowler": "RE van der Merwe",
              "non_striker": "Sultan Ahmed",
              "runs": {
                "batter": 1,
                "extras": 0,
                "total": 1
              }
            },
            {
              "batter": "Sultan Ahmed",
              "bowler": "RE van der Merwe",
              "non_striker": "Jatinder Singh",
              "runs": {
                "batter": 1,
                "extras": 0,
                "total": 1
              }
            },
            {
              "batter": "Jatinder Singh",
              "bowler": "RE van der Merwe",
              "non_striker": "Sultan Ahmed",
              "runs": {
                "batter": 1,
                "extras": 0,
                "total": 1
              }
            },
            {
              "batter": "Sultan Ahmed",
              "bowler": "RE van der Merwe",
              "non_striker": "Jatinder Singh",
              "runs": {
                "batter": 0,
                "extras": 0,
                "total": 0
              }
            }
          ]
        },
        {
          "over": 14,
          "deliveries": [
            {
              "batter": "Jatinder Singh",
              "bowler": "Mudassar Bukhari",
              "non_striker": "Sultan Ahmed",
              "runs": {
                "batter": 1,
                "extras": 0,
                "total": 1
              }
            },
            {
              "batter": "Sultan Ahmed",
              "bowler": "Mudassar Bukhari",
              "non_striker": "Jatinder Singh",
              "runs": {
                "batter": 1,
                "extras": 0,
                "total": 1
              }
            },
            {
              "batter": "Jatinder Singh",
              "bowler": "Mudassar Bukhari",
              "non_striker": "Sultan Ahmed",
              "runs": {
                "batter": 1,
                "extras": 0,
                "total": 1
              }
            },
            {
              "batter": "Sultan Ahmed",
              "bowler": "Mudassar Bukhari",
              "non_striker": "Jatinder Singh",
              "runs": {
                "batter": 1,
                "extras": 0,
                "total": 1
              }
            },
            {
              "batter": "Jatinder Singh",
              "bowler": "Mudassar Bukhari",
              "non_striker": "Sultan Ahmed",
              "runs": {
                "batter": 1,
                "extras": 0,
                "total": 1
              }
            },
            {
              "batter": "Sultan Ahmed",
              "bowler": "Mudassar Bukhari",
              "non_striker": "Jatinder Singh",
              "runs": {
                "batter": 2,
                "extras": 0,
                "total": 2
              }
            }
          ]
        },
        {
          "over": 15,
          "deliveries": [
            {
              "batter": "Jatinder Singh",
              "bowler": "PM Seelaar",
              "non_striker": "Sultan Ahmed",
              "runs": {
                "batter": 1,
                "extras": 0,
                "total": 1
              }
            },
            {
              "batter": "Sultan Ahmed",
              "bowler": "PM Seelaar",
              "non_striker": "Jatinder Singh",
              "runs": {
                "batter": 4,
                "extras": 0,
                "total": 4
              }
            },
            {
              "batter": "Sultan Ahmed",
              "bowler": "PM Seelaar",
              "non_striker": "Jatinder Singh",
              "runs": {
                "batter": 1,
                "extras": 0,
                "total": 1
              }
            },
            {
              "batter": "Jatinder Singh",
              "bowler": "PM Seelaar",
              "non_striker": "Sultan Ahmed",
              "runs": {
                "batter": 0,
                "extras": 0,
                "total": 0
              }
            },
            {
              "batter": "Jatinder Singh",
              "bowler": "PM Seelaar",
              "non_striker": "Sultan Ahmed",
              "runs": {
                "batter": 2,
                "extras": 0,
                "total": 2
              }
            },
            {
              "batter": "Jatinder Singh",
              "bowler": "PM Seelaar",
              "non_striker": "Sultan Ahmed",
              "runs": {
                "batter": 0,
                "extras": 0,
                "total": 0
              }
            }
          ]
        },
        {
          "over": 16,
          "deliveries": [
            {
              "batter": "Sultan Ahmed",
              "bowler": "T van der Gugten",
              "non_striker": "Jatinder Singh",
              "runs": {
                "batter": 1,
                "extras": 0,
                "total": 1
              }
            },
            {
              "batter": "Jatinder Singh",
              "bowler": "T van der Gugten",
              "non_striker": "Sultan Ahmed",
              "runs": {
                "batter": 4,
                "extras": 0,
                "total": 4
              }
            },
            {
              "batter": "Jatinder Singh",
              "bowler": "T van der Gugten",
              "non_striker": "Sultan Ahmed",
              "runs": {
                "batter": 1,
                "extras": 0,
                "total": 1
              }
            },
            {
              "batter": "Sultan Ahmed",
              "bowler": "T van der Gugten",
              "non_striker": "Jatinder Singh",
              "runs": {
                "batter": 1,
                "extras": 0,
                "total": 1
              }
            },
            {
              "batter": "Jatinder Singh",
              "bowler": "T van der Gugten",
              "non_striker": "Sultan Ahmed",
              "runs": {
                "batter": 1,
                "extras": 0,
                "total": 1
              }
            },
            {
              "batter": "Sultan Ahmed",
              "bowler": "T van der Gugten",
              "non_striker": "Jatinder Singh",
              "runs": {
                "batter": 4,
                "extras": 0,
                "total": 4
              }
            }
          ]
        },
        {
          "over": 17,
          "deliveries": [
            {
              "batter": "Jatinder Singh",
              "bowler": "RE van der Merwe",
              "non_striker": "Sultan Ahmed",
              "runs": {
                "batter": 2,
                "extras": 0,
                "total": 2
              }
            },
            {
              "batter": "Jatinder Singh",
              "bowler": "RE van der Merwe",
              "non_striker": "Sultan Ahmed",
              "runs": {
                "batter": 1,
                "extras": 0,
                "total": 1
              }
            },
            {
              "batter": "Sultan Ahmed",
              "bowler": "RE van der Merwe",
              "non_striker": "Jatinder Singh",
              "runs": {
                "batter": 1,
                "extras": 0,
                "total": 1
              }
            },
            {
              "batter": "Jatinder Singh",
              "bowler": "RE van der Merwe",
              "non_striker": "Sultan Ahmed",
              "runs": {
                "batter": 1,
                "extras": 0,
                "total": 1
              }
            },
            {
              "batter": "Sultan Ahmed",
              "bowler": "RE van der Merwe",
              "non_striker": "Jatinder Singh",
              "runs": {
                "batter": 1,
                "extras": 0,
                "total": 1
              }
            },
            {
              "batter": "Jatinder Singh",
              "bowler": "RE van der Merwe",
              "non_striker": "Sultan Ahmed",
              "runs": {
                "batter": 1,
                "extras": 0,
                "total": 1
              }
            }
          ]
        },
        {
          "over": 18,
          "deliveries": [
            {
              "batter": "Jatinder Singh",
              "bowler": "T van der Gugten",
              "non_striker": "Sultan Ahmed",
              "runs": {
                "batter": 1,
                "extras": 0,
                "total": 1
              }
            },
            {
              "batter": "Sultan Ahmed",
              "bowler": "T van der Gugten",
              "non_striker": "Jatinder Singh",
              "runs": {
                "batter": 1,
                "extras": 0,
                "total": 1
              }
            },
            {
              "batter": "Jatinder Singh",
              "bowler": "T van der Gugten",
              "non_striker": "Sultan Ahmed",
              "runs": {
                "batter": 1,
                "extras": 0,
                "total": 1
              }
            },
            {
              "batter": "Sultan Ahmed",
              "bowler": "T van der Gugten",
              "non_striker": "Jatinder Singh",
              "runs": {
                "batter": 0,
                "extras": 0,
                "total": 0
              }
            },
            {
              "batter": "Sultan Ahmed",
              "bowler": "T van der Gugten",
              "non_striker": "Jatinder Singh",
              "runs": {
                "batter": 1,
                "extras": 0,
                "total": 1
              }
            },
            {
              "batter": "Jatinder Singh",
              "bowler": "T van der Gugten",
              "non_striker": "Sultan Ahmed",
              "runs": {
                "batter": 4,
                "extras": 0,
                "total": 4
              }
            }
          ]
        }
      ],
      "powerplays": [
        {
          "from": 0.1,
          "to": 5.6,
          "type": "mandatory"
        }
      ]
    }
  ]
}