{
  "meta": {
    "data_version": "1.0.0",
    "created": "2015-07-25",
    "revision": 3
  },
  "info": {
    "balls_per_over": 6,
    "city": "Londonderry",
    "dates": [
      "2015-07-12"
    ],
    "event": {
      "group": "A",
      "match_number": 12,
      "name": "ICC World Twenty20 Qualifier"
    },
    "gender": "male",
    "match_type": "IT20",
    "officials": {
      "match_referees": [
        "GF Labrooy"
      ],
      "reserve_umpires": [
        "JD Cloete"
      ],
      "umpires": [
        "M Hawthorne",
        "RSA Palliyaguruge"
      ]
    },
    "outcome": {
      "by": {
        "runs": 24
      },
      "winner": "Papua New Guinea"
    },
    "overs": 20,
    "player_of_match": [
      "N Vanua"
    ],
    "players": {
      "Jersey": [
        "PW Gough",
        "EJ Farley",
        "JW Jenner",
        "CJ Bodenstein",
        "BDH Stevens",
        "NAT Watkins",
        "AW Kay",
        "C Bisson",
        "CW Perchard",
        "RJG Palmer",
        "B Kynman"
      ],
      "Papua New Guinea": [
        "TP Ura",
        "L Siaka",
        "A Vala",
        "K Pala",
        "MD Dai",
        "CJA Amini",
        "JNT Vare",
        "JB Reva",
        "N Vanua",
        "CA Soper",
        "WT Gavera"
      ]
    },
    "registry": {
      "people": {
        "A Vala": "72e60730",
        "AW Kay": "e8915c11",
        "B Kynman": "b6980844",
        "BDH Stevens": "f8035c2a",
        "C Bisson": "85ba5659",
        "CA Soper": "9920dd86",
        "CJ Bodenstein": "e05fcb17",
        "CJA Amini": "4d84ad05",
        "CW Perchard": "9f998ed8",
        "EJ Farley": "e2f677bf",
        "GF Labrooy": "8e088dbc",
        "JB Reva": "6a685375",
        "JD Cloete": "b0419f8c",
        "JNT Vare": "3e326efc",
        "JW Jenner": "32a8161e",
        "K Pala": "f5b68485",
        "L Siaka": "6b4593ee",
        "M Hawthorne": "ea123ee4",
        "MD Dai": "5be810ba",
        "N Vanua": "a36915ce",
        "NAT Watkins": "80089b3a",
        "PW Gough": "eca301ed",
        "RJG Palmer": "bc6f8328",
        "RSA Palliyaguruge": "4339c19d",
        "TP Ura": "a82eb3fb",
        "WT Gavera": "7516045a"
      }
    },
    "season": 2015,
    "team_type": "international",
    "teams": [
      "Papua New Guinea",
      "Jersey"
    ],
    "toss": {
      "decision": "field",
      "winner": "Jersey"
    },
    "venue": "Bready Cricket Club, Magheramason"
  },
  "innings": [
    {
      "team": "Papua New Guinea",
      "overs": [
        {
          "over": 0,
          "deliveries": [
            {
              "batter": "TP Ura",
              "bowler": "AW Kay",
              "non_striker": "L Siaka",
              "runs": {
                "batter": 1,
                "extras": 0,
                "total": 1
              }
            },
            {
              "batter": "L Siaka",
              "bowler": "AW Kay",
              "non_striker": "TP Ura",
              "runs": {
                "batter": 0,
                "extras": 0,
                "total": 0
              }
            },
            {
              "batter": "L Siaka",
              "bowler": "AW Kay",
              "non_striker": "TP Ura",
              "runs": {
                "batter": 1,
                "extras": 0,
                "total": 1
              }
            },
            {
              "batter": "TP Ura",
              "bowler": "AW Kay",
              "non_striker": "L Siaka",
              "runs": {
                "batter": 1,
                "extras": 0,
                "total": 1
              }
            },
            {
              "batter": "L Siaka",
              "bowler": "AW Kay",
              "non_striker": "TP Ura",
              "runs": {
                "batter": 1,
                "extras": 0,
                "total": 1
              }
            },
            {
              "batter": "TP Ura",
              "bowler": "AW Kay",
              "non_striker": "L Siaka",
              "runs": {
                "batter": 1,
                "extras": 0,
                "total": 1
              }
            }
          ]
        },
        {
          "over": 1,
          "deliveries": [
            {
              "batter": "TP Ura",
              "bowler": "B Kynman",
              "non_striker": "L Siaka",
              "runs": {
                "batter": 1,
                "extras": 0,
                "total": 1
              }
            },
            {
              "batter": "L Siaka",
              "bowler": "B Kynman",
              "extras": {
                "wides": 1
              },
              "non_striker": "TP Ura",
              "runs": {
                "batter": 0,
                "extras": 1,
                "total": 1
              }
            },
            {
              "batter": "L Siaka",
              "bowler": "B Kynman",
              "non_striker": "TP Ura",
              "runs": {
                "batter": 2,
                "extras": 0,
                "total": 2
              }
            },
            {
              "batter": "L Siaka",
              "bowler": "B Kynman",
              "non_striker": "TP Ura",
              "runs": {
                "batter": 4,
                "extras": 0,
                "total": 4
              }
            },
            {
              "batter": "L Siaka",
              "bowler": "B Kynman",
              "non_striker": "TP Ura",
              "runs": {
                "batter": 1,
                "extras": 0,
                "total": 1
              }
            },
            {
              "batter": "TP Ura",
              "bowler": "B Kynman",
              "non_striker": "L Siaka",
              "runs": {
                "batter": 4,
                "extras": 0,
                "total": 4
              }
            },
            {
              "batter": "TP Ura",
              "bowler": "B Kynman",
              "non_striker": "L Siaka",
              "runs": {
                "batter": 0,
                "extras": 0,
                "total": 0
              }
            }
          ]
        },
        {
          "over": 2,
          "deliveries": [
            {
              "batter": "L Siaka",
              "bowler": "AW Kay",
              "non_striker": "TP Ura",
              "runs": {
                "batter": 2,
                "extras": 0,
                "total": 2
              }
            },
            {
              "batter": "L Siaka",
              "bowler": "AW Kay",
              "non_striker": "TP Ura",
              "runs": {
                "batter": 0,
                "extras": 0,
                "total": 0
              }
            },
            {
              "batter": "L Siaka",
              "bowler": "AW Kay",
              "non_striker": "TP Ura",
              "runs": {
                "batter": 2,
                "extras": 0,
                "total": 2
              }
            },
            {
              "batter": "L Siaka",
              "bowler": "AW Kay",
              "non_striker": "TP Ura",
              "runs": {
                "batter": 0,
                "extras": 0,
                "total": 0
              }
            },
            {
              "batter": "L Siaka",
              "bowler": "AW Kay",
              "non_striker": "TP Ura",
              "runs": {
                "batter": 4,
                "extras": 0,
                "total": 4
              }
            },
            {
              "batter": "L Siaka",
              "bowler": "AW Kay",
              "non_striker": "TP Ura",
              "runs": {
                "batter": 1,
                "extras": 0,
                "total": 1
              }
            }
          ]
        },
        {
          "over": 3,
          "deliveries": [
            {
              "batter": "L Siaka",
              "bowler": "NAT Watkins",
              "non_striker": "TP Ura",
              "runs": {
                "batter": 4,
                "extras": 0,
                "total": 4
              }
            },
            {
              "batter": "L Siaka",
              "bowler": "NAT Watkins",
              "non_striker": "TP Ura",
              "runs": {
                "batter": 0,
                "extras": 0,
                "total": 0
              }
            },
            {
              "batter": "L Siaka",
              "bowler": "NAT Watkins",
              "non_striker": "TP Ura",
              "runs": {
                "batter": 2,
                "extras": 0,
                "total": 2
              }
            },
            {
              "batter": "L Siaka",
              "bowler": "NAT Watkins",
              "extras": {
                "byes": 2
              },
              "non_striker": "TP Ura",
              "runs": {
                "batter": 0,
                "extras": 2,
                "total": 2
              }
            },
            {
              "batter": "L Siaka",
              "bowler": "NAT Watkins",
              "non_striker": "TP Ura",
              "runs": {
                "batter": 1,
                "extras": 0,
                "total": 1
              }
            },
            {
              "batter": "TP Ura",
              "bowler": "NAT Watkins",
              "non_striker": "L Siaka",
              "runs": {
                "batter": 4,
                "extras": 0,
                "total": 4
              }
            }
          ]
        },
        {
          "over": 4,
          "deliveries": [
            {
              "batter": "L Siaka",
              "bowler": "BDH Stevens",
              "non_striker": "TP Ura",
              "runs": {
                "batter": 1,
                "extras": 0,
                "total": 1
              }
            },
            {
              "batter": "TP Ura",
              "bowler": "BDH Stevens",
              "non_striker": "L Siaka",
              "runs": {
                "batter": 2,
                "extras": 0,
                "total": 2
              }
            },
            {
              "batter": "TP Ura",
              "bowler": "BDH Stevens",
              "non_striker": "L Siaka",
              "runs": {
                "batter": 1,
                "extras": 0,
                "total": 1
              }
            },
            {
              "batter": "L Siaka",
              "bowler": "BDH Stevens",
              "non_striker": "TP Ura",
              "runs": {
                "batter": 0,
                "extras": 0,
                "total": 0
              },
              "wickets": [
                {
                  "kind": "caught",
                  "player_out": "L Siaka",
                  "fielders": [
                    {
                      "name": "CJ Bodenstein"
                    }
                  ]
                }
              ]
            },
            {
              "batter": "TP Ura",
              "bowler": "BDH Stevens",
              "non_striker": "A Vala",
              "runs": {
                "batter": 1,
                "extras": 0,
                "total": 1
              }
            },
            {
              "batter": "A Vala",
              "bowler": "BDH Stevens",
              "non_striker": "TP Ura",
              "runs": {
                "batter": 1,
                "extras": 0,
                "total": 1
              }
            }
          ]
        },
        {
          "over": 5,
          "deliveries": [
            {
              "batter": "A Vala",
              "bowler": "RJG Palmer",
              "non_striker": "TP Ura",
              "runs": {
                "batter": 1,
                "extras": 0,
                "total": 1
              }
            },
            {
              "batter": "TP Ura",
              "bowler": "RJG Palmer",
              "non_striker": "A Vala",
              "runs": {
                "batter": 4,
                "extras": 0,
                "total": 4
              }
            },
            {
              "batter": "TP Ura",
              "bowler": "RJG Palmer",
              "non_striker": "A Vala",
              "runs": {
                "batter": 0,
                "extras": 0,
                "total": 0
              }
            },
            {
              "batter": "TP Ura",
              "bowler": "RJG Palmer",
              "non_striker": "A Vala",
              "runs": {
                "batter": 0,
                "extras": 0,
                "total": 0
              }
            },
            {
              "batter": "TP Ura",
              "bowler": "RJG Palmer",
              "non_striker": "A Vala",
              "runs": {
                "batter": 1,
                "extras": 0,
                "total": 1
              }
            },
            {
              "batter": "A Vala",
              "bowler": "RJG Palmer",
              "non_striker": "TP Ura",
              "runs": {
                "batter": 2,
                "extras": 0,
                "total": 2
              }
            }
          ]
        },
        {
          "over": 6,
          "deliveries": [
            {
              "batter": "TP Ura",
              "bowler": "BDH Stevens",
              "non_striker": "A Vala",
              "runs": {
                "batter": 1,
                "extras": 0,
                "total": 1
              }
            },
            {
              "batter": "A Vala",
              "bowler": "BDH Stevens",
              "non_striker": "TP Ura",
              "runs": {
                "batter": 1,
                "extras": 0,
                "total": 1
              }
            },
            {
              "batter": "TP Ura",
              "bowler": "BDH Stevens",
              "non_striker": "A Vala",
              "runs": {
                "batter": 0,
                "extras": 0,
                "total": 0
              },
              "wickets": [
                {
                  "kind": "caught and bowled",
                  "player_out": "TP Ura"
                }
              ]
            },
            {
              "batter": "K Pala",
              "bowler": "BDH Stevens",
              "non_striker": "A Vala",
              "runs": {
                "batter": 1,
                "extras": 0,
                "total": 1
              }
            },
            {
              "batter": "A Vala",
              "bowler": "BDH Stevens",
              "non_striker": "K Pala",
              "runs": {
                "batter": 1,
                "extras": 0,
                "total": 1
              }
            },
            {
              "batter": "K Pala",
              "bowler": "BDH Stevens",
              "non_striker": "A Vala",
              "runs": {
                "batter": 0,
                "extras": 0,
                "total": 0
              }
            }
          ]
        },
        {
          "over": 7,
          "deliveries": [
            {
              "batter": "A Vala",
              "bowler": "RJG Palmer",
              "non_striker": "K Pala",
              "runs": {
                "batter": 2,
                "extras": 0,
                "total": 2
              }
            },
            {
              "batter": "A Vala",
              "bowler": "RJG Palmer",
              "non_striker": "K Pala",
              "runs": {
                "batter": 1,
                "extras": 0,
                "total": 1
              }
            },
            {
              "batter": "K Pala",
              "bowler": "RJG Palmer",
              "non_striker": "A Vala",
              "runs": {
                "batter": 0,
                "extras": 0,
                "total": 0
              }
            },
            {
              "batter": "K Pala",
              "bowler": "RJG Palmer",
              "non_striker": "A Vala",
              "runs": {
                "batter": 1,
                "extras": 0,
                "total": 1
              }
            },
            {
              "batter": "A Vala",
              "bowler": "RJG Palmer",
              "non_striker": "K Pala",
              "runs": {
                "batter": 0,
                "extras": 0,
                "total": 0
              }
            },
            {
              "batter": "A Vala",
              "bowler": "RJG Palmer",
              "non_striker": "K Pala",
              "runs": {
                "batter": 1,
                "extras": 0,
                "total": 1
              }
            }
          ]
        },
        {
          "over": 8,
          "deliveries": [
            {
              "batter": "A Vala",
              "bowler": "CW Perchard",
              "non_striker": "K Pala",
              "runs": {
                "batter": 3,
                "extras": 0,
                "total": 3
              }
            },
            {
              "batter": "K Pala",
              "bowler": "CW Perchard",
              "non_striker": "A Vala",
              "runs": {
                "batter": 1,
                "extras": 0,
                "total": 1
              }
            },
            {
              "batter": "A Vala",
              "bowler": "CW Perchard",
              "non_striker": "K Pala",
              "runs": {
                "batter": 2,
                "extras": 0,
                "total": 2
              }
            },
            {
              "batter": "A Vala",
              "bowler": "CW Perchard",
              "non_striker": "K Pala",
              "runs": {
                "batter": 1,
                "extras": 0,
                "total": 1
              }
            },
            {
              "batter": "K Pala",
              "bowler": "CW Perchard",
              "non_striker": "A Vala",
              "runs": {
                "batter": 1,
                "extras": 0,
                "total": 1
              }
            },
            {
              "batter": "A Vala",
              "bowler": "CW Perchard",
              "non_striker": "K Pala",
              "runs": {
                "batter": 1,
                "extras": 0,
                "total": 1
              }
            }
          ]
        },
        {
          "over": 9,
          "deliveries": [
            {
              "batter": "A Vala",
              "bowler": "JW Jenner",
              "non_striker": "K Pala",
              "runs": {
                "batter": 1,
                "extras": 0,
                "total": 1
              }
            },
            {
              "batter": "K Pala",
              "bowler": "JW Jenner",
              "non_striker": "A Vala",
              "runs": {
                "batter": 6,
                "extras": 0,
                "total": 6
              }
            },
            {
              "batter": "K Pala",
              "bowler": "JW Jenner",
              "non_striker": "A Vala",
              "runs": {
                "batter": 1,
                "extras": 0,
                "total": 1
              }
            },
            {
              "batter": "A Vala",
              "bowler": "JW Jenner",
              "non_striker": "K Pala",
              "runs": {
                "batter": 1,
                "extras": 0,
                "total": 1
              }
            },
            {
              "batter": "K Pala",
              "bowler": "JW Jenner",
              "non_striker": "A Vala",
              "runs": {
                "batter": 4,
                "extras": 0,
                "total": 4
              }
            },
            {
              "batter": "K Pala",
              "bowler": "JW Jenner",
              "non_striker": "A Vala",
              "runs": {
                "batter": 0,
                "extras": 0,
                "total": 0
              }
            }
          ]
        },
        {
          "over": 10,
          "deliveries": [
            {
              "batter": "A Vala",
              "bowler": "NAT Watkins",
              "non_striker": "K Pala",
              "runs": {
                "batter": 1,
                "extras": 0,
                "total": 1
              }
            },
            {
              "batter": "K Pala",
              "bowler": "NAT Watkins",
              "non_striker": "A Vala",
              "runs": {
                "batter": 2,
                "extras": 0,
                "total": 2
              }
            },
            {
              "batter": "K Pala",
              "bowler": "NAT Watkins",
              "non_striker": "A Vala",
              "runs": {
                "batter": 2,
                "extras": 0,
                "total": 2
              }
            },
            {
              "batter": "K Pala",
              "bowler": "NAT Watkins",
              "non_striker": "A Vala",
              "runs": {
                "batter": 1,
                "extras": 0,
                "total": 1
              }
            },
            {
              "batter": "A Vala",
              "bowler": "NAT Watkins",
              "non_striker": "K Pala",
              "runs": {
                "batter": 0,
                "extras": 0,
                "total": 0
              }
            },
            {
              "batter": "A Vala",
              "bowler": "NAT Watkins",
              "non_striker": "K Pala",
              "runs": {
                "batter": 1,
                "extras": 0,
                "total": 1
              }
            }
          ]
        },
        {
          "over": 11,
          "deliveries": [
            {
              "batter": "A Vala",
              "bowler": "RJG Palmer",
              "non_striker": "K Pala",
              "runs": {
                "batter": 1,
                "extras": 0,
                "total": 1
              }
            },
            {
              "batter": "K Pala",
              "bowler": "RJG Palmer",
              "non_striker": "A Vala",
              "runs": {
                "batter": 0,
                "extras": 0,
                "total": 0
              },
              "wickets": [
                {
                  "kind": "bowled",
                  "player_out": "K Pala"
                }
              ]
            },
            {
              "batter": "MD Dai",
              "bowler": "RJG Palmer",
              "non_striker": "A Vala",
              "runs": {
                "batter": 1,
                "extras": 0,
                "total": 1
              }
            },
            {
              "batter": "A Vala",
              "bowler": "RJG Palmer",
              "non_striker": "MD Dai",
              "runs": {
                "batter": 1,
                "extras": 0,
                "total": 1
              }
            },
            {
              "batter": "MD Dai",
              "bowler": "RJG Palmer",
              "non_striker": "A Vala",
              "runs": {
                "batter": 0,
                "extras": 0,
                "total": 0
              }
            },
            {
              "batter": "MD Dai",
              "bowler": "RJG Palmer",
              "non_striker": "A Vala",
              "runs": {
                "batter": 1,
                "extras": 0,
                "total": 1
              }
            }
          ]
        },
        {
          "over": 12,
          "deliveries": [
            {
              "batter": "MD Dai",
              "bowler": "BDH Stevens",
              "non_striker": "A Vala",
              "runs": {
                "batter": 1,
                "extras": 0,
                "total": 1
              }
            },
            {
              "batter": "A Vala",
              "bowler": "BDH Stevens",
              "non_striker": "MD Dai",
              "runs": {
                "batter": 0,
                "extras": 0,
                "total": 0
              }
            },
            {
              "batter": "A Vala",
              "bowler": "BDH Stevens",
              "non_striker": "MD Dai",
              "runs": {
                "batter": 4,
                "extras": 0,
                "total": 4
              }
            },
            {
              "batter": "A Vala",
              "bowler": "BDH Stevens",
              "non_striker": "MD Dai",
              "runs": {
                "batter": 0,
                "extras": 0,
                "total": 0
              }
            },
            {
              "batter": "A Vala",
              "bowler": "BDH Stevens",
              "non_striker": "MD Dai",
              "runs": {
                "batter": 1,
                "extras": 0,
                "total": 1
              }
            },
            {
              "batter": "MD Dai",
              "bowler": "BDH Stevens",
              "non_striker": "A Vala",
              "runs": {
                "batter": 1,
                "extras": 0,
                "total": 1
              }
            }
          ]
        },
        {
          "over": 13,
          "deliveries": [
            {
              "batter": "MD Dai",
              "bowler": "NAT Watkins",
              "non_striker": "A Vala",
              "runs": {
                "batter": 1,
                "extras": 0,
                "total": 1
              }
            },
            {
              "batter": "A Vala",
              "bowler": "NAT Watkins",
              "non_striker": "MD Dai",
              "runs": {
                "batter": 1,
                "extras": 0,
                "total": 1
              }
            },
            {
              "batter": "MD Dai",
              "bowler": "NAT Watkins",
              "non_striker": "A Vala",
              "runs": {
                "batter": 0,
                "extras": 0,
                "total": 0
              },
              "wickets": [
                {
                  "kind": "run out",
                  "player_out": "MD Dai",
                  "fielders": [
                    {
                      "name": "BDH Stevens"
                    }
                  ]
                }
              ]
            },
            {
              "batter": "A Vala",
              "bowler": "NAT Watkins",
              "non_striker": "CJA Amini",
              "runs": {
                "batter": 0,
                "extras": 0,
                "total": 0
              }
            },
            {
              "batter": "A Vala",
              "bowler": "NAT Watkins",
              "non_striker": "CJA Amini",
              "runs": {
                "batter": 0,
                "extras": 0,
                "total": 0
              },
              "wickets": [
                {
                  "kind": "caught",
                  "player_out": "A Vala",
                  "fielders": [
                    {
                      "name": "RJG Palmer"
                    }
                  ]
                }
              ]
            },
            {
              "batter": "JNT Vare",
              "bowler": "NAT Watkins",
              "non_striker": "CJA Amini",
              "runs": {
                "batter": 0,
                "extras": 0,
                "total": 0
              }
            }
          ]
        },
        {
          "over": 14,
          "deliveries": [
            {
              "batter": "CJA Amini",
              "bowler": "PW Gough",
              "non_striker": "JNT Vare",
              "runs": {
                "batter": 2,
                "extras": 0,
                "total": 2
              }
            },
            {
              "batter": "CJA Amini",
              "bowler": "PW Gough",
              "non_striker": "JNT Vare",
              "runs": {
                "batter": 0,
                "extras": 0,
                "total": 0
              }
            },
            {
              "batter": "CJA Amini",
              "bowler": "PW Gough",
              "non_striker": "JNT Vare",
              "runs": {
                "batter": 2,
                "extras": 0,
                "total": 2
              }
            },
            {
              "batter": "CJA Amini",
              "bowler": "PW Gough",
              "non_striker": "JNT Vare",
              "runs": {
                "batter": 1,
                "extras": 0,
                "total": 1
              }
            },
            {
              "batter": "JNT Vare",
              "bowler": "PW Gough",
              "non_striker": "CJA Amini",
              "runs": {
                "batter": 1,
                "extras": 0,
                "total": 1
              }
            },
            {
              "batter": "CJA Amini",
              "bowler": "PW Gough",
              "extras": {
                "wides": 1
              },
              "non_striker": "JNT Vare",
              "runs": {
                "batter": 0,
                "extras": 1,
                "total": 1
              }
            },
            {
              "batter": "CJA Amini",
              "bowler": "PW Gough",
              "non_striker": "JNT Vare",
              "runs": {
                "batter": 0,
                "extras": 0,
                "total": 0
              }
            }
          ]
        },
        {
          "over": 15,
          "deliveries": [
            {
              "batter": "JNT Vare",
              "bowler": "RJG Palmer",
              "non_striker": "CJA Amini",
              "runs": {
                "batter": 2,
                "extras": 0,
                "total": 2
              }
            },
            {
              "batter": "JNT Vare",
              "bowler": "RJG Palmer",
              "non_striker": "CJA Amini",
              "runs": {
                "batter": 2,
                "extras": 0,
                "total": 2
              }
            },
            {
              "batter": "JNT Vare",
              "bowler": "RJG Palmer",
              "non_striker": "CJA Amini",
              "runs": {
                "batter": 1,
                "extras": 0,
                "total": 1
              }
            },
            {
              "batter": "CJA Amini",
              "bowler": "RJG Palmer",
              "non_striker": "JNT Vare",
              "runs": {
                "batter": 0,
                "extras": 0,
                "total": 0
              }
            },
            {
              "batter": "CJA Amini",
              "bowler": "RJG Palmer",
              "non_striker": "JNT Vare",
              "runs": {
                "batter": 2,
                "extras": 0,
                "total": 2
              }
            },
            {
              "batter": "CJA Amini",
              "bowler": "RJG Palmer",
              "non_striker": "JNT Vare",
              "runs": {
                "batter": 1,
                "extras": 0,
                "total": 1
              }
            }
          ]
        },
        {
          "over": 16,
          "deliveries": [
            {
              "batter": "CJA Amini",
              "bowler": "AW Kay",
              "non_striker": "JNT Vare",
              "runs": {
                "batter": 0,
                "extras": 0,
                "total": 0
              }
            },
            {
              "batter": "CJA Amini",
              "bowler": "AW Kay",
              "non_striker": "JNT Vare",
              "runs": {
                "batter": 2,
                "extras": 0,
                "total": 2
              }
            },
            {
              "batter": "CJA Amini",
              "bowler": "AW Kay",
              "non_striker": "JNT Vare",
              "runs": {
                "batter": 0,
                "extras": 0,
                "total": 0
              },
              "wickets": [
                {
                  "kind": "caught",
                  "player_out": "CJA Amini",
                  "fielders": [
                    {
                      "name": "NAT Watkins"
                    }
                  ]
                }
              ]
            },
            {
              "batter": "JNT Vare",
              "bowler": "AW Kay",
              "non_striker": "JB Reva",
              "runs": {
                "batter": 1,
                "extras": 0,
                "total": 1
              }
            },
            {
              "batter": "JB Reva",
              "bowler": "AW Kay",
              "non_striker": "JNT Vare",
              "runs": {
                "batter": 1,
                "extras": 0,
                "total": 1
              }
            },
            {
              "batter": "JNT Vare",
              "bowler": "AW Kay",
              "non_striker": "JB Reva",
              "runs": {
                "batter": 1,
                "extras": 0,
                "total": 1
              }
            }
          ]
        },
        {
          "over": 17,
          "deliveries": [
            {
              "batter": "JNT Vare",
              "bowler": "NAT Watkins",
              "non_striker": "JB Reva",
              "runs": {
                "batter": 2,
                "extras": 0,
                "total": 2
              }
            },
            {
              "batter": "JNT Vare",
              "bowler": "NAT Watkins",
              "non_striker": "JB Reva",
              "runs": {
                "batter": 1,
                "extras": 0,
                "total": 1
              }
            },
            {
              "batter": "JB Reva",
              "bowler": "NAT Watkins",
              "non_striker": "JNT Vare",
              "runs": {
                "batter": 0,
                "extras": 0,
                "total": 0
              }
            },
            {
              "batter": "JB Reva",
              "bowler": "NAT Watkins",
              "non_striker": "JNT Vare",
              "runs": {
                "batter": 0,
                "extras": 0,
                "total": 0
              }
            },
            {
              "batter": "JB Reva",
              "bowler": "NAT Watkins",
              "non_striker": "JNT Vare",
              "runs": {
                "batter": 1,
                "extras": 0,
                "total": 1
              }
            },
            {
              "batter": "JNT Vare",
              "bowler": "NAT Watkins",
              "non_striker": "JB Reva",
              "runs": {
                "batter": 4,
                "extras": 0,
                "total": 4
              }
            }
          ]
        },
        {
          "over": 18,
          "deliveries": [
            {
              "batter": "JB Reva",
              "bowler": "BDH Stevens",
              "non_striker": "JNT Vare",
              "runs": {
                "batter": 1,
                "extras": 0,
                "total": 1
              }
            },
            {
              "batter": "JNT Vare",
              "bowler": "BDH Stevens",
              "non_striker": "JB Reva",
              "runs": {
                "batter": 4,
                "extras": 0,
                "total": 4
              }
            },
            {
              "batter": "JNT Vare",
              "bowler": "BDH Stevens",
              "non_striker": "JB Reva",
              "runs": {
                "batter": 1,
                "extras": 0,
                "total": 1
              }
            },
            {
              "batter": "JB Reva",
              "bowler": "BDH Stevens",
              "non_striker": "JNT Vare",
              "runs": {
                "batter": 1,
                "extras": 0,
                "total": 1
              }
            },
            {
              "batter": "JNT Vare",
              "bowler": "BDH Stevens",
              "non_striker": "JB Reva",
              "runs": {
                "batter": 0,
                "extras": 0,
                "total": 0
              }
            },
            {
              "batter": "JNT Vare",
              "bowler": "BDH Stevens",
              "non_striker": "JB Reva",
              "runs": {
                "batter": 0,
                "extras": 0,
                "total": 0
              },
              "wickets": [
                {
                  "kind": "stumped",
                  "player_out": "JNT Vare",
                  "fielders": [
                    {
                      "name": "EJ Farley"
                    }
                  ]
                }
              ]
            }
          ]
        },
        {
          "over": 19,
          "deliveries": [
            {
              "batter": "JB Reva",
              "bowler": "AW Kay",
              "non_striker": "N Vanua",
              "runs": {
                "batter": 0,
                "extras": 0,
                "total": 0
              },
              "wickets": [
                {
                  "kind": "caught",
                  "player_out": "JB Reva",
                  "fielders": [
                    {
                      "name": "PW Gough"
                    }
                  ]
                }
              ]
            },
            {
              "batter": "N Vanua",
              "bowler": "AW Kay",
              "non_striker": "CA Soper",
              "runs": {
                "batter": 0,
                "extras": 0,
                "total": 0
              },
              "wickets": [
                {
                  "kind": "caught",
                  "player_out": "N Vanua",
                  "fielders": [
                    {
                      "name": "B Kynman"
                    }
                  ]
                }
              ]
            },
            {
              "batter": "CA Soper",
              "bowler": "AW Kay",
              "non_striker": "WT Gavera",
              "runs": {
                "batter": 4,
                "extras": 0,
                "total": 4
              }
            },
            {
              "batter": "CA Soper",
              "bowler": "AW Kay",
              "non_striker": "WT Gavera",
              "runs": {
                "batter": 0,
                "extras": 0,
                "total": 0
              }
            },
            {
              "batter": "CA Soper",
              "bowler": "AW Kay",
              "non_striker": "WT Gavera",
              "runs": {
                "batter": 1,
                "extras": 0,
                "total": 1
              }
            },
            {
              "batter": "WT Gavera",
              "bowler": "AW Kay",
              "non_striker": "CA Soper",
              "runs": {
                "batter": 0,
                "extras": 0,
                "total": 0
              }
            }
          ]
        }
      ],
      "powerplays": [
        {
          "from": 0.1,
          "to": 5.6,
          "type": "mandatory"
        }
      ]
    },
    {
      "team": "Jersey",
      "overs": [
        {
          "over": 0,
          "deliveries": [
            {
              "batter": "PW Gough",
              "bowler": "A Vala",
              "non_striker": "EJ Farley",
              "runs": {
                "batter": 0,
                "extras": 0,
                "total": 0
              }
            },
            {
              "batter": "PW Gough",
              "bowler": "A Vala",
              "non_striker": "EJ Farley",
              "runs": {
                "batter": 0,
                "extras": 0,
                "total": 0
              }
            },
            {
              "batter": "PW Gough",
              "bowler": "A Vala",
              "non_striker": "EJ Farley",
              "runs": {
                "batter": 0,
                "extras": 0,
                "total": 0
              }
            },
            {
              "batter": "PW Gough",
              "bowler": "A Vala",
              "non_striker": "EJ Farley",
              "runs": {
                "batter": 1,
                "extras": 0,
                "total": 1
              }
            },
            {
              "batter": "EJ Farley",
              "bowler": "A Vala",
              "non_striker": "PW Gough",
              "runs": {
                "batter": 1,
                "extras": 0,
                "total": 1
              }
            },
            {
              "batter": "PW Gough",
              "bowler": "A Vala",
              "non_striker": "EJ Farley",
              "runs": {
                "batter": 1,
                "extras": 0,
                "total": 1
              }
            }
          ]
        },
        {
          "over": 1,
          "deliveries": [
            {
              "batter": "PW Gough",
              "bowler": "N Vanua",
              "non_striker": "EJ Farley",
              "runs": {
                "batter": 0,
                "extras": 0,
                "total": 0
              }
            },
            {
              "batter": "PW Gough",
              "bowler": "N Vanua",
              "non_striker": "EJ Farley",
              "runs": {
                "batter": 4,
                "extras": 0,
                "total": 4
              }
            },
            {
              "batter": "PW Gough",
              "bowler": "N Vanua",
              "non_striker": "EJ Farley",
              "runs": {
                "batter": 1,
                "extras": 0,
                "total": 1
              }
            },
            {
              "batter": "EJ Farley",
              "bowler": "N Vanua",
              "non_striker": "PW Gough",
              "runs": {
                "batter": 0,
                "extras": 0,
                "total": 0
              }
            },
            {
              "batter": "EJ Farley",
              "bowler": "N Vanua",
              "non_striker": "PW Gough",
              "runs": {
                "batter": 0,
                "extras": 0,
                "total": 0
              }
            },
            {
              "batter": "EJ Farley",
              "bowler": "N Vanua",
              "non_striker": "PW Gough",
              "runs": {
                "batter": 0,
                "extras": 0,
                "total": 0
              }
            }
          ]
        },
        {
          "over": 2,
          "deliveries": [
            {
              "batter": "PW Gough",
              "bowler": "A Vala",
              "non_striker": "EJ Farley",
              "runs": {
                "batter": 0,
                "extras": 0,
                "total": 0
              }
            },
            {
              "batter": "PW Gough",
              "bowler": "A Vala",
              "non_striker": "EJ Farley",
              "runs": {
                "batter": 0,
                "extras": 0,
                "total": 0
              }
            },
            {
              "batter": "PW Gough",
              "bowler": "A Vala",
              "non_striker": "EJ Farley",
              "runs": {
                "batter": 0,
                "extras": 0,
                "total": 0
              }
            },
            {
              "batter": "PW Gough",
              "bowler": "A Vala",
              "non_striker": "EJ Farley",
              "runs": {
                "batter": 0,
                "extras": 0,
                "total": 0
              }
            },
            {
              "batter": "PW Gough",
              "bowler": "A Vala",
              "non_striker": "EJ Farley",
              "runs": {
                "batter": 0,
                "extras": 0,
                "total": 0
              }
            },
            {
              "batter": "PW Gough",
              "bowler": "A Vala",
              "non_striker": "EJ Farley",
              "runs": {
                "batter": 1,
                "extras": 0,
                "total": 1
              }
            }
          ]
        },
        {
          "over": 3,
          "deliveries": [
            {
              "batter": "PW Gough",
              "bowler": "N Vanua",
              "non_striker": "EJ Farley",
              "runs": {
                "batter": 2,
                "extras": 0,
                "total": 2
              }
            },
            {
              "batter": "PW Gough",
              "bowler": "N Vanua",
              "non_striker": "EJ Farley",
              "runs": {
                "batter": 0,
                "extras": 0,
                "total": 0
              }
            },
            {
              "batter": "PW Gough",
              "bowler": "N Vanua",
              "non_striker": "EJ Farley",
              "runs": {
                "batter": 2,
                "extras": 0,
                "total": 2
              }
            },
            {
              "batter": "PW Gough",
              "bowler": "N Vanua",
              "non_striker": "EJ Farley",
              "runs": {
                "batter": 2,
                "extras": 0,
                "total": 2
              }
            },
            {
              "batter": "PW Gough",
              "bowler": "N Vanua",
              "non_striker": "EJ Farley",
              "runs": {
                "batter": 0,
                "extras": 0,
                "total": 0
              }
            },
            {
              "batter": "PW Gough",
              "bowler": "N Vanua",
              "non_striker": "EJ Farley",
              "runs": {
                "batter": 0,
                "extras": 0,
                "total": 0
              }
            }
          ]
        },
        {
          "over": 4,
          "deliveries": [
            {
              "batter": "EJ Farley",
              "bowler": "WT Gavera",
              "non_striker": "PW Gough",
              "runs": {
                "batter": 1,
                "extras": 0,
                "total": 1
              }
            },
            {
              "batter": "PW Gough",
              "bowler": "WT Gavera",
              "non_striker": "EJ Farley",
              "runs": {
                "batter": 0,
                "extras": 0,
                "total": 0
              },
              "wickets": [
                {
                  "kind": "caught",
                  "player_out": "PW Gough",
                  "fielders": [
                    {
                      "name": "N Vanua"
                    }
                  ]
                }
              ]
            },
            {
              "batter": "JW Jenner",
              "bowler": "WT Gavera",
              "non_striker": "EJ Farley",
              "runs": {
                "batter": 0,
                "extras": 0,
                "total": 0
              }
            },
            {
              "batter": "JW Jenner",
              "bowler": "WT Gavera",
              "non_striker": "EJ Farley",
              "runs": {
                "batter": 1,
                "extras": 0,
                "total": 1
              }
            },
            {
              "batter": "EJ Farley",
              "bowler": "WT Gavera",
              "non_striker": "JW Jenner",
              "runs": {
                "batter": 0,
                "extras": 0,
                "total": 0
              }
            },
            {
              "batter": "EJ Farley",
              "bowler": "WT Gavera",
              "extras": {
                "noballs": 1
              },
              "non_striker": "JW Jenner",
              "runs": {
                "batter": 0,
                "extras": 1,
                "total": 1
              }
            },
            {
              "batter": "EJ Farley",
              "bowler": "WT Gavera",
              "non_striker": "JW Jenner",
              "runs": {
                "batter": 2,
                "extras": 0,
                "total": 2
              }
            }
          ]
        },
        {
          "over": 5,
          "deliveries": [
            {
              "batter": "JW Jenner",
              "bowler": "CA Soper",
              "non_striker": "EJ Farley",
              "runs": {
                "batter": 1,
                "extras": 0,
                "total": 1
              }
            },
            {
              "batter": "EJ Farley",
              "bowler": "CA Soper",
              "non_striker": "JW Jenner",
              "runs": {
                "batter": 0,
                "extras": 0,
                "total": 0
              }
            },
            {
              "batter": "EJ Farley",
              "bowler": "CA Soper",
              "extras": {
                "wides": 5
              },
              "non_striker": "JW Jenner",
              "runs": {
                "batter": 0,
                "extras": 5,
                "total": 5
              }
            },
            {
              "batter": "EJ Farley",
              "bowler": "CA Soper",
              "non_striker": "JW Jenner",
              "runs": {
                "batter": 1,
                "extras": 0,
                "total": 1
              }
            },
            {
              "batter": "JW Jenner",
              "bowler": "CA Soper",
              "non_striker": "EJ Farley",
              "runs": {
                "batter": 6,
                "extras": 0,
                "total": 6
              }
            },
            {
              "batter": "JW Jenner",
              "bowler": "CA Soper",
              "non_striker": "EJ Farley",
              "runs": {
                "batter": 1,
                "extras": 0,
                "total": 1
              }
            },
            {
              "batter": "EJ Farley",
              "bowler": "CA Soper",
              "non_striker": "JW Jenner",
              "runs": {
                "batter": 0,
                "extras": 0,
                "total": 0
              },
              "wickets": [
                {
                  "kind": "caught",
                  "player_out": "EJ Farley",
                  "fielders": [
                    {
                      "name": "JB Reva"
                    }
                  ]
                }
              ]
            }
          ]
        },
        {
          "over": 6,
          "deliveries": [
            {
              "batter": "CJ Bodenstein",
              "bowler": "MD Dai",
              "non_striker": "JW Jenner",
              "runs": {
                "batter": 1,
                "extras": 0,
                "total": 1
              }
            },
            {
              "batter": "JW Jenner",
              "bowler": "MD Dai",
              "non_striker": "CJ Bodenstein",
              "runs": {
                "batter": 0,
                "extras": 0,
                "total": 0
              }
            },
            {
              "batter": "JW Jenner",
              "bowler": "MD Dai",
              "non_striker": "CJ Bodenstein",
              "runs": {
                "batter": 0,
                "extras": 0,
                "total": 0
              }
            },
            {
              "batter": "JW Jenner",
              "bowler": "MD Dai",
              "non_striker": "CJ Bodenstein",
              "runs": {
                "batter": 1,
                "extras": 0,
                "total": 1
              }
            },
            {
              "batter": "CJ Bodenstein",
              "bowler": "MD Dai",
              "non_striker": "JW Jenner",
              "runs": {
                "batter": 0,
                "extras": 0,
                "total": 0
              }
            },
            {
              "batter": "CJ Bodenstein",
              "bowler": "MD Dai",
              "non_striker": "JW Jenner",
              "runs": {
                "batter": 0,
                "extras": 0,
                "total": 0
              }
            }
          ]
        },
        {
          "over": 7,
          "deliveries": [
            {
              "batter": "JW Jenner",
              "bowler": "CA Soper",
              "non_striker": "CJ Bodenstein",
              "runs": {
                "batter": 4,
                "extras": 0,
                "total": 4
              }
            },
            {
              "batter": "JW Jenner",
              "bowler": "CA Soper",
              "non_striker": "CJ Bodenstein",
              "runs": {
                "batter": 0,
                "extras": 0,
                "total": 0
              }
            },
            {
              "batter": "JW Jenner",
              "bowler": "CA Soper",
              "non_striker": "CJ Bodenstein",
              "runs": {
                "batter": 1,
                "extras": 0,
                "total": 1
              }
            },
            {
              "batter": "CJ Bodenstein",
              "bowler": "CA Soper",
              "non_striker": "JW Jenner",
              "runs": {
                "batter": 6,
                "extras": 0,
                "total": 6
              }
            },
            {
              "batter": "CJ Bodenstein",
              "bowler": "CA Soper",
              "non_striker": "JW Jenner",
              "runs": {
                "batter": 1,
                "extras": 0,
                "total": 1
              }
            },
            {
              "batter": "JW Jenner",
              "bowler": "CA Soper",
              "non_striker": "CJ Bodenstein",
              "runs": {
                "batter": 1,
                "extras": 0,
                "total": 1
              }
            }
          ]
        },
        {
          "over": 8,
          "deliveries": [
            {
              "batter": "JW Jenner",
              "bowler": "MD Dai",
              "non_striker": "CJ Bodenstein",
              "runs": {
                "batter": 1,
                "extras": 0,
                "total": 1
              }
            },
            {
              "batter": "CJ Bodenstein",
              "bowler": "MD Dai",
              "non_striker": "JW Jenner",
              "runs": {
                "batter": 0,
                "extras": 0,
                "total": 0
              }
            },
            {
              "batter": "CJ Bodenstein",
              "bowler": "MD Dai",
              "non_striker": "JW Jenner",
              "runs": {
                "batter": 0,
                "extras": 0,
                "total": 0
              }
            },
            {
              "batter": "CJ Bodenstein",
              "bowler": "MD Dai",
              "non_striker": "JW Jenner",
              "runs": {
                "batter": 0,
                "extras": 0,
                "total": 0
              }
            },
            {
              "batter": "CJ Bodenstein",
              "bowler": "MD Dai",
              "non_striker": "JW Jenner",
              "runs": {
                "batter": 1,
                "extras": 0,
                "total": 1
              }
            },
            {
              "batter": "JW Jenner",
              "bowler": "MD Dai",
              "non_striker": "CJ Bodenstein",
              "runs": {
                "batter": 1,
                "extras": 0,
                "total": 1
              }
            }
          ]
        },
        {
          "over": 9,
          "deliveries": [
            {
              "batter": "JW Jenner",
              "bowler": "CJA Amini",
              "non_striker": "CJ Bodenstein",
              "runs": {
                "batter": 1,
                "extras": 0,
                "total": 1
              }
            },
            {
              "batter": "CJ Bodenstein",
              "bowler": "CJA Amini",
              "non_striker": "JW Jenner",
              "runs": {
                "batter": 1,
                "extras": 0,
                "total": 1
              }
            },
            {
              "batter": "JW Jenner",
              "bowler": "CJA Amini",
              "extras": {
                "wides": 1
              },
              "non_striker": "CJ Bodenstein",
              "runs": {
                "batter": 0,
                "extras": 1,
                "total": 1
              }
            },
            {
              "batter": "JW Jenner",
              "bowler": "CJA Amini",
              "non_striker": "CJ Bodenstein",
              "runs": {
                "batter": 2,
                "extras": 0,
                "total": 2
              }
            },
            {
              "batter": "JW Jenner",
              "bowler": "CJA Amini",
              "non_striker": "CJ Bodenstein",
              "runs": {
                "batter": 2,
                "extras": 0,
                "total": 2
              }
            },
            {
              "batter": "JW Jenner",
              "bowler": "CJA Amini",
              "non_striker": "CJ Bodenstein",
              "runs": {
                "batter": 2,
                "extras": 0,
                "total": 2
              }
            },
            {
              "batter": "JW Jenner",
              "bowler": "CJA Amini",
              "non_striker": "CJ Bodenstein",
              "runs": {
                "batter": 0,
                "extras": 0,
                "total": 0
              }
            }
          ]
        },
        {
          "over": 10,
          "deliveries": [
            {
              "batter": "CJ Bodenstein",
              "bowler": "MD Dai",
              "non_striker": "JW Jenner",
              "runs": {
                "batter": 0,
                "extras": 0,
                "total": 0
              },
              "wickets": [
                {
                  "kind": "caught",
                  "player_out": "CJ Bodenstein",
                  "fielders": [
                    {
                      "name": "JB Reva"
                    }
                  ]
                }
              ]
            },
            {
              "batter": "JW Jenner",
              "bowler": "MD Dai",
              "non_striker": "BDH Stevens",
              "runs": {
                "batter": 2,
                "extras": 0,
                "total": 2
              }
            },
            {
              "batter": "JW Jenner",
              "bowler": "MD Dai",
              "non_striker": "BDH Stevens",
              "runs": {
                "batter": 0,
                "extras": 0,
                "total": 0
              }
            },
            {
              "batter": "JW Jenner",
              "bowler": "MD Dai",
              "non_striker": "BDH Stevens",
              "runs": {
                "batter": 1,
                "extras": 0,
                "total": 1
              }
            },
            {
              "batter": "BDH Stevens",
              "bowler": "MD Dai",
              "non_striker": "JW Jenner",
              "runs": {
                "batter": 0,
                "extras": 0,
                "total": 0
              }
            },
            {
              "batter": "BDH Stevens",
              "bowler": "MD Dai",
              "non_striker": "JW Jenner",
              "runs": {
                "batter": 1,
                "extras": 0,
                "total": 1
              }
            }
          ]
        },
        {
          "over": 11,
          "deliveries": [
            {
              "batter": "BDH Stevens",
              "bowler": "CJA Amini",
              "extras": {
                "legbyes": 1
              },
              "non_striker": "JW Jenner",
              "runs": {
                "batter": 0,
                "extras": 1,
                "total": 1
              }
            },
            {
              "batter": "JW Jenner",
              "bowler": "CJA Amini",
              "non_striker": "BDH Stevens",
              "runs": {
                "batter": 0,
                "extras": 0,
                "total": 0
              }
            },
            {
              "batter": "JW Jenner",
              "bowler": "CJA Amini",
              "non_striker": "BDH Stevens",
              "runs": {
                "batter": 1,
                "extras": 0,
                "total": 1
              }
            },
            {
              "batter": "BDH Stevens",
              "bowler": "CJA Amini",
              "non_striker": "JW Jenner",
              "runs": {
                "batter": 0,
                "extras": 0,
                "total": 0
              }
            },
            {
              "batter": "BDH Stevens",
              "bowler": "CJA Amini",
              "non_striker": "JW Jenner",
              "runs": {
                "batter": 0,
                "extras": 0,
                "total": 0
              }
            },
            {
              "batter": "BDH Stevens",
              "bowler": "CJA Amini",
              "non_striker": "JW Jenner",
              "runs": {
                "batter": 1,
                "extras": 0,
                "total": 1
              }
            }
          ]
        },
        {
          "over": 12,
          "deliveries": [
            {
              "batter": "BDH Stevens",
              "bowler": "A Vala",
              "non_striker": "JW Jenner",
              "runs": {
                "batter": 1,
                "extras": 0,
                "total": 1
              }
            },
            {
              "batter": "JW Jenner",
              "bowler": "A Vala",
              "non_striker": "BDH Stevens",
              "runs": {
                "batter": 6,
                "extras": 0,
                "total": 6
              }
            },
            {
              "batter": "JW Jenner",
              "bowler": "A Vala",
              "non_striker": "BDH Stevens",
              "runs": {
                "batter": 4,
                "extras": 0,
                "total": 4
              }
            },
            {
              "batter": "JW Jenner",
              "bowler": "A Vala",
              "non_striker": "BDH Stevens",
              "runs": {
                "batter": 1,
                "extras": 0,
                "total": 1
              }
            },
            {
              "batter": "BDH Stevens",
              "bowler": "A Vala",
              "extras": {
                "wides": 1
              },
              "non_striker": "JW Jenner",
              "runs": {
                "batter": 0,
                "extras": 1,
                "total": 1
              }
            },
            {
              "batter": "BDH Stevens",
              "bowler": "A Vala",
              "non_striker": "JW Jenner",
              "runs": {
                "batter": 2,
                "extras": 0,
                "total": 2
              }
            },
            {
              "batter": "BDH Stevens",
              "bowler": "A Vala",
              "non_striker": "JW Jenner",
              "runs": {
                "batter": 0,
                "extras": 0,
                "total": 0
              }
            }
          ]
        },
        {
          "over": 13,
          "deliveries": [
            {
              "batter": "JW Jenner",
              "bowler": "WT Gavera",
              "non_striker": "BDH Stevens",
              "runs": {
                "batter": 4,
                "extras": 0,
                "total": 4
              }
            },
            {
              "batter": "JW Jenner",
              "bowler": "WT Gavera",
              "non_striker": "BDH Stevens",
              "runs": {
                "batter": 0,
                "extras": 0,
                "total": 0
              },
              "wickets": [
                {
                  "kind": "caught",
                  "player_out": "JW Jenner",
                  "fielders": [
                    {
                      "name": "N Vanua"
                    }
                  ]
                }
              ]
            },
            {
              "batter": "BDH Stevens",
              "bowler": "WT Gavera",
              "non_striker": "NAT Watkins",
              "runs": {
                "batter": 1,
                "extras": 0,
                "total": 1
              }
            },
            {
              "batter": "NAT Watkins",
              "bowler": "WT Gavera",
              "non_striker": "BDH Stevens",
              "runs": {
                "batter": 0,
                "extras": 0,
                "total": 0
              }
            },
            {
              "batter": "NAT Watkins",
              "bowler": "WT Gavera",
              "non_striker": "BDH Stevens",
              "runs": {
                "batter": 1,
                "extras": 0,
                "total": 1
              }
            },
            {
              "batter": "BDH Stevens",
              "bowler": "WT Gavera",
              "non_striker": "NAT Watkins",
              "runs": {
                "batter": 2,
                "extras": 0,
                "total": 2
              }
            }
          ]
        },
        {
          "over": 14,
          "deliveries": [
            {
              "batter": "NAT Watkins",
              "bowler": "JB Reva",
              "non_striker": "BDH Stevens",
              "runs": {
                "batter": 1,
                "extras": 0,
                "total": 1
              }
            },
            {
              "batter": "BDH Stevens",
              "bowler": "JB Reva",
              "extras": {
                "wides": 1
              },
              "non_striker": "NAT Watkins",
              "runs": {
                "batter": 0,
                "extras": 1,
                "total": 1
              }
            },
            {
              "batter": "BDH Stevens",
              "bowler": "JB Reva",
              "non_striker": "NAT Watkins",
              "runs": {
                "batter": 1,
                "extras": 0,
                "total": 1
              }
            },
            {
              "batter": "NAT Watkins",
              "bowler": "JB Reva",
              "non_striker": "BDH Stevens",
              "runs": {
                "batter": 2,
                "extras": 0,
                "total": 2
              }
            },
            {
              "batter": "NAT Watkins",
              "bowler": "JB Reva",
              "non_striker": "BDH Stevens",
              "runs": {
                "batter": 1,
                "extras": 0,
                "total": 1
              }
            },
            {
              "batter": "BDH Stevens",
              "bowler": "JB Reva",
              "non_striker": "NAT Watkins",
              "runs": {
                "batter": 0,
                "extras": 0,
                "total": 0
              }
            },
            {
              "batter": "BDH Stevens",
              "bowler": "JB Reva",
              "non_striker": "NAT Watkins",
              "runs": {
                "batter": 2,
                "extras": 0,
                "total": 2
              }
            }
          ]
        },
        {
          "over": 15,
          "deliveries": [
            {
              "batter": "NAT Watkins",
              "bowler": "N Vanua",
              "non_striker": "BDH Stevens",
              "runs": {
                "batter": 1,
                "extras": 0,
                "total": 1
              },
              "wickets": [
                {
                  "kind": "run out",
                  "player_out": "NAT Watkins",
                  "fielders": [
                    {
                      "name": "JNT Vare"
                    }
                  ]
                }
              ]
            },
            {
              "batter": "BDH Stevens",
              "bowler": "N Vanua",
              "non_striker": "AW Kay",
              "runs": {
                "batter": 4,
                "extras": 0,
                "total": 4
              }
            },
            {
              "batter": "BDH Stevens",
              "bowler": "N Vanua",
              "non_striker": "AW Kay",
              "runs": {
                "batter": 0,
                "extras": 0,
                "total": 0
              },
              "wickets": [
                {
                  "kind": "caught",
                  "player_out": "BDH Stevens",
                  "fielders": [
                    {
                      "name": "A Vala"
                    }
                  ]
                }
              ]
            },
            {
              "batter": "AW Kay",
              "bowler": "N Vanua",
              "non_striker": "C Bisson",
              "runs": {
                "batter": 0,
                "extras": 0,
                "total": 0
              }
            },
            {
              "batter": "AW Kay",
              "bowler": "N Vanua",
              "non_striker": "C Bisson",
              "runs": {
                "batter": 0,
                "extras": 0,
                "total": 0
              }
            },
            {
              "batter": "AW Kay",
              "bowler": "N Vanua",
              "non_striker": "C Bisson",
              "runs": {
                "batter": 0,
                "extras": 0,
                "total": 0
              }
            }
          ]
        },
        {
          "over": 16,
          "deliveries": [
            {
              "batter": "C Bisson",
              "bowler": "JB Reva",
              "non_striker": "AW Kay",
              "runs": {
                "batter": 1,
                "extras": 0,
                "total": 1
              }
            },
            {
              "batter": "AW Kay",
              "bowler": "JB Reva",
              "extras": {
                "legbyes": 1
              },
              "non_striker": "C Bisson",
              "runs": {
                "batter": 0,
                "extras": 1,
                "total": 1
              }
            },
            {
              "batter": "C Bisson",
              "bowler": "JB Reva",
              "non_striker": "AW Kay",
              "runs": {
                "batter": 1,
                "extras": 0,
                "total": 1
              }
            },
            {
              "batter": "AW Kay",
              "bowler": "JB Reva",
              "non_striker": "C Bisson",
              "runs": {
                "batter": 4,
                "extras": 0,
                "total": 4
              }
            },
            {
              "batter": "AW Kay",
              "bowler": "JB Reva",
              "non_striker": "C Bisson",
              "runs": {
                "batter": 0,
                "extras": 0,
                "total": 0
              }
            },
            {
              "batter": "AW Kay",
              "bowler": "JB Reva",
              "non_striker": "C Bisson",
              "runs": {
                "batter": 1,
                "extras": 0,
                "total": 1
              }
            }
          ]
        },
        {
          "over": 17,
          "deliveries": [
            {
              "batter": "AW Kay",
              "bowler": "N Vanua",
              "non_striker": "C Bisson",
              "runs": {
                "batter": 1,
                "extras": 0,
                "total": 1
              }
            },
            {
              "batter": "C Bisson",
              "bowler": "N Vanua",
              "non_striker": "AW Kay",
              "runs": {
                "batter": 0,
                "extras": 0,
                "total": 0
              },
              "wickets": [
                {
                  "kind": "caught",
                  "player_out": "C Bisson",
                  "fielders": [
                    {
                      "name": "L Siaka"
                    }
                  ]
                }
              ]
            },
            {
              "batter": "AW Kay",
              "bowler": "N Vanua",
              "non_striker": "CW Perchard",
              "runs": {
                "batter": 1,
                "extras": 0,
                "total": 1
              }
            },
            {
              "batter": "CW Perchard",
              "bowler": "N Vanua",
              "non_striker": "AW Kay",
              "runs": {
                "batter": 1,
                "extras": 0,
                "total": 1
              }
            },
            {
              "batter": "AW Kay",
              "bowler": "N Vanua",
              "non_striker": "CW Perchard",
              "runs": {
                "batter": 0,
                "extras": 0,
                "total": 0
              }
            },
            {
              "batter": "AW Kay",
              "bowler": "N Vanua",
              "non_striker": "CW Perchard",
              "runs": {
                "batter": 0,
                "extras": 0,
                "total": 0
              },
              "wickets": [
                {
                  "kind": "caught",
                  "player_out": "AW Kay",
                  "fielders": [
                    {
                      "name": "A Vala"
                    }
                  ]
                }
              ]
            }
          ]
        },
        {
          "over": 18,
          "deliveries": [
            {
              "batter": "CW Perchard",
              "bowler": "CA Soper",
              "non_striker": "RJG Palmer",
              "runs": {
                "batter": 0,
                "extras": 0,
                "total": 0
              }
            },
            {
              "batter": "CW Perchard",
              "bowler": "CA Soper",
              "non_striker": "RJG Palmer",
              "runs": {
                "batter": 1,
                "extras": 0,
                "total": 1
              }
            },
            {
              "batter": "RJG Palmer",
              "bowler": "CA Soper",
              "non_striker": "CW Perchard",
              "runs": {
                "batter": 0,
                "extras": 0,
                "total": 0
              }
            },
            {
              "batter": "RJG Palmer",
              "bowler": "CA Soper",
              "non_striker": "CW Perchard",
              "runs": {
                "batter": 0,
                "extras": 0,
                "total": 0
              },
              "wickets": [
                {
                  "kind": "caught",
                  "player_out": "RJG Palmer",
                  "fielders": [
                    {
                      "name": "A Vala"
                    }
                  ]
                }
              ]
            },
            {
              "batter": "CW Perchard",
              "bowler": "CA Soper",
              "non_striker": "B Kynman",
              "runs": {
                "batter": 1,
                "extras": 0,
                "total": 1
              }
            },
            {
              "batter": "B Kynman",
              "bowler": "CA Soper",
              "non_striker": "CW Perchard",
              "runs": {
                "batter": 1,
                "extras": 0,
                "total": 1
              }
            }
          ]
        },
        {
          "over": 19,
          "deliveries": [
            {
              "batter": "B Kynman",
              "bowler": "JB Reva",
              "non_striker": "CW Perchard",
              "runs": {
                "batter": 2,
                "extras": 0,
                "total": 2
              }
            },
            {
              "batter": "B Kynman",
              "bowler": "JB Reva",
              "non_striker": "CW Perchard",
              "runs": {
                "batter": 1,
                "extras": 0,
                "total": 1
              }
            },
            {
              "batter": "CW Perchard",
              "bowler": "JB Reva",
              "non_striker": "B Kynman",
              "runs": {
                "batter": 0,
                "extras": 0,
                "total": 0
              }
            },
            {
              "batter": "CW Perchard",
              "bowler": "JB Reva",
              "non_striker": "B Kynman",
              "runs": {
                "batter": 0,
                "extras": 0,
                "total": 0
              },
              "wickets": [
                {
                  "kind": "bowled",
                  "player_out": "CW Perchard"
                }
              ]
            }
          ]
        }
      ],
      "powerplays": [
        {
          "from": 0.1,
          "to": 5.7,
          "type": "mandatory"
        }
      ]
    }
  ]
}