{
  "meta": {
    "data_version": "1.0.0",
    "created": "2015-07-14",
    "revision": 1
  },
  "info": {
    "balls_per_over": 6,
    "city": "Belfast",
    "dates": [
      "2015-07-10"
    ],
    "event": {
      "group": "A",
      "match_number": 5,
      "name": "ICC World Twenty20 Qualifier"
    },
    "gender": "male",
    "match_type": "IT20",
    "officials": {
      "match_referees": [
        "SR Bernard"
      ],
      "reserve_umpires": [
        "JS Wilson"
      ],
      "umpires": [
        "M Hawthorne",
        "RT Robinson"
      ]
    },
    "outcome": {
      "by": {
        "wickets": 6
      },
      "winner": "Nepal"
    },
    "overs": 20,
    "player_of_match": [
      "SP Gauchan"
    ],
    "players": {
      "Nepal": [
        "Sagar Pun",
        "AK Mandal",
        "G Malla",
        "P Khadka",
        "B Bhandari",
        "S Vesawkar",
        "SP Gauchan",
        "Sompal Kami",
        "Karan KC",
        "PS Airee",
        "B Regmi"
      ],
      "United States of America": [
        "Fahad Babar",
        "AL Dodson",
        "S Vashishat",
        "MK Patel",
        "TK Patel",
        "K Ganesh",
        "JH Patel",
        "Adil Bhatti",
        "Muhammad Ghous",
        "Jasdeep Singh",
        "H Shahid"
      ]
    },
    "registry": {
      "people": {
        "AK Mandal": "defd49f6",
        "AL Dodson": "f5efe5e0",
        "Adil Bhatti": "fb4c5ea5",
        "B Bhandari": "82342b13",
        "B Regmi": "98d05440",
        "Fahad Babar": "5595b867",
        "G Malla": "b2e1d224",
        "H Shahid": "d0653d5a",
        "JH Patel": "7cf185e1",
        "JS Wilson": "d7f3b72f",
        "Jasdeep Singh": "5ec41cd7",
        "K Ganesh": "363fe2d5",
        "Karan KC": "f53b3e1d",
        "M Hawthorne": "ea123ee4",
        "MK Patel": "3bc24c1a",
        "Muhammad Ghous": "1676b2d6",
        "P Khadka": "12c3ba4d",
        "PS Airee": "cc18ba92",
        "RT Robinson": "b143c87d",
        "S Vashishat": "908d7d27",
        "S Vesawkar": "3de06845",
        "SP Gauchan": "2d8aae2f",
        "SR Bernard": "800187dc",
        "Sagar Pun": "3c4007d3",
        "Sompal Kami": "1adb8ee8",
        "TK Patel": "95fcbfb7"
      }
    },
    "season": 2015,
    "team_type": "international",
    "teams": [
      "Nepal",
      "United States of America"
    ],
    "toss": {
      "decision": "bat",
      "winner": "United States of America"
    },
    "venue": "Civil Service Cricket Club, Stormont"
  },
  "innings": [
    {
      "team": "United States of America",
      "overs": [
        {
          "over": 0,
          "deliveries": [
            {
              "batter": "Fahad Babar",
              "bowler": "Sompal Kami",
              "non_striker": "AL Dodson",
              "runs": {
                "batter": 0,
                "extras": 0,
                "total": 0
              }
            },
            {
              "batter": "Fahad Babar",
              "bowler": "Sompal Kami",
              "non_striker": "AL Dodson",
              "runs": {
                "batter": 0,
                "extras": 0,
                "total": 0
              }
            },
            {
              "batter": "Fahad Babar",
              "bowler": "Sompal Kami",
              "non_striker": "AL Dodson",
              "runs": {
                "batter": 0,
                "extras": 0,
                "total": 0
              }
            },
            {
              "batter": "Fahad Babar",
              "bowler": "Sompal Kami",
              "non_striker": "AL Dodson",
              "runs": {
                "batter": 4,
                "extras": 0,
                "total": 4
              }
            },
            {
              "batter": "Fahad Babar",
              "bowler": "Sompal Kami",
              "non_striker": "AL Dodson",
              "runs": {
                "batter": 1,
                "extras": 0,
                "total": 1
              }
            },
            {
              "batter": "AL Dodson",
              "bowler": "Sompal Kami",
              "non_striker": "Fahad Babar",
              "runs": {
                "batter": 0,
                "extras": 0,
                "total": 0
              }
            }
          ]
        },
        {
          "over": 1,
          "deliveries": [
            {
              "batter": "Fahad Babar",
              "bowler": "Karan KC",
              "non_striker": "AL Dodson",
              "runs": {
                "batter": 0,
                "extras": 0,
                "total": 0
              }
            },
            {
              "batter": "Fahad Babar",
              "bowler": "Karan KC",
              "non_striker": "AL Dodson",
              "runs": {
                "batter": 6,
                "extras": 0,
                "total": 6
              }
            },
            {
              "batter": "Fahad Babar",
              "bowler": "Karan KC",
              "extras": {
                "wides": 1
              },
              "non_striker": "AL Dodson",
              "runs": {
                "batter": 0,
                "extras": 1,
                "total": 1
              }
            },
            {
              "batter": "Fahad Babar",
              "bowler": "Karan KC",
              "non_striker": "AL Dodson",
              "runs": {
                "batter": 0,
                "extras": 0,
                "total": 0
              }
            },
            {
              "batter": "Fahad Babar",
              "bowler": "Karan KC",
              "non_striker": "AL Dodson",
              "runs": {
                "batter": 0,
                "extras": 0,
                "total": 0
              }
            },
            {
              "batter": "Fahad Babar",
              "bowler": "Karan KC",
              "non_striker": "AL Dodson",
              "runs": {
                "batter": 4,
                "extras": 0,
                "total": 4
              }
            },
            {
              "batter": "Fahad Babar",
              "bowler": "Karan KC",
              "non_striker": "AL Dodson",
              "runs": {
                "batter": 2,
                "extras": 0,
                "total": 2
              }
            }
          ]
        },
        {
          "over": 2,
          "deliveries": [
            {
              "batter": "AL Dodson",
              "bowler": "Sagar Pun",
              "extras": {
                "byes": 2
              },
              "non_striker": "Fahad Babar",
              "runs": {
                "batter": 0,
                "extras": 2,
                "total": 2
              }
            },
            {
              "batter": "AL Dodson",
              "bowler": "Sagar Pun",
              "non_striker": "Fahad Babar",
              "runs": {
                "batter": 1,
                "extras": 0,
                "total": 1
              }
            },
            {
              "batter": "Fahad Babar",
              "bowler": "Sagar Pun",
              "non_striker": "AL Dodson",
              "runs": {
                "batter": 2,
                "extras": 0,
                "total": 2
              }
            },
            {
              "batter": "Fahad Babar",
              "bowler": "Sagar Pun",
              "non_striker": "AL Dodson",
              "runs": {
                "batter": 4,
                "extras": 0,
                "total": 4
              }
            },
            {
              "batter": "Fahad Babar",
              "bowler": "Sagar Pun",
              "non_striker": "AL Dodson",
              "runs": {
                "batter": 0,
                "extras": 0,
                "total": 0
              }
            },
            {
              "batter": "Fahad Babar",
              "bowler": "Sagar Pun",
              "non_striker": "AL Dodson",
              "runs": {
                "batter": 0,
                "extras": 0,
                "total": 0
              },
              "wickets": [
                {
                  "kind": "caught",
                  "player_out": "Fahad Babar",
                  "fielders": [
                    {
                      "name": "AK Mandal"
                    }
                  ]
                }
              ]
            }
          ]
        },
        {
          "over": 3,
          "deliveries": [
            {
              "batter": "AL Dodson",
              "bowler": "Karan KC",
              "non_striker": "S Vashishat",
              "runs": {
                "batter": 0,
                "extras": 0,
                "total": 0
              }
            },
            {
              "batter": "AL Dodson",
              "bowler": "Karan KC",
              "non_striker": "S Vashishat",
              "runs": {
                "batter": 4,
                "extras": 0,
                "total": 4
              }
            },
            {
              "batter": "AL Dodson",
              "bowler": "Karan KC",
              "non_striker": "S Vashishat",
              "runs": {
                "batter": 0,
                "extras": 0,
                "total": 0
              }
            },
            {
              "batter": "AL Dodson",
              "bowler": "Karan KC",
              "non_striker": "S Vashishat",
              "runs": {
                "batter": 6,
                "extras": 0,
                "total": 6
              }
            },
            {
              "batter": "AL Dodson",
              "bowler": "Karan KC",
              "non_striker": "S Vashishat",
              "runs": {
                "batter": 0,
                "extras": 0,
                "total": 0
              }
            },
            {
              "batter": "AL Dodson",
              "bowler": "Karan KC",
              "non_striker": "S Vashishat",
              "runs": {
                "batter": 4,
                "extras": 0,
                "total": 4
              }
            }
          ]
        },
        {
          "over": 4,
          "deliveries": [
            {
              "batter": "S Vashishat",
              "bowler": "SP Gauchan",
              "non_striker": "AL Dodson",
              "runs": {
                "batter": 0,
                "extras": 0,
                "total": 0
              }
            },
            {
              "batter": "S Vashishat",
              "bowler": "SP Gauchan",
              "non_striker": "AL Dodson",
              "runs": {
                "batter": 0,
                "extras": 0,
                "total": 0
              }
            },
            {
              "batter": "S Vashishat",
              "bowler": "SP Gauchan",
              "non_striker": "AL Dodson",
              "runs": {
                "batter": 1,
                "extras": 0,
                "total": 1
              }
            },
            {
              "batter": "AL Dodson",
              "bowler": "SP Gauchan",
              "non_striker": "S Vashishat",
              "runs": {
                "batter": 0,
                "extras": 0,
                "total": 0
              }
            },
            {
              "batter": "AL Dodson",
              "bowler": "SP Gauchan",
              "non_striker": "S Vashishat",
              "runs": {
                "batter": 1,
                "extras": 0,
                "total": 1
              }
            },
            {
              "batter": "S Vashishat",
              "bowler": "SP Gauchan",
              "non_striker": "AL Dodson",
              "runs": {
                "batter": 0,
                "extras": 0,
                "total": 0
              }
            }
          ]
        },
        {
          "over": 5,
          "deliveries": [
            {
              "batter": "AL Dodson",
              "bowler": "Sagar Pun",
              "non_striker": "S Vashishat",
              "runs": {
                "batter": 4,
                "extras": 0,
                "total": 4
              }
            },
            {
              "batter": "AL Dodson",
              "bowler": "Sagar Pun",
              "non_striker": "S Vashishat",
              "runs": {
                "batter": 0,
                "extras": 0,
                "total": 0
              }
            },
            {
              "batter": "AL Dodson",
              "bowler": "Sagar Pun",
              "non_striker": "S Vashishat",
              "runs": {
                "batter": 1,
                "extras": 0,
                "total": 1
              }
            },
            {
              "batter": "S Vashishat",
              "bowler": "Sagar Pun",
              "non_striker": "AL Dodson",
              "runs": {
                "batter": 1,
                "extras": 0,
                "total": 1
              }
            },
            {
              "batter": "AL Dodson",
              "bowler": "Sagar Pun",
              "non_striker": "S Vashishat",
              "runs": {
                "batter": 0,
                "extras": 0,
                "total": 0
              }
            },
            {
              "batter": "AL Dodson",
              "bowler": "Sagar Pun",
              "non_striker": "S Vashishat",
              "runs": {
                "batter": 0,
                "extras": 0,
                "total": 0
              }
            }
          ]
        },
        {
          "over": 6,
          "deliveries": [
            {
              "batter": "S Vashishat",
              "bowler": "Sompal Kami",
              "non_striker": "AL Dodson",
              "runs": {
                "batter": 1,
                "extras": 0,
                "total": 1
              }
            },
            {
              "batter": "AL Dodson",
              "bowler": "Sompal Kami",
              "non_striker": "S Vashishat",
              "runs": {
                "batter": 1,
                "extras": 0,
                "total": 1
              }
            },
            {
              "batter": "S Vashishat",
              "bowler": "Sompal Kami",
              "non_striker": "AL Dodson",
              "runs": {
                "batter": 0,
                "extras": 0,
                "total": 0
              },
              "wickets": [
                {
                  "kind": "lbw",
                  "player_out": "S Vashishat"
                }
              ]
            },
            {
              "batter": "MK Patel",
              "bowler": "Sompal Kami",
              "non_striker": "AL Dodson",
              "runs": {
                "batter": 4,
                "extras": 0,
                "total": 4
              }
            },
            {
              "batter": "MK Patel",
              "bowler": "Sompal Kami",
              "non_striker": "AL Dodson",
              "runs": {
                "batter": 1,
                "extras": 0,
                "total": 1
              }
            },
            {
              "batter": "AL Dodson",
              "bowler": "Sompal Kami",
              "non_striker": "MK Patel",
              "runs": {
                "batter": 1,
                "extras": 0,
                "total": 1
              }
            }
          ]
        },
        {
          "over": 7,
          "deliveries": [
            {
              "batter": "AL Dodson",
              "bowler": "Sagar Pun",
              "non_striker": "MK Patel",
              "runs": {
                "batter": 1,
                "extras": 0,
                "total": 1
              }
            },
            {
              "batter": "MK Patel",
              "bowler": "Sagar Pun",
              "non_striker": "AL Dodson",
              "runs": {
                "batter": 0,
                "extras": 0,
                "total": 0
              }
            },
            {
              "batter": "MK Patel",
              "bowler": "Sagar Pun",
              "non_striker": "AL Dodson",
              "runs": {
                "batter": 0,
                "extras": 0,
                "total": 0
              }
            },
            {
              "batter": "MK Patel",
              "bowler": "Sagar Pun",
              "non_striker": "AL Dodson",
              "runs": {
                "batter": 1,
                "extras": 0,
                "total": 1
              }
            },
            {
              "batter": "AL Dodson",
              "bowler": "Sagar Pun",
              "non_striker": "MK Patel",
              "runs": {
                "batter": 0,
                "extras": 0,
                "total": 0
              }
            },
            {
              "batter": "AL Dodson",
              "bowler": "Sagar Pun",
              "non_striker": "MK Patel",
              "runs": {
                "batter": 4,
                "extras": 0,
                "total": 4
              }
            }
          ]
        },
        {
          "over": 8,
          "deliveries": [
            {
              "batter": "MK Patel",
              "bowler": "B Regmi",
              "non_striker": "AL Dodson",
              "runs": {
                "batter": 0,
                "extras": 0,
                "total": 0
              }
            },
            {
              "batter": "MK Patel",
              "bowler": "B Regmi",
              "non_striker": "AL Dodson",
              "runs": {
                "batter": 1,
                "extras": 0,
                "total": 1
              }
            },
            {
              "batter": "AL Dodson",
              "bowler": "B Regmi",
              "non_striker": "MK Patel",
              "runs": {
                "batter": 2,
                "extras": 0,
                "total": 2
              }
            },
            {
              "batter": "AL Dodson",
              "bowler": "B Regmi",
              "non_striker": "MK Patel",
              "runs": {
                "batter": 2,
                "extras": 0,
                "total": 2
              }
            },
            {
              "batter": "MK Patel",
              "bowler": "B Regmi",
              "non_striker": "AL Dodson",
              "runs": {
                "batter": 0,
                "extras": 0,
                "total": 0
              },
              "wickets": [
                {
                  "kind": "caught",
                  "player_out": "MK Patel",
                  "fielders": [
                    {
                      "name": "S Vesawkar"
                    }
                  ]
                }
              ]
            },
            {
              "batter": "AL Dodson",
              "bowler": "B Regmi",
              "non_striker": "TK Patel",
              "runs": {
                "batter": 2,
                "extras": 0,
                "total": 2
              }
            }
          ]
        },
        {
          "over": 9,
          "deliveries": [
            {
              "batter": "TK Patel",
              "bowler": "P Khadka",
              "non_striker": "AL Dodson",
              "runs": {
                "batter": 0,
                "extras": 0,
                "total": 0
              }
            },
            {
              "batter": "TK Patel",
              "bowler": "P Khadka",
              "non_striker": "AL Dodson",
              "runs": {
                "batter": 1,
                "extras": 0,
                "total": 1
              }
            },
            {
              "batter": "AL Dodson",
              "bowler": "P Khadka",
              "non_striker": "TK Patel",
              "runs": {
                "batter": 0,
                "extras": 0,
                "total": 0
              }
            },
            {
              "batter": "AL Dodson",
              "bowler": "P Khadka",
              "non_striker": "TK Patel",
              "runs": {
                "batter": 1,
                "extras": 0,
                "total": 1
              }
            },
            {
              "batter": "TK Patel",
              "bowler": "P Khadka",
              "non_striker": "AL Dodson",
              "runs": {
                "batter": 0,
                "extras": 0,
                "total": 0
              }
            },
            {
              "batter": "TK Patel",
              "bowler": "P Khadka",
              "non_striker": "AL Dodson",
              "runs": {
                "batter": 1,
                "extras": 0,
                "total": 1
              }
            }
          ]
        },
        {
          "over": 10,
          "deliveries": [
            {
              "batter": "TK Patel",
              "bowler": "B Regmi",
              "non_striker": "AL Dodson",
              "runs": {
                "batter": 0,
                "extras": 0,
                "total": 0
              },
              "wickets": [
                {
                  "kind": "caught and bowled",
                  "player_out": "TK Patel"
                }
              ]
            },
            {
              "batter": "K Ganesh",
              "bowler": "B Regmi",
              "non_striker": "AL Dodson",
              "runs": {
                "batter": 0,
                "extras": 0,
                "total": 0
              }
            },
            {
              "batter": "K Ganesh",
              "bowler": "B Regmi",
              "non_striker": "AL Dodson",
              "runs": {
                "batter": 5,
                "extras": 0,
                "total": 5
              }
            },
            {
              "batter": "AL Dodson",
              "bowler": "B Regmi",
              "non_striker": "K Ganesh",
              "runs": {
                "batter": 0,
                "extras": 0,
                "total": 0
              }
            },
            {
              "batter": "AL Dodson",
              "bowler": "B Regmi",
              "non_striker": "K Ganesh",
              "runs": {
                "batter": 2,
                "extras": 0,
                "total": 2
              }
            },
            {
              "batter": "AL Dodson",
              "bowler": "B Regmi",
              "non_striker": "K Ganesh",
              "runs": {
                "batter": 0,
                "extras": 0,
                "total": 0
              }
            }
          ]
        },
        {
          "over": 11,
          "deliveries": [
            {
              "batter": "K Ganesh",
              "bowler": "P Khadka",
              "non_striker": "AL Dodson",
              "runs": {
                "batter": 0,
                "extras": 0,
                "total": 0
              }
            },
            {
              "batter": "K Ganesh",
              "bowler": "P Khadka",
              "non_striker": "AL Dodson",
              "runs": {
                "batter": 1,
                "extras": 0,
                "total": 1
              }
            },
            {
              "batter": "AL Dodson",
              "bowler": "P Khadka",
              "non_striker": "K Ganesh",
              "runs": {
                "batter": 0,
                "extras": 0,
                "total": 0
              }
            },
            {
              "batter": "AL Dodson",
              "bowler": "P Khadka",
              "non_striker": "K Ganesh",
              "runs": {
                "batter": 1,
                "extras": 0,
                "total": 1
              }
            },
            {
              "batter": "K Ganesh",
              "bowler": "P Khadka",
              "non_striker": "AL Dodson",
              "runs": {
                "batter": 1,
                "extras": 0,
                "total": 1
              }
            },
            {
              "batter": "AL Dodson",
              "bowler": "P Khadka",
              "non_striker": "K Ganesh",
              "runs": {
                "batter": 1,
                "extras": 0,
                "total": 1
              }
            }
          ]
        },
        {
          "over": 12,
          "deliveries": [
            {
              "batter": "AL Dodson",
              "bowler": "SP Gauchan",
              "non_striker": "K Ganesh",
              "runs": {
                "batter": 0,
                "extras": 0,
                "total": 0
              },
              "wickets": [
                {
                  "kind": "caught",
                  "player_out": "AL Dodson",
                  "fielders": [
                    {
                      "name": "B Regmi"
                    }
                  ]
                }
              ]
            },
            {
              "batter": "JH Patel",
              "bowler": "SP Gauchan",
              "non_striker": "K Ganesh",
              "runs": {
                "batter": 1,
                "extras": 0,
                "total": 1
              }
            },
            {
              "batter": "K Ganesh",
              "bowler": "SP Gauchan",
              "non_striker": "JH Patel",
              "runs": {
                "batter": 1,
                "extras": 0,
                "total": 1
              }
            },
            {
              "batter": "JH Patel",
              "bowler": "SP Gauchan",
              "non_striker": "K Ganesh",
              "runs": {
                "batter": 0,
                "extras": 0,
                "total": 0
              }
            },
            {
              "batter": "JH Patel",
              "bowler": "SP Gauchan",
              "non_striker": "K Ganesh",
              "runs": {
                "batter": 0,
                "extras": 0,
                "total": 0
              },
              "wickets": [
                {
                  "kind": "lbw",
                  "player_out": "JH Patel"
                }
              ]
            },
            {
              "batter": "Adil Bhatti",
              "bowler": "SP Gauchan",
              "non_striker": "K Ganesh",
              "runs": {
                "batter": 0,
                "extras": 0,
                "total": 0
              }
            }
          ]
        },
        {
          "over": 13,
          "deliveries": [
            {
              "batter": "K Ganesh",
              "bowler": "P Khadka",
              "non_striker": "Adil Bhatti",
              "runs": {
                "batter": 1,
                "extras": 0,
                "total": 1
              }
            },
            {
              "batter": "Adil Bhatti",
              "bowler": "P Khadka",
              "non_striker": "K Ganesh",
              "runs": {
                "batter": 1,
                "extras": 0,
                "total": 1
              }
            },
            {
              "batter": "K Ganesh",
              "bowler": "P Khadka",
              "non_striker": "Adil Bhatti",
              "runs": {
                "batter": 0,
                "extras": 0,
                "total": 0
              }
            },
            {
              "batter": "K Ganesh",
              "bowler": "P Khadka",
              "non_striker": "Adil Bhatti",
              "runs": {
                "batter": 1,
                "extras": 0,
                "total": 1
              }
            },
            {
              "batter": "Adil Bhatti",
              "bowler": "P Khadka",
              "non_striker": "K Ganesh",
              "runs": {
                "batter": 0,
                "extras": 0,
                "total": 0
              }
            },
            {
              "batter": "Adil Bhatti",
              "bowler": "P Khadka",
              "non_striker": "K Ganesh",
              "runs": {
                "batter": 0,
                "extras": 0,
                "total": 0
              }
            }
          ]
        },
        {
          "over": 14,
          "deliveries": [
            {
              "batter": "K Ganesh",
              "bowler": "SP Gauchan",
              "non_striker": "Adil Bhatti",
              "runs": {
                "batter": 0,
                "extras": 0,
                "total": 0
              }
            },
            {
              "batter": "K Ganesh",
              "bowler": "SP Gauchan",
              "non_striker": "Adil Bhatti",
              "runs": {
                "batter": 0,
                "extras": 0,
                "total": 0
              }
            },
            {
              "batter": "K Ganesh",
              "bowler": "SP Gauchan",
              "non_striker": "Adil Bhatti",
              "runs": {
                "batter": 1,
                "extras": 0,
                "total": 1
              }
            },
            {
              "batter": "Adil Bhatti",
              "bowler": "SP Gauchan",
              "non_striker": "K Ganesh",
              "runs": {
                "batter": 1,
                "extras": 0,
                "total": 1
              }
            },
            {
              "batter": "K Ganesh",
              "bowler": "SP Gauchan",
              "non_striker": "Adil Bhatti",
              "runs": {
                "batter": 1,
                "extras": 0,
                "total": 1
              }
            },
            {
              "batter": "Adil Bhatti",
              "bowler": "SP Gauchan",
              "non_striker": "K Ganesh",
              "runs": {
                "batter": 0,
                "extras": 0,
                "total": 0
              }
            }
          ]
        },
        {
          "over": 15,
          "deliveries": [
            {
              "batter": "K Ganesh",
              "bowler": "B Regmi",
              "non_striker": "Adil Bhatti",
              "runs": {
                "batter": 1,
                "extras": 0,
                "total": 1
              }
            },
            {
              "batter": "Adil Bhatti",
              "bowler": "B Regmi",
              "non_striker": "K Ganesh",
              "runs": {
                "batter": 1,
                "extras": 0,
                "total": 1
              }
            },
            {
              "batter": "K Ganesh",
              "bowler": "B Regmi",
              "non_striker": "Adil Bhatti",
              "runs": {
                "batter": 1,
                "extras": 0,
                "total": 1
              }
            },
            {
              "batter": "Adil Bhatti",
              "bowler": "B Regmi",
              "non_striker": "K Ganesh",
              "runs": {
                "batter": 0,
                "extras": 0,
                "total": 0
              }
            },
            {
              "batter": "Adil Bhatti",
              "bowler": "B Regmi",
              "non_striker": "K Ganesh",
              "runs": {
                "batter": 2,
                "extras": 0,
                "total": 2
              }
            },
            {
              "batter": "Adil Bhatti",
              "bowler": "B Regmi",
              "non_striker": "K Ganesh",
              "runs": {
                "batter": 1,
                "extras": 0,
                "total": 1
              }
            }
          ]
        },
        {
          "over": 16,
          "deliveries": [
            {
              "batter": "Adil Bhatti",
              "bowler": "SP Gauchan",
              "non_striker": "K Ganesh",
              "runs": {
                "batter": 1,
                "extras": 0,
                "total": 1
              }
            },
            {
              "batter": "K Ganesh",
              "bowler": "SP Gauchan",
              "non_striker": "Adil Bhatti",
              "runs": {
                "batter": 1,
                "extras": 0,
                "total": 1
              }
            },
            {
              "batter": "Adil Bhatti",
              "bowler": "SP Gauchan",
              "non_striker": "K Ganesh",
              "runs": {
                "batter": 4,
                "extras": 0,
                "total": 4
              }
            },
            {
              "batter": "Adil Bhatti",
              "bowler": "SP Gauchan",
              "non_striker": "K Ganesh",
              "runs": {
                "batter": 2,
                "extras": 0,
                "total": 2
              }
            },
            {
              "batter": "Adil Bhatti",
              "bowler": "SP Gauchan",
              "non_striker": "K Ganesh",
              "runs": {
                "batter": 1,
                "extras": 0,
                "total": 1
              }
            },
            {
              "batter": "K Ganesh",
              "bowler": "SP Gauchan",
              "non_striker": "Adil Bhatti",
              "runs": {
                "batter": 0,
                "extras": 0,
                "total": 0
              },
              "wickets": [
                {
                  "kind": "caught",
                  "player_out": "K Ganesh",
                  "fielders": [
                    {
                      "name": "PS Airee"
                    }
                  ]
                }
              ]
            }
          ]
        },
        {
          "over": 17,
          "deliveries": [
            {
              "batter": "Muhammad Ghous",
              "bowler": "Sompal Kami",
              "non_striker": "Adil Bhatti",
              "runs": {
                "batter": 2,
                "extras": 0,
                "total": 2
              }
            },
            {
              "batter": "Muhammad Ghous",
              "bowler": "Sompal Kami",
              "non_striker": "Adil Bhatti",
              "runs": {
                "batter": 0,
                "extras": 0,
                "total": 0
              }
            },
            {
              "batter": "Muhammad Ghous",
              "bowler": "Sompal Kami",
              "non_striker": "Adil Bhatti",
              "runs": {
                "batter": 0,
                "extras": 0,
                "total": 0
              },
              "wickets": [
                {
                  "kind": "caught",
                  "player_out": "Muhammad Ghous",
                  "fielders": [
                    {
                      "name": "G Malla"
                    }
                  ]
                }
              ]
            },
            {
              "batter": "Jasdeep Singh",
              "bowler": "Sompal Kami",
              "non_striker": "Adil Bhatti",
              "runs": {
                "batter": 0,
                "extras": 0,
                "total": 0
              }
            },
            {
              "batter": "Jasdeep Singh",
              "bowler": "Sompal Kami",
              "non_striker": "Adil Bhatti",
              "runs": {
                "batter": 0,
                "extras": 0,
                "total": 0
              }
            },
            {
              "batter": "Jasdeep Singh",
              "bowler": "Sompal Kami",
              "non_striker": "Adil Bhatti",
              "runs": {
                "batter": 2,
                "extras": 0,
                "total": 2
              }
            }
          ]
        },
        {
          "over": 18,
          "deliveries": [
            {
              "batter": "Adil Bhatti",
              "bowler": "B Regmi",
              "non_striker": "Jasdeep Singh",
              "runs": {
                "batter": 0,
                "extras": 0,
                "total": 0
              },
              "wickets": [
                {
                  "kind": "bowled",
                  "player_out": "Adil Bhatti"
                }
              ]
            },
            {
              "batter": "H Shahid",
              "bowler": "B Regmi",
              "non_striker": "Jasdeep Singh",
              "runs": {
                "batter": 0,
                "extras": 0,
                "total": 0
              }
            },
            {
              "batter": "H Shahid",
              "bowler": "B Regmi",
              "non_striker": "Jasdeep Singh",
              "runs": {
                "batter": 2,
                "extras": 0,
                "total": 2
              }
            },
            {
              "batter": "H Shahid",
              "bowler": "B Regmi",
              "non_striker": "Jasdeep Singh",
              "runs": {
                "batter": 0,
                "extras": 0,
                "total": 0
              }
            },
            {
              "batter": "H Shahid",
              "bowler": "B Regmi",
              "non_striker": "Jasdeep Singh",
              "runs": {
                "batter": 1,
                "extras": 0,
                "total": 1
              }
            },
            {
              "batter": "Jasdeep Singh",
              "bowler": "B Regmi",
              "non_striker": "H Shahid",
              "runs": {
                "batter": 1,
                "extras": 0,
                "total": 1
              }
            }
          ]
        },
        {
          "over": 19,
          "deliveries": [
            {
              "batter": "Jasdeep Singh",
              "bowler": "Sompal Kami",
              "non_striker": "H Shahid",
              "runs": {
                "batter": 1,
                "extras": 0,
                "total": 1
              }
            },
            {
              "batter": "H Shahid",
              "bowler": "Sompal Kami",
              "non_striker": "Jasdeep Singh",
              "runs": {
                "batter": 0,
                "extras": 0,
                "total": 0
              }
            },
            {
              "batter": "H Shahid",
              "bowler": "Sompal Kami",
              "non_striker": "Jasdeep Singh",
              "runs": {
                "batter": 1,
                "extras": 0,
                "total": 1
              }
            },
            {
              "batter": "Jasdeep Singh",
              "bowler": "Sompal Kami",
              "extras": {
                "legbyes": 1
              },
              "non_striker": "H Shahid",
              "runs": {
                "batter": 0,
                "extras": 1,
                "total": 1
              }
            },
            {
              "batter": "H Shahid",
              "bowler": "Sompal Kami",
              "non_striker": "Jasdeep Singh",
              "runs": {
                "batter": 1,
                "extras": 0,
                "total": 1
              }
            },
            {
              "batter": "Jasdeep Singh",
              "bowler": "Sompal Kami",
              "non_striker": "H Shahid",
              "runs": {
                "batter": 2,
                "extras": 0,
                "total": 2
              },
              "wickets": [
                {
                  "kind": "run out",
                  "player_out": "Jasdeep Singh",
                  "fielders": [
                    {
                      "name": "Karan KC"
                    }
                  ]
                }
              ]
            }
          ]
        }
      ],
      "powerplays": [
        {
          "from": 0.1,
          "to": 5.6,
          "type": "mandatory"
        }
      ]
    },
    {
      "team": "Nepal",
      "overs": [
        {
          "over": 0,
          "deliveries": [
            {
              "batter": "Sagar Pun",
              "bowler": "Jasdeep Singh",
              "non_striker": "AK Mandal",
              "runs": {
                "batter": 2,
                "extras": 0,
                "total": 2
              }
            },
            {
              "batter": "Sagar Pun",
              "bowler": "Jasdeep Singh",
              "non_striker": "AK Mandal",
              "runs": {
                "batter": 0,
                "extras": 0,
                "total": 0
              }
            },
            {
              "batter": "Sagar Pun",
              "bowler": "Jasdeep Singh",
              "non_striker": "AK Mandal",
              "runs": {
                "batter": 0,
                "extras": 0,
                "total": 0
              }
            },
            {
              "batter": "Sagar Pun",
              "bowler": "Jasdeep Singh",
              "non_striker": "AK Mandal",
              "runs": {
                "batter": 4,
                "extras": 0,
                "total": 4
              }
            },
            {
              "batter": "Sagar Pun",
              "bowler": "Jasdeep Singh",
              "non_striker": "AK Mandal",
              "runs": {
                "batter": 0,
                "extras": 0,
                "total": 0
              },
              "wickets": [
                {
                  "kind": "bowled",
                  "player_out": "Sagar Pun"
                }
              ]
            },
            {
              "batter": "G Malla",
              "bowler": "Jasdeep Singh",
              "non_striker": "AK Mandal",
              "runs": {
                "batter": 0,
                "extras": 0,
                "total": 0
              }
            }
          ]
        },
        {
          "over": 1,
          "deliveries": [
            {
              "batter": "AK Mandal",
              "bowler": "Muhammad Ghous",
              "non_striker": "G Malla",
              "runs": {
                "batter": 1,
                "extras": 0,
                "total": 1
              }
            },
            {
              "batter": "G Malla",
              "bowler": "Muhammad Ghous",
              "non_striker": "AK Mandal",
              "runs": {
                "batter": 0,
                "extras": 0,
                "total": 0
              }
            },
            {
              "batter": "G Malla",
              "bowler": "Muhammad Ghous",
              "non_striker": "AK Mandal",
              "runs": {
                "batter": 1,
                "extras": 0,
                "total": 1
              }
            },
            {
              "batter": "AK Mandal",
              "bowler": "Muhammad Ghous",
              "non_striker": "G Malla",
              "runs": {
                "batter": 0,
                "extras": 0,
                "total": 0
              }
            },
            {
              "batter": "AK Mandal",
              "bowler": "Muhammad Ghous",
              "non_striker": "G Malla",
              "runs": {
                "batter": 0,
                "extras": 0,
                "total": 0
              }
            },
            {
              "batter": "AK Mandal",
              "bowler": "Muhammad Ghous",
              "non_striker": "G Malla",
              "runs": {
                "batter": 1,
                "extras": 0,
                "total": 1
              }
            }
          ]
        },
        {
          "over": 2,
          "deliveries": [
            {
              "batter": "AK Mandal",
              "bowler": "Jasdeep Singh",
              "non_striker": "G Malla",
              "runs": {
                "batter": 1,
                "extras": 0,
                "total": 1
              }
            },
            {
              "batter": "G Malla",
              "bowler": "Jasdeep Singh",
              "non_striker": "AK Mandal",
              "runs": {
                "batter": 1,
                "extras": 0,
                "total": 1
              }
            },
            {
              "batter": "AK Mandal",
              "bowler": "Jasdeep Singh",
              "non_striker": "G Malla",
              "runs": {
                "batter": 1,
                "extras": 0,
                "total": 1
              }
            },
            {
              "batter": "G Malla",
              "bowler": "Jasdeep Singh",
              "non_striker": "AK Mandal",
              "runs": {
                "batter": 0,
                "extras": 0,
                "total": 0
              }
            },
            {
              "batter": "G Malla",
              "bowler": "Jasdeep Singh",
              "non_striker": "AK Mandal",
              "runs": {
                "batter": 1,
                "extras": 0,
                "total": 1
              }
            },
            {
              "batter": "AK Mandal",
              "bowler": "Jasdeep Singh",
              "extras": {
                "wides": 1
              },
              "non_striker": "G Malla",
              "runs": {
                "batter": 0,
                "extras": 1,
                "total": 1
              }
            },
            {
              "batter": "AK Mandal",
              "bowler": "Jasdeep Singh",
              "non_striker": "G Malla",
              "runs": {
                "batter": 0,
                "extras": 0,
                "total": 0
              }
            }
          ]
        },
        {
          "over": 3,
          "deliveries": [
            {
              "batter": "G Malla",
              "bowler": "Muhammad Ghous",
              "non_striker": "AK Mandal",
              "runs": {
                "batter": 1,
                "extras": 0,
                "total": 1
              }
            },
            {
              "batter": "AK Mandal",
              "bowler": "Muhammad Ghous",
              "extras": {
                "wides": 1
              },
              "non_striker": "G Malla",
              "runs": {
                "batter": 0,
                "extras": 1,
                "total": 1
              }
            },
            {
              "batter": "AK Mandal",
              "bowler": "Muhammad Ghous",
              "non_striker": "G Malla",
              "runs": {
                "batter": 0,
                "extras": 0,
                "total": 0
              }
            },
            {
              "batter": "AK Mandal",
              "bowler": "Muhammad Ghous",
              "non_striker": "G Malla",
              "runs": {
                "batter": 0,
                "extras": 0,
                "total": 0
              }
            },
            {
              "batter": "AK Mandal",
              "bowler": "Muhammad Ghous",
              "non_striker": "G Malla",
              "runs": {
                "batter": 4,
                "extras": 0,
                "total": 4
              }
            },
            {
              "batter": "AK Mandal",
              "bowler": "Muhammad Ghous",
              "non_striker": "G Malla",
              "runs": {
                "batter": 0,
                "extras": 0,
                "total": 0
              }
            },
            {
              "batter": "AK Mandal",
              "bowler": "Muhammad Ghous",
              "non_striker": "G Malla",
              "runs": {
                "batter": 0,
                "extras": 0,
                "total": 0
              }
            }
          ]
        },
        {
          "over": 4,
          "deliveries": [
            {
              "batter": "G Malla",
              "bowler": "H Shahid",
              "non_striker": "AK Mandal",
              "runs": {
                "batter": 0,
                "extras": 0,
                "total": 0
              }
            },
            {
              "batter": "G Malla",
              "bowler": "H Shahid",
              "non_striker": "AK Mandal",
              "runs": {
                "batter": 1,
                "extras": 0,
                "total": 1
              }
            },
            {
              "batter": "AK Mandal",
              "bowler": "H Shahid",
              "non_striker": "G Malla",
              "runs": {
                "batter": 0,
                "extras": 0,
                "total": 0
              }
            },
            {
              "batter": "AK Mandal",
              "bowler": "H Shahid",
              "non_striker": "G Malla",
              "runs": {
                "batter": 0,
                "extras": 0,
                "total": 0
              }
            },
            {
              "batter": "AK Mandal",
              "bowler": "H Shahid",
              "non_striker": "G Malla",
              "runs": {
                "batter": 1,
                "extras": 0,
                "total": 1
              }
            },
            {
              "batter": "G Malla",
              "bowler": "H Shahid",
              "non_striker": "AK Mandal",
              "runs": {
                "batter": 0,
                "extras": 0,
                "total": 0
              }
            }
          ]
        },
        {
          "over": 5,
          "deliveries": [
            {
              "batter": "AK Mandal",
              "bowler": "Adil Bhatti",
              "non_striker": "G Malla",
              "runs": {
                "batter": 0,
                "extras": 0,
                "total": 0
              }
            },
            {
              "batter": "AK Mandal",
              "bowler": "Adil Bhatti",
              "non_striker": "G Malla",
              "runs": {
                "batter": 2,
                "extras": 0,
                "total": 2
              }
            },
            {
              "batter": "AK Mandal",
              "bowler": "Adil Bhatti",
              "non_striker": "G Malla",
              "runs": {
                "batter": 1,
                "extras": 0,
                "total": 1
              }
            },
            {
              "batter": "G Malla",
              "bowler": "Adil Bhatti",
              "non_striker": "AK Mandal",
              "runs": {
                "batter": 0,
                "extras": 0,
                "total": 0
              }
            },
            {
              "batter": "G Malla",
              "bowler": "Adil Bhatti",
              "non_striker": "AK Mandal",
              "runs": {
                "batter": 1,
                "extras": 0,
                "total": 1
              }
            },
            {
              "batter": "AK Mandal",
              "bowler": "Adil Bhatti",
              "non_striker": "G Malla",
              "runs": {
                "batter": 1,
                "extras": 0,
                "total": 1
              }
            }
          ]
        },
        {
          "over": 6,
          "deliveries": [
            {
              "batter": "AK Mandal",
              "bowler": "H Shahid",
              "non_striker": "G Malla",
              "runs": {
                "batter": 0,
                "extras": 0,
                "total": 0
              }
            },
            {
              "batter": "AK Mandal",
              "bowler": "H Shahid",
              "non_striker": "G Malla",
              "runs": {
                "batter": 2,
                "extras": 0,
                "total": 2
              }
            },
            {
              "batter": "AK Mandal",
              "bowler": "H Shahid",
              "non_striker": "G Malla",
              "runs": {
                "batter": 0,
                "extras": 0,
                "total": 0
              }
            },
            {
              "batter": "AK Mandal",
              "bowler": "H Shahid",
              "non_striker": "G Malla",
              "runs": {
                "batter": 0,
                "extras": 0,
                "total": 0
              }
            },
            {
              "batter": "AK Mandal",
              "bowler": "H Shahid",
              "non_striker": "G Malla",
              "runs": {
                "batter": 0,
                "extras": 0,
                "total": 0
              }
            },
            {
              "batter": "AK Mandal",
              "bowler": "H Shahid",
              "non_striker": "G Malla",
              "runs": {
                "batter": 1,
                "extras": 0,
                "total": 1
              }
            }
          ]
        },
        {
          "over": 7,
          "deliveries": [
            {
              "batter": "AK Mandal",
              "bowler": "Adil Bhatti",
              "non_striker": "G Malla",
              "runs": {
                "batter": 1,
                "extras": 0,
                "total": 1
              }
            },
            {
              "batter": "G Malla",
              "bowler": "Adil Bhatti",
              "non_striker": "AK Mandal",
              "runs": {
                "batter": 1,
                "extras": 0,
                "total": 1
              }
            },
            {
              "batter": "AK Mandal",
              "bowler": "Adil Bhatti",
              "non_striker": "G Malla",
              "runs": {
                "batter": 1,
                "extras": 0,
                "total": 1
              }
            },
            {
              "batter": "G Malla",
              "bowler": "Adil Bhatti",
              "non_striker": "AK Mandal",
              "runs": {
                "batter": 4,
                "extras": 0,
                "total": 4
              }
            },
            {
              "batter": "G Malla",
              "bowler": "Adil Bhatti",
              "non_striker": "AK Mandal",
              "runs": {
                "batter": 0,
                "extras": 0,
                "total": 0
              }
            },
            {
              "batter": "G Malla",
              "bowler": "Adil Bhatti",
              "non_striker": "AK Mandal",
              "runs": {
                "batter": 0,
                "extras": 0,
                "total": 0
              }
            }
          ]
        },
        {
          "over": 8,
          "deliveries": [
            {
              "batter": "AK Mandal",
              "bowler": "TK Patel",
              "non_striker": "G Malla",
              "runs": {
                "batter": 1,
                "extras": 0,
                "total": 1
              }
            },
            {
              "batter": "G Malla",
              "bowler": "TK Patel",
              "non_striker": "AK Mandal",
              "runs": {
                "batter": 2,
                "extras": 0,
                "total": 2
              }
            },
            {
              "batter": "G Malla",
              "bowler": "TK Patel",
              "non_striker": "AK Mandal",
              "runs": {
                "batter": 4,
                "extras": 0,
                "total": 4
              }
            },
            {
              "batter": "G Malla",
              "bowler": "TK Patel",
              "non_striker": "AK Mandal",
              "runs": {
                "batter": 0,
                "extras": 0,
                "total": 0
              }
            },
            {
              "batter": "G Malla",
              "bowler": "TK Patel",
              "non_striker": "AK Mandal",
              "runs": {
                "batter": 1,
                "extras": 0,
                "total": 1
              }
            },
            {
              "batter": "AK Mandal",
              "bowler": "TK Patel",
              "non_striker": "G Malla",
              "runs": {
                "batter": 0,
                "extras": 0,
                "total": 0
              }
            }
          ]
        },
        {
          "over": 9,
          "deliveries": [
            {
              "batter": "G Malla",
              "bowler": "Adil Bhatti",
              "non_striker": "AK Mandal",
              "runs": {
                "batter": 1,
                "extras": 0,
                "total": 1
              }
            },
            {
              "batter": "AK Mandal",
              "bowler": "Adil Bhatti",
              "non_striker": "G Malla",
              "runs": {
                "batter": 0,
                "extras": 0,
                "total": 0
              }
            },
            {
              "batter": "AK Mandal",
              "bowler": "Adil Bhatti",
              "non_striker": "G Malla",
              "runs": {
                "batter": 0,
                "extras": 0,
                "total": 0
              }
            },
            {
              "batter": "AK Mandal",
              "bowler": "Adil Bhatti",
              "non_striker": "G Malla",
              "runs": {
                "batter": 1,
                "extras": 0,
                "total": 1
              }
            },
            {
              "batter": "G Malla",
              "bowler": "Adil Bhatti",
              "non_striker": "AK Mandal",
              "runs": {
                "batter": 6,
                "extras": 0,
                "total": 6
              }
            },
            {
              "batter": "G Malla",
              "bowler": "Adil Bhatti",
              "non_striker": "AK Mandal",
              "runs": {
                "batter": 1,
                "extras": 0,
                "total": 1
              }
            }
          ]
        },
        {
          "over": 10,
          "deliveries": [
            {
              "batter": "G Malla",
              "bowler": "TK Patel",
              "non_striker": "AK Mandal",
              "runs": {
                "batter": 0,
                "extras": 0,
                "total": 0
              }
            },
            {
              "batter": "G Malla",
              "bowler": "TK Patel",
              "non_striker": "AK Mandal",
              "runs": {
                "batter": 0,
                "extras": 0,
                "total": 0
              }
            },
            {
              "batter": "G Malla",
              "bowler": "TK Patel",
              "non_striker": "AK Mandal",
              "runs": {
                "batter": 1,
                "extras": 0,
                "total": 1
              }
            },
            {
              "batter": "AK Mandal",
              "bowler": "TK Patel",
              "extras": {
                "wides": 1
              },
              "non_striker": "G Malla",
              "runs": {
                "batter": 0,
                "extras": 1,
                "total": 1
              }
            },
            {
              "batter": "AK Mandal",
              "bowler": "TK Patel",
              "non_striker": "G Malla",
              "runs": {
                "batter": 2,
                "extras": 0,
                "total": 2
              }
            },
            {
              "batter": "AK Mandal",
              "bowler": "TK Patel",
              "non_striker": "G Malla",
              "runs": {
                "batter": 0,
                "extras": 0,
                "total": 0
              }
            },
            {
              "batter": "AK Mandal",
              "bowler": "TK Patel",
              "non_striker": "G Malla",
              "runs": {
                "batter": 3,
                "extras": 0,
                "total": 3
              }
            }
          ]
        },
        {
          "over": 11,
          "deliveries": [
            {
              "batter": "AK Mandal",
              "bowler": "Muhammad Ghous",
              "non_striker": "G Malla",
              "runs": {
                "batter": 0,
                "extras": 0,
                "total": 0
              }
            },
            {
              "batter": "AK Mandal",
              "bowler": "Muhammad Ghous",
              "non_striker": "G Malla",
              "runs": {
                "batter": 1,
                "extras": 0,
                "total": 1
              }
            },
            {
              "batter": "G Malla",
              "bowler": "Muhammad Ghous",
              "non_striker": "AK Mandal",
              "runs": {
                "batter": 4,
                "extras": 0,
                "total": 4
              }
            },
            {
              "batter": "G Malla",
              "bowler": "Muhammad Ghous",
              "non_striker": "AK Mandal",
              "runs": {
                "batter": 4,
                "extras": 0,
                "total": 4
              }
            },
            {
              "batter": "G Malla",
              "bowler": "Muhammad Ghous",
              "non_striker": "AK Mandal",
              "runs": {
                "batter": 1,
                "extras": 0,
                "total": 1
              }
            },
            {
              "batter": "AK Mandal",
              "bowler": "Muhammad Ghous",
              "non_striker": "G Malla",
              "runs": {
                "batter": 1,
                "extras": 0,
                "total": 1
              }
            }
          ]
        },
        {
          "over": 12,
          "deliveries": [
            {
              "batter": "AK Mandal",
              "bowler": "K Ganesh",
              "non_striker": "G Malla",
              "runs": {
                "batter": 1,
                "extras": 0,
                "total": 1
              }
            },
            {
              "batter": "G Malla",
              "bowler": "K Ganesh",
              "non_striker": "AK Mandal",
              "runs": {
                "batter": 2,
                "extras": 0,
                "total": 2
              }
            },
            {
              "batter": "G Malla",
              "bowler": "K Ganesh",
              "non_striker": "AK Mandal",
              "runs": {
                "batter": 0,
                "extras": 0,
                "total": 0
              }
            },
            {
              "batter": "G Malla",
              "bowler": "K Ganesh",
              "non_striker": "AK Mandal",
              "runs": {
                "batter": 0,
                "extras": 0,
                "total": 0
              }
            },
            {
              "batter": "G Malla",
              "bowler": "K Ganesh",
              "non_striker": "AK Mandal",
              "runs": {
                "batter": 0,
                "extras": 0,
                "total": 0
              }
            },
            {
              "batter": "G Malla",
              "bowler": "K Ganesh",
              "non_striker": "AK Mandal",
              "runs": {
                "batter": 1,
                "extras": 0,
                "total": 1
              }
            }
          ]
        },
        {
          "over": 13,
          "deliveries": [
            {
              "batter": "G Malla",
              "bowler": "TK Patel",
              "non_striker": "AK Mandal",
              "runs": {
                "batter": 1,
                "extras": 0,
                "total": 1
              }
            },
            {
              "batter": "AK Mandal",
              "bowler": "TK Patel",
              "non_striker": "G Malla",
              "runs": {
                "batter": 0,
                "extras": 0,
                "total": 0
              }
            },
            {
              "batter": "AK Mandal",
              "bowler": "TK Patel",
              "non_striker": "G Malla",
              "runs": {
                "batter": 1,
                "extras": 0,
                "total": 1
              }
            },
            {
              "batter": "G Malla",
              "bowler": "TK Patel",
              "non_striker": "AK Mandal",
              "runs": {
                "batter": 4,
                "extras": 0,
                "total": 4
              }
            },
            {
              "batter": "G Malla",
              "bowler": "TK Patel",
              "non_striker": "AK Mandal",
              "runs": {
                "batter": 0,
                "extras": 0,
                "total": 0
              }
            },
            {
              "batter": "G Malla",
              "bowler": "TK Patel",
              "non_striker": "AK Mandal",
              "runs": {
                "batter": 1,
                "extras": 0,
                "total": 1
              }
            }
          ]
        },
        {
          "over": 14,
          "deliveries": [
            {
              "batter": "G Malla",
              "bowler": "K Ganesh",
              "non_striker": "AK Mandal",
              "runs": {
                "batter": 1,
                "extras": 0,
                "total": 1
              }
            },
            {
              "batter": "AK Mandal",
              "bowler": "K Ganesh",
              "non_striker": "G Malla",
              "runs": {
                "batter": 0,
                "extras": 0,
                "total": 0
              },
              "wickets": [
                {
                  "kind": "caught",
                  "player_out": "AK Mandal",
                  "fielders": [
                    {
                      "name": "Jasdeep Singh"
                    }
                  ]
                }
              ]
            },
            {
              "batter": "G Malla",
              "bowler": "K Ganesh",
              "non_striker": "P Khadka",
              "runs": {
                "batter": 4,
                "extras": 0,
                "total": 4
              }
            },
            {
              "batter": "G Malla",
              "bowler": "K Ganesh",
              "non_striker": "P Khadka",
              "runs": {
                "batter": 1,
                "extras": 0,
                "total": 1
              }
            },
            {
              "batter": "P Khadka",
              "bowler": "K Ganesh",
              "non_striker": "G Malla",
              "runs": {
                "batter": 1,
                "extras": 0,
                "total": 1
              }
            },
            {
              "batter": "G Malla",
              "bowler": "K Ganesh",
              "non_striker": "P Khadka",
              "runs": {
                "batter": 1,
                "extras": 0,
                "total": 1
              }
            }
          ]
        },
        {
          "over": 15,
          "deliveries": [
            {
              "batter": "G Malla",
              "bowler": "Jasdeep Singh",
              "non_striker": "P Khadka",
              "runs": {
                "batter": 0,
                "extras": 0,
                "total": 0
              },
              "wickets": [
                {
                  "kind": "lbw",
                  "player_out": "G Malla"
                }
              ]
            },
            {
              "batter": "B Bhandari",
              "bowler": "Jasdeep Singh",
              "non_striker": "P Khadka",
              "runs": {
                "batter": 1,
                "extras": 0,
                "total": 1
              }
            },
            {
              "batter": "P Khadka",
              "bowler": "Jasdeep Singh",
              "non_striker": "B Bhandari",
              "runs": {
                "batter": 0,
                "extras": 0,
                "total": 0
              }
            },
            {
              "batter": "P Khadka",
              "bowler": "Jasdeep Singh",
              "non_striker": "B Bhandari",
              "runs": {
                "batter": 2,
                "extras": 0,
                "total": 2
              }
            },
            {
              "batter": "P Khadka",
              "bowler": "Jasdeep Singh",
              "non_striker": "B Bhandari",
              "runs": {
                "batter": 0,
                "extras": 0,
                "total": 0
              }
            },
            {
              "batter": "P Khadka",
              "bowler": "Jasdeep Singh",
              "non_striker": "B Bhandari",
              "runs": {
                "batter": 0,
                "extras": 0,
                "total": 0
              }
            }
          ]
        },
        {
          "over": 16,
          "deliveries": [
            {
              "batter": "B Bhandari",
              "bowler": "H Shahid",
              "non_striker": "P Khadka",
              "runs": {
                "batter": 2,
                "extras": 0,
                "total": 2
              }
            },
            {
              "batter": "B Bhandari",
              "bowler": "H Shahid",
              "non_striker": "P Khadka",
              "runs": {
                "batter": 1,
                "extras": 0,
                "total": 1
              }
            },
            {
              "batter": "P Khadka",
              "bowler": "H Shahid",
              "non_striker": "B Bhandari",
              "runs": {
                "batter": 0,
                "extras": 0,
                "total": 0
              }
            },
            {
              "batter": "P Khadka",
              "bowler": "H Shahid",
              "non_striker": "B Bhandari",
              "runs": {
                "batter": 1,
                "extras": 0,
                "total": 1
              }
            },
            {
              "batter": "B Bhandari",
              "bowler": "H Shahid",
              "non_striker": "P Khadka",
              "runs": {
                "batter": 2,
                "extras": 0,
                "total": 2
              }
            },
            {
              "batter": "B Bhandari",
              "bowler": "H Shahid",
              "non_striker": "P Khadka",
              "runs": {
                "batter": 0,
                "extras": 0,
                "total": 0
              }
            }
          ]
        },
        {
          "over": 17,
          "deliveries": [
            {
              "batter": "P Khadka",
              "bowler": "Jasdeep Singh",
              "extras": {
                "wides": 1
              },
              "non_striker": "B Bhandari",
              "runs": {
                "batter": 0,
                "extras": 1,
                "total": 1
              }
            },
            {
              "batter": "P Khadka",
              "bowler": "Jasdeep Singh",
              "non_striker": "B Bhandari",
              "runs": {
                "batter": 2,
                "extras": 0,
                "total": 2
              }
            },
            {
              "batter": "P Khadka",
              "bowler": "Jasdeep Singh",
              "non_striker": "B Bhandari",
              "runs": {
                "batter": 1,
                "extras": 0,
                "total": 1
              }
            },
            {
              "batter": "B Bhandari",
              "bowler": "Jasdeep Singh",
              "non_striker": "P Khadka",
              "runs": {
                "batter": 0,
                "extras": 0,
                "total": 0
              }
            },
            {
              "batter": "B Bhandari",
              "bowler": "Jasdeep Singh",
              "non_striker": "P Khadka",
              "runs": {
                "batter": 1,
                "extras": 0,
                "total": 1
              }
            },
            {
              "batter": "P Khadka",
              "bowler": "Jasdeep Singh",
              "non_striker": "B Bhandari",
              "runs": {
                "batter": 4,
                "extras": 0,
                "total": 4
              }
            },
            {
              "batter": "P Khadka",
              "bowler": "Jasdeep Singh",
              "non_striker": "B Bhandari",
              "runs": {
                "batter": 0,
                "extras": 0,
                "total": 0
              }
            }
          ]
        },
        {
          "over": 18,
          "deliveries": [
            {
              "batter": "B Bhandari",
              "bowler": "H Shahid",
              "non_striker": "P Khadka",
              "runs": {
                "batter": 0,
                "extras": 0,
                "total": 0
              },
              "wickets": [
                {
                  "kind": "caught",
                  "player_out": "B Bhandari",
                  "fielders": [
                    {
                      "name": "AL Dodson"
                    }
                  ]
                }
              ]
            },
            {
              "batter": "P Khadka",
              "bowler": "H Shahid",
              "non_striker": "S Vesawkar",
              "runs": {
                "batter": 0,
                "extras": 0,
                "total": 0
              }
            },
            {
              "batter": "P Khadka",
              "bowler": "H Shahid",
              "non_striker": "S Vesawkar",
              "runs": {
                "batter": 2,
                "extras": 0,
                "total": 2
              }
            },
            {
              "batter": "P Khadka",
              "bowler": "H Shahid",
              "non_striker": "S Vesawkar",
              "runs": {
                "batter": 1,
                "extras": 0,
                "total": 1
              }
            },
            {
              "batter": "S Vesawkar",
              "bowler": "H Shahid",
              "non_striker": "P Khadka",
              "runs": {
                "batter": 0,
                "extras": 0,
                "total": 0
              }
            },
            {
              "batter": "S Vesawkar",
              "bowler": "H Shahid",
              "non_striker": "P Khadka",
              "runs": {
                "batter": 2,
                "extras": 0,
                "total": 2
              }
            }
          ]
        },
        {
          "over": 19,
          "deliveries": [
            {
              "batter": "P Khadka",
              "bowler": "Adil Bhatti",
              "non_striker": "S Vesawkar",
              "runs": {
                "batter": 4,
                "extras": 0,
                "total": 4
              }
            },
            {
              "batter": "P Khadka",
              "bowler": "Adil Bhatti",
              "non_striker": "S Vesawkar",
              "runs": {
                "batter": 2,
                "extras": 0,
                "total": 2
              }
            },
            {
              "batter": "P Khadka",
              "bowler": "Adil Bhatti",
              "non_striker": "S Vesawkar",
              "runs": {
                "batter": 1,
                "extras": 0,
                "total": 1
              }
            },
            {
              "batter": "S Vesawkar",
              "bowler": "Adil Bhatti",
              "extras": {
                "legbyes": 1
              },
              "non_striker": "P Khadka",
              "runs": {
                "batter": 0,
                "extras": 1,
                "total": 1
              }
            }
          ]
        }
      ],
      "powerplays": [
        {
          "from": 0.1,
          "to": 5.6,
          "type": "mandatory"
        }
      ],
      "target": {
        "overs": 20,
        "runs": 122
      }
    }
  ]
}