{
  "meta": {
    "data_version": "1.0.0",
    "created": "2015-07-26",
    "revision": 3
  },
  "info": {
    "balls_per_over": 6,
    "city": "Edinburgh",
    "dates": [
      "2015-07-14"
    ],
    "event": {
      "group": "B",
      "match_number": 22,
      "name": "ICC World Twenty20 Qualifier"
    },
    "gender": "male",
    "match_type": "IT20",
    "officials": {
      "match_referees": [
        "DT Jukes"
      ],
      "reserve_umpires": [
        "VA Kulkarni"
      ],
      "umpires": [
        "S George",
        "Ahsan Raza"
      ]
    },
    "outcome": {
      "by": {
        "wickets": 7
      },
      "winner": "Scotland"
    },
    "overs": 20,
    "player_of_match": [
      "RD Berrington"
    ],
    "players": {
      "Kenya": [
        "NK Patel",
        "IA Karim",
        "NN Odhiambo",
        "CO Obuya",
        "MA Ouma",
        "RR Patel",
        "SO Ngoche",
        "LN Oluoch",
        "JO Ngoche",
        "NM Odhiambo",
        "E Otieno"
      ],
      "Scotland": [
        "KJ Coetzer",
        "CS MacLeod",
        "MH Cross",
        "HG Munsey",
        "RD Berrington",
        "PL Mommsen",
        "MA Leask",
        "SM Sharif",
        "CD de Lange",
        "AC Evans",
        "RML Taylor"
      ]
    },
    "registry": {
      "people": {
        "AC Evans": "e9a870ed",
        "Ahsan Raza": "e0e5b209",
        "CD de Lange": "e6d298e8",
        "CO Obuya": "5680f1ad",
        "CS MacLeod": "9c376401",
        "DT Jukes": "7c215d14",
        "E Otieno": "c57fa67e",
        "HG Munsey": "ff014c34",
        "IA Karim": "ca92a578",
        "JO Ngoche": "a9a4df9f",
        "KJ Coetzer": "85d8110a",
        "LN Oluoch": "eb4f9c61",
        "MA Leask": "28131839",
        "MA Ouma": "0939c670",
        "MH Cross": "8b261d84",
        "NK Patel": "c6e10e5c",
        "NM Odhiambo": "c07a1f41",
        "NN Odhiambo": "753b5a2d",
        "PL Mommsen": "a56f4b65",
        "RD Berrington": "e21bc7f3",
        "RML Taylor": "7fa2ab1f",
        "RR Patel": "7fa6bd8e",
        "S George": "6d9e5a54",
        "SM Sharif": "f43dd8c2",
        "SO Ngoche": "49118dc7",
        "VA Kulkarni": "8fe0c4f8"
      }
    },
    "season": 2015,
    "team_type": "international",
    "teams": [
      "Kenya",
      "Scotland"
    ],
    "toss": {
      "decision": "bat",
      "winner": "Kenya"
    },
    "venue": "Grange Cricket Club Ground, Raeburn Place"
  },
  "innings": [
    {
      "team": "Kenya",
      "overs": [
        {
          "over": 0,
          "deliveries": [
            {
              "batter": "NK Patel",
              "bowler": "AC Evans",
              "extras": {
                "legbyes": 1
              },
              "non_striker": "IA Karim",
              "runs": {
                "batter": 0,
                "extras": 1,
                "total": 1
              }
            },
            {
              "batter": "IA Karim",
              "bowler": "AC Evans",
              "non_striker": "NK Patel",
              "runs": {
                "batter": 0,
                "extras": 0,
                "total": 0
              }
            },
            {
              "batter": "IA Karim",
              "bowler": "AC Evans",
              "non_striker": "NK Patel",
              "runs": {
                "batter": 2,
                "extras": 0,
                "total": 2
              }
            },
            {
              "batter": "IA Karim",
              "bowler": "AC Evans",
              "non_striker": "NK Patel",
              "runs": {
                "batter": 0,
                "extras": 0,
                "total": 0
              }
            },
            {
              "batter": "IA Karim",
              "bowler": "AC Evans",
              "non_striker": "NK Patel",
              "runs": {
                "batter": 0,
                "extras": 0,
                "total": 0
              }
            },
            {
              "batter": "IA Karim",
              "bowler": "AC Evans",
              "non_striker": "NK Patel",
              "runs": {
                "batter": 4,
                "extras": 0,
                "total": 4
              }
            }
          ]
        },
        {
          "over": 1,
          "deliveries": [
            {
              "batter": "NK Patel",
              "bowler": "SM Sharif",
              "non_striker": "IA Karim",
              "runs": {
                "batter": 1,
                "extras": 0,
                "total": 1
              }
            },
            {
              "batter": "IA Karim",
              "bowler": "SM Sharif",
              "non_striker": "NK Patel",
              "runs": {
                "batter": 6,
                "extras": 0,
                "total": 6
              }
            },
            {
              "batter": "IA Karim",
              "bowler": "SM Sharif",
              "non_striker": "NK Patel",
              "runs": {
                "batter": 6,
                "extras": 0,
                "total": 6
              }
            },
            {
              "batter": "IA Karim",
              "bowler": "SM Sharif",
              "non_striker": "NK Patel",
              "runs": {
                "batter": 0,
                "extras": 0,
                "total": 0
              }
            },
            {
              "batter": "IA Karim",
              "bowler": "SM Sharif",
              "non_striker": "NK Patel",
              "runs": {
                "batter": 0,
                "extras": 0,
                "total": 0
              }
            },
            {
              "batter": "IA Karim",
              "bowler": "SM Sharif",
              "non_striker": "NK Patel",
              "runs": {
                "batter": 1,
                "extras": 0,
                "total": 1
              }
            }
          ]
        },
        {
          "over": 2,
          "deliveries": [
            {
              "batter": "IA Karim",
              "bowler": "AC Evans",
              "non_striker": "NK Patel",
              "runs": {
                "batter": 2,
                "extras": 0,
                "total": 2
              }
            },
            {
              "batter": "IA Karim",
              "bowler": "AC Evans",
              "non_striker": "NK Patel",
              "runs": {
                "batter": 6,
                "extras": 0,
                "total": 6
              }
            },
            {
              "batter": "IA Karim",
              "bowler": "AC Evans",
              "non_striker": "NK Patel",
              "runs": {
                "batter": 0,
                "extras": 0,
                "total": 0
              }
            },
            {
              "batter": "IA Karim",
              "bowler": "AC Evans",
              "non_striker": "NK Patel",
              "runs": {
                "batter": 1,
                "extras": 0,
                "total": 1
              }
            },
            {
              "batter": "NK Patel",
              "bowler": "AC Evans",
              "non_striker": "IA Karim",
              "runs": {
                "batter": 0,
                "extras": 0,
                "total": 0
              }
            },
            {
              "batter": "NK Patel",
              "bowler": "AC Evans",
              "non_striker": "IA Karim",
              "runs": {
                "batter": 0,
                "extras": 0,
                "total": 0
              },
              "wickets": [
                {
                  "kind": "caught",
                  "player_out": "NK Patel",
                  "fielders": [
                    {
                      "name": "MA Leask"
                    }
                  ]
                }
              ]
            }
          ]
        },
        {
          "over": 3,
          "deliveries": [
            {
              "batter": "NN Odhiambo",
              "bowler": "RML Taylor",
              "non_striker": "IA Karim",
              "runs": {
                "batter": 1,
                "extras": 0,
                "total": 1
              }
            },
            {
              "batter": "IA Karim",
              "bowler": "RML Taylor",
              "non_striker": "NN Odhiambo",
              "runs": {
                "batter": 1,
                "extras": 0,
                "total": 1
              }
            },
            {
              "batter": "NN Odhiambo",
              "bowler": "RML Taylor",
              "non_striker": "IA Karim",
              "runs": {
                "batter": 4,
                "extras": 0,
                "total": 4
              }
            },
            {
              "batter": "NN Odhiambo",
              "bowler": "RML Taylor",
              "non_striker": "IA Karim",
              "runs": {
                "batter": 4,
                "extras": 0,
                "total": 4
              }
            },
            {
              "batter": "NN Odhiambo",
              "bowler": "RML Taylor",
              "non_striker": "IA Karim",
              "runs": {
                "batter": 6,
                "extras": 0,
                "total": 6
              }
            },
            {
              "batter": "NN Odhiambo",
              "bowler": "RML Taylor",
              "non_striker": "IA Karim",
              "runs": {
                "batter": 1,
                "extras": 0,
                "total": 1
              }
            }
          ]
        },
        {
          "over": 4,
          "deliveries": [
            {
              "batter": "NN Odhiambo",
              "bowler": "SM Sharif",
              "non_striker": "IA Karim",
              "runs": {
                "batter": 1,
                "extras": 0,
                "total": 1
              }
            },
            {
              "batter": "IA Karim",
              "bowler": "SM Sharif",
              "non_striker": "NN Odhiambo",
              "runs": {
                "batter": 4,
                "extras": 0,
                "total": 4
              }
            },
            {
              "batter": "IA Karim",
              "bowler": "SM Sharif",
              "non_striker": "NN Odhiambo",
              "runs": {
                "batter": 1,
                "extras": 0,
                "total": 1
              }
            },
            {
              "batter": "NN Odhiambo",
              "bowler": "SM Sharif",
              "non_striker": "IA Karim",
              "runs": {
                "batter": 1,
                "extras": 0,
                "total": 1
              }
            },
            {
              "batter": "IA Karim",
              "bowler": "SM Sharif",
              "non_striker": "NN Odhiambo",
              "runs": {
                "batter": 2,
                "extras": 0,
                "total": 2
              }
            },
            {
              "batter": "IA Karim",
              "bowler": "SM Sharif",
              "non_striker": "NN Odhiambo",
              "runs": {
                "batter": 4,
                "extras": 0,
                "total": 4
              }
            }
          ]
        },
        {
          "over": 5,
          "deliveries": [
            {
              "batter": "NN Odhiambo",
              "bowler": "RML Taylor",
              "non_striker": "IA Karim",
              "runs": {
                "batter": 0,
                "extras": 0,
                "total": 0
              },
              "wickets": [
                {
                  "kind": "caught",
                  "player_out": "NN Odhiambo",
                  "fielders": [
                    {
                      "name": "SM Sharif"
                    }
                  ]
                }
              ]
            },
            {
              "batter": "IA Karim",
              "bowler": "RML Taylor",
              "non_striker": "CO Obuya",
              "runs": {
                "batter": 0,
                "extras": 0,
                "total": 0
              }
            },
            {
              "batter": "IA Karim",
              "bowler": "RML Taylor",
              "non_striker": "CO Obuya",
              "runs": {
                "batter": 2,
                "extras": 0,
                "total": 2
              }
            },
            {
              "batter": "IA Karim",
              "bowler": "RML Taylor",
              "non_striker": "CO Obuya",
              "runs": {
                "batter": 1,
                "extras": 0,
                "total": 1
              }
            },
            {
              "batter": "CO Obuya",
              "bowler": "RML Taylor",
              "non_striker": "IA Karim",
              "runs": {
                "batter": 1,
                "extras": 0,
                "total": 1
              }
            },
            {
              "batter": "IA Karim",
              "bowler": "RML Taylor",
              "non_striker": "CO Obuya",
              "runs": {
                "batter": 1,
                "extras": 0,
                "total": 1
              }
            }
          ]
        },
        {
          "over": 6,
          "deliveries": [
            {
              "batter": "IA Karim",
              "bowler": "CD de Lange",
              "non_striker": "CO Obuya",
              "runs": {
                "batter": 1,
                "extras": 0,
                "total": 1
              }
            },
            {
              "batter": "CO Obuya",
              "bowler": "CD de Lange",
              "non_striker": "IA Karim",
              "runs": {
                "batter": 2,
                "extras": 0,
                "total": 2
              }
            },
            {
              "batter": "CO Obuya",
              "bowler": "CD de Lange",
              "non_striker": "IA Karim",
              "runs": {
                "batter": 0,
                "extras": 0,
                "total": 0
              }
            },
            {
              "batter": "CO Obuya",
              "bowler": "CD de Lange",
              "non_striker": "IA Karim",
              "runs": {
                "batter": 0,
                "extras": 0,
                "total": 0
              }
            },
            {
              "batter": "CO Obuya",
              "bowler": "CD de Lange",
              "non_striker": "IA Karim",
              "runs": {
                "batter": 0,
                "extras": 0,
                "total": 0
              }
            },
            {
              "batter": "CO Obuya",
              "bowler": "CD de Lange",
              "non_striker": "IA Karim",
              "runs": {
                "batter": 0,
                "extras": 0,
                "total": 0
              }
            }
          ]
        },
        {
          "over": 7,
          "deliveries": [
            {
              "batter": "IA Karim",
              "bowler": "MA Leask",
              "non_striker": "CO Obuya",
              "runs": {
                "batter": 1,
                "extras": 0,
                "total": 1
              }
            },
            {
              "batter": "CO Obuya",
              "bowler": "MA Leask",
              "non_striker": "IA Karim",
              "runs": {
                "batter": 1,
                "extras": 0,
                "total": 1
              }
            },
            {
              "batter": "IA Karim",
              "bowler": "MA Leask",
              "non_striker": "CO Obuya",
              "runs": {
                "batter": 0,
                "extras": 0,
                "total": 0
              },
              "wickets": [
                {
                  "kind": "caught",
                  "player_out": "IA Karim",
                  "fielders": [
                    {
                      "name": "CS MacLeod"
                    }
                  ]
                }
              ]
            },
            {
              "batter": "MA Ouma",
              "bowler": "MA Leask",
              "non_striker": "CO Obuya",
              "runs": {
                "batter": 1,
                "extras": 0,
                "total": 1
              }
            },
            {
              "batter": "CO Obuya",
              "bowler": "MA Leask",
              "non_striker": "MA Ouma",
              "runs": {
                "batter": 0,
                "extras": 0,
                "total": 0
              },
              "wickets": [
                {
                  "kind": "caught",
                  "player_out": "CO Obuya",
                  "fielders": [
                    {
                      "name": "HG Munsey"
                    }
                  ]
                }
              ]
            },
            {
              "batter": "MA Ouma",
              "bowler": "MA Leask",
              "non_striker": "RR Patel",
              "runs": {
                "batter": 0,
                "extras": 0,
                "total": 0
              }
            }
          ]
        },
        {
          "over": 8,
          "deliveries": [
            {
              "batter": "RR Patel",
              "bowler": "CD de Lange",
              "non_striker": "MA Ouma",
              "runs": {
                "batter": 0,
                "extras": 0,
                "total": 0
              }
            },
            {
              "batter": "RR Patel",
              "bowler": "CD de Lange",
              "non_striker": "MA Ouma",
              "runs": {
                "batter": 1,
                "extras": 0,
                "total": 1
              }
            },
            {
              "batter": "MA Ouma",
              "bowler": "CD de Lange",
              "non_striker": "RR Patel",
              "runs": {
                "batter": 1,
                "extras": 0,
                "total": 1
              }
            },
            {
              "batter": "RR Patel",
              "bowler": "CD de Lange",
              "non_striker": "MA Ouma",
              "runs": {
                "batter": 0,
                "extras": 0,
                "total": 0
              }
            },
            {
              "batter": "RR Patel",
              "bowler": "CD de Lange",
              "non_striker": "MA Ouma",
              "runs": {
                "batter": 1,
                "extras": 0,
                "total": 1
              }
            },
            {
              "batter": "MA Ouma",
              "bowler": "CD de Lange",
              "non_striker": "RR Patel",
              "runs": {
                "batter": 0,
                "extras": 0,
                "total": 0
              }
            }
          ]
        },
        {
          "over": 9,
          "deliveries": [
            {
              "batter": "RR Patel",
              "bowler": "MA Leask",
              "non_striker": "MA Ouma",
              "runs": {
                "batter": 0,
                "extras": 0,
                "total": 0
              }
            },
            {
              "batter": "RR Patel",
              "bowler": "MA Leask",
              "non_striker": "MA Ouma",
              "runs": {
                "batter": 0,
                "extras": 0,
                "total": 0
              }
            },
            {
              "batter": "RR Patel",
              "bowler": "MA Leask",
              "non_striker": "MA Ouma",
              "runs": {
                "batter": 1,
                "extras": 0,
                "total": 1
              }
            },
            {
              "batter": "MA Ouma",
              "bowler": "MA Leask",
              "non_striker": "RR Patel",
              "runs": {
                "batter": 1,
                "extras": 0,
                "total": 1
              }
            },
            {
              "batter": "RR Patel",
              "bowler": "MA Leask",
              "non_striker": "MA Ouma",
              "runs": {
                "batter": 1,
                "extras": 0,
                "total": 1
              }
            },
            {
              "batter": "MA Ouma",
              "bowler": "MA Leask",
              "non_striker": "RR Patel",
              "runs": {
                "batter": 0,
                "extras": 0,
                "total": 0
              }
            }
          ]
        },
        {
          "over": 10,
          "deliveries": [
            {
              "batter": "RR Patel",
              "bowler": "RML Taylor",
              "non_striker": "MA Ouma",
              "runs": {
                "batter": 2,
                "extras": 0,
                "total": 2
              }
            },
            {
              "batter": "RR Patel",
              "bowler": "RML Taylor",
              "non_striker": "MA Ouma",
              "runs": {
                "batter": 2,
                "extras": 0,
                "total": 2
              }
            },
            {
              "batter": "RR Patel",
              "bowler": "RML Taylor",
              "non_striker": "MA Ouma",
              "runs": {
                "batter": 1,
                "extras": 0,
                "total": 1
              }
            },
            {
              "batter": "MA Ouma",
              "bowler": "RML Taylor",
              "non_striker": "RR Patel",
              "runs": {
                "batter": 0,
                "extras": 0,
                "total": 0
              }
            },
            {
              "batter": "MA Ouma",
              "bowler": "RML Taylor",
              "non_striker": "RR Patel",
              "runs": {
                "batter": 1,
                "extras": 0,
                "total": 1
              }
            },
            {
              "batter": "RR Patel",
              "bowler": "RML Taylor",
              "non_striker": "MA Ouma",
              "runs": {
                "batter": 1,
                "extras": 0,
                "total": 1
              }
            }
          ]
        },
        {
          "over": 11,
          "deliveries": [
            {
              "batter": "RR Patel",
              "bowler": "MA Leask",
              "non_striker": "MA Ouma",
              "runs": {
                "batter": 4,
                "extras": 0,
                "total": 4
              }
            },
            {
              "batter": "RR Patel",
              "bowler": "MA Leask",
              "non_striker": "MA Ouma",
              "runs": {
                "batter": 1,
                "extras": 0,
                "total": 1
              }
            },
            {
              "batter": "MA Ouma",
              "bowler": "MA Leask",
              "non_striker": "RR Patel",
              "runs": {
                "batter": 0,
                "extras": 0,
                "total": 0
              }
            },
            {
              "batter": "MA Ouma",
              "bowler": "MA Leask",
              "non_striker": "RR Patel",
              "runs": {
                "batter": 0,
                "extras": 0,
                "total": 0
              }
            },
            {
              "batter": "MA Ouma",
              "bowler": "MA Leask",
              "non_striker": "RR Patel",
              "runs": {
                "batter": 0,
                "extras": 0,
                "total": 0
              }
            },
            {
              "batter": "MA Ouma",
              "bowler": "MA Leask",
              "non_striker": "RR Patel",
              "runs": {
                "batter": 1,
                "extras": 0,
                "total": 1
              }
            }
          ]
        },
        {
          "over": 12,
          "deliveries": [
            {
              "batter": "MA Ouma",
              "bowler": "CD de Lange",
              "non_striker": "RR Patel",
              "runs": {
                "batter": 1,
                "extras": 0,
                "total": 1
              }
            },
            {
              "batter": "RR Patel",
              "bowler": "CD de Lange",
              "non_striker": "MA Ouma",
              "runs": {
                "batter": 1,
                "extras": 0,
                "total": 1
              }
            },
            {
              "batter": "MA Ouma",
              "bowler": "CD de Lange",
              "non_striker": "RR Patel",
              "runs": {
                "batter": 2,
                "extras": 0,
                "total": 2
              }
            },
            {
              "batter": "MA Ouma",
              "bowler": "CD de Lange",
              "non_striker": "RR Patel",
              "runs": {
                "batter": 1,
                "extras": 0,
                "total": 1
              }
            },
            {
              "batter": "RR Patel",
              "bowler": "CD de Lange",
              "non_striker": "MA Ouma",
              "runs": {
                "batter": 1,
                "extras": 0,
                "total": 1
              }
            },
            {
              "batter": "MA Ouma",
              "bowler": "CD de Lange",
              "non_striker": "RR Patel",
              "runs": {
                "batter": 2,
                "extras": 0,
                "total": 2
              }
            }
          ]
        },
        {
          "over": 13,
          "deliveries": [
            {
              "batter": "RR Patel",
              "bowler": "RD Berrington",
              "non_striker": "MA Ouma",
              "runs": {
                "batter": 1,
                "extras": 0,
                "total": 1
              }
            },
            {
              "batter": "MA Ouma",
              "bowler": "RD Berrington",
              "non_striker": "RR Patel",
              "runs": {
                "batter": 0,
                "extras": 0,
                "total": 0
              }
            },
            {
              "batter": "MA Ouma",
              "bowler": "RD Berrington",
              "non_striker": "RR Patel",
              "runs": {
                "batter": 0,
                "extras": 0,
                "total": 0
              }
            },
            {
              "batter": "MA Ouma",
              "bowler": "RD Berrington",
              "non_striker": "RR Patel",
              "runs": {
                "batter": 1,
                "extras": 0,
                "total": 1
              }
            },
            {
              "batter": "RR Patel",
              "bowler": "RD Berrington",
              "non_striker": "MA Ouma",
              "runs": {
                "batter": 1,
                "extras": 0,
                "total": 1
              }
            },
            {
              "batter": "MA Ouma",
              "bowler": "RD Berrington",
              "non_striker": "RR Patel",
              "runs": {
                "batter": 1,
                "extras": 0,
                "total": 1
              }
            }
          ]
        },
        {
          "over": 14,
          "deliveries": [
            {
              "batter": "MA Ouma",
              "bowler": "SM Sharif",
              "non_striker": "RR Patel",
              "runs": {
                "batter": 1,
                "extras": 0,
                "total": 1
              }
            },
            {
              "batter": "RR Patel",
              "bowler": "SM Sharif",
              "non_striker": "MA Ouma",
              "runs": {
                "batter": 2,
                "extras": 0,
                "total": 2
              }
            },
            {
              "batter": "RR Patel",
              "bowler": "SM Sharif",
              "non_striker": "MA Ouma",
              "runs": {
                "batter": 0,
                "extras": 0,
                "total": 0
              }
            },
            {
              "batter": "RR Patel",
              "bowler": "SM Sharif",
              "non_striker": "MA Ouma",
              "runs": {
                "batter": 1,
                "extras": 0,
                "total": 1
              }
            },
            {
              "batter": "MA Ouma",
              "bowler": "SM Sharif",
              "non_striker": "RR Patel",
              "runs": {
                "batter": 0,
                "extras": 0,
                "total": 0
              }
            },
            {
              "batter": "MA Ouma",
              "bowler": "SM Sharif",
              "non_striker": "RR Patel",
              "runs": {
                "batter": 1,
                "extras": 0,
                "total": 1
              }
            }
          ]
        },
        {
          "over": 15,
          "deliveries": [
            {
              "batter": "MA Ouma",
              "bowler": "AC Evans",
              "non_striker": "RR Patel",
              "runs": {
                "batter": 1,
                "extras": 0,
                "total": 1
              }
            },
            {
              "batter": "RR Patel",
              "bowler": "AC Evans",
              "non_striker": "MA Ouma",
              "runs": {
                "batter": 0,
                "extras": 0,
                "total": 0
              }
            },
            {
              "batter": "RR Patel",
              "bowler": "AC Evans",
              "non_striker": "MA Ouma",
              "runs": {
                "batter": 2,
                "extras": 0,
                "total": 2
              }
            },
            {
              "batter": "RR Patel",
              "bowler": "AC Evans",
              "non_striker": "MA Ouma",
              "runs": {
                "batter": 1,
                "extras": 0,
                "total": 1
              }
            },
            {
              "batter": "MA Ouma",
              "bowler": "AC Evans",
              "non_striker": "RR Patel",
              "runs": {
                "batter": 4,
                "extras": 0,
                "total": 4
              }
            },
            {
              "batter": "MA Ouma",
              "bowler": "AC Evans",
              "non_striker": "RR Patel",
              "runs": {
                "batter": 4,
                "extras": 0,
                "total": 4
              }
            }
          ]
        },
        {
          "over": 16,
          "deliveries": [
            {
              "batter": "RR Patel",
              "bowler": "CD de Lange",
              "non_striker": "MA Ouma",
              "runs": {
                "batter": 1,
                "extras": 0,
                "total": 1
              }
            },
            {
              "batter": "MA Ouma",
              "bowler": "CD de Lange",
              "non_striker": "RR Patel",
              "runs": {
                "batter": 2,
                "extras": 0,
                "total": 2
              }
            },
            {
              "batter": "MA Ouma",
              "bowler": "CD de Lange",
              "non_striker": "RR Patel",
              "runs": {
                "batter": 0,
                "extras": 0,
                "total": 0
              }
            },
            {
              "batter": "MA Ouma",
              "bowler": "CD de Lange",
              "non_striker": "RR Patel",
              "runs": {
                "batter": 1,
                "extras": 0,
                "total": 1
              }
            },
            {
              "batter": "RR Patel",
              "bowler": "CD de Lange",
              "non_striker": "MA Ouma",
              "runs": {
                "batter": 0,
                "extras": 0,
                "total": 0
              },
              "wickets": [
                {
                  "kind": "bowled",
                  "player_out": "RR Patel"
                }
              ]
            },
            {
              "batter": "SO Ngoche",
              "bowler": "CD de Lange",
              "extras": {
                "legbyes": 1
              },
              "non_striker": "MA Ouma",
              "runs": {
                "batter": 0,
                "extras": 1,
                "total": 1
              }
            }
          ]
        },
        {
          "over": 17,
          "deliveries": [
            {
              "batter": "SO Ngoche",
              "bowler": "RD Berrington",
              "non_striker": "MA Ouma",
              "runs": {
                "batter": 1,
                "extras": 0,
                "total": 1
              }
            },
            {
              "batter": "MA Ouma",
              "bowler": "RD Berrington",
              "non_striker": "SO Ngoche",
              "runs": {
                "batter": 2,
                "extras": 0,
                "total": 2
              }
            },
            {
              "batter": "MA Ouma",
              "bowler": "RD Berrington",
              "non_striker": "SO Ngoche",
              "runs": {
                "batter": 0,
                "extras": 0,
                "total": 0
              }
            },
            {
              "batter": "MA Ouma",
              "bowler": "RD Berrington",
              "non_striker": "SO Ngoche",
              "runs": {
                "batter": 1,
                "extras": 0,
                "total": 1
              }
            },
            {
              "batter": "SO Ngoche",
              "bowler": "RD Berrington",
              "non_striker": "MA Ouma",
              "runs": {
                "batter": 1,
                "extras": 0,
                "total": 1
              }
            },
            {
              "batter": "MA Ouma",
              "bowler": "RD Berrington",
              "non_striker": "SO Ngoche",
              "runs": {
                "batter": 1,
                "extras": 0,
                "total": 1
              }
            }
          ]
        },
        {
          "over": 18,
          "deliveries": [
            {
              "batter": "MA Ouma",
              "bowler": "SM Sharif",
              "non_striker": "SO Ngoche",
              "runs": {
                "batter": 1,
                "extras": 0,
                "total": 1
              }
            },
            {
              "batter": "SO Ngoche",
              "bowler": "SM Sharif",
              "non_striker": "MA Ouma",
              "runs": {
                "batter": 1,
                "extras": 0,
                "total": 1
              }
            },
            {
              "batter": "MA Ouma",
              "bowler": "SM Sharif",
              "non_striker": "SO Ngoche",
              "runs": {
                "batter": 0,
                "extras": 0,
                "total": 0
              }
            },
            {
              "batter": "MA Ouma",
              "bowler": "SM Sharif",
              "non_striker": "SO Ngoche",
              "runs": {
                "batter": 1,
                "extras": 0,
                "total": 1
              }
            },
            {
              "batter": "SO Ngoche",
              "bowler": "SM Sharif",
              "non_striker": "MA Ouma",
              "runs": {
                "batter": 0,
                "extras": 0,
                "total": 0
              }
            },
            {
              "batter": "SO Ngoche",
              "bowler": "SM Sharif",
              "non_striker": "MA Ouma",
              "runs": {
                "batter": 2,
                "extras": 0,
                "total": 2
              }
            }
          ]
        },
        {
          "over": 19,
          "deliveries": [
            {
              "batter": "MA Ouma",
              "bowler": "AC Evans",
              "non_striker": "SO Ngoche",
              "runs": {
                "batter": 1,
                "extras": 0,
                "total": 1
              }
            },
            {
              "batter": "SO Ngoche",
              "bowler": "AC Evans",
              "extras": {
                "legbyes": 1
              },
              "non_striker": "MA Ouma",
              "runs": {
                "batter": 0,
                "extras": 1,
                "total": 1
              }
            },
            {
              "batter": "MA Ouma",
              "bowler": "AC Evans",
              "non_striker": "SO Ngoche",
              "runs": {
                "batter": 2,
                "extras": 0,
                "total": 2
              }
            },
            {
              "batter": "MA Ouma",
              "bowler": "AC Evans",
              "extras": {
                "byes": 1
              },
              "non_striker": "SO Ngoche",
              "runs": {
                "batter": 0,
                "extras": 1,
                "total": 1
              }
            },
            {
              "batter": "SO Ngoche",
              "bowler": "AC Evans",
              "non_striker": "MA Ouma",
              "runs": {
                "batter": 0,
                "extras": 0,
                "total": 0
              }
            },
            {
              "batter": "SO Ngoche",
              "bowler": "AC Evans",
              "extras": {
                "legbyes": 1
              },
              "non_striker": "MA Ouma",
              "runs": {
                "batter": 0,
                "extras": 1,
                "total": 1
              }
            }
          ]
        }
      ],
      "powerplays": [
        {
          "from": 0.1,
          "to": 5.6,
          "type": "mandatory"
        }
      ]
    },
    {
      "team": "Scotland",
      "overs": [
        {
          "over": 0,
          "deliveries": [
            {
              "batter": "KJ Coetzer",
              "bowler": "E Otieno",
              "non_striker": "CS MacLeod",
              "runs": {
                "batter": 0,
                "extras": 0,
                "total": 0
              }
            },
            {
              "batter": "KJ Coetzer",
              "bowler": "E Otieno",
              "non_striker": "CS MacLeod",
              "runs": {
                "batter": 0,
                "extras": 0,
                "total": 0
              }
            },
            {
              "batter": "KJ Coetzer",
              "bowler": "E Otieno",
              "non_striker": "CS MacLeod",
              "runs": {
                "batter": 0,
                "extras": 0,
                "total": 0
              },
              "wickets": [
                {
                  "kind": "bowled",
                  "player_out": "KJ Coetzer"
                }
              ]
            },
            {
              "batter": "MH Cross",
              "bowler": "E Otieno",
              "non_striker": "CS MacLeod",
              "runs": {
                "batter": 0,
                "extras": 0,
                "total": 0
              }
            },
            {
              "batter": "MH Cross",
              "bowler": "E Otieno",
              "non_striker": "CS MacLeod",
              "runs": {
                "batter": 4,
                "extras": 0,
                "total": 4
              }
            },
            {
              "batter": "MH Cross",
              "bowler": "E Otieno",
              "non_striker": "CS MacLeod",
              "runs": {
                "batter": 2,
                "extras": 0,
                "total": 2
              }
            }
          ]
        },
        {
          "over": 1,
          "deliveries": [
            {
              "batter": "CS MacLeod",
              "bowler": "SO Ngoche",
              "non_striker": "MH Cross",
              "runs": {
                "batter": 0,
                "extras": 0,
                "total": 0
              }
            },
            {
              "batter": "CS MacLeod",
              "bowler": "SO Ngoche",
              "non_striker": "MH Cross",
              "runs": {
                "batter": 4,
                "extras": 0,
                "total": 4
              }
            },
            {
              "batter": "CS MacLeod",
              "bowler": "SO Ngoche",
              "non_striker": "MH Cross",
              "runs": {
                "batter": 1,
                "extras": 0,
                "total": 1
              }
            },
            {
              "batter": "MH Cross",
              "bowler": "SO Ngoche",
              "non_striker": "CS MacLeod",
              "runs": {
                "batter": 0,
                "extras": 0,
                "total": 0
              }
            },
            {
              "batter": "MH Cross",
              "bowler": "SO Ngoche",
              "non_striker": "CS MacLeod",
              "runs": {
                "batter": 4,
                "extras": 0,
                "total": 4
              }
            },
            {
              "batter": "MH Cross",
              "bowler": "SO Ngoche",
              "non_striker": "CS MacLeod",
              "runs": {
                "batter": 1,
                "extras": 0,
                "total": 1
              }
            }
          ]
        },
        {
          "over": 2,
          "deliveries": [
            {
              "batter": "MH Cross",
              "bowler": "E Otieno",
              "non_striker": "CS MacLeod",
              "runs": {
                "batter": 0,
                "extras": 0,
                "total": 0
              }
            },
            {
              "batter": "MH Cross",
              "bowler": "E Otieno",
              "non_striker": "CS MacLeod",
              "runs": {
                "batter": 2,
                "extras": 0,
                "total": 2
              }
            },
            {
              "batter": "MH Cross",
              "bowler": "E Otieno",
              "non_striker": "CS MacLeod",
              "runs": {
                "batter": 1,
                "extras": 0,
                "total": 1
              }
            },
            {
              "batter": "CS MacLeod",
              "bowler": "E Otieno",
              "non_striker": "MH Cross",
              "runs": {
                "batter": 3,
                "extras": 0,
                "total": 3
              }
            },
            {
              "batter": "MH Cross",
              "bowler": "E Otieno",
              "non_striker": "CS MacLeod",
              "runs": {
                "batter": 1,
                "extras": 0,
                "total": 1
              }
            },
            {
              "batter": "CS MacLeod",
              "bowler": "E Otieno",
              "non_striker": "MH Cross",
              "runs": {
                "batter": 1,
                "extras": 0,
                "total": 1
              }
            }
          ]
        },
        {
          "over": 3,
          "deliveries": [
            {
              "batter": "CS MacLeod",
              "bowler": "LN Oluoch",
              "non_striker": "MH Cross",
              "runs": {
                "batter": 4,
                "extras": 0,
                "total": 4
              }
            },
            {
              "batter": "CS MacLeod",
              "bowler": "LN Oluoch",
              "non_striker": "MH Cross",
              "runs": {
                "batter": 4,
                "extras": 0,
                "total": 4
              }
            },
            {
              "batter": "CS MacLeod",
              "bowler": "LN Oluoch",
              "non_striker": "MH Cross",
              "runs": {
                "batter": 0,
                "extras": 0,
                "total": 0
              }
            },
            {
              "batter": "CS MacLeod",
              "bowler": "LN Oluoch",
              "non_striker": "MH Cross",
              "runs": {
                "batter": 0,
                "extras": 0,
                "total": 0
              }
            },
            {
              "batter": "CS MacLeod",
              "bowler": "LN Oluoch",
              "non_striker": "MH Cross",
              "runs": {
                "batter": 4,
                "extras": 0,
                "total": 4
              }
            },
            {
              "batter": "CS MacLeod",
              "bowler": "LN Oluoch",
              "non_striker": "MH Cross",
              "runs": {
                "batter": 0,
                "extras": 0,
                "total": 0
              },
              "wickets": [
                {
                  "kind": "bowled",
                  "player_out": "CS MacLeod"
                }
              ]
            }
          ]
        },
        {
          "over": 4,
          "deliveries": [
            {
              "batter": "MH Cross",
              "bowler": "NN Odhiambo",
              "extras": {
                "wides": 1
              },
              "non_striker": "HG Munsey",
              "runs": {
                "batter": 0,
                "extras": 1,
                "total": 1
              }
            },
            {
              "batter": "MH Cross",
              "bowler": "NN Odhiambo",
              "non_striker": "HG Munsey",
              "runs": {
                "batter": 1,
                "extras": 0,
                "total": 1
              }
            },
            {
              "batter": "HG Munsey",
              "bowler": "NN Odhiambo",
              "non_striker": "MH Cross",
              "runs": {
                "batter": 1,
                "extras": 0,
                "total": 1
              }
            },
            {
              "batter": "MH Cross",
              "bowler": "NN Odhiambo",
              "non_striker": "HG Munsey",
              "runs": {
                "batter": 6,
                "extras": 0,
                "total": 6
              }
            },
            {
              "batter": "MH Cross",
              "bowler": "NN Odhiambo",
              "non_striker": "HG Munsey",
              "runs": {
                "batter": 1,
                "extras": 0,
                "total": 1
              }
            },
            {
              "batter": "HG Munsey",
              "bowler": "NN Odhiambo",
              "non_striker": "MH Cross",
              "runs": {
                "batter": 0,
                "extras": 0,
                "total": 0
              }
            },
            {
              "batter": "HG Munsey",
              "bowler": "NN Odhiambo",
              "non_striker": "MH Cross",
              "runs": {
                "batter": 0,
                "extras": 0,
                "total": 0
              }
            }
          ]
        },
        {
          "over": 5,
          "deliveries": [
            {
              "batter": "MH Cross",
              "bowler": "LN Oluoch",
              "non_striker": "HG Munsey",
              "runs": {
                "batter": 1,
                "extras": 0,
                "total": 1
              }
            },
            {
              "batter": "HG Munsey",
              "bowler": "LN Oluoch",
              "non_striker": "MH Cross",
              "runs": {
                "batter": 0,
                "extras": 0,
                "total": 0
              }
            },
            {
              "batter": "HG Munsey",
              "bowler": "LN Oluoch",
              "non_striker": "MH Cross",
              "runs": {
                "batter": 0,
                "extras": 0,
                "total": 0
              }
            },
            {
              "batter": "HG Munsey",
              "bowler": "LN Oluoch",
              "non_striker": "MH Cross",
              "runs": {
                "batter": 6,
                "extras": 0,
                "total": 6
              }
            },
            {
              "batter": "HG Munsey",
              "bowler": "LN Oluoch",
              "extras": {
                "legbyes": 2
              },
              "non_striker": "MH Cross",
              "runs": {
                "batter": 0,
                "extras": 2,
                "total": 2
              }
            },
            {
              "batter": "HG Munsey",
              "bowler": "LN Oluoch",
              "non_striker": "MH Cross",
              "runs": {
                "batter": 4,
                "extras": 0,
                "total": 4
              }
            }
          ]
        },
        {
          "over": 6,
          "deliveries": [
            {
              "batter": "MH Cross",
              "bowler": "SO Ngoche",
              "non_striker": "HG Munsey",
              "runs": {
                "batter": 1,
                "extras": 0,
                "total": 1
              }
            },
            {
              "batter": "HG Munsey",
              "bowler": "SO Ngoche",
              "non_striker": "MH Cross",
              "runs": {
                "batter": 1,
                "extras": 0,
                "total": 1
              }
            },
            {
              "batter": "MH Cross",
              "bowler": "SO Ngoche",
              "non_striker": "HG Munsey",
              "runs": {
                "batter": 1,
                "extras": 0,
                "total": 1
              }
            },
            {
              "batter": "HG Munsey",
              "bowler": "SO Ngoche",
              "non_striker": "MH Cross",
              "runs": {
                "batter": 1,
                "extras": 0,
                "total": 1
              }
            },
            {
              "batter": "MH Cross",
              "bowler": "SO Ngoche",
              "non_striker": "HG Munsey",
              "runs": {
                "batter": 1,
                "extras": 0,
                "total": 1
              }
            },
            {
              "batter": "HG Munsey",
              "bowler": "SO Ngoche",
              "non_striker": "MH Cross",
              "runs": {
                "batter": 0,
                "extras": 0,
                "total": 0
              }
            }
          ]
        },
        {
          "over": 7,
          "deliveries": [
            {
              "batter": "MH Cross",
              "bowler": "JO Ngoche",
              "non_striker": "HG Munsey",
              "runs": {
                "batter": 2,
                "extras": 0,
                "total": 2
              }
            },
            {
              "batter": "MH Cross",
              "bowler": "JO Ngoche",
              "extras": {
                "byes": 1
              },
              "non_striker": "HG Munsey",
              "runs": {
                "batter": 0,
                "extras": 1,
                "total": 1
              }
            },
            {
              "batter": "HG Munsey",
              "bowler": "JO Ngoche",
              "non_striker": "MH Cross",
              "runs": {
                "batter": 4,
                "extras": 0,
                "total": 4
              }
            },
            {
              "batter": "HG Munsey",
              "bowler": "JO Ngoche",
              "non_striker": "MH Cross",
              "runs": {
                "batter": 4,
                "extras": 0,
                "total": 4
              }
            },
            {
              "batter": "HG Munsey",
              "bowler": "JO Ngoche",
              "non_striker": "MH Cross",
              "runs": {
                "batter": 0,
                "extras": 0,
                "total": 0
              }
            },
            {
              "batter": "HG Munsey",
              "bowler": "JO Ngoche",
              "non_striker": "MH Cross",
              "runs": {
                "batter": 4,
                "extras": 0,
                "total": 4
              }
            }
          ]
        },
        {
          "over": 8,
          "deliveries": [
            {
              "batter": "MH Cross",
              "bowler": "SO Ngoche",
              "non_striker": "HG Munsey",
              "runs": {
                "batter": 1,
                "extras": 0,
                "total": 1
              }
            },
            {
              "batter": "HG Munsey",
              "bowler": "SO Ngoche",
              "non_striker": "MH Cross",
              "runs": {
                "batter": 1,
                "extras": 0,
                "total": 1
              }
            },
            {
              "batter": "MH Cross",
              "bowler": "SO Ngoche",
              "extras": {
                "legbyes": 1
              },
              "non_striker": "HG Munsey",
              "runs": {
                "batter": 0,
                "extras": 1,
                "total": 1
              }
            },
            {
              "batter": "HG Munsey",
              "bowler": "SO Ngoche",
              "non_striker": "MH Cross",
              "runs": {
                "batter": 4,
                "extras": 0,
                "total": 4
              }
            },
            {
              "batter": "HG Munsey",
              "bowler": "SO Ngoche",
              "non_striker": "MH Cross",
              "runs": {
                "batter": 1,
                "extras": 0,
                "total": 1
              }
            },
            {
              "batter": "MH Cross",
              "bowler": "SO Ngoche",
              "non_striker": "HG Munsey",
              "runs": {
                "batter": 0,
                "extras": 0,
                "total": 0
              }
            }
          ]
        },
        {
          "over": 9,
          "deliveries": [
            {
              "batter": "HG Munsey",
              "bowler": "JO Ngoche",
              "non_striker": "MH Cross",
              "runs": {
                "batter": 4,
                "extras": 0,
                "total": 4
              }
            },
            {
              "batter": "HG Munsey",
              "bowler": "JO Ngoche",
              "non_striker": "MH Cross",
              "runs": {
                "batter": 0,
                "extras": 0,
                "total": 0
              }
            },
            {
              "batter": "HG Munsey",
              "bowler": "JO Ngoche",
              "non_striker": "MH Cross",
              "runs": {
                "batter": 0,
                "extras": 0,
                "total": 0
              },
              "wickets": [
                {
                  "kind": "caught",
                  "player_out": "HG Munsey",
                  "fielders": [
                    {
                      "name": "MA Ouma"
                    }
                  ]
                }
              ]
            },
            {
              "batter": "MH Cross",
              "bowler": "JO Ngoche",
              "non_striker": "RD Berrington",
              "runs": {
                "batter": 1,
                "extras": 0,
                "total": 1
              }
            },
            {
              "batter": "RD Berrington",
              "bowler": "JO Ngoche",
              "non_striker": "MH Cross",
              "runs": {
                "batter": 0,
                "extras": 0,
                "total": 0
              }
            },
            {
              "batter": "RD Berrington",
              "bowler": "JO Ngoche",
              "non_striker": "MH Cross",
              "runs": {
                "batter": 1,
                "extras": 0,
                "total": 1
              }
            }
          ]
        },
        {
          "over": 10,
          "deliveries": [
            {
              "batter": "RD Berrington",
              "bowler": "NM Odhiambo",
              "non_striker": "MH Cross",
              "runs": {
                "batter": 0,
                "extras": 0,
                "total": 0
              }
            },
            {
              "batter": "RD Berrington",
              "bowler": "NM Odhiambo",
              "non_striker": "MH Cross",
              "runs": {
                "batter": 0,
                "extras": 0,
                "total": 0
              }
            },
            {
              "batter": "RD Berrington",
              "bowler": "NM Odhiambo",
              "non_striker": "MH Cross",
              "runs": {
                "batter": 1,
                "extras": 0,
                "total": 1
              }
            },
            {
              "batter": "MH Cross",
              "bowler": "NM Odhiambo",
              "non_striker": "RD Berrington",
              "runs": {
                "batter": 1,
                "extras": 0,
                "total": 1
              }
            },
            {
              "batter": "RD Berrington",
              "bowler": "NM Odhiambo",
              "non_striker": "MH Cross",
              "runs": {
                "batter": 1,
                "extras": 0,
                "total": 1
              }
            },
            {
              "batter": "MH Cross",
              "bowler": "NM Odhiambo",
              "non_striker": "RD Berrington",
              "runs": {
                "batter": 4,
                "extras": 0,
                "total": 4
              }
            }
          ]
        },
        {
          "over": 11,
          "deliveries": [
            {
              "batter": "RD Berrington",
              "bowler": "JO Ngoche",
              "non_striker": "MH Cross",
              "runs": {
                "batter": 0,
                "extras": 0,
                "total": 0
              }
            },
            {
              "batter": "RD Berrington",
              "bowler": "JO Ngoche",
              "non_striker": "MH Cross",
              "runs": {
                "batter": 2,
                "extras": 0,
                "total": 2
              }
            },
            {
              "batter": "RD Berrington",
              "bowler": "JO Ngoche",
              "non_striker": "MH Cross",
              "runs": {
                "batter": 1,
                "extras": 0,
                "total": 1
              }
            },
            {
              "batter": "MH Cross",
              "bowler": "JO Ngoche",
              "non_striker": "RD Berrington",
              "runs": {
                "batter": 1,
                "extras": 0,
                "total": 1
              }
            },
            {
              "batter": "RD Berrington",
              "bowler": "JO Ngoche",
              "non_striker": "MH Cross",
              "runs": {
                "batter": 1,
                "extras": 0,
                "total": 1
              }
            },
            {
              "batter": "MH Cross",
              "bowler": "JO Ngoche",
              "non_striker": "RD Berrington",
              "runs": {
                "batter": 0,
                "extras": 0,
                "total": 0
              }
            }
          ]
        },
        {
          "over": 12,
          "deliveries": [
            {
              "batter": "RD Berrington",
              "bowler": "SO Ngoche",
              "non_striker": "MH Cross",
              "runs": {
                "batter": 0,
                "extras": 0,
                "total": 0
              }
            },
            {
              "batter": "RD Berrington",
              "bowler": "SO Ngoche",
              "non_striker": "MH Cross",
              "runs": {
                "batter": 1,
                "extras": 0,
                "total": 1
              }
            },
            {
              "batter": "MH Cross",
              "bowler": "SO Ngoche",
              "non_striker": "RD Berrington",
              "runs": {
                "batter": 1,
                "extras": 0,
                "total": 1
              }
            },
            {
              "batter": "RD Berrington",
              "bowler": "SO Ngoche",
              "non_striker": "MH Cross",
              "runs": {
                "batter": 4,
                "extras": 0,
                "total": 4
              }
            },
            {
              "batter": "RD Berrington",
              "bowler": "SO Ngoche",
              "non_striker": "MH Cross",
              "runs": {
                "batter": 6,
                "extras": 0,
                "total": 6
              }
            },
            {
              "batter": "RD Berrington",
              "bowler": "SO Ngoche",
              "non_striker": "MH Cross",
              "runs": {
                "batter": 1,
                "extras": 0,
                "total": 1
              }
            }
          ]
        },
        {
          "over": 13,
          "deliveries": [
            {
              "batter": "RD Berrington",
              "bowler": "JO Ngoche",
              "non_striker": "MH Cross",
              "runs": {
                "batter": 6,
                "extras": 0,
                "total": 6
              }
            },
            {
              "batter": "RD Berrington",
              "bowler": "JO Ngoche",
              "non_striker": "MH Cross",
              "runs": {
                "batter": 1,
                "extras": 0,
                "total": 1
              }
            },
            {
              "batter": "MH Cross",
              "bowler": "JO Ngoche",
              "non_striker": "RD Berrington",
              "runs": {
                "batter": 0,
                "extras": 0,
                "total": 0
              }
            },
            {
              "batter": "MH Cross",
              "bowler": "JO Ngoche",
              "non_striker": "RD Berrington",
              "runs": {
                "batter": 4,
                "extras": 0,
                "total": 4
              }
            },
            {
              "batter": "MH Cross",
              "bowler": "JO Ngoche",
              "non_striker": "RD Berrington",
              "runs": {
                "batter": 1,
                "extras": 0,
                "total": 1
              }
            },
            {
              "batter": "RD Berrington",
              "bowler": "JO Ngoche",
              "non_striker": "MH Cross",
              "runs": {
                "batter": 2,
                "extras": 0,
                "total": 2
              }
            }
          ]
        },
        {
          "over": 14,
          "deliveries": [
            {
              "batter": "MH Cross",
              "bowler": "E Otieno",
              "extras": {
                "noballs": 1
              },
              "non_striker": "RD Berrington",
              "runs": {
                "batter": 1,
                "extras": 1,
                "total": 2
              }
            },
            {
              "batter": "RD Berrington",
              "bowler": "E Otieno",
              "non_striker": "MH Cross",
              "runs": {
                "batter": 1,
                "extras": 0,
                "total": 1
              }
            },
            {
              "batter": "MH Cross",
              "bowler": "E Otieno",
              "non_striker": "RD Berrington",
              "runs": {
                "batter": 0,
                "extras": 0,
                "total": 0
              }
            },
            {
              "batter": "MH Cross",
              "bowler": "E Otieno",
              "non_striker": "RD Berrington",
              "runs": {
                "batter": 1,
                "extras": 0,
                "total": 1
              }
            },
            {
              "batter": "RD Berrington",
              "bowler": "E Otieno",
              "non_striker": "MH Cross",
              "runs": {
                "batter": 4,
                "extras": 0,
                "total": 4
              }
            },
            {
              "batter": "RD Berrington",
              "bowler": "E Otieno",
              "non_striker": "MH Cross",
              "runs": {
                "batter": 1,
                "extras": 0,
                "total": 1
              }
            },
            {
              "batter": "MH Cross",
              "bowler": "E Otieno",
              "extras": {
                "wides": 1
              },
              "non_striker": "RD Berrington",
              "runs": {
                "batter": 0,
                "extras": 1,
                "total": 1
              }
            }
          ]
        }
      ],
      "powerplays": [
        {
          "from": 0.1,
          "to": 5.6,
          "type": "mandatory"
        }
      ]
    }
  ]
}