{
  "meta": {
    "data_version": "1.0.0",
    "created": "2015-07-19",
    "revision": 1
  },
  "info": {
    "balls_per_over": 6,
    "city": "Dublin",
    "dates": [
      "2015-07-18"
    ],
    "event": {
      "group": "A",
      "match_number": 38,
      "name": "ICC World Twenty20 Qualifier"
    },
    "gender": "male",
    "match_type": "IT20",
    "officials": {
      "match_referees": [
        "SR Bernard"
      ],
      "reserve_umpires": [
        "RT Robinson"
      ],
      "umpires": [
        "JD Cloete",
        "P Wilson"
      ]
    },
    "outcome": {
      "by": {
        "wickets": 7
      },
      "winner": "United States of America"
    },
    "overs": 20,
    "player_of_match": [
      "NI Standford"
    ],
    "players": {
      "Hong Kong": [
        "Irfan Ahmed",
        "Anshuman Rath",
        "Nizakat Khan",
        "MS Chapman",
        "Babar Hayat",
        "JJ Atkinson",
        "Tanwir Afzal",
        "Aizaz Khan",
        "Haseeb Amjad",
        "KD Shah",
        "GLB Lamplough"
      ],
      "United States of America": [
        "Fahad Babar",
        "AL Dodson",
        "JH Patel",
        "AAA Amsterdam",
        "NI Standford",
        "Adil Bhatti",
        "Muhammad Ghous",
        "MK Patel",
        "Naseer Jamali",
        "H Shahid",
        "TK Patel"
      ]
    },
    "registry": {
      "people": {
        "AAA Amsterdam": "b4a23876",
        "AL Dodson": "f5efe5e0",
        "Adil Bhatti": "fb4c5ea5",
        "Aizaz Khan": "f6c2659d",
        "Anshuman Rath": "552b228c",
        "Babar Hayat": "fbb657bb",
        "Fahad Babar": "5595b867",
        "GLB Lamplough": "409f736d",
        "H Shahid": "d0653d5a",
        "Haseeb Amjad": "fb0abc20",
        "Irfan Ahmed": "5c124657",
        "JD Cloete": "b0419f8c",
        "JH Patel": "7cf185e1",
        "JJ Atkinson": "bf2d865c",
        "KD Shah": "d5ae21a2",
        "MK Patel": "3bc24c1a",
        "MS Chapman": "7fa12533",
        "Muhammad Ghous": "1676b2d6",
        "NI Standford": "652ee2b0",
        "Naseer Jamali": "1f367515",
        "Nizakat Khan": "e3eb9e46",
        "P Wilson": "68304a36",
        "RT Robinson": "b143c87d",
        "SR Bernard": "800187dc",
        "TK Patel": "95fcbfb7",
        "Tanwir Afzal": "5f5ca1a7"
      }
    },
    "season": 2015,
    "team_type": "international",
    "teams": [
      "Hong Kong",
      "United States of America"
    ],
    "toss": {
      "decision": "field",
      "winner": "United States of America"
    },
    "venue": "Clontarf Cricket Club Ground"
  },
  "innings": [
    {
      "team": "Hong Kong",
      "overs": [
        {
          "over": 0,
          "deliveries": [
            {
              "batter": "Irfan Ahmed",
              "bowler": "Muhammad Ghous",
              "non_striker": "Anshuman Rath",
              "runs": {
                "batter": 0,
                "extras": 0,
                "total": 0
              }
            },
            {
              "batter": "Irfan Ahmed",
              "bowler": "Muhammad Ghous",
              "non_striker": "Anshuman Rath",
              "runs": {
                "batter": 0,
                "extras": 0,
                "total": 0
              }
            },
            {
              "batter": "Irfan Ahmed",
              "bowler": "Muhammad Ghous",
              "non_striker": "Anshuman Rath",
              "runs": {
                "batter": 0,
                "extras": 0,
                "total": 0
              }
            },
            {
              "batter": "Irfan Ahmed",
              "bowler": "Muhammad Ghous",
              "non_striker": "Anshuman Rath",
              "runs": {
                "batter": 0,
                "extras": 0,
                "total": 0
              }
            },
            {
              "batter": "Irfan Ahmed",
              "bowler": "Muhammad Ghous",
              "non_striker": "Anshuman Rath",
              "runs": {
                "batter": 0,
                "extras": 0,
                "total": 0
              }
            },
            {
              "batter": "Irfan Ahmed",
              "bowler": "Muhammad Ghous",
              "non_striker": "Anshuman Rath",
              "runs": {
                "batter": 0,
                "extras": 0,
                "total": 0
              }
            }
          ]
        },
        {
          "over": 1,
          "deliveries": [
            {
              "batter": "Anshuman Rath",
              "bowler": "Naseer Jamali",
              "non_striker": "Irfan Ahmed",
              "runs": {
                "batter": 0,
                "extras": 0,
                "total": 0
              }
            },
            {
              "batter": "Anshuman Rath",
              "bowler": "Naseer Jamali",
              "extras": {
                "wides": 1
              },
              "non_striker": "Irfan Ahmed",
              "runs": {
                "batter": 0,
                "extras": 1,
                "total": 1
              }
            },
            {
              "batter": "Anshuman Rath",
              "bowler": "Naseer Jamali",
              "non_striker": "Irfan Ahmed",
              "runs": {
                "batter": 1,
                "extras": 0,
                "total": 1
              }
            },
            {
              "batter": "Irfan Ahmed",
              "bowler": "Naseer Jamali",
              "non_striker": "Anshuman Rath",
              "runs": {
                "batter": 1,
                "extras": 0,
                "total": 1
              }
            },
            {
              "batter": "Anshuman Rath",
              "bowler": "Naseer Jamali",
              "non_striker": "Irfan Ahmed",
              "runs": {
                "batter": 0,
                "extras": 0,
                "total": 0
              }
            },
            {
              "batter": "Anshuman Rath",
              "bowler": "Naseer Jamali",
              "non_striker": "Irfan Ahmed",
              "runs": {
                "batter": 0,
                "extras": 0,
                "total": 0
              }
            },
            {
              "batter": "Anshuman Rath",
              "bowler": "Naseer Jamali",
              "non_striker": "Irfan Ahmed",
              "runs": {
                "batter": 2,
                "extras": 0,
                "total": 2
              }
            }
          ]
        },
        {
          "over": 2,
          "deliveries": [
            {
              "batter": "Irfan Ahmed",
              "bowler": "Muhammad Ghous",
              "non_striker": "Anshuman Rath",
              "runs": {
                "batter": 1,
                "extras": 0,
                "total": 1
              }
            },
            {
              "batter": "Anshuman Rath",
              "bowler": "Muhammad Ghous",
              "non_striker": "Irfan Ahmed",
              "runs": {
                "batter": 0,
                "extras": 0,
                "total": 0
              },
              "wickets": [
                {
                  "kind": "lbw",
                  "player_out": "Anshuman Rath"
                }
              ]
            },
            {
              "batter": "Nizakat Khan",
              "bowler": "Muhammad Ghous",
              "non_striker": "Irfan Ahmed",
              "runs": {
                "batter": 0,
                "extras": 0,
                "total": 0
              }
            },
            {
              "batter": "Nizakat Khan",
              "bowler": "Muhammad Ghous",
              "non_striker": "Irfan Ahmed",
              "runs": {
                "batter": 0,
                "extras": 0,
                "total": 0
              }
            },
            {
              "batter": "Nizakat Khan",
              "bowler": "Muhammad Ghous",
              "non_striker": "Irfan Ahmed",
              "runs": {
                "batter": 0,
                "extras": 0,
                "total": 0
              }
            },
            {
              "batter": "Nizakat Khan",
              "bowler": "Muhammad Ghous",
              "non_striker": "Irfan Ahmed",
              "runs": {
                "batter": 1,
                "extras": 0,
                "total": 1
              }
            }
          ]
        },
        {
          "over": 3,
          "deliveries": [
            {
              "batter": "Nizakat Khan",
              "bowler": "Naseer Jamali",
              "non_striker": "Irfan Ahmed",
              "runs": {
                "batter": 0,
                "extras": 0,
                "total": 0
              }
            },
            {
              "batter": "Nizakat Khan",
              "bowler": "Naseer Jamali",
              "non_striker": "Irfan Ahmed",
              "runs": {
                "batter": 1,
                "extras": 0,
                "total": 1
              }
            },
            {
              "batter": "Irfan Ahmed",
              "bowler": "Naseer Jamali",
              "non_striker": "Nizakat Khan",
              "runs": {
                "batter": 0,
                "extras": 0,
                "total": 0
              }
            },
            {
              "batter": "Irfan Ahmed",
              "bowler": "Naseer Jamali",
              "non_striker": "Nizakat Khan",
              "runs": {
                "batter": 0,
                "extras": 0,
                "total": 0
              }
            },
            {
              "batter": "Irfan Ahmed",
              "bowler": "Naseer Jamali",
              "non_striker": "Nizakat Khan",
              "runs": {
                "batter": 1,
                "extras": 0,
                "total": 1
              }
            },
            {
              "batter": "Nizakat Khan",
              "bowler": "Naseer Jamali",
              "non_striker": "Irfan Ahmed",
              "runs": {
                "batter": 1,
                "extras": 0,
                "total": 1
              }
            }
          ]
        },
        {
          "over": 4,
          "deliveries": [
            {
              "batter": "Nizakat Khan",
              "bowler": "Muhammad Ghous",
              "non_striker": "Irfan Ahmed",
              "runs": {
                "batter": 4,
                "extras": 0,
                "total": 4
              }
            },
            {
              "batter": "Nizakat Khan",
              "bowler": "Muhammad Ghous",
              "non_striker": "Irfan Ahmed",
              "runs": {
                "batter": 4,
                "extras": 0,
                "total": 4
              }
            },
            {
              "batter": "Nizakat Khan",
              "bowler": "Muhammad Ghous",
              "non_striker": "Irfan Ahmed",
              "runs": {
                "batter": 1,
                "extras": 0,
                "total": 1
              }
            },
            {
              "batter": "Irfan Ahmed",
              "bowler": "Muhammad Ghous",
              "non_striker": "Nizakat Khan",
              "runs": {
                "batter": 0,
                "extras": 0,
                "total": 0
              }
            },
            {
              "batter": "Irfan Ahmed",
              "bowler": "Muhammad Ghous",
              "non_striker": "Nizakat Khan",
              "runs": {
                "batter": 4,
                "extras": 0,
                "total": 4
              }
            },
            {
              "batter": "Irfan Ahmed",
              "bowler": "Muhammad Ghous",
              "non_striker": "Nizakat Khan",
              "runs": {
                "batter": 0,
                "extras": 0,
                "total": 0
              }
            }
          ]
        },
        {
          "over": 5,
          "deliveries": [
            {
              "batter": "Nizakat Khan",
              "bowler": "Naseer Jamali",
              "extras": {
                "wides": 1
              },
              "non_striker": "Irfan Ahmed",
              "runs": {
                "batter": 0,
                "extras": 1,
                "total": 1
              }
            },
            {
              "batter": "Nizakat Khan",
              "bowler": "Naseer Jamali",
              "non_striker": "Irfan Ahmed",
              "runs": {
                "batter": 0,
                "extras": 0,
                "total": 0
              }
            },
            {
              "batter": "Nizakat Khan",
              "bowler": "Naseer Jamali",
              "non_striker": "Irfan Ahmed",
              "runs": {
                "batter": 1,
                "extras": 0,
                "total": 1
              }
            },
            {
              "batter": "Irfan Ahmed",
              "bowler": "Naseer Jamali",
              "non_striker": "Nizakat Khan",
              "runs": {
                "batter": 0,
                "extras": 0,
                "total": 0
              }
            },
            {
              "batter": "Irfan Ahmed",
              "bowler": "Naseer Jamali",
              "non_striker": "Nizakat Khan",
              "runs": {
                "batter": 0,
                "extras": 0,
                "total": 0
              }
            },
            {
              "batter": "Irfan Ahmed",
              "bowler": "Naseer Jamali",
              "non_striker": "Nizakat Khan",
              "runs": {
                "batter": 1,
                "extras": 0,
                "total": 1
              }
            },
            {
              "batter": "Nizakat Khan",
              "bowler": "Naseer Jamali",
              "non_striker": "Irfan Ahmed",
              "runs": {
                "batter": 1,
                "extras": 0,
                "total": 1
              }
            }
          ]
        },
        {
          "over": 6,
          "deliveries": [
            {
              "batter": "Nizakat Khan",
              "bowler": "Adil Bhatti",
              "non_striker": "Irfan Ahmed",
              "runs": {
                "batter": 0,
                "extras": 0,
                "total": 0
              },
              "wickets": [
                {
                  "kind": "caught",
                  "player_out": "Nizakat Khan",
                  "fielders": [
                    {
                      "name": "AL Dodson"
                    }
                  ]
                }
              ]
            },
            {
              "batter": "MS Chapman",
              "bowler": "Adil Bhatti",
              "non_striker": "Irfan Ahmed",
              "runs": {
                "batter": 1,
                "extras": 0,
                "total": 1
              }
            },
            {
              "batter": "Irfan Ahmed",
              "bowler": "Adil Bhatti",
              "non_striker": "MS Chapman",
              "runs": {
                "batter": 1,
                "extras": 0,
                "total": 1
              }
            },
            {
              "batter": "MS Chapman",
              "bowler": "Adil Bhatti",
              "non_striker": "Irfan Ahmed",
              "runs": {
                "batter": 2,
                "extras": 0,
                "total": 2
              }
            },
            {
              "batter": "MS Chapman",
              "bowler": "Adil Bhatti",
              "non_striker": "Irfan Ahmed",
              "runs": {
                "batter": 0,
                "extras": 0,
                "total": 0
              }
            },
            {
              "batter": "MS Chapman",
              "bowler": "Adil Bhatti",
              "non_striker": "Irfan Ahmed",
              "runs": {
                "batter": 0,
                "extras": 0,
                "total": 0
              }
            }
          ]
        },
        {
          "over": 7,
          "deliveries": [
            {
              "batter": "Irfan Ahmed",
              "bowler": "H Shahid",
              "non_striker": "MS Chapman",
              "runs": {
                "batter": 1,
                "extras": 0,
                "total": 1
              }
            },
            {
              "batter": "MS Chapman",
              "bowler": "H Shahid",
              "non_striker": "Irfan Ahmed",
              "runs": {
                "batter": 1,
                "extras": 0,
                "total": 1
              }
            },
            {
              "batter": "Irfan Ahmed",
              "bowler": "H Shahid",
              "non_striker": "MS Chapman",
              "runs": {
                "batter": 4,
                "extras": 0,
                "total": 4
              }
            },
            {
              "batter": "Irfan Ahmed",
              "bowler": "H Shahid",
              "non_striker": "MS Chapman",
              "runs": {
                "batter": 0,
                "extras": 0,
                "total": 0
              }
            },
            {
              "batter": "Irfan Ahmed",
              "bowler": "H Shahid",
              "non_striker": "MS Chapman",
              "runs": {
                "batter": 0,
                "extras": 0,
                "total": 0
              }
            },
            {
              "batter": "Irfan Ahmed",
              "bowler": "H Shahid",
              "non_striker": "MS Chapman",
              "runs": {
                "batter": 2,
                "extras": 0,
                "total": 2
              }
            }
          ]
        },
        {
          "over": 8,
          "deliveries": [
            {
              "batter": "MS Chapman",
              "bowler": "Adil Bhatti",
              "extras": {
                "wides": 1
              },
              "non_striker": "Irfan Ahmed",
              "runs": {
                "batter": 0,
                "extras": 1,
                "total": 1
              }
            },
            {
              "batter": "MS Chapman",
              "bowler": "Adil Bhatti",
              "non_striker": "Irfan Ahmed",
              "runs": {
                "batter": 1,
                "extras": 0,
                "total": 1
              }
            },
            {
              "batter": "Irfan Ahmed",
              "bowler": "Adil Bhatti",
              "non_striker": "MS Chapman",
              "runs": {
                "batter": 2,
                "extras": 0,
                "total": 2
              }
            },
            {
              "batter": "Irfan Ahmed",
              "bowler": "Adil Bhatti",
              "non_striker": "MS Chapman",
              "runs": {
                "batter": 1,
                "extras": 0,
                "total": 1
              }
            },
            {
              "batter": "MS Chapman",
              "bowler": "Adil Bhatti",
              "non_striker": "Irfan Ahmed",
              "runs": {
                "batter": 1,
                "extras": 0,
                "total": 1
              }
            },
            {
              "batter": "Irfan Ahmed",
              "bowler": "Adil Bhatti",
              "non_striker": "MS Chapman",
              "runs": {
                "batter": 1,
                "extras": 0,
                "total": 1
              }
            },
            {
              "batter": "MS Chapman",
              "bowler": "Adil Bhatti",
              "non_striker": "Irfan Ahmed",
              "runs": {
                "batter": 1,
                "extras": 0,
                "total": 1
              }
            }
          ]
        },
        {
          "over": 9,
          "deliveries": [
            {
              "batter": "MS Chapman",
              "bowler": "H Shahid",
              "non_striker": "Irfan Ahmed",
              "runs": {
                "batter": 1,
                "extras": 0,
                "total": 1
              }
            },
            {
              "batter": "Irfan Ahmed",
              "bowler": "H Shahid",
              "non_striker": "MS Chapman",
              "runs": {
                "batter": 0,
                "extras": 0,
                "total": 0
              }
            },
            {
              "batter": "Irfan Ahmed",
              "bowler": "H Shahid",
              "non_striker": "MS Chapman",
              "runs": {
                "batter": 4,
                "extras": 0,
                "total": 4
              }
            },
            {
              "batter": "Irfan Ahmed",
              "bowler": "H Shahid",
              "non_striker": "MS Chapman",
              "runs": {
                "batter": 0,
                "extras": 0,
                "total": 0
              }
            },
            {
              "batter": "Irfan Ahmed",
              "bowler": "H Shahid",
              "non_striker": "MS Chapman",
              "runs": {
                "batter": 2,
                "extras": 0,
                "total": 2
              }
            },
            {
              "batter": "Irfan Ahmed",
              "bowler": "H Shahid",
              "non_striker": "MS Chapman",
              "runs": {
                "batter": 0,
                "extras": 0,
                "total": 0
              },
              "wickets": [
                {
                  "kind": "run out",
                  "player_out": "Irfan Ahmed",
                  "fielders": [
                    {
                      "name": "H Shahid"
                    }
                  ]
                }
              ]
            }
          ]
        },
        {
          "over": 10,
          "deliveries": [
            {
              "batter": "MS Chapman",
              "bowler": "Adil Bhatti",
              "non_striker": "Babar Hayat",
              "runs": {
                "batter": 2,
                "extras": 0,
                "total": 2
              }
            },
            {
              "batter": "MS Chapman",
              "bowler": "Adil Bhatti",
              "non_striker": "Babar Hayat",
              "runs": {
                "batter": 0,
                "extras": 0,
                "total": 0
              }
            },
            {
              "batter": "MS Chapman",
              "bowler": "Adil Bhatti",
              "non_striker": "Babar Hayat",
              "runs": {
                "batter": 1,
                "extras": 0,
                "total": 1
              }
            },
            {
              "batter": "Babar Hayat",
              "bowler": "Adil Bhatti",
              "non_striker": "MS Chapman",
              "runs": {
                "batter": 0,
                "extras": 0,
                "total": 0
              }
            },
            {
              "batter": "Babar Hayat",
              "bowler": "Adil Bhatti",
              "non_striker": "MS Chapman",
              "runs": {
                "batter": 2,
                "extras": 0,
                "total": 2
              }
            },
            {
              "batter": "Babar Hayat",
              "bowler": "Adil Bhatti",
              "non_striker": "MS Chapman",
              "runs": {
                "batter": 1,
                "extras": 0,
                "total": 1
              }
            }
          ]
        },
        {
          "over": 11,
          "deliveries": [
            {
              "batter": "Babar Hayat",
              "bowler": "H Shahid",
              "non_striker": "MS Chapman",
              "runs": {
                "batter": 0,
                "extras": 0,
                "total": 0
              }
            },
            {
              "batter": "Babar Hayat",
              "bowler": "H Shahid",
              "extras": {
                "wides": 1
              },
              "non_striker": "MS Chapman",
              "runs": {
                "batter": 0,
                "extras": 1,
                "total": 1
              }
            },
            {
              "batter": "Babar Hayat",
              "bowler": "H Shahid",
              "non_striker": "MS Chapman",
              "runs": {
                "batter": 1,
                "extras": 0,
                "total": 1
              }
            },
            {
              "batter": "MS Chapman",
              "bowler": "H Shahid",
              "non_striker": "Babar Hayat",
              "runs": {
                "batter": 1,
                "extras": 0,
                "total": 1
              }
            },
            {
              "batter": "Babar Hayat",
              "bowler": "H Shahid",
              "non_striker": "MS Chapman",
              "runs": {
                "batter": 1,
                "extras": 0,
                "total": 1
              }
            },
            {
              "batter": "MS Chapman",
              "bowler": "H Shahid",
              "non_striker": "Babar Hayat",
              "runs": {
                "batter": 1,
                "extras": 0,
                "total": 1
              }
            },
            {
              "batter": "Babar Hayat",
              "bowler": "H Shahid",
              "non_striker": "MS Chapman",
              "runs": {
                "batter": 4,
                "extras": 0,
                "total": 4
              }
            }
          ]
        },
        {
          "over": 12,
          "deliveries": [
            {
              "batter": "MS Chapman",
              "bowler": "Adil Bhatti",
              "non_striker": "Babar Hayat",
              "runs": {
                "batter": 2,
                "extras": 0,
                "total": 2
              }
            },
            {
              "batter": "MS Chapman",
              "bowler": "Adil Bhatti",
              "non_striker": "Babar Hayat",
              "runs": {
                "batter": 1,
                "extras": 0,
                "total": 1
              }
            },
            {
              "batter": "Babar Hayat",
              "bowler": "Adil Bhatti",
              "non_striker": "MS Chapman",
              "runs": {
                "batter": 1,
                "extras": 0,
                "total": 1
              }
            },
            {
              "batter": "MS Chapman",
              "bowler": "Adil Bhatti",
              "non_striker": "Babar Hayat",
              "runs": {
                "batter": 0,
                "extras": 0,
                "total": 0
              }
            },
            {
              "batter": "MS Chapman",
              "bowler": "Adil Bhatti",
              "non_striker": "Babar Hayat",
              "runs": {
                "batter": 1,
                "extras": 0,
                "total": 1
              }
            },
            {
              "batter": "Babar Hayat",
              "bowler": "Adil Bhatti",
              "non_striker": "MS Chapman",
              "runs": {
                "batter": 1,
                "extras": 0,
                "total": 1
              }
            }
          ]
        },
        {
          "over": 13,
          "deliveries": [
            {
              "batter": "Babar Hayat",
              "bowler": "TK Patel",
              "non_striker": "MS Chapman",
              "runs": {
                "batter": 0,
                "extras": 0,
                "total": 0
              }
            },
            {
              "batter": "Babar Hayat",
              "bowler": "TK Patel",
              "non_striker": "MS Chapman",
              "runs": {
                "batter": 0,
                "extras": 0,
                "total": 0
              }
            },
            {
              "batter": "Babar Hayat",
              "bowler": "TK Patel",
              "non_striker": "MS Chapman",
              "runs": {
                "batter": 1,
                "extras": 0,
                "total": 1
              }
            },
            {
              "batter": "MS Chapman",
              "bowler": "TK Patel",
              "non_striker": "Babar Hayat",
              "runs": {
                "batter": 1,
                "extras": 0,
                "total": 1
              }
            },
            {
              "batter": "Babar Hayat",
              "bowler": "TK Patel",
              "non_striker": "MS Chapman",
              "runs": {
                "batter": 6,
                "extras": 0,
                "total": 6
              }
            },
            {
              "batter": "Babar Hayat",
              "bowler": "TK Patel",
              "non_striker": "MS Chapman",
              "runs": {
                "batter": 0,
                "extras": 0,
                "total": 0
              }
            }
          ]
        },
        {
          "over": 14,
          "deliveries": [
            {
              "batter": "MS Chapman",
              "bowler": "JH Patel",
              "non_striker": "Babar Hayat",
              "runs": {
                "batter": 0,
                "extras": 0,
                "total": 0
              }
            },
            {
              "batter": "MS Chapman",
              "bowler": "JH Patel",
              "non_striker": "Babar Hayat",
              "runs": {
                "batter": 4,
                "extras": 0,
                "total": 4
              }
            },
            {
              "batter": "MS Chapman",
              "bowler": "JH Patel",
              "non_striker": "Babar Hayat",
              "runs": {
                "batter": 0,
                "extras": 0,
                "total": 0
              },
              "wickets": [
                {
                  "kind": "caught",
                  "player_out": "MS Chapman",
                  "fielders": [
                    {
                      "name": "AL Dodson"
                    }
                  ]
                }
              ]
            },
            {
              "batter": "JJ Atkinson",
              "bowler": "JH Patel",
              "non_striker": "Babar Hayat",
              "runs": {
                "batter": 0,
                "extras": 0,
                "total": 0
              }
            },
            {
              "batter": "JJ Atkinson",
              "bowler": "JH Patel",
              "non_striker": "Babar Hayat",
              "runs": {
                "batter": 1,
                "extras": 0,
                "total": 1
              }
            },
            {
              "batter": "Babar Hayat",
              "bowler": "JH Patel",
              "non_striker": "JJ Atkinson",
              "runs": {
                "batter": 0,
                "extras": 0,
                "total": 0
              }
            }
          ]
        },
        {
          "over": 15,
          "deliveries": [
            {
              "batter": "JJ Atkinson",
              "bowler": "TK Patel",
              "non_striker": "Babar Hayat",
              "runs": {
                "batter": 0,
                "extras": 0,
                "total": 0
              }
            },
            {
              "batter": "JJ Atkinson",
              "bowler": "TK Patel",
              "non_striker": "Babar Hayat",
              "runs": {
                "batter": 0,
                "extras": 0,
                "total": 0
              }
            },
            {
              "batter": "JJ Atkinson",
              "bowler": "TK Patel",
              "non_striker": "Babar Hayat",
              "runs": {
                "batter": 1,
                "extras": 0,
                "total": 1
              }
            },
            {
              "batter": "Babar Hayat",
              "bowler": "TK Patel",
              "non_striker": "JJ Atkinson",
              "runs": {
                "batter": 1,
                "extras": 0,
                "total": 1
              }
            },
            {
              "batter": "JJ Atkinson",
              "bowler": "TK Patel",
              "non_striker": "Babar Hayat",
              "runs": {
                "batter": 0,
                "extras": 0,
                "total": 0
              }
            },
            {
              "batter": "JJ Atkinson",
              "bowler": "TK Patel",
              "non_striker": "Babar Hayat",
              "runs": {
                "batter": 0,
                "extras": 0,
                "total": 0
              }
            }
          ]
        },
        {
          "over": 16,
          "deliveries": [
            {
              "batter": "Babar Hayat",
              "bowler": "JH Patel",
              "non_striker": "JJ Atkinson",
              "runs": {
                "batter": 1,
                "extras": 0,
                "total": 1
              }
            },
            {
              "batter": "JJ Atkinson",
              "bowler": "JH Patel",
              "non_striker": "Babar Hayat",
              "runs": {
                "batter": 2,
                "extras": 0,
                "total": 2
              }
            },
            {
              "batter": "JJ Atkinson",
              "bowler": "JH Patel",
              "non_striker": "Babar Hayat",
              "runs": {
                "batter": 4,
                "extras": 0,
                "total": 4
              }
            },
            {
              "batter": "JJ Atkinson",
              "bowler": "JH Patel",
              "non_striker": "Babar Hayat",
              "runs": {
                "batter": 1,
                "extras": 0,
                "total": 1
              }
            },
            {
              "batter": "Babar Hayat",
              "bowler": "JH Patel",
              "non_striker": "JJ Atkinson",
              "runs": {
                "batter": 0,
                "extras": 0,
                "total": 0
              },
              "wickets": [
                {
                  "kind": "bowled",
                  "player_out": "Babar Hayat"
                }
              ]
            },
            {
              "batter": "Tanwir Afzal",
              "bowler": "JH Patel",
              "non_striker": "JJ Atkinson",
              "runs": {
                "batter": 0,
                "extras": 0,
                "total": 0
              }
            }
          ]
        },
        {
          "over": 17,
          "deliveries": [
            {
              "batter": "JJ Atkinson",
              "bowler": "TK Patel",
              "non_striker": "Tanwir Afzal",
              "runs": {
                "batter": 0,
                "extras": 0,
                "total": 0
              }
            },
            {
              "batter": "JJ Atkinson",
              "bowler": "TK Patel",
              "non_striker": "Tanwir Afzal",
              "runs": {
                "batter": 6,
                "extras": 0,
                "total": 6
              }
            },
            {
              "batter": "JJ Atkinson",
              "bowler": "TK Patel",
              "non_striker": "Tanwir Afzal",
              "runs": {
                "batter": 0,
                "extras": 0,
                "total": 0
              }
            },
            {
              "batter": "JJ Atkinson",
              "bowler": "TK Patel",
              "non_striker": "Tanwir Afzal",
              "runs": {
                "batter": 0,
                "extras": 0,
                "total": 0
              }
            },
            {
              "batter": "JJ Atkinson",
              "bowler": "TK Patel",
              "non_striker": "Tanwir Afzal",
              "runs": {
                "batter": 0,
                "extras": 0,
                "total": 0
              }
            },
            {
              "batter": "JJ Atkinson",
              "bowler": "TK Patel",
              "non_striker": "Tanwir Afzal",
              "runs": {
                "batter": 1,
                "extras": 0,
                "total": 1
              }
            }
          ]
        },
        {
          "over": 18,
          "deliveries": [
            {
              "batter": "JJ Atkinson",
              "bowler": "JH Patel",
              "non_striker": "Tanwir Afzal",
              "runs": {
                "batter": 2,
                "extras": 0,
                "total": 2
              }
            },
            {
              "batter": "JJ Atkinson",
              "bowler": "JH Patel",
              "non_striker": "Tanwir Afzal",
              "runs": {
                "batter": 4,
                "extras": 0,
                "total": 4
              }
            },
            {
              "batter": "JJ Atkinson",
              "bowler": "JH Patel",
              "non_striker": "Tanwir Afzal",
              "runs": {
                "batter": 1,
                "extras": 0,
                "total": 1
              }
            },
            {
              "batter": "Tanwir Afzal",
              "bowler": "JH Patel",
              "non_striker": "JJ Atkinson",
              "runs": {
                "batter": 0,
                "extras": 0,
                "total": 0
              },
              "wickets": [
                {
                  "kind": "caught",
                  "player_out": "Tanwir Afzal",
                  "fielders": [
                    {
                      "name": "TK Patel"
                    }
                  ]
                }
              ]
            },
            {
              "batter": "JJ Atkinson",
              "bowler": "JH Patel",
              "non_striker": "Aizaz Khan",
              "runs": {
                "batter": 4,
                "extras": 0,
                "total": 4
              }
            },
            {
              "batter": "JJ Atkinson",
              "bowler": "JH Patel",
              "non_striker": "Aizaz Khan",
              "runs": {
                "batter": 4,
                "extras": 0,
                "total": 4
              }
            }
          ]
        },
        {
          "over": 19,
          "deliveries": [
            {
              "batter": "Aizaz Khan",
              "bowler": "TK Patel",
              "non_striker": "JJ Atkinson",
              "runs": {
                "batter": 0,
                "extras": 0,
                "total": 0
              }
            },
            {
              "batter": "Aizaz Khan",
              "bowler": "TK Patel",
              "non_striker": "JJ Atkinson",
              "runs": {
                "batter": 0,
                "extras": 0,
                "total": 0
              },
              "wickets": [
                {
                  "kind": "run out",
                  "player_out": "Aizaz Khan",
                  "fielders": [
                    {
                      "name": "AL Dodson"
                    }
                  ]
                }
              ]
            },
            {
              "batter": "Haseeb Amjad",
              "bowler": "TK Patel",
              "non_striker": "JJ Atkinson",
              "runs": {
                "batter": 2,
                "extras": 0,
                "total": 2
              }
            },
            {
              "batter": "Haseeb Amjad",
              "bowler": "TK Patel",
              "non_striker": "JJ Atkinson",
              "runs": {
                "batter": 0,
                "extras": 0,
                "total": 0
              },
              "wickets": [
                {
                  "kind": "caught",
                  "player_out": "Haseeb Amjad",
                  "fielders": [
                    {
                      "name": "Naseer Jamali"
                    }
                  ]
                }
              ]
            },
            {
              "batter": "JJ Atkinson",
              "bowler": "TK Patel",
              "non_striker": "KD Shah",
              "runs": {
                "batter": 2,
                "extras": 0,
                "total": 2
              }
            },
            {
              "batter": "JJ Atkinson",
              "bowler": "TK Patel",
              "non_striker": "KD Shah",
              "runs": {
                "batter": 1,
                "extras": 0,
                "total": 1
              },
              "wickets": [
                {
                  "kind": "run out",
                  "player_out": "JJ Atkinson",
                  "fielders": [
                    {
                      "name": "Adil Bhatti"
                    },
                    {
                      "name": "AL Dodson"
                    }
                  ]
                }
              ]
            }
          ]
        }
      ],
      "powerplays": [
        {
          "from": 0.1,
          "to": 5.7,
          "type": "mandatory"
        }
      ]
    },
    {
      "team": "United States of America",
      "overs": [
        {
          "over": 0,
          "deliveries": [
            {
              "batter": "Fahad Babar",
              "bowler": "Tanwir Afzal",
              "non_striker": "AL Dodson",
              "runs": {
                "batter": 1,
                "extras": 0,
                "total": 1
              }
            },
            {
              "batter": "AL Dodson",
              "bowler": "Tanwir Afzal",
              "non_striker": "Fahad Babar",
              "runs": {
                "batter": 0,
                "extras": 0,
                "total": 0
              }
            },
            {
              "batter": "AL Dodson",
              "bowler": "Tanwir Afzal",
              "non_striker": "Fahad Babar",
              "runs": {
                "batter": 0,
                "extras": 0,
                "total": 0
              }
            },
            {
              "batter": "AL Dodson",
              "bowler": "Tanwir Afzal",
              "non_striker": "Fahad Babar",
              "runs": {
                "batter": 0,
                "extras": 0,
                "total": 0
              }
            },
            {
              "batter": "AL Dodson",
              "bowler": "Tanwir Afzal",
              "non_striker": "Fahad Babar",
              "runs": {
                "batter": 0,
                "extras": 0,
                "total": 0
              }
            },
            {
              "batter": "AL Dodson",
              "bowler": "Tanwir Afzal",
              "non_striker": "Fahad Babar",
              "runs": {
                "batter": 0,
                "extras": 0,
                "total": 0
              }
            }
          ]
        },
        {
          "over": 1,
          "deliveries": [
            {
              "batter": "Fahad Babar",
              "bowler": "Haseeb Amjad",
              "non_striker": "AL Dodson",
              "runs": {
                "batter": 0,
                "extras": 0,
                "total": 0
              }
            },
            {
              "batter": "Fahad Babar",
              "bowler": "Haseeb Amjad",
              "extras": {
                "wides": 1
              },
              "non_striker": "AL Dodson",
              "runs": {
                "batter": 0,
                "extras": 1,
                "total": 1
              }
            },
            {
              "batter": "Fahad Babar",
              "bowler": "Haseeb Amjad",
              "extras": {
                "wides": 1
              },
              "non_striker": "AL Dodson",
              "runs": {
                "batter": 0,
                "extras": 1,
                "total": 1
              }
            },
            {
              "batter": "Fahad Babar",
              "bowler": "Haseeb Amjad",
              "non_striker": "AL Dodson",
              "runs": {
                "batter": 0,
                "extras": 0,
                "total": 0
              }
            },
            {
              "batter": "Fahad Babar",
              "bowler": "Haseeb Amjad",
              "non_striker": "AL Dodson",
              "runs": {
                "batter": 1,
                "extras": 0,
                "total": 1
              }
            },
            {
              "batter": "AL Dodson",
              "bowler": "Haseeb Amjad",
              "non_striker": "Fahad Babar",
              "runs": {
                "batter": 0,
                "extras": 0,
                "total": 0
              }
            },
            {
              "batter": "AL Dodson",
              "bowler": "Haseeb Amjad",
              "non_striker": "Fahad Babar",
              "runs": {
                "batter": 4,
                "extras": 0,
                "total": 4
              }
            },
            {
              "batter": "AL Dodson",
              "bowler": "Haseeb Amjad",
              "non_striker": "Fahad Babar",
              "runs": {
                "batter": 0,
                "extras": 0,
                "total": 0
              }
            }
          ]
        },
        {
          "over": 2,
          "deliveries": [
            {
              "batter": "Fahad Babar",
              "bowler": "Tanwir Afzal",
              "non_striker": "AL Dodson",
              "runs": {
                "batter": 0,
                "extras": 0,
                "total": 0
              }
            },
            {
              "batter": "Fahad Babar",
              "bowler": "Tanwir Afzal",
              "non_striker": "AL Dodson",
              "runs": {
                "batter": 2,
                "extras": 0,
                "total": 2
              }
            },
            {
              "batter": "Fahad Babar",
              "bowler": "Tanwir Afzal",
              "non_striker": "AL Dodson",
              "runs": {
                "batter": 1,
                "extras": 0,
                "total": 1
              }
            },
            {
              "batter": "AL Dodson",
              "bowler": "Tanwir Afzal",
              "non_striker": "Fahad Babar",
              "runs": {
                "batter": 4,
                "extras": 0,
                "total": 4
              }
            },
            {
              "batter": "AL Dodson",
              "bowler": "Tanwir Afzal",
              "non_striker": "Fahad Babar",
              "runs": {
                "batter": 0,
                "extras": 0,
                "total": 0
              },
              "wickets": [
                {
                  "kind": "run out",
                  "player_out": "AL Dodson",
                  "fielders": [
                    {
                      "name": "Aizaz Khan"
                    },
                    {
                      "name": "JJ Atkinson"
                    }
                  ]
                }
              ]
            },
            {
              "batter": "JH Patel",
              "bowler": "Tanwir Afzal",
              "extras": {
                "wides": 1
              },
              "non_striker": "Fahad Babar",
              "runs": {
                "batter": 0,
                "extras": 1,
                "total": 1
              }
            },
            {
              "batter": "JH Patel",
              "bowler": "Tanwir Afzal",
              "non_striker": "Fahad Babar",
              "runs": {
                "batter": 1,
                "extras": 0,
                "total": 1
              }
            }
          ]
        },
        {
          "over": 3,
          "deliveries": [
            {
              "batter": "JH Patel",
              "bowler": "Aizaz Khan",
              "non_striker": "Fahad Babar",
              "runs": {
                "batter": 4,
                "extras": 0,
                "total": 4
              }
            },
            {
              "batter": "JH Patel",
              "bowler": "Aizaz Khan",
              "non_striker": "Fahad Babar",
              "runs": {
                "batter": 4,
                "extras": 0,
                "total": 4
              }
            },
            {
              "batter": "JH Patel",
              "bowler": "Aizaz Khan",
              "non_striker": "Fahad Babar",
              "runs": {
                "batter": 0,
                "extras": 0,
                "total": 0
              }
            },
            {
              "batter": "JH Patel",
              "bowler": "Aizaz Khan",
              "non_striker": "Fahad Babar",
              "runs": {
                "batter": 4,
                "extras": 0,
                "total": 4
              }
            },
            {
              "batter": "JH Patel",
              "bowler": "Aizaz Khan",
              "non_striker": "Fahad Babar",
              "runs": {
                "batter": 0,
                "extras": 0,
                "total": 0
              }
            },
            {
              "batter": "JH Patel",
              "bowler": "Aizaz Khan",
              "non_striker": "Fahad Babar",
              "runs": {
                "batter": 4,
                "extras": 0,
                "total": 4
              }
            }
          ]
        },
        {
          "over": 4,
          "deliveries": [
            {
              "batter": "Fahad Babar",
              "bowler": "Tanwir Afzal",
              "non_striker": "JH Patel",
              "runs": {
                "batter": 1,
                "extras": 0,
                "total": 1
              }
            },
            {
              "batter": "JH Patel",
              "bowler": "Tanwir Afzal",
              "non_striker": "Fahad Babar",
              "runs": {
                "batter": 0,
                "extras": 0,
                "total": 0
              }
            },
            {
              "batter": "JH Patel",
              "bowler": "Tanwir Afzal",
              "non_striker": "Fahad Babar",
              "runs": {
                "batter": 0,
                "extras": 0,
                "total": 0
              },
              "wickets": [
                {
                  "kind": "caught",
                  "player_out": "JH Patel",
                  "fielders": [
                    {
                      "name": "Anshuman Rath"
                    }
                  ]
                }
              ]
            },
            {
              "batter": "AAA Amsterdam",
              "bowler": "Tanwir Afzal",
              "non_striker": "Fahad Babar",
              "runs": {
                "batter": 0,
                "extras": 0,
                "total": 0
              }
            },
            {
              "batter": "AAA Amsterdam",
              "bowler": "Tanwir Afzal",
              "non_striker": "Fahad Babar",
              "runs": {
                "batter": 0,
                "extras": 0,
                "total": 0
              }
            },
            {
              "batter": "AAA Amsterdam",
              "bowler": "Tanwir Afzal",
              "extras": {
                "wides": 1
              },
              "non_striker": "Fahad Babar",
              "runs": {
                "batter": 0,
                "extras": 1,
                "total": 1
              }
            },
            {
              "batter": "AAA Amsterdam",
              "bowler": "Tanwir Afzal",
              "non_striker": "Fahad Babar",
              "runs": {
                "batter": 0,
                "extras": 0,
                "total": 0
              }
            }
          ]
        },
        {
          "over": 5,
          "deliveries": [
            {
              "batter": "Fahad Babar",
              "bowler": "Haseeb Amjad",
              "non_striker": "AAA Amsterdam",
              "runs": {
                "batter": 0,
                "extras": 0,
                "total": 0
              }
            },
            {
              "batter": "Fahad Babar",
              "bowler": "Haseeb Amjad",
              "non_striker": "AAA Amsterdam",
              "runs": {
                "batter": 0,
                "extras": 0,
                "total": 0
              }
            },
            {
              "batter": "Fahad Babar",
              "bowler": "Haseeb Amjad",
              "non_striker": "AAA Amsterdam",
              "runs": {
                "batter": 0,
                "extras": 0,
                "total": 0
              }
            },
            {
              "batter": "Fahad Babar",
              "bowler": "Haseeb Amjad",
              "non_striker": "AAA Amsterdam",
              "runs": {
                "batter": 1,
                "extras": 0,
                "total": 1
              }
            },
            {
              "batter": "AAA Amsterdam",
              "bowler": "Haseeb Amjad",
              "non_striker": "Fahad Babar",
              "runs": {
                "batter": 0,
                "extras": 0,
                "total": 0
              }
            },
            {
              "batter": "AAA Amsterdam",
              "bowler": "Haseeb Amjad",
              "non_striker": "Fahad Babar",
              "runs": {
                "batter": 0,
                "extras": 0,
                "total": 0
              }
            }
          ]
        },
        {
          "over": 6,
          "deliveries": [
            {
              "batter": "Fahad Babar",
              "bowler": "Tanwir Afzal",
              "non_striker": "AAA Amsterdam",
              "runs": {
                "batter": 1,
                "extras": 0,
                "total": 1
              }
            },
            {
              "batter": "AAA Amsterdam",
              "bowler": "Tanwir Afzal",
              "non_striker": "Fahad Babar",
              "runs": {
                "batter": 1,
                "extras": 0,
                "total": 1
              }
            },
            {
              "batter": "Fahad Babar",
              "bowler": "Tanwir Afzal",
              "non_striker": "AAA Amsterdam",
              "runs": {
                "batter": 1,
                "extras": 0,
                "total": 1
              }
            },
            {
              "batter": "AAA Amsterdam",
              "bowler": "Tanwir Afzal",
              "non_striker": "Fahad Babar",
              "runs": {
                "batter": 0,
                "extras": 0,
                "total": 0
              }
            },
            {
              "batter": "AAA Amsterdam",
              "bowler": "Tanwir Afzal",
              "non_striker": "Fahad Babar",
              "runs": {
                "batter": 4,
                "extras": 0,
                "total": 4
              }
            },
            {
              "batter": "AAA Amsterdam",
              "bowler": "Tanwir Afzal",
              "non_striker": "Fahad Babar",
              "runs": {
                "batter": 1,
                "extras": 0,
                "total": 1
              }
            }
          ]
        },
        {
          "over": 7,
          "deliveries": [
            {
              "batter": "AAA Amsterdam",
              "bowler": "Anshuman Rath",
              "non_striker": "Fahad Babar",
              "runs": {
                "batter": 1,
                "extras": 0,
                "total": 1
              }
            },
            {
              "batter": "Fahad Babar",
              "bowler": "Anshuman Rath",
              "non_striker": "AAA Amsterdam",
              "runs": {
                "batter": 0,
                "extras": 0,
                "total": 0
              }
            },
            {
              "batter": "Fahad Babar",
              "bowler": "Anshuman Rath",
              "non_striker": "AAA Amsterdam",
              "runs": {
                "batter": 0,
                "extras": 0,
                "total": 0
              }
            },
            {
              "batter": "Fahad Babar",
              "bowler": "Anshuman Rath",
              "non_striker": "AAA Amsterdam",
              "runs": {
                "batter": 1,
                "extras": 0,
                "total": 1
              }
            },
            {
              "batter": "AAA Amsterdam",
              "bowler": "Anshuman Rath",
              "non_striker": "Fahad Babar",
              "runs": {
                "batter": 0,
                "extras": 0,
                "total": 0
              }
            },
            {
              "batter": "AAA Amsterdam",
              "bowler": "Anshuman Rath",
              "non_striker": "Fahad Babar",
              "runs": {
                "batter": 2,
                "extras": 0,
                "total": 2
              }
            }
          ]
        },
        {
          "over": 8,
          "deliveries": [
            {
              "batter": "Fahad Babar",
              "bowler": "Irfan Ahmed",
              "non_striker": "AAA Amsterdam",
              "runs": {
                "batter": 1,
                "extras": 0,
                "total": 1
              }
            },
            {
              "batter": "AAA Amsterdam",
              "bowler": "Irfan Ahmed",
              "extras": {
                "legbyes": 1
              },
              "non_striker": "Fahad Babar",
              "runs": {
                "batter": 0,
                "extras": 1,
                "total": 1
              }
            },
            {
              "batter": "Fahad Babar",
              "bowler": "Irfan Ahmed",
              "non_striker": "AAA Amsterdam",
              "runs": {
                "batter": 0,
                "extras": 0,
                "total": 0
              }
            },
            {
              "batter": "Fahad Babar",
              "bowler": "Irfan Ahmed",
              "non_striker": "AAA Amsterdam",
              "runs": {
                "batter": 0,
                "extras": 0,
                "total": 0
              }
            },
            {
              "batter": "Fahad Babar",
              "bowler": "Irfan Ahmed",
              "non_striker": "AAA Amsterdam",
              "runs": {
                "batter": 0,
                "extras": 0,
                "total": 0
              }
            },
            {
              "batter": "Fahad Babar",
              "bowler": "Irfan Ahmed",
              "non_striker": "AAA Amsterdam",
              "runs": {
                "batter": 2,
                "extras": 0,
                "total": 2
              }
            }
          ]
        },
        {
          "over": 9,
          "deliveries": [
            {
              "batter": "AAA Amsterdam",
              "bowler": "Anshuman Rath",
              "non_striker": "Fahad Babar",
              "runs": {
                "batter": 4,
                "extras": 0,
                "total": 4
              }
            },
            {
              "batter": "AAA Amsterdam",
              "bowler": "Anshuman Rath",
              "non_striker": "Fahad Babar",
              "runs": {
                "batter": 1,
                "extras": 0,
                "total": 1
              }
            },
            {
              "batter": "Fahad Babar",
              "bowler": "Anshuman Rath",
              "non_striker": "AAA Amsterdam",
              "runs": {
                "batter": 1,
                "extras": 0,
                "total": 1
              }
            },
            {
              "batter": "AAA Amsterdam",
              "bowler": "Anshuman Rath",
              "non_striker": "Fahad Babar",
              "runs": {
                "batter": 1,
                "extras": 0,
                "total": 1
              }
            },
            {
              "batter": "Fahad Babar",
              "bowler": "Anshuman Rath",
              "non_striker": "AAA Amsterdam",
              "runs": {
                "batter": 1,
                "extras": 0,
                "total": 1
              }
            },
            {
              "batter": "AAA Amsterdam",
              "bowler": "Anshuman Rath",
              "non_striker": "Fahad Babar",
              "runs": {
                "batter": 2,
                "extras": 0,
                "total": 2
              }
            }
          ]
        },
        {
          "over": 10,
          "deliveries": [
            {
              "batter": "Fahad Babar",
              "bowler": "Irfan Ahmed",
              "non_striker": "AAA Amsterdam",
              "runs": {
                "batter": 0,
                "extras": 0,
                "total": 0
              }
            },
            {
              "batter": "Fahad Babar",
              "bowler": "Irfan Ahmed",
              "non_striker": "AAA Amsterdam",
              "runs": {
                "batter": 0,
                "extras": 0,
                "total": 0
              },
              "wickets": [
                {
                  "kind": "lbw",
                  "player_out": "Fahad Babar"
                }
              ]
            },
            {
              "batter": "NI Standford",
              "bowler": "Irfan Ahmed",
              "non_striker": "AAA Amsterdam",
              "runs": {
                "batter": 0,
                "extras": 0,
                "total": 0
              }
            },
            {
              "batter": "NI Standford",
              "bowler": "Irfan Ahmed",
              "non_striker": "AAA Amsterdam",
              "runs": {
                "batter": 1,
                "extras": 0,
                "total": 1
              }
            },
            {
              "batter": "AAA Amsterdam",
              "bowler": "Irfan Ahmed",
              "non_striker": "NI Standford",
              "runs": {
                "batter": 1,
                "extras": 0,
                "total": 1
              }
            },
            {
              "batter": "NI Standford",
              "bowler": "Irfan Ahmed",
              "non_striker": "AAA Amsterdam",
              "runs": {
                "batter": 6,
                "extras": 0,
                "total": 6
              }
            }
          ]
        },
        {
          "over": 11,
          "deliveries": [
            {
              "batter": "AAA Amsterdam",
              "bowler": "Anshuman Rath",
              "non_striker": "NI Standford",
              "runs": {
                "batter": 0,
                "extras": 0,
                "total": 0
              }
            },
            {
              "batter": "AAA Amsterdam",
              "bowler": "Anshuman Rath",
              "non_striker": "NI Standford",
              "runs": {
                "batter": 0,
                "extras": 0,
                "total": 0
              }
            },
            {
              "batter": "AAA Amsterdam",
              "bowler": "Anshuman Rath",
              "non_striker": "NI Standford",
              "runs": {
                "batter": 0,
                "extras": 0,
                "total": 0
              }
            },
            {
              "batter": "AAA Amsterdam",
              "bowler": "Anshuman Rath",
              "non_striker": "NI Standford",
              "runs": {
                "batter": 1,
                "extras": 0,
                "total": 1
              }
            },
            {
              "batter": "NI Standford",
              "bowler": "Anshuman Rath",
              "non_striker": "AAA Amsterdam",
              "runs": {
                "batter": 1,
                "extras": 0,
                "total": 1
              }
            },
            {
              "batter": "AAA Amsterdam",
              "bowler": "Anshuman Rath",
              "non_striker": "NI Standford",
              "runs": {
                "batter": 1,
                "extras": 0,
                "total": 1
              }
            }
          ]
        },
        {
          "over": 12,
          "deliveries": [
            {
              "batter": "AAA Amsterdam",
              "bowler": "GLB Lamplough",
              "non_striker": "NI Standford",
              "runs": {
                "batter": 1,
                "extras": 0,
                "total": 1
              }
            },
            {
              "batter": "NI Standford",
              "bowler": "GLB Lamplough",
              "non_striker": "AAA Amsterdam",
              "runs": {
                "batter": 4,
                "extras": 0,
                "total": 4
              }
            },
            {
              "batter": "NI Standford",
              "bowler": "GLB Lamplough",
              "non_striker": "AAA Amsterdam",
              "runs": {
                "batter": 1,
                "extras": 0,
                "total": 1
              }
            },
            {
              "batter": "AAA Amsterdam",
              "bowler": "GLB Lamplough",
              "non_striker": "NI Standford",
              "runs": {
                "batter": 1,
                "extras": 0,
                "total": 1
              }
            },
            {
              "batter": "NI Standford",
              "bowler": "GLB Lamplough",
              "non_striker": "AAA Amsterdam",
              "runs": {
                "batter": 1,
                "extras": 0,
                "total": 1
              }
            },
            {
              "batter": "AAA Amsterdam",
              "bowler": "GLB Lamplough",
              "non_striker": "NI Standford",
              "runs": {
                "batter": 4,
                "extras": 0,
                "total": 4
              }
            }
          ]
        },
        {
          "over": 13,
          "deliveries": [
            {
              "batter": "NI Standford",
              "bowler": "Anshuman Rath",
              "non_striker": "AAA Amsterdam",
              "runs": {
                "batter": 1,
                "extras": 0,
                "total": 1
              }
            },
            {
              "batter": "AAA Amsterdam",
              "bowler": "Anshuman Rath",
              "non_striker": "NI Standford",
              "runs": {
                "batter": 1,
                "extras": 0,
                "total": 1
              }
            },
            {
              "batter": "NI Standford",
              "bowler": "Anshuman Rath",
              "non_striker": "AAA Amsterdam",
              "runs": {
                "batter": 0,
                "extras": 0,
                "total": 0
              }
            },
            {
              "batter": "NI Standford",
              "bowler": "Anshuman Rath",
              "non_striker": "AAA Amsterdam",
              "runs": {
                "batter": 0,
                "extras": 0,
                "total": 0
              }
            },
            {
              "batter": "NI Standford",
              "bowler": "Anshuman Rath",
              "non_striker": "AAA Amsterdam",
              "runs": {
                "batter": 0,
                "extras": 0,
                "total": 0
              }
            },
            {
              "batter": "NI Standford",
              "bowler": "Anshuman Rath",
              "non_striker": "AAA Amsterdam",
              "runs": {
                "batter": 0,
                "extras": 0,
                "total": 0
              }
            }
          ]
        },
        {
          "over": 14,
          "deliveries": [
            {
              "batter": "AAA Amsterdam",
              "bowler": "Aizaz Khan",
              "non_striker": "NI Standford",
              "runs": {
                "batter": 2,
                "extras": 0,
                "total": 2
              }
            },
            {
              "batter": "AAA Amsterdam",
              "bowler": "Aizaz Khan",
              "non_striker": "NI Standford",
              "runs": {
                "batter": 2,
                "extras": 0,
                "total": 2
              }
            },
            {
              "batter": "AAA Amsterdam",
              "bowler": "Aizaz Khan",
              "non_striker": "NI Standford",
              "runs": {
                "batter": 1,
                "extras": 0,
                "total": 1
              }
            },
            {
              "batter": "NI Standford",
              "bowler": "Aizaz Khan",
              "non_striker": "AAA Amsterdam",
              "runs": {
                "batter": 1,
                "extras": 0,
                "total": 1
              }
            },
            {
              "batter": "AAA Amsterdam",
              "bowler": "Aizaz Khan",
              "non_striker": "NI Standford",
              "runs": {
                "batter": 0,
                "extras": 0,
                "total": 0
              }
            },
            {
              "batter": "AAA Amsterdam",
              "bowler": "Aizaz Khan",
              "non_striker": "NI Standford",
              "runs": {
                "batter": 1,
                "extras": 0,
                "total": 1
              }
            }
          ]
        },
        {
          "over": 15,
          "deliveries": [
            {
              "batter": "AAA Amsterdam",
              "bowler": "MS Chapman",
              "non_striker": "NI Standford",
              "runs": {
                "batter": 4,
                "extras": 0,
                "total": 4
              }
            },
            {
              "batter": "AAA Amsterdam",
              "bowler": "MS Chapman",
              "non_striker": "NI Standford",
              "runs": {
                "batter": 2,
                "extras": 0,
                "total": 2
              }
            },
            {
              "batter": "AAA Amsterdam",
              "bowler": "MS Chapman",
              "non_striker": "NI Standford",
              "runs": {
                "batter": 1,
                "extras": 0,
                "total": 1
              }
            },
            {
              "batter": "NI Standford",
              "bowler": "MS Chapman",
              "non_striker": "AAA Amsterdam",
              "runs": {
                "batter": 1,
                "extras": 0,
                "total": 1
              }
            },
            {
              "batter": "AAA Amsterdam",
              "bowler": "MS Chapman",
              "non_striker": "NI Standford",
              "runs": {
                "batter": 1,
                "extras": 0,
                "total": 1
              }
            },
            {
              "batter": "NI Standford",
              "bowler": "MS Chapman",
              "non_striker": "AAA Amsterdam",
              "runs": {
                "batter": 1,
                "extras": 0,
                "total": 1
              }
            }
          ]
        },
        {
          "over": 16,
          "deliveries": [
            {
              "batter": "NI Standford",
              "bowler": "Irfan Ahmed",
              "non_striker": "AAA Amsterdam",
              "runs": {
                "batter": 0,
                "extras": 0,
                "total": 0
              }
            },
            {
              "batter": "NI Standford",
              "bowler": "Irfan Ahmed",
              "non_striker": "AAA Amsterdam",
              "runs": {
                "batter": 6,
                "extras": 0,
                "total": 6
              }
            },
            {
              "batter": "NI Standford",
              "bowler": "Irfan Ahmed",
              "non_striker": "AAA Amsterdam",
              "runs": {
                "batter": 1,
                "extras": 0,
                "total": 1
              }
            },
            {
              "batter": "AAA Amsterdam",
              "bowler": "Irfan Ahmed",
              "non_striker": "NI Standford",
              "runs": {
                "batter": 1,
                "extras": 0,
                "total": 1
              }
            },
            {
              "batter": "NI Standford",
              "bowler": "Irfan Ahmed",
              "non_striker": "AAA Amsterdam",
              "runs": {
                "batter": 6,
                "extras": 0,
                "total": 6
              }
            },
            {
              "batter": "NI Standford",
              "bowler": "Irfan Ahmed",
              "non_striker": "AAA Amsterdam",
              "runs": {
                "batter": 4,
                "extras": 0,
                "total": 4
              }
            }
          ]
        },
        {
          "over": 17,
          "deliveries": [
            {
              "batter": "AAA Amsterdam",
              "bowler": "Haseeb Amjad",
              "non_striker": "NI Standford",
              "runs": {
                "batter": 0,
                "extras": 0,
                "total": 0
              }
            },
            {
              "batter": "AAA Amsterdam",
              "bowler": "Haseeb Amjad",
              "non_striker": "NI Standford",
              "runs": {
                "batter": 1,
                "extras": 0,
                "total": 1
              }
            },
            {
              "batter": "NI Standford",
              "bowler": "Haseeb Amjad",
              "non_striker": "AAA Amsterdam",
              "runs": {
                "batter": 0,
                "extras": 0,
                "total": 0
              }
            },
            {
              "batter": "NI Standford",
              "bowler": "Haseeb Amjad",
              "non_striker": "AAA Amsterdam",
              "runs": {
                "batter": 0,
                "extras": 0,
                "total": 0
              }
            },
            {
              "batter": "NI Standford",
              "bowler": "Haseeb Amjad",
              "non_striker": "AAA Amsterdam",
              "runs": {
                "batter": 0,
                "extras": 0,
                "total": 0
              }
            },
            {
              "batter": "NI Standford",
              "bowler": "Haseeb Amjad",
              "non_striker": "AAA Amsterdam",
              "runs": {
                "batter": 1,
                "extras": 0,
                "total": 1
              }
            }
          ]
        },
        {
          "over": 18,
          "deliveries": [
            {
              "batter": "NI Standford",
              "bowler": "Irfan Ahmed",
              "non_striker": "AAA Amsterdam",
              "runs": {
                "batter": 4,
                "extras": 0,
                "total": 4
              }
            }
          ]
        }
      ],
      "powerplays": [
        {
          "from": 0.1,
          "to": 5.6,
          "type": "mandatory"
        }
      ],
      "target": {
        "overs": 20,
        "runs": 126
      }
    }
  ]
}