{
  "meta": {
    "data_version": "1.0.0",
    "created": "2015-07-22",
    "revision": 1
  },
  "info": {
    "balls_per_over": 6,
    "city": "Dublin",
    "dates": [
      "2015-07-21"
    ],
    "event": {
      "group": "2nd Qualifying play-off",
      "name": "ICC World Twenty20 Qualifier"
    },
    "gender": "male",
    "match_type": "IT20",
    "officials": {
      "match_referees": [
        "SR Bernard"
      ],
      "reserve_umpires": [
        "S George"
      ],
      "tv_umpires": [
        "NJ Llong"
      ],
      "umpires": [
        "JD Cloete",
        "VA Kulkarni"
      ]
    },
    "outcome": {
      "by": {
        "wickets": 4
      },
      "winner": "Netherlands"
    },
    "overs": 20,
    "player_of_match": [
      "BM Scholtz"
    ],
    "players": {
      "Namibia": [
        "SJ Baard",
        "G Snyman",
        "R van Schoor",
        "CG Williams",
        "SF Burger",
        "MG Erasmus",
        "NRP Scholtz",
        "JP Kotze",
        "JJ Smit",
        "J Davidson",
        "BM Scholtz"
      ],
      "Netherlands": [
        "W Barresi",
        "SJ Myburgh",
        "BN Cooper",
        "MR Swart",
        "PW Borren",
        "MP O'Dowd",
        "RE van der Merwe",
        "Mudassar Bukhari",
        "PM Seelaar",
        "MJG Rippon",
        "T van der Gugten"
      ]
    },
    "registry": {
      "people": {
        "BM Scholtz": "e85d03d6",
        "BN Cooper": "634a7b21",
        "CG Williams": "e16e7347",
        "G Snyman": "5af592d2",
        "J Davidson": "2adb9943",
        "JD Cloete": "b0419f8c",
        "JJ Smit": "bb134e5c",
        "JP Kotze": "9f308dfc",
        "MG Erasmus": "95a5e066",
        "MJG Rippon": "b03db6fa",
        "MP O'Dowd": "b699df47",
        "MR Swart": "a75a78eb",
        "Mudassar Bukhari": "37312a74",
        "NJ Llong": "573fb985",
        "NRP Scholtz": "47e20f64",
        "PM Seelaar": "abbdca1a",
        "PW Borren": "91052c96",
        "R van Schoor": "57ac1d99",
        "RE van der Merwe": "05c2ca46",
        "S George": "6d9e5a54",
        "SF Burger": "9ff7f691",
        "SJ Baard": "e8511411",
        "SJ Myburgh": "18261c22",
        "SR Bernard": "800187dc",
        "T van der Gugten": "d99cc23a",
        "VA Kulkarni": "8fe0c4f8",
        "W Barresi": "0d677597"
      }
    },
    "season": 2015,
    "team_type": "international",
    "teams": [
      "Namibia",
      "Netherlands"
    ],
    "toss": {
      "decision": "bat",
      "winner": "Namibia"
    },
    "venue": "The Village, Malahide"
  },
  "innings": [
    {
      "team": "Namibia",
      "overs": [
        {
          "over": 0,
          "deliveries": [
            {
              "batter": "SJ Baard",
              "bowler": "MR Swart",
              "non_striker": "G Snyman",
              "runs": {
                "batter": 0,
                "extras": 0,
                "total": 0
              }
            },
            {
              "batter": "SJ Baard",
              "bowler": "MR Swart",
              "non_striker": "G Snyman",
              "runs": {
                "batter": 0,
                "extras": 0,
                "total": 0
              },
              "wickets": [
                {
                  "kind": "run out",
                  "player_out": "G Snyman",
                  "fielders": [
                    {
                      "name": "Mudassar Bukhari"
                    },
                    {
                      "name": "MR Swart"
                    }
                  ]
                }
              ]
            },
            {
              "batter": "SJ Baard",
              "bowler": "MR Swart",
              "non_striker": "R van Schoor",
              "runs": {
                "batter": 4,
                "extras": 0,
                "total": 4
              }
            },
            {
              "batter": "SJ Baard",
              "bowler": "MR Swart",
              "non_striker": "R van Schoor",
              "runs": {
                "batter": 0,
                "extras": 0,
                "total": 0
              }
            },
            {
              "batter": "SJ Baard",
              "bowler": "MR Swart",
              "non_striker": "R van Schoor",
              "runs": {
                "batter": 0,
                "extras": 0,
                "total": 0
              }
            },
            {
              "batter": "SJ Baard",
              "bowler": "MR Swart",
              "non_striker": "R van Schoor",
              "runs": {
                "batter": 0,
                "extras": 0,
                "total": 0
              }
            }
          ]
        },
        {
          "over": 1,
          "deliveries": [
            {
              "batter": "R van Schoor",
              "bowler": "T van der Gugten",
              "non_striker": "SJ Baard",
              "runs": {
                "batter": 0,
                "extras": 0,
                "total": 0
              }
            },
            {
              "batter": "R van Schoor",
              "bowler": "T van der Gugten",
              "non_striker": "SJ Baard",
              "runs": {
                "batter": 0,
                "extras": 0,
                "total": 0
              }
            },
            {
              "batter": "R van Schoor",
              "bowler": "T van der Gugten",
              "non_striker": "SJ Baard",
              "runs": {
                "batter": 1,
                "extras": 0,
                "total": 1
              }
            },
            {
              "batter": "SJ Baard",
              "bowler": "T van der Gugten",
              "non_striker": "R van Schoor",
              "runs": {
                "batter": 0,
                "extras": 0,
                "total": 0
              }
            },
            {
              "batter": "SJ Baard",
              "bowler": "T van der Gugten",
              "non_striker": "R van Schoor",
              "runs": {
                "batter": 0,
                "extras": 0,
                "total": 0
              },
              "wickets": [
                {
                  "kind": "caught",
                  "player_out": "SJ Baard",
                  "fielders": [
                    {
                      "name": "RE van der Merwe"
                    }
                  ]
                }
              ]
            },
            {
              "batter": "R van Schoor",
              "bowler": "T van der Gugten",
              "non_striker": "CG Williams",
              "runs": {
                "batter": 0,
                "extras": 0,
                "total": 0
              }
            }
          ]
        },
        {
          "over": 2,
          "deliveries": [
            {
              "batter": "CG Williams",
              "bowler": "Mudassar Bukhari",
              "non_striker": "R van Schoor",
              "runs": {
                "batter": 0,
                "extras": 0,
                "total": 0
              }
            },
            {
              "batter": "CG Williams",
              "bowler": "Mudassar Bukhari",
              "non_striker": "R van Schoor",
              "runs": {
                "batter": 2,
                "extras": 0,
                "total": 2
              }
            },
            {
              "batter": "CG Williams",
              "bowler": "Mudassar Bukhari",
              "non_striker": "R van Schoor",
              "runs": {
                "batter": 4,
                "extras": 0,
                "total": 4
              }
            },
            {
              "batter": "CG Williams",
              "bowler": "Mudassar Bukhari",
              "non_striker": "R van Schoor",
              "runs": {
                "batter": 1,
                "extras": 0,
                "total": 1
              }
            },
            {
              "batter": "R van Schoor",
              "bowler": "Mudassar Bukhari",
              "non_striker": "CG Williams",
              "runs": {
                "batter": 0,
                "extras": 0,
                "total": 0
              }
            },
            {
              "batter": "R van Schoor",
              "bowler": "Mudassar Bukhari",
              "non_striker": "CG Williams",
              "runs": {
                "batter": 4,
                "extras": 0,
                "total": 4
              }
            }
          ]
        },
        {
          "over": 3,
          "deliveries": [
            {
              "batter": "CG Williams",
              "bowler": "T van der Gugten",
              "non_striker": "R van Schoor",
              "runs": {
                "batter": 0,
                "extras": 0,
                "total": 0
              }
            },
            {
              "batter": "CG Williams",
              "bowler": "T van der Gugten",
              "non_striker": "R van Schoor",
              "runs": {
                "batter": 0,
                "extras": 0,
                "total": 0
              }
            },
            {
              "batter": "CG Williams",
              "bowler": "T van der Gugten",
              "non_striker": "R van Schoor",
              "runs": {
                "batter": 0,
                "extras": 0,
                "total": 0
              }
            },
            {
              "batter": "CG Williams",
              "bowler": "T van der Gugten",
              "non_striker": "R van Schoor",
              "runs": {
                "batter": 4,
                "extras": 0,
                "total": 4
              }
            },
            {
              "batter": "CG Williams",
              "bowler": "T van der Gugten",
              "non_striker": "R van Schoor",
              "runs": {
                "batter": 0,
                "extras": 0,
                "total": 0
              }
            },
            {
              "batter": "CG Williams",
              "bowler": "T van der Gugten",
              "non_striker": "R van Schoor",
              "runs": {
                "batter": 1,
                "extras": 0,
                "total": 1
              }
            }
          ]
        },
        {
          "over": 4,
          "deliveries": [
            {
              "batter": "CG Williams",
              "bowler": "Mudassar Bukhari",
              "non_striker": "R van Schoor",
              "runs": {
                "batter": 4,
                "extras": 0,
                "total": 4
              }
            },
            {
              "batter": "CG Williams",
              "bowler": "Mudassar Bukhari",
              "non_striker": "R van Schoor",
              "runs": {
                "batter": 1,
                "extras": 0,
                "total": 1
              }
            },
            {
              "batter": "R van Schoor",
              "bowler": "Mudassar Bukhari",
              "non_striker": "CG Williams",
              "runs": {
                "batter": 0,
                "extras": 0,
                "total": 0
              }
            },
            {
              "batter": "R van Schoor",
              "bowler": "Mudassar Bukhari",
              "non_striker": "CG Williams",
              "runs": {
                "batter": 0,
                "extras": 0,
                "total": 0
              }
            },
            {
              "batter": "R van Schoor",
              "bowler": "Mudassar Bukhari",
              "non_striker": "CG Williams",
              "runs": {
                "batter": 0,
                "extras": 0,
                "total": 0
              }
            },
            {
              "batter": "R van Schoor",
              "bowler": "Mudassar Bukhari",
              "non_striker": "CG Williams",
              "runs": {
                "batter": 0,
                "extras": 0,
                "total": 0
              }
            }
          ]
        },
        {
          "over": 5,
          "deliveries": [
            {
              "batter": "CG Williams",
              "bowler": "MR Swart",
              "non_striker": "R van Schoor",
              "runs": {
                "batter": 1,
                "extras": 0,
                "total": 1
              }
            },
            {
              "batter": "R van Schoor",
              "bowler": "MR Swart",
              "non_striker": "CG Williams",
              "runs": {
                "batter": 1,
                "extras": 0,
                "total": 1
              }
            },
            {
              "batter": "CG Williams",
              "bowler": "MR Swart",
              "non_striker": "R van Schoor",
              "runs": {
                "batter": 4,
                "extras": 0,
                "total": 4
              }
            },
            {
              "batter": "CG Williams",
              "bowler": "MR Swart",
              "non_striker": "R van Schoor",
              "runs": {
                "batter": 2,
                "extras": 0,
                "total": 2
              }
            },
            {
              "batter": "CG Williams",
              "bowler": "MR Swart",
              "non_striker": "R van Schoor",
              "runs": {
                "batter": 2,
                "extras": 0,
                "total": 2
              }
            },
            {
              "batter": "CG Williams",
              "bowler": "MR Swart",
              "non_striker": "R van Schoor",
              "runs": {
                "batter": 1,
                "extras": 0,
                "total": 1
              }
            }
          ]
        },
        {
          "over": 6,
          "deliveries": [
            {
              "batter": "CG Williams",
              "bowler": "MJG Rippon",
              "non_striker": "R van Schoor",
              "runs": {
                "batter": 1,
                "extras": 0,
                "total": 1
              }
            },
            {
              "batter": "R van Schoor",
              "bowler": "MJG Rippon",
              "non_striker": "CG Williams",
              "runs": {
                "batter": 1,
                "extras": 0,
                "total": 1
              }
            },
            {
              "batter": "CG Williams",
              "bowler": "MJG Rippon",
              "non_striker": "R van Schoor",
              "runs": {
                "batter": 0,
                "extras": 0,
                "total": 0
              }
            },
            {
              "batter": "CG Williams",
              "bowler": "MJG Rippon",
              "non_striker": "R van Schoor",
              "runs": {
                "batter": 0,
                "extras": 0,
                "total": 0
              }
            },
            {
              "batter": "CG Williams",
              "bowler": "MJG Rippon",
              "non_striker": "R van Schoor",
              "runs": {
                "batter": 0,
                "extras": 0,
                "total": 0
              }
            },
            {
              "batter": "CG Williams",
              "bowler": "MJG Rippon",
              "non_striker": "R van Schoor",
              "runs": {
                "batter": 0,
                "extras": 0,
                "total": 0
              }
            }
          ]
        },
        {
          "over": 7,
          "deliveries": [
            {
              "batter": "R van Schoor",
              "bowler": "RE van der Merwe",
              "non_striker": "CG Williams",
              "runs": {
                "batter": 1,
                "extras": 0,
                "total": 1
              }
            },
            {
              "batter": "CG Williams",
              "bowler": "RE van der Merwe",
              "non_striker": "R van Schoor",
              "runs": {
                "batter": 0,
                "extras": 0,
                "total": 0
              }
            },
            {
              "batter": "CG Williams",
              "bowler": "RE van der Merwe",
              "non_striker": "R van Schoor",
              "runs": {
                "batter": 1,
                "extras": 0,
                "total": 1
              }
            },
            {
              "batter": "R van Schoor",
              "bowler": "RE van der Merwe",
              "non_striker": "CG Williams",
              "runs": {
                "batter": 4,
                "extras": 0,
                "total": 4
              }
            },
            {
              "batter": "R van Schoor",
              "bowler": "RE van der Merwe",
              "non_striker": "CG Williams",
              "runs": {
                "batter": 0,
                "extras": 0,
                "total": 0
              }
            },
            {
              "batter": "R van Schoor",
              "bowler": "RE van der Merwe",
              "non_striker": "CG Williams",
              "runs": {
                "batter": 0,
                "extras": 0,
                "total": 0
              }
            }
          ]
        },
        {
          "over": 8,
          "deliveries": [
            {
              "batter": "CG Williams",
              "bowler": "MJG Rippon",
              "non_striker": "R van Schoor",
              "runs": {
                "batter": 4,
                "extras": 0,
                "total": 4
              }
            },
            {
              "batter": "CG Williams",
              "bowler": "MJG Rippon",
              "non_striker": "R van Schoor",
              "runs": {
                "batter": 2,
                "extras": 0,
                "total": 2
              }
            },
            {
              "batter": "CG Williams",
              "bowler": "MJG Rippon",
              "non_striker": "R van Schoor",
              "runs": {
                "batter": 6,
                "extras": 0,
                "total": 6
              }
            },
            {
              "batter": "CG Williams",
              "bowler": "MJG Rippon",
              "non_striker": "R van Schoor",
              "runs": {
                "batter": 0,
                "extras": 0,
                "total": 0
              }
            },
            {
              "batter": "CG Williams",
              "bowler": "MJG Rippon",
              "non_striker": "R van Schoor",
              "runs": {
                "batter": 1,
                "extras": 0,
                "total": 1
              }
            },
            {
              "batter": "R van Schoor",
              "bowler": "MJG Rippon",
              "non_striker": "CG Williams",
              "runs": {
                "batter": 1,
                "extras": 0,
                "total": 1
              }
            }
          ]
        },
        {
          "over": 9,
          "deliveries": [
            {
              "batter": "R van Schoor",
              "bowler": "PW Borren",
              "non_striker": "CG Williams",
              "runs": {
                "batter": 1,
                "extras": 0,
                "total": 1
              }
            },
            {
              "batter": "CG Williams",
              "bowler": "PW Borren",
              "non_striker": "R van Schoor",
              "runs": {
                "batter": 1,
                "extras": 0,
                "total": 1
              }
            },
            {
              "batter": "R van Schoor",
              "bowler": "PW Borren",
              "non_striker": "CG Williams",
              "runs": {
                "batter": 1,
                "extras": 0,
                "total": 1
              }
            },
            {
              "batter": "CG Williams",
              "bowler": "PW Borren",
              "non_striker": "R van Schoor",
              "runs": {
                "batter": 0,
                "extras": 0,
                "total": 0
              }
            },
            {
              "batter": "CG Williams",
              "bowler": "PW Borren",
              "non_striker": "R van Schoor",
              "runs": {
                "batter": 0,
                "extras": 0,
                "total": 0
              },
              "wickets": [
                {
                  "kind": "caught",
                  "player_out": "CG Williams",
                  "fielders": [
                    {
                      "name": "PM Seelaar"
                    }
                  ]
                }
              ]
            },
            {
              "batter": "SF Burger",
              "bowler": "PW Borren",
              "non_striker": "R van Schoor",
              "runs": {
                "batter": 0,
                "extras": 0,
                "total": 0
              }
            }
          ]
        },
        {
          "over": 10,
          "deliveries": [
            {
              "batter": "R van Schoor",
              "bowler": "PM Seelaar",
              "non_striker": "SF Burger",
              "runs": {
                "batter": 0,
                "extras": 0,
                "total": 0
              }
            },
            {
              "batter": "R van Schoor",
              "bowler": "PM Seelaar",
              "non_striker": "SF Burger",
              "runs": {
                "batter": 1,
                "extras": 0,
                "total": 1
              }
            },
            {
              "batter": "SF Burger",
              "bowler": "PM Seelaar",
              "non_striker": "R van Schoor",
              "runs": {
                "batter": 1,
                "extras": 0,
                "total": 1
              }
            },
            {
              "batter": "R van Schoor",
              "bowler": "PM Seelaar",
              "non_striker": "SF Burger",
              "runs": {
                "batter": 0,
                "extras": 0,
                "total": 0
              }
            },
            {
              "batter": "R van Schoor",
              "bowler": "PM Seelaar",
              "non_striker": "SF Burger",
              "runs": {
                "batter": 0,
                "extras": 0,
                "total": 0
              }
            },
            {
              "batter": "R van Schoor",
              "bowler": "PM Seelaar",
              "non_striker": "SF Burger",
              "runs": {
                "batter": 0,
                "extras": 0,
                "total": 0
              }
            }
          ]
        },
        {
          "over": 11,
          "deliveries": [
            {
              "batter": "SF Burger",
              "bowler": "RE van der Merwe",
              "non_striker": "R van Schoor",
              "runs": {
                "batter": 0,
                "extras": 0,
                "total": 0
              }
            },
            {
              "batter": "SF Burger",
              "bowler": "RE van der Merwe",
              "non_striker": "R van Schoor",
              "runs": {
                "batter": 4,
                "extras": 0,
                "total": 4
              }
            },
            {
              "batter": "SF Burger",
              "bowler": "RE van der Merwe",
              "non_striker": "R van Schoor",
              "runs": {
                "batter": 1,
                "extras": 0,
                "total": 1
              }
            },
            {
              "batter": "R van Schoor",
              "bowler": "RE van der Merwe",
              "non_striker": "SF Burger",
              "runs": {
                "batter": 0,
                "extras": 0,
                "total": 0
              },
              "wickets": [
                {
                  "kind": "stumped",
                  "player_out": "R van Schoor",
                  "fielders": [
                    {
                      "name": "W Barresi"
                    }
                  ]
                }
              ]
            },
            {
              "batter": "MG Erasmus",
              "bowler": "RE van der Merwe",
              "non_striker": "SF Burger",
              "runs": {
                "batter": 1,
                "extras": 0,
                "total": 1
              }
            },
            {
              "batter": "SF Burger",
              "bowler": "RE van der Merwe",
              "non_striker": "MG Erasmus",
              "runs": {
                "batter": 1,
                "extras": 0,
                "total": 1
              }
            }
          ]
        },
        {
          "over": 12,
          "deliveries": [
            {
              "batter": "SF Burger",
              "bowler": "PM Seelaar",
              "non_striker": "MG Erasmus",
              "runs": {
                "batter": 1,
                "extras": 0,
                "total": 1
              }
            },
            {
              "batter": "MG Erasmus",
              "bowler": "PM Seelaar",
              "non_striker": "SF Burger",
              "runs": {
                "batter": 1,
                "extras": 0,
                "total": 1
              }
            },
            {
              "batter": "SF Burger",
              "bowler": "PM Seelaar",
              "non_striker": "MG Erasmus",
              "runs": {
                "batter": 1,
                "extras": 0,
                "total": 1
              }
            },
            {
              "batter": "MG Erasmus",
              "bowler": "PM Seelaar",
              "non_striker": "SF Burger",
              "runs": {
                "batter": 1,
                "extras": 0,
                "total": 1
              }
            },
            {
              "batter": "SF Burger",
              "bowler": "PM Seelaar",
              "non_striker": "MG Erasmus",
              "runs": {
                "batter": 0,
                "extras": 0,
                "total": 0
              }
            },
            {
              "batter": "SF Burger",
              "bowler": "PM Seelaar",
              "non_striker": "MG Erasmus",
              "runs": {
                "batter": 1,
                "extras": 0,
                "total": 1
              }
            }
          ]
        },
        {
          "over": 13,
          "deliveries": [
            {
              "batter": "SF Burger",
              "bowler": "PW Borren",
              "non_striker": "MG Erasmus",
              "runs": {
                "batter": 0,
                "extras": 0,
                "total": 0
              }
            },
            {
              "batter": "SF Burger",
              "bowler": "PW Borren",
              "non_striker": "MG Erasmus",
              "runs": {
                "batter": 1,
                "extras": 0,
                "total": 1
              }
            },
            {
              "batter": "MG Erasmus",
              "bowler": "PW Borren",
              "non_striker": "SF Burger",
              "runs": {
                "batter": 1,
                "extras": 0,
                "total": 1
              }
            },
            {
              "batter": "SF Burger",
              "bowler": "PW Borren",
              "extras": {
                "legbyes": 1
              },
              "non_striker": "MG Erasmus",
              "runs": {
                "batter": 0,
                "extras": 1,
                "total": 1
              }
            },
            {
              "batter": "MG Erasmus",
              "bowler": "PW Borren",
              "extras": {
                "wides": 1
              },
              "non_striker": "SF Burger",
              "runs": {
                "batter": 0,
                "extras": 1,
                "total": 1
              }
            },
            {
              "batter": "MG Erasmus",
              "bowler": "PW Borren",
              "non_striker": "SF Burger",
              "runs": {
                "batter": 1,
                "extras": 0,
                "total": 1
              }
            },
            {
              "batter": "SF Burger",
              "bowler": "PW Borren",
              "non_striker": "MG Erasmus",
              "runs": {
                "batter": 2,
                "extras": 0,
                "total": 2
              }
            }
          ]
        },
        {
          "over": 14,
          "deliveries": [
            {
              "batter": "MG Erasmus",
              "bowler": "Mudassar Bukhari",
              "non_striker": "SF Burger",
              "runs": {
                "batter": 0,
                "extras": 0,
                "total": 0
              },
              "wickets": [
                {
                  "kind": "caught",
                  "player_out": "MG Erasmus",
                  "fielders": [
                    {
                      "name": "RE van der Merwe"
                    }
                  ]
                }
              ]
            },
            {
              "batter": "SF Burger",
              "bowler": "Mudassar Bukhari",
              "extras": {
                "legbyes": 1
              },
              "non_striker": "NRP Scholtz",
              "runs": {
                "batter": 0,
                "extras": 1,
                "total": 1
              }
            },
            {
              "batter": "NRP Scholtz",
              "bowler": "Mudassar Bukhari",
              "non_striker": "SF Burger",
              "runs": {
                "batter": 1,
                "extras": 0,
                "total": 1
              }
            },
            {
              "batter": "SF Burger",
              "bowler": "Mudassar Bukhari",
              "non_striker": "NRP Scholtz",
              "runs": {
                "batter": 1,
                "extras": 0,
                "total": 1
              }
            },
            {
              "batter": "NRP Scholtz",
              "bowler": "Mudassar Bukhari",
              "non_striker": "SF Burger",
              "runs": {
                "batter": 0,
                "extras": 0,
                "total": 0
              }
            },
            {
              "batter": "NRP Scholtz",
              "bowler": "Mudassar Bukhari",
              "non_striker": "SF Burger",
              "runs": {
                "batter": 1,
                "extras": 0,
                "total": 1
              }
            }
          ]
        },
        {
          "over": 15,
          "deliveries": [
            {
              "batter": "NRP Scholtz",
              "bowler": "PW Borren",
              "non_striker": "SF Burger",
              "runs": {
                "batter": 0,
                "extras": 0,
                "total": 0
              }
            },
            {
              "batter": "NRP Scholtz",
              "bowler": "PW Borren",
              "non_striker": "SF Burger",
              "runs": {
                "batter": 0,
                "extras": 0,
                "total": 0
              }
            },
            {
              "batter": "NRP Scholtz",
              "bowler": "PW Borren",
              "non_striker": "SF Burger",
              "runs": {
                "batter": 0,
                "extras": 0,
                "total": 0
              }
            },
            {
              "batter": "NRP Scholtz",
              "bowler": "PW Borren",
              "non_striker": "SF Burger",
              "runs": {
                "batter": 1,
                "extras": 0,
                "total": 1
              }
            },
            {
              "batter": "SF Burger",
              "bowler": "PW Borren",
              "non_striker": "NRP Scholtz",
              "runs": {
                "batter": 4,
                "extras": 0,
                "total": 4
              }
            },
            {
              "batter": "SF Burger",
              "bowler": "PW Borren",
              "non_striker": "NRP Scholtz",
              "runs": {
                "batter": 0,
                "extras": 0,
                "total": 0
              }
            }
          ]
        },
        {
          "over": 16,
          "deliveries": [
            {
              "batter": "NRP Scholtz",
              "bowler": "RE van der Merwe",
              "non_striker": "SF Burger",
              "runs": {
                "batter": 0,
                "extras": 0,
                "total": 0
              }
            },
            {
              "batter": "NRP Scholtz",
              "bowler": "RE van der Merwe",
              "non_striker": "SF Burger",
              "runs": {
                "batter": 6,
                "extras": 0,
                "total": 6
              }
            },
            {
              "batter": "NRP Scholtz",
              "bowler": "RE van der Merwe",
              "non_striker": "SF Burger",
              "runs": {
                "batter": 0,
                "extras": 0,
                "total": 0
              }
            },
            {
              "batter": "NRP Scholtz",
              "bowler": "RE van der Merwe",
              "non_striker": "SF Burger",
              "runs": {
                "batter": 6,
                "extras": 0,
                "total": 6
              }
            },
            {
              "batter": "NRP Scholtz",
              "bowler": "RE van der Merwe",
              "non_striker": "SF Burger",
              "runs": {
                "batter": 1,
                "extras": 0,
                "total": 1
              }
            },
            {
              "batter": "SF Burger",
              "bowler": "RE van der Merwe",
              "non_striker": "NRP Scholtz",
              "runs": {
                "batter": 1,
                "extras": 0,
                "total": 1
              }
            }
          ]
        },
        {
          "over": 17,
          "deliveries": [
            {
              "batter": "SF Burger",
              "bowler": "T van der Gugten",
              "non_striker": "NRP Scholtz",
              "runs": {
                "batter": 1,
                "extras": 0,
                "total": 1
              }
            },
            {
              "batter": "NRP Scholtz",
              "bowler": "T van der Gugten",
              "non_striker": "SF Burger",
              "runs": {
                "batter": 2,
                "extras": 0,
                "total": 2
              }
            },
            {
              "batter": "NRP Scholtz",
              "bowler": "T van der Gugten",
              "non_striker": "SF Burger",
              "runs": {
                "batter": 1,
                "extras": 0,
                "total": 1
              }
            },
            {
              "batter": "SF Burger",
              "bowler": "T van der Gugten",
              "non_striker": "NRP Scholtz",
              "runs": {
                "batter": 1,
                "extras": 0,
                "total": 1
              }
            },
            {
              "batter": "NRP Scholtz",
              "bowler": "T van der Gugten",
              "non_striker": "SF Burger",
              "runs": {
                "batter": 1,
                "extras": 0,
                "total": 1
              }
            },
            {
              "batter": "SF Burger",
              "bowler": "T van der Gugten",
              "non_striker": "NRP Scholtz",
              "runs": {
                "batter": 0,
                "extras": 0,
                "total": 0
              }
            }
          ]
        },
        {
          "over": 18,
          "deliveries": [
            {
              "batter": "NRP Scholtz",
              "bowler": "Mudassar Bukhari",
              "non_striker": "SF Burger",
              "runs": {
                "batter": 1,
                "extras": 0,
                "total": 1
              }
            },
            {
              "batter": "SF Burger",
              "bowler": "Mudassar Bukhari",
              "non_striker": "NRP Scholtz",
              "runs": {
                "batter": 1,
                "extras": 0,
                "total": 1
              }
            },
            {
              "batter": "NRP Scholtz",
              "bowler": "Mudassar Bukhari",
              "non_striker": "SF Burger",
              "runs": {
                "batter": 4,
                "extras": 0,
                "total": 4
              }
            },
            {
              "batter": "NRP Scholtz",
              "bowler": "Mudassar Bukhari",
              "non_striker": "SF Burger",
              "runs": {
                "batter": 2,
                "extras": 0,
                "total": 2
              }
            },
            {
              "batter": "NRP Scholtz",
              "bowler": "Mudassar Bukhari",
              "non_striker": "SF Burger",
              "runs": {
                "batter": 1,
                "extras": 0,
                "total": 1
              }
            },
            {
              "batter": "SF Burger",
              "bowler": "Mudassar Bukhari",
              "non_striker": "NRP Scholtz",
              "runs": {
                "batter": 4,
                "extras": 0,
                "total": 4
              }
            }
          ]
        },
        {
          "over": 19,
          "deliveries": [
            {
              "batter": "NRP Scholtz",
              "bowler": "T van der Gugten",
              "non_striker": "SF Burger",
              "runs": {
                "batter": 6,
                "extras": 0,
                "total": 6
              }
            },
            {
              "batter": "NRP Scholtz",
              "bowler": "T van der Gugten",
              "non_striker": "SF Burger",
              "runs": {
                "batter": 1,
                "extras": 0,
                "total": 1
              }
            },
            {
              "batter": "SF Burger",
              "bowler": "T van der Gugten",
              "non_striker": "NRP Scholtz",
              "runs": {
                "batter": 1,
                "extras": 0,
                "total": 1
              }
            },
            {
              "batter": "NRP Scholtz",
              "bowler": "T van der Gugten",
              "non_striker": "SF Burger",
              "runs": {
                "batter": 2,
                "extras": 0,
                "total": 2
              }
            },
            {
              "batter": "NRP Scholtz",
              "bowler": "T van der Gugten",
              "non_striker": "SF Burger",
              "runs": {
                "batter": 0,
                "extras": 0,
                "total": 0
              },
              "wickets": [
                {
                  "kind": "caught",
                  "player_out": "NRP Scholtz",
                  "fielders": [
                    {
                      "name": "W Barresi"
                    }
                  ]
                }
              ]
            },
            {
              "batter": "JP Kotze",
              "bowler": "T van der Gugten",
              "non_striker": "SF Burger",
              "runs": {
                "batter": 0,
                "extras": 0,
                "total": 0
              }
            }
          ]
        }
      ],
      "powerplays": [
        {
          "from": 0.1,
          "to": 5.6,
          "type": "mandatory"
        }
      ]
    },
    {
      "team": "Netherlands",
      "overs": [
        {
          "over": 0,
          "deliveries": [
            {
              "batter": "W Barresi",
              "bowler": "G Snyman",
              "non_striker": "SJ Myburgh",
              "runs": {
                "batter": 0,
                "extras": 0,
                "total": 0
              },
              "wickets": [
                {
                  "kind": "caught",
                  "player_out": "W Barresi",
                  "fielders": [
                    {
                      "name": "JP Kotze"
                    }
                  ]
                }
              ]
            },
            {
              "batter": "BN Cooper",
              "bowler": "G Snyman",
              "non_striker": "SJ Myburgh",
              "runs": {
                "batter": 0,
                "extras": 0,
                "total": 0
              }
            },
            {
              "batter": "BN Cooper",
              "bowler": "G Snyman",
              "extras": {
                "wides": 1
              },
              "non_striker": "SJ Myburgh",
              "runs": {
                "batter": 0,
                "extras": 1,
                "total": 1
              }
            },
            {
              "batter": "BN Cooper",
              "bowler": "G Snyman",
              "non_striker": "SJ Myburgh",
              "runs": {
                "batter": 4,
                "extras": 0,
                "total": 4
              }
            },
            {
              "batter": "BN Cooper",
              "bowler": "G Snyman",
              "non_striker": "SJ Myburgh",
              "runs": {
                "batter": 0,
                "extras": 0,
                "total": 0
              }
            },
            {
              "batter": "BN Cooper",
              "bowler": "G Snyman",
              "non_striker": "SJ Myburgh",
              "runs": {
                "batter": 4,
                "extras": 0,
                "total": 4
              }
            },
            {
              "batter": "BN Cooper",
              "bowler": "G Snyman",
              "non_striker": "SJ Myburgh",
              "runs": {
                "batter": 0,
                "extras": 0,
                "total": 0
              }
            }
          ]
        },
        {
          "over": 1,
          "deliveries": [
            {
              "batter": "SJ Myburgh",
              "bowler": "JJ Smit",
              "non_striker": "BN Cooper",
              "runs": {
                "batter": 4,
                "extras": 0,
                "total": 4
              }
            },
            {
              "batter": "SJ Myburgh",
              "bowler": "JJ Smit",
              "non_striker": "BN Cooper",
              "runs": {
                "batter": 0,
                "extras": 0,
                "total": 0
              }
            },
            {
              "batter": "SJ Myburgh",
              "bowler": "JJ Smit",
              "non_striker": "BN Cooper",
              "runs": {
                "batter": 0,
                "extras": 0,
                "total": 0
              }
            },
            {
              "batter": "SJ Myburgh",
              "bowler": "JJ Smit",
              "extras": {
                "legbyes": 1
              },
              "non_striker": "BN Cooper",
              "runs": {
                "batter": 0,
                "extras": 1,
                "total": 1
              }
            },
            {
              "batter": "BN Cooper",
              "bowler": "JJ Smit",
              "extras": {
                "wides": 1
              },
              "non_striker": "SJ Myburgh",
              "runs": {
                "batter": 0,
                "extras": 1,
                "total": 1
              }
            },
            {
              "batter": "BN Cooper",
              "bowler": "JJ Smit",
              "non_striker": "SJ Myburgh",
              "runs": {
                "batter": 1,
                "extras": 0,
                "total": 1
              }
            },
            {
              "batter": "SJ Myburgh",
              "bowler": "JJ Smit",
              "non_striker": "BN Cooper",
              "runs": {
                "batter": 4,
                "extras": 0,
                "total": 4
              }
            }
          ]
        },
        {
          "over": 2,
          "deliveries": [
            {
              "batter": "BN Cooper",
              "bowler": "G Snyman",
              "non_striker": "SJ Myburgh",
              "runs": {
                "batter": 0,
                "extras": 0,
                "total": 0
              }
            },
            {
              "batter": "BN Cooper",
              "bowler": "G Snyman",
              "non_striker": "SJ Myburgh",
              "runs": {
                "batter": 1,
                "extras": 0,
                "total": 1
              }
            },
            {
              "batter": "SJ Myburgh",
              "bowler": "G Snyman",
              "non_striker": "BN Cooper",
              "runs": {
                "batter": 0,
                "extras": 0,
                "total": 0
              }
            },
            {
              "batter": "SJ Myburgh",
              "bowler": "G Snyman",
              "non_striker": "BN Cooper",
              "runs": {
                "batter": 0,
                "extras": 0,
                "total": 0
              }
            },
            {
              "batter": "SJ Myburgh",
              "bowler": "G Snyman",
              "non_striker": "BN Cooper",
              "runs": {
                "batter": 1,
                "extras": 0,
                "total": 1
              }
            },
            {
              "batter": "BN Cooper",
              "bowler": "G Snyman",
              "non_striker": "SJ Myburgh",
              "runs": {
                "batter": 0,
                "extras": 0,
                "total": 0
              }
            }
          ]
        },
        {
          "over": 3,
          "deliveries": [
            {
              "batter": "SJ Myburgh",
              "bowler": "JJ Smit",
              "non_striker": "BN Cooper",
              "runs": {
                "batter": 0,
                "extras": 0,
                "total": 0
              }
            },
            {
              "batter": "SJ Myburgh",
              "bowler": "JJ Smit",
              "non_striker": "BN Cooper",
              "runs": {
                "batter": 4,
                "extras": 0,
                "total": 4
              }
            },
            {
              "batter": "SJ Myburgh",
              "bowler": "JJ Smit",
              "non_striker": "BN Cooper",
              "runs": {
                "batter": 4,
                "extras": 0,
                "total": 4
              }
            },
            {
              "batter": "SJ Myburgh",
              "bowler": "JJ Smit",
              "non_striker": "BN Cooper",
              "runs": {
                "batter": 4,
                "extras": 0,
                "total": 4
              }
            },
            {
              "batter": "SJ Myburgh",
              "bowler": "JJ Smit",
              "non_striker": "BN Cooper",
              "runs": {
                "batter": 2,
                "extras": 0,
                "total": 2
              }
            },
            {
              "batter": "SJ Myburgh",
              "bowler": "JJ Smit",
              "non_striker": "BN Cooper",
              "runs": {
                "batter": 2,
                "extras": 0,
                "total": 2
              }
            }
          ]
        },
        {
          "over": 4,
          "deliveries": [
            {
              "batter": "BN Cooper",
              "bowler": "J Davidson",
              "non_striker": "SJ Myburgh",
              "runs": {
                "batter": 0,
                "extras": 0,
                "total": 0
              }
            },
            {
              "batter": "BN Cooper",
              "bowler": "J Davidson",
              "non_striker": "SJ Myburgh",
              "runs": {
                "batter": 1,
                "extras": 0,
                "total": 1
              }
            },
            {
              "batter": "SJ Myburgh",
              "bowler": "J Davidson",
              "non_striker": "BN Cooper",
              "runs": {
                "batter": 0,
                "extras": 0,
                "total": 0
              }
            },
            {
              "batter": "SJ Myburgh",
              "bowler": "J Davidson",
              "non_striker": "BN Cooper",
              "runs": {
                "batter": 2,
                "extras": 0,
                "total": 2
              }
            },
            {
              "batter": "SJ Myburgh",
              "bowler": "J Davidson",
              "non_striker": "BN Cooper",
              "runs": {
                "batter": 4,
                "extras": 0,
                "total": 4
              }
            },
            {
              "batter": "SJ Myburgh",
              "bowler": "J Davidson",
              "non_striker": "BN Cooper",
              "runs": {
                "batter": 0,
                "extras": 0,
                "total": 0
              },
              "wickets": [
                {
                  "kind": "caught",
                  "player_out": "SJ Myburgh",
                  "fielders": [
                    {
                      "name": "SF Burger"
                    }
                  ]
                }
              ]
            }
          ]
        },
        {
          "over": 5,
          "deliveries": [
            {
              "batter": "BN Cooper",
              "bowler": "CG Williams",
              "non_striker": "MR Swart",
              "runs": {
                "batter": 1,
                "extras": 0,
                "total": 1
              }
            },
            {
              "batter": "MR Swart",
              "bowler": "CG Williams",
              "non_striker": "BN Cooper",
              "runs": {
                "batter": 0,
                "extras": 0,
                "total": 0
              }
            },
            {
              "batter": "MR Swart",
              "bowler": "CG Williams",
              "non_striker": "BN Cooper",
              "runs": {
                "batter": 2,
                "extras": 0,
                "total": 2
              }
            },
            {
              "batter": "MR Swart",
              "bowler": "CG Williams",
              "non_striker": "BN Cooper",
              "runs": {
                "batter": 0,
                "extras": 0,
                "total": 0
              }
            },
            {
              "batter": "MR Swart",
              "bowler": "CG Williams",
              "non_striker": "BN Cooper",
              "runs": {
                "batter": 1,
                "extras": 0,
                "total": 1
              }
            },
            {
              "batter": "BN Cooper",
              "bowler": "CG Williams",
              "non_striker": "MR Swart",
              "runs": {
                "batter": 0,
                "extras": 0,
                "total": 0
              }
            }
          ]
        },
        {
          "over": 6,
          "deliveries": [
            {
              "batter": "MR Swart",
              "bowler": "J Davidson",
              "non_striker": "BN Cooper",
              "runs": {
                "batter": 0,
                "extras": 0,
                "total": 0
              }
            },
            {
              "batter": "MR Swart",
              "bowler": "J Davidson",
              "non_striker": "BN Cooper",
              "runs": {
                "batter": 0,
                "extras": 0,
                "total": 0
              }
            },
            {
              "batter": "MR Swart",
              "bowler": "J Davidson",
              "non_striker": "BN Cooper",
              "runs": {
                "batter": 1,
                "extras": 0,
                "total": 1
              }
            },
            {
              "batter": "BN Cooper",
              "bowler": "J Davidson",
              "non_striker": "MR Swart",
              "runs": {
                "batter": 0,
                "extras": 0,
                "total": 0
              }
            },
            {
              "batter": "BN Cooper",
              "bowler": "J Davidson",
              "non_striker": "MR Swart",
              "runs": {
                "batter": 4,
                "extras": 0,
                "total": 4
              }
            },
            {
              "batter": "BN Cooper",
              "bowler": "J Davidson",
              "non_striker": "MR Swart",
              "runs": {
                "batter": 1,
                "extras": 0,
                "total": 1
              }
            }
          ]
        },
        {
          "over": 7,
          "deliveries": [
            {
              "batter": "BN Cooper",
              "bowler": "SF Burger",
              "non_striker": "MR Swart",
              "runs": {
                "batter": 1,
                "extras": 0,
                "total": 1
              }
            },
            {
              "batter": "MR Swart",
              "bowler": "SF Burger",
              "non_striker": "BN Cooper",
              "runs": {
                "batter": 2,
                "extras": 0,
                "total": 2
              }
            },
            {
              "batter": "MR Swart",
              "bowler": "SF Burger",
              "non_striker": "BN Cooper",
              "runs": {
                "batter": 4,
                "extras": 0,
                "total": 4
              }
            },
            {
              "batter": "MR Swart",
              "bowler": "SF Burger",
              "non_striker": "BN Cooper",
              "runs": {
                "batter": 0,
                "extras": 0,
                "total": 0
              }
            },
            {
              "batter": "MR Swart",
              "bowler": "SF Burger",
              "non_striker": "BN Cooper",
              "runs": {
                "batter": 6,
                "extras": 0,
                "total": 6
              }
            },
            {
              "batter": "MR Swart",
              "bowler": "SF Burger",
              "non_striker": "BN Cooper",
              "runs": {
                "batter": 1,
                "extras": 0,
                "total": 1
              }
            }
          ]
        },
        {
          "over": 8,
          "deliveries": [
            {
              "batter": "MR Swart",
              "bowler": "BM Scholtz",
              "non_striker": "BN Cooper",
              "runs": {
                "batter": 1,
                "extras": 0,
                "total": 1
              }
            },
            {
              "batter": "BN Cooper",
              "bowler": "BM Scholtz",
              "non_striker": "MR Swart",
              "runs": {
                "batter": 0,
                "extras": 0,
                "total": 0
              },
              "wickets": [
                {
                  "kind": "bowled",
                  "player_out": "BN Cooper"
                }
              ]
            },
            {
              "batter": "PW Borren",
              "bowler": "BM Scholtz",
              "non_striker": "MR Swart",
              "runs": {
                "batter": 0,
                "extras": 0,
                "total": 0
              }
            },
            {
              "batter": "PW Borren",
              "bowler": "BM Scholtz",
              "non_striker": "MR Swart",
              "runs": {
                "batter": 1,
                "extras": 0,
                "total": 1
              }
            },
            {
              "batter": "MR Swart",
              "bowler": "BM Scholtz",
              "non_striker": "PW Borren",
              "runs": {
                "batter": 0,
                "extras": 0,
                "total": 0
              }
            },
            {
              "batter": "MR Swart",
              "bowler": "BM Scholtz",
              "non_striker": "PW Borren",
              "runs": {
                "batter": 0,
                "extras": 0,
                "total": 0
              }
            }
          ]
        },
        {
          "over": 9,
          "deliveries": [
            {
              "batter": "PW Borren",
              "bowler": "NRP Scholtz",
              "non_striker": "MR Swart",
              "runs": {
                "batter": 1,
                "extras": 0,
                "total": 1
              }
            },
            {
              "batter": "MR Swart",
              "bowler": "NRP Scholtz",
              "non_striker": "PW Borren",
              "runs": {
                "batter": 1,
                "extras": 0,
                "total": 1
              }
            },
            {
              "batter": "PW Borren",
              "bowler": "NRP Scholtz",
              "non_striker": "MR Swart",
              "runs": {
                "batter": 1,
                "extras": 0,
                "total": 1
              }
            },
            {
              "batter": "MR Swart",
              "bowler": "NRP Scholtz",
              "non_striker": "PW Borren",
              "runs": {
                "batter": 1,
                "extras": 0,
                "total": 1
              }
            },
            {
              "batter": "PW Borren",
              "bowler": "NRP Scholtz",
              "non_striker": "MR Swart",
              "runs": {
                "batter": 1,
                "extras": 0,
                "total": 1
              }
            },
            {
              "batter": "MR Swart",
              "bowler": "NRP Scholtz",
              "non_striker": "PW Borren",
              "runs": {
                "batter": 0,
                "extras": 0,
                "total": 0
              }
            }
          ]
        },
        {
          "over": 10,
          "deliveries": [
            {
              "batter": "PW Borren",
              "bowler": "BM Scholtz",
              "non_striker": "MR Swart",
              "runs": {
                "batter": 3,
                "extras": 0,
                "total": 3
              }
            },
            {
              "batter": "MR Swart",
              "bowler": "BM Scholtz",
              "non_striker": "PW Borren",
              "runs": {
                "batter": 1,
                "extras": 0,
                "total": 1
              }
            },
            {
              "batter": "PW Borren",
              "bowler": "BM Scholtz",
              "non_striker": "MR Swart",
              "runs": {
                "batter": 0,
                "extras": 0,
                "total": 0
              }
            },
            {
              "batter": "PW Borren",
              "bowler": "BM Scholtz",
              "non_striker": "MR Swart",
              "runs": {
                "batter": 0,
                "extras": 0,
                "total": 0
              }
            },
            {
              "batter": "PW Borren",
              "bowler": "BM Scholtz",
              "non_striker": "MR Swart",
              "runs": {
                "batter": 1,
                "extras": 0,
                "total": 1
              }
            },
            {
              "batter": "MR Swart",
              "bowler": "BM Scholtz",
              "non_striker": "PW Borren",
              "runs": {
                "batter": 0,
                "extras": 0,
                "total": 0
              }
            }
          ]
        },
        {
          "over": 11,
          "deliveries": [
            {
              "batter": "PW Borren",
              "bowler": "NRP Scholtz",
              "non_striker": "MR Swart",
              "runs": {
                "batter": 0,
                "extras": 0,
                "total": 0
              }
            },
            {
              "batter": "PW Borren",
              "bowler": "NRP Scholtz",
              "non_striker": "MR Swart",
              "runs": {
                "batter": 1,
                "extras": 0,
                "total": 1
              }
            },
            {
              "batter": "MR Swart",
              "bowler": "NRP Scholtz",
              "non_striker": "PW Borren",
              "runs": {
                "batter": 1,
                "extras": 0,
                "total": 1
              }
            },
            {
              "batter": "PW Borren",
              "bowler": "NRP Scholtz",
              "non_striker": "MR Swart",
              "runs": {
                "batter": 4,
                "extras": 0,
                "total": 4
              }
            },
            {
              "batter": "PW Borren",
              "bowler": "NRP Scholtz",
              "non_striker": "MR Swart",
              "runs": {
                "batter": 2,
                "extras": 0,
                "total": 2
              }
            },
            {
              "batter": "PW Borren",
              "bowler": "NRP Scholtz",
              "non_striker": "MR Swart",
              "runs": {
                "batter": 1,
                "extras": 0,
                "total": 1
              }
            }
          ]
        },
        {
          "over": 12,
          "deliveries": [
            {
              "batter": "PW Borren",
              "bowler": "BM Scholtz",
              "non_striker": "MR Swart",
              "runs": {
                "batter": 0,
                "extras": 0,
                "total": 0
              },
              "wickets": [
                {
                  "kind": "caught",
                  "player_out": "PW Borren",
                  "fielders": [
                    {
                      "name": "CG Williams"
                    }
                  ]
                }
              ]
            },
            {
              "batter": "MR Swart",
              "bowler": "BM Scholtz",
              "non_striker": "MP O'Dowd",
              "runs": {
                "batter": 0,
                "extras": 0,
                "total": 0
              }
            },
            {
              "batter": "MR Swart",
              "bowler": "BM Scholtz",
              "non_striker": "MP O'Dowd",
              "runs": {
                "batter": 0,
                "extras": 0,
                "total": 0
              }
            },
            {
              "batter": "MR Swart",
              "bowler": "BM Scholtz",
              "non_striker": "MP O'Dowd",
              "runs": {
                "batter": 0,
                "extras": 0,
                "total": 0
              }
            },
            {
              "batter": "MR Swart",
              "bowler": "BM Scholtz",
              "non_striker": "MP O'Dowd",
              "runs": {
                "batter": 1,
                "extras": 0,
                "total": 1
              }
            },
            {
              "batter": "MP O'Dowd",
              "bowler": "BM Scholtz",
              "non_striker": "MR Swart",
              "runs": {
                "batter": 1,
                "extras": 0,
                "total": 1
              }
            }
          ]
        },
        {
          "over": 13,
          "deliveries": [
            {
              "batter": "MP O'Dowd",
              "bowler": "G Snyman",
              "non_striker": "MR Swart",
              "runs": {
                "batter": 2,
                "extras": 0,
                "total": 2
              }
            },
            {
              "batter": "MP O'Dowd",
              "bowler": "G Snyman",
              "non_striker": "MR Swart",
              "runs": {
                "batter": 2,
                "extras": 0,
                "total": 2
              }
            },
            {
              "batter": "MP O'Dowd",
              "bowler": "G Snyman",
              "non_striker": "MR Swart",
              "runs": {
                "batter": 0,
                "extras": 0,
                "total": 0
              }
            },
            {
              "batter": "MP O'Dowd",
              "bowler": "G Snyman",
              "non_striker": "MR Swart",
              "runs": {
                "batter": 1,
                "extras": 0,
                "total": 1
              }
            },
            {
              "batter": "MR Swart",
              "bowler": "G Snyman",
              "non_striker": "MP O'Dowd",
              "runs": {
                "batter": 1,
                "extras": 0,
                "total": 1
              }
            },
            {
              "batter": "MP O'Dowd",
              "bowler": "G Snyman",
              "non_striker": "MR Swart",
              "runs": {
                "batter": 0,
                "extras": 0,
                "total": 0
              }
            }
          ]
        },
        {
          "over": 14,
          "deliveries": [
            {
              "batter": "MR Swart",
              "bowler": "BM Scholtz",
              "non_striker": "MP O'Dowd",
              "runs": {
                "batter": 0,
                "extras": 0,
                "total": 0
              }
            },
            {
              "batter": "MR Swart",
              "bowler": "BM Scholtz",
              "non_striker": "MP O'Dowd",
              "runs": {
                "batter": 4,
                "extras": 0,
                "total": 4
              }
            },
            {
              "batter": "MR Swart",
              "bowler": "BM Scholtz",
              "non_striker": "MP O'Dowd",
              "runs": {
                "batter": 0,
                "extras": 0,
                "total": 0
              },
              "wickets": [
                {
                  "kind": "caught and bowled",
                  "player_out": "MR Swart"
                }
              ]
            },
            {
              "batter": "RE van der Merwe",
              "bowler": "BM Scholtz",
              "non_striker": "MP O'Dowd",
              "runs": {
                "batter": 0,
                "extras": 0,
                "total": 0
              }
            },
            {
              "batter": "RE van der Merwe",
              "bowler": "BM Scholtz",
              "non_striker": "MP O'Dowd",
              "runs": {
                "batter": 1,
                "extras": 0,
                "total": 1
              }
            },
            {
              "batter": "MP O'Dowd",
              "bowler": "BM Scholtz",
              "non_striker": "RE van der Merwe",
              "runs": {
                "batter": 1,
                "extras": 0,
                "total": 1
              }
            }
          ]
        },
        {
          "over": 15,
          "deliveries": [
            {
              "batter": "MP O'Dowd",
              "bowler": "SF Burger",
              "non_striker": "RE van der Merwe",
              "runs": {
                "batter": 0,
                "extras": 0,
                "total": 0
              }
            },
            {
              "batter": "MP O'Dowd",
              "bowler": "SF Burger",
              "non_striker": "RE van der Merwe",
              "runs": {
                "batter": 1,
                "extras": 0,
                "total": 1
              }
            },
            {
              "batter": "RE van der Merwe",
              "bowler": "SF Burger",
              "non_striker": "MP O'Dowd",
              "runs": {
                "batter": 1,
                "extras": 0,
                "total": 1
              }
            },
            {
              "batter": "MP O'Dowd",
              "bowler": "SF Burger",
              "non_striker": "RE van der Merwe",
              "runs": {
                "batter": 0,
                "extras": 0,
                "total": 0
              }
            },
            {
              "batter": "MP O'Dowd",
              "bowler": "SF Burger",
              "non_striker": "RE van der Merwe",
              "runs": {
                "batter": 1,
                "extras": 0,
                "total": 1
              }
            },
            {
              "batter": "RE van der Merwe",
              "bowler": "SF Burger",
              "non_striker": "MP O'Dowd",
              "runs": {
                "batter": 1,
                "extras": 0,
                "total": 1
              }
            }
          ]
        },
        {
          "over": 16,
          "deliveries": [
            {
              "batter": "RE van der Merwe",
              "bowler": "NRP Scholtz",
              "non_striker": "MP O'Dowd",
              "runs": {
                "batter": 6,
                "extras": 0,
                "total": 6
              }
            },
            {
              "batter": "RE van der Merwe",
              "bowler": "NRP Scholtz",
              "non_striker": "MP O'Dowd",
              "runs": {
                "batter": 0,
                "extras": 0,
                "total": 0
              }
            },
            {
              "batter": "RE van der Merwe",
              "bowler": "NRP Scholtz",
              "non_striker": "MP O'Dowd",
              "runs": {
                "batter": 1,
                "extras": 0,
                "total": 1
              }
            },
            {
              "batter": "MP O'Dowd",
              "bowler": "NRP Scholtz",
              "non_striker": "RE van der Merwe",
              "runs": {
                "batter": 1,
                "extras": 0,
                "total": 1
              }
            },
            {
              "batter": "RE van der Merwe",
              "bowler": "NRP Scholtz",
              "non_striker": "MP O'Dowd",
              "runs": {
                "batter": 2,
                "extras": 0,
                "total": 2
              }
            },
            {
              "batter": "RE van der Merwe",
              "bowler": "NRP Scholtz",
              "non_striker": "MP O'Dowd",
              "runs": {
                "batter": 1,
                "extras": 0,
                "total": 1
              }
            }
          ]
        },
        {
          "over": 17,
          "deliveries": [
            {
              "batter": "RE van der Merwe",
              "bowler": "SF Burger",
              "non_striker": "MP O'Dowd",
              "runs": {
                "batter": 0,
                "extras": 0,
                "total": 0
              }
            },
            {
              "batter": "RE van der Merwe",
              "bowler": "SF Burger",
              "non_striker": "MP O'Dowd",
              "runs": {
                "batter": 1,
                "extras": 0,
                "total": 1
              }
            },
            {
              "batter": "MP O'Dowd",
              "bowler": "SF Burger",
              "non_striker": "RE van der Merwe",
              "runs": {
                "batter": 4,
                "extras": 0,
                "total": 4
              }
            },
            {
              "batter": "MP O'Dowd",
              "bowler": "SF Burger",
              "non_striker": "RE van der Merwe",
              "runs": {
                "batter": 1,
                "extras": 0,
                "total": 1
              }
            },
            {
              "batter": "RE van der Merwe",
              "bowler": "SF Burger",
              "non_striker": "MP O'Dowd",
              "runs": {
                "batter": 1,
                "extras": 0,
                "total": 1
              }
            },
            {
              "batter": "MP O'Dowd",
              "bowler": "SF Burger",
              "non_striker": "RE van der Merwe",
              "runs": {
                "batter": 2,
                "extras": 0,
                "total": 2
              }
            }
          ]
        },
        {
          "over": 18,
          "deliveries": [
            {
              "batter": "RE van der Merwe",
              "bowler": "G Snyman",
              "non_striker": "MP O'Dowd",
              "runs": {
                "batter": 1,
                "extras": 0,
                "total": 1
              }
            },
            {
              "batter": "MP O'Dowd",
              "bowler": "G Snyman",
              "non_striker": "RE van der Merwe",
              "runs": {
                "batter": 1,
                "extras": 0,
                "total": 1
              }
            },
            {
              "batter": "RE van der Merwe",
              "bowler": "G Snyman",
              "non_striker": "MP O'Dowd",
              "runs": {
                "batter": 1,
                "extras": 0,
                "total": 1
              }
            },
            {
              "batter": "MP O'Dowd",
              "bowler": "G Snyman",
              "non_striker": "RE van der Merwe",
              "runs": {
                "batter": 1,
                "extras": 0,
                "total": 1
              }
            },
            {
              "batter": "RE van der Merwe",
              "bowler": "G Snyman",
              "non_striker": "MP O'Dowd",
              "runs": {
                "batter": 0,
                "extras": 0,
                "total": 0
              }
            },
            {
              "batter": "RE van der Merwe",
              "bowler": "G Snyman",
              "non_striker": "MP O'Dowd",
              "runs": {
                "batter": 1,
                "extras": 0,
                "total": 1
              }
            }
          ]
        },
        {
          "over": 19,
          "deliveries": [
            {
              "batter": "RE van der Merwe",
              "bowler": "NRP Scholtz",
              "non_striker": "MP O'Dowd",
              "runs": {
                "batter": 0,
                "extras": 0,
                "total": 0
              },
              "wickets": [
                {
                  "kind": "bowled",
                  "player_out": "RE van der Merwe"
                }
              ]
            },
            {
              "batter": "Mudassar Bukhari",
              "bowler": "NRP Scholtz",
              "non_striker": "MP O'Dowd",
              "runs": {
                "batter": 4,
                "extras": 0,
                "total": 4
              }
            }
          ]
        }
      ],
      "powerplays": [
        {
          "from": 0.1,
          "to": 5.6,
          "type": "mandatory"
        }
      ],
      "target": {
        "overs": 20,
        "runs": 136
      }
    }
  ]
}