{
  "meta": {
    "data_version": "1.0.0",
    "created": "2015-12-07",
    "revision": 3
  },
  "info": {
    "balls_per_over": 6,
    "city": "Bangkok",
    "dates": [
      "2015-12-01"
    ],
    "event": {
      "group": "B",
      "match_number": 12,
      "name": "ICC Women's World Twenty20 Qualifier"
    },
    "gender": "female",
    "match_type": "IT20",
    "officials": {
      "match_referees": [
        "GF Labrooy"
      ],
      "reserve_umpires": [
        "N Morrison"
      ],
      "umpires": [
        "K Cross",
        "DA Haggo"
      ]
    },
    "outcome": {
      "by": {
        "wickets": 5
      },
      "winner": "China"
    },
    "overs": 20,
    "player_of_match": [
      "Huang Zhuo"
    ],
    "players": {
      "China": [
        "Sun Meng Yao",
        "C Zhou",
        "Zhao Ning",
        "Huang Zhuo",
        "F Song",
        "Wu Juan",
        "C Yudian",
        "Wang Meng",
        "L Jie",
        "X Ruan",
        "L Yingying"
      ],
      "Netherlands": [
        "M Veringmeier",
        "SL Kalis",
        "CC van Slobbe",
        "HDJ Siegers",
        "ELT de Lange",
        "B de Leede",
        "J Post",
        "L Klokgieters",
        "CJ Erkelens",
        "EE Corder",
        "C Appel"
      ]
    },
    "registry": {
      "people": {
        "B de Leede": "b3020075",
        "C Appel": "c06ae98e",
        "C Yudian": "d733d125",
        "C Zhou": "5b84f3bc",
        "CC van Slobbe": "4eebb3e5",
        "CJ Erkelens": "9522a58e",
        "DA Haggo": "e6789a88",
        "EE Corder": "1806d310",
        "ELT de Lange": "b4f38f95",
        "F Song": "72a025a0",
        "GF Labrooy": "8e088dbc",
        "HDJ Siegers": "6d48df01",
        "Han Lili": "cd7134f5",
        "Huang Zhuo": "edbbe245",
        "J Post": "b58b1ae5",
        "K Cross": "d59c5855",
        "L Jie": "78670115",
        "L Klokgieters": "53c738ac",
        "L Yingying": "a665d456",
        "M Veringmeier": "3733a317",
        "N Morrison": "4d6675ec",
        "SL Kalis": "2b150c6b",
        "Sun Meng Yao": "84a96566",
        "Wang Meng": "5b4e5d3d",
        "Wu Juan": "4d498084",
        "X Ruan": "d716680c",
        "Zhao Ning": "3513c5cf"
      }
    },
    "season": "2015/16",
    "team_type": "international",
    "teams": [
      "China",
      "Netherlands"
    ],
    "toss": {
      "decision": "bat",
      "winner": "Netherlands"
    },
    "venue": "Asian Institute of Technology Ground"
  },
  "innings": [
    {
      "team": "Netherlands",
      "overs": [
        {
          "over": 0,
          "deliveries": [
            {
              "batter": "M Veringmeier",
              "bowler": "Wang Meng",
              "non_striker": "SL Kalis",
              "runs": {
                "batter": 0,
                "extras": 0,
                "total": 0
              }
            },
            {
              "batter": "M Veringmeier",
              "bowler": "Wang Meng",
              "non_striker": "SL Kalis",
              "runs": {
                "batter": 1,
                "extras": 0,
                "total": 1
              }
            },
            {
              "batter": "SL Kalis",
              "bowler": "Wang Meng",
              "non_striker": "M Veringmeier",
              "runs": {
                "batter": 0,
                "extras": 0,
                "total": 0
              }
            },
            {
              "batter": "SL Kalis",
              "bowler": "Wang Meng",
              "non_striker": "M Veringmeier",
              "runs": {
                "batter": 1,
                "extras": 0,
                "total": 1
              }
            },
            {
              "batter": "M Veringmeier",
              "bowler": "Wang Meng",
              "non_striker": "SL Kalis",
              "runs": {
                "batter": 0,
                "extras": 0,
                "total": 0
              }
            },
            {
              "batter": "M Veringmeier",
              "bowler": "Wang Meng",
              "non_striker": "SL Kalis",
              "runs": {
                "batter": 1,
                "extras": 0,
                "total": 1
              }
            }
          ]
        },
        {
          "over": 1,
          "deliveries": [
            {
              "batter": "M Veringmeier",
              "bowler": "X Ruan",
              "non_striker": "SL Kalis",
              "runs": {
                "batter": 0,
                "extras": 0,
                "total": 0
              }
            },
            {
              "batter": "M Veringmeier",
              "bowler": "X Ruan",
              "extras": {
                "wides": 1
              },
              "non_striker": "SL Kalis",
              "runs": {
                "batter": 0,
                "extras": 1,
                "total": 1
              }
            },
            {
              "batter": "M Veringmeier",
              "bowler": "X Ruan",
              "non_striker": "SL Kalis",
              "runs": {
                "batter": 0,
                "extras": 0,
                "total": 0
              }
            },
            {
              "batter": "M Veringmeier",
              "bowler": "X Ruan",
              "non_striker": "SL Kalis",
              "runs": {
                "batter": 1,
                "extras": 0,
                "total": 1
              }
            },
            {
              "batter": "SL Kalis",
              "bowler": "X Ruan",
              "non_striker": "M Veringmeier",
              "runs": {
                "batter": 0,
                "extras": 0,
                "total": 0
              }
            },
            {
              "batter": "SL Kalis",
              "bowler": "X Ruan",
              "non_striker": "M Veringmeier",
              "runs": {
                "batter": 0,
                "extras": 0,
                "total": 0
              }
            },
            {
              "batter": "SL Kalis",
              "bowler": "X Ruan",
              "non_striker": "M Veringmeier",
              "runs": {
                "batter": 4,
                "extras": 0,
                "total": 4
              }
            }
          ]
        },
        {
          "over": 2,
          "deliveries": [
            {
              "batter": "M Veringmeier",
              "bowler": "Wang Meng",
              "non_striker": "SL Kalis",
              "runs": {
                "batter": 4,
                "extras": 0,
                "total": 4
              }
            },
            {
              "batter": "M Veringmeier",
              "bowler": "Wang Meng",
              "extras": {
                "wides": 1
              },
              "non_striker": "SL Kalis",
              "runs": {
                "batter": 0,
                "extras": 1,
                "total": 1
              }
            },
            {
              "batter": "M Veringmeier",
              "bowler": "Wang Meng",
              "non_striker": "SL Kalis",
              "runs": {
                "batter": 0,
                "extras": 0,
                "total": 0
              }
            },
            {
              "batter": "M Veringmeier",
              "bowler": "Wang Meng",
              "non_striker": "SL Kalis",
              "runs": {
                "batter": 1,
                "extras": 0,
                "total": 1
              }
            },
            {
              "batter": "SL Kalis",
              "bowler": "Wang Meng",
              "non_striker": "M Veringmeier",
              "runs": {
                "batter": 1,
                "extras": 0,
                "total": 1
              }
            },
            {
              "batter": "M Veringmeier",
              "bowler": "Wang Meng",
              "non_striker": "SL Kalis",
              "runs": {
                "batter": 4,
                "extras": 0,
                "total": 4
              }
            },
            {
              "batter": "M Veringmeier",
              "bowler": "Wang Meng",
              "non_striker": "SL Kalis",
              "runs": {
                "batter": 0,
                "extras": 0,
                "total": 0
              }
            }
          ]
        },
        {
          "over": 3,
          "deliveries": [
            {
              "batter": "SL Kalis",
              "bowler": "X Ruan",
              "extras": {
                "wides": 1
              },
              "non_striker": "M Veringmeier",
              "runs": {
                "batter": 0,
                "extras": 1,
                "total": 1
              }
            },
            {
              "batter": "SL Kalis",
              "bowler": "X Ruan",
              "non_striker": "M Veringmeier",
              "runs": {
                "batter": 1,
                "extras": 0,
                "total": 1
              }
            },
            {
              "batter": "M Veringmeier",
              "bowler": "X Ruan",
              "extras": {
                "wides": 1
              },
              "non_striker": "SL Kalis",
              "runs": {
                "batter": 0,
                "extras": 1,
                "total": 1
              }
            },
            {
              "batter": "M Veringmeier",
              "bowler": "X Ruan",
              "non_striker": "SL Kalis",
              "runs": {
                "batter": 1,
                "extras": 0,
                "total": 1
              }
            },
            {
              "batter": "SL Kalis",
              "bowler": "X Ruan",
              "non_striker": "M Veringmeier",
              "runs": {
                "batter": 0,
                "extras": 0,
                "total": 0
              }
            },
            {
              "batter": "SL Kalis",
              "bowler": "X Ruan",
              "non_striker": "M Veringmeier",
              "runs": {
                "batter": 0,
                "extras": 0,
                "total": 0
              }
            },
            {
              "batter": "SL Kalis",
              "bowler": "X Ruan",
              "non_striker": "M Veringmeier",
              "runs": {
                "batter": 0,
                "extras": 0,
                "total": 0
              }
            },
            {
              "batter": "SL Kalis",
              "bowler": "X Ruan",
              "non_striker": "M Veringmeier",
              "runs": {
                "batter": 0,
                "extras": 0,
                "total": 0
              }
            }
          ]
        },
        {
          "over": 4,
          "deliveries": [
            {
              "batter": "M Veringmeier",
              "bowler": "Wu Juan",
              "non_striker": "SL Kalis",
              "runs": {
                "batter": 0,
                "extras": 0,
                "total": 0
              }
            },
            {
              "batter": "M Veringmeier",
              "bowler": "Wu Juan",
              "non_striker": "SL Kalis",
              "runs": {
                "batter": 0,
                "extras": 0,
                "total": 0
              }
            },
            {
              "batter": "M Veringmeier",
              "bowler": "Wu Juan",
              "non_striker": "SL Kalis",
              "runs": {
                "batter": 0,
                "extras": 0,
                "total": 0
              }
            },
            {
              "batter": "M Veringmeier",
              "bowler": "Wu Juan",
              "non_striker": "SL Kalis",
              "runs": {
                "batter": 1,
                "extras": 0,
                "total": 1
              }
            },
            {
              "batter": "SL Kalis",
              "bowler": "Wu Juan",
              "non_striker": "M Veringmeier",
              "runs": {
                "batter": 0,
                "extras": 0,
                "total": 0
              }
            },
            {
              "batter": "SL Kalis",
              "bowler": "Wu Juan",
              "non_striker": "M Veringmeier",
              "runs": {
                "batter": 0,
                "extras": 0,
                "total": 0
              }
            }
          ]
        },
        {
          "over": 5,
          "deliveries": [
            {
              "batter": "M Veringmeier",
              "bowler": "L Yingying",
              "non_striker": "SL Kalis",
              "runs": {
                "batter": 1,
                "extras": 0,
                "total": 1
              }
            },
            {
              "batter": "SL Kalis",
              "bowler": "L Yingying",
              "non_striker": "M Veringmeier",
              "runs": {
                "batter": 0,
                "extras": 0,
                "total": 0
              },
              "wickets": [
                {
                  "kind": "lbw",
                  "player_out": "SL Kalis"
                }
              ]
            },
            {
              "batter": "CC van Slobbe",
              "bowler": "L Yingying",
              "non_striker": "M Veringmeier",
              "runs": {
                "batter": 0,
                "extras": 0,
                "total": 0
              }
            },
            {
              "batter": "CC van Slobbe",
              "bowler": "L Yingying",
              "non_striker": "M Veringmeier",
              "runs": {
                "batter": 1,
                "extras": 0,
                "total": 1
              }
            },
            {
              "batter": "M Veringmeier",
              "bowler": "L Yingying",
              "non_striker": "CC van Slobbe",
              "runs": {
                "batter": 4,
                "extras": 0,
                "total": 4
              }
            },
            {
              "batter": "M Veringmeier",
              "bowler": "L Yingying",
              "non_striker": "CC van Slobbe",
              "runs": {
                "batter": 1,
                "extras": 0,
                "total": 1
              }
            }
          ]
        },
        {
          "over": 6,
          "deliveries": [
            {
              "batter": "M Veringmeier",
              "bowler": "Wu Juan",
              "non_striker": "CC van Slobbe",
              "runs": {
                "batter": 2,
                "extras": 0,
                "total": 2
              }
            },
            {
              "batter": "M Veringmeier",
              "bowler": "Wu Juan",
              "non_striker": "CC van Slobbe",
              "runs": {
                "batter": 1,
                "extras": 0,
                "total": 1
              }
            },
            {
              "batter": "CC van Slobbe",
              "bowler": "Wu Juan",
              "non_striker": "M Veringmeier",
              "runs": {
                "batter": 0,
                "extras": 0,
                "total": 0
              }
            },
            {
              "batter": "CC van Slobbe",
              "bowler": "Wu Juan",
              "non_striker": "M Veringmeier",
              "runs": {
                "batter": 0,
                "extras": 0,
                "total": 0
              }
            },
            {
              "batter": "CC van Slobbe",
              "bowler": "Wu Juan",
              "non_striker": "M Veringmeier",
              "runs": {
                "batter": 1,
                "extras": 0,
                "total": 1
              }
            },
            {
              "batter": "M Veringmeier",
              "bowler": "Wu Juan",
              "non_striker": "CC van Slobbe",
              "runs": {
                "batter": 2,
                "extras": 0,
                "total": 2
              }
            }
          ]
        },
        {
          "over": 7,
          "deliveries": [
            {
              "batter": "CC van Slobbe",
              "bowler": "L Yingying",
              "non_striker": "M Veringmeier",
              "runs": {
                "batter": 0,
                "extras": 0,
                "total": 0
              }
            },
            {
              "batter": "CC van Slobbe",
              "bowler": "L Yingying",
              "non_striker": "M Veringmeier",
              "runs": {
                "batter": 0,
                "extras": 0,
                "total": 0
              }
            },
            {
              "batter": "CC van Slobbe",
              "bowler": "L Yingying",
              "non_striker": "M Veringmeier",
              "runs": {
                "batter": 0,
                "extras": 0,
                "total": 0
              }
            },
            {
              "batter": "CC van Slobbe",
              "bowler": "L Yingying",
              "non_striker": "M Veringmeier",
              "runs": {
                "batter": 1,
                "extras": 0,
                "total": 1
              }
            },
            {
              "batter": "M Veringmeier",
              "bowler": "L Yingying",
              "non_striker": "CC van Slobbe",
              "runs": {
                "batter": 1,
                "extras": 0,
                "total": 1
              }
            },
            {
              "batter": "CC van Slobbe",
              "bowler": "L Yingying",
              "non_striker": "M Veringmeier",
              "runs": {
                "batter": 1,
                "extras": 0,
                "total": 1
              }
            }
          ]
        },
        {
          "over": 8,
          "deliveries": [
            {
              "batter": "CC van Slobbe",
              "bowler": "L Jie",
              "extras": {
                "wides": 1
              },
              "non_striker": "M Veringmeier",
              "runs": {
                "batter": 0,
                "extras": 1,
                "total": 1
              }
            },
            {
              "batter": "CC van Slobbe",
              "bowler": "L Jie",
              "non_striker": "M Veringmeier",
              "runs": {
                "batter": 2,
                "extras": 0,
                "total": 2
              }
            },
            {
              "batter": "CC van Slobbe",
              "bowler": "L Jie",
              "non_striker": "M Veringmeier",
              "runs": {
                "batter": 0,
                "extras": 0,
                "total": 0
              }
            },
            {
              "batter": "CC van Slobbe",
              "bowler": "L Jie",
              "extras": {
                "wides": 1
              },
              "non_striker": "M Veringmeier",
              "runs": {
                "batter": 0,
                "extras": 1,
                "total": 1
              }
            },
            {
              "batter": "CC van Slobbe",
              "bowler": "L Jie",
              "non_striker": "M Veringmeier",
              "runs": {
                "batter": 1,
                "extras": 0,
                "total": 1
              }
            },
            {
              "batter": "M Veringmeier",
              "bowler": "L Jie",
              "non_striker": "CC van Slobbe",
              "runs": {
                "batter": 0,
                "extras": 0,
                "total": 0
              },
              "wickets": [
                {
                  "kind": "caught",
                  "player_out": "M Veringmeier",
                  "fielders": [
                    {
                      "name": "Zhao Ning"
                    }
                  ]
                }
              ]
            },
            {
              "batter": "CC van Slobbe",
              "bowler": "L Jie",
              "non_striker": "HDJ Siegers",
              "runs": {
                "batter": 0,
                "extras": 0,
                "total": 0
              }
            },
            {
              "batter": "CC van Slobbe",
              "bowler": "L Jie",
              "non_striker": "HDJ Siegers",
              "runs": {
                "batter": 1,
                "extras": 0,
                "total": 1
              }
            }
          ]
        },
        {
          "over": 9,
          "deliveries": [
            {
              "batter": "CC van Slobbe",
              "bowler": "F Song",
              "non_striker": "HDJ Siegers",
              "runs": {
                "batter": 0,
                "extras": 0,
                "total": 0
              }
            },
            {
              "batter": "CC van Slobbe",
              "bowler": "F Song",
              "extras": {
                "wides": 1
              },
              "non_striker": "HDJ Siegers",
              "runs": {
                "batter": 0,
                "extras": 1,
                "total": 1
              }
            },
            {
              "batter": "CC van Slobbe",
              "bowler": "F Song",
              "non_striker": "HDJ Siegers",
              "runs": {
                "batter": 1,
                "extras": 0,
                "total": 1
              }
            },
            {
              "batter": "HDJ Siegers",
              "bowler": "F Song",
              "non_striker": "CC van Slobbe",
              "runs": {
                "batter": 0,
                "extras": 0,
                "total": 0
              }
            },
            {
              "batter": "HDJ Siegers",
              "bowler": "F Song",
              "non_striker": "CC van Slobbe",
              "runs": {
                "batter": 1,
                "extras": 0,
                "total": 1
              }
            },
            {
              "batter": "CC van Slobbe",
              "bowler": "F Song",
              "non_striker": "HDJ Siegers",
              "runs": {
                "batter": 0,
                "extras": 0,
                "total": 0
              }
            },
            {
              "batter": "CC van Slobbe",
              "bowler": "F Song",
              "non_striker": "HDJ Siegers",
              "runs": {
                "batter": 1,
                "extras": 0,
                "total": 1
              },
              "wickets": [
                {
                  "kind": "run out",
                  "player_out": "HDJ Siegers",
                  "fielders": [
                    {
                      "name": "Han Lili",
                      "substitute": true
                    }
                  ]
                }
              ]
            }
          ]
        },
        {
          "over": 10,
          "deliveries": [
            {
              "batter": "ELT de Lange",
              "bowler": "L Jie",
              "non_striker": "CC van Slobbe",
              "runs": {
                "batter": 0,
                "extras": 0,
                "total": 0
              }
            },
            {
              "batter": "ELT de Lange",
              "bowler": "L Jie",
              "non_striker": "CC van Slobbe",
              "runs": {
                "batter": 1,
                "extras": 0,
                "total": 1
              }
            },
            {
              "batter": "CC van Slobbe",
              "bowler": "L Jie",
              "non_striker": "ELT de Lange",
              "runs": {
                "batter": 0,
                "extras": 0,
                "total": 0
              }
            },
            {
              "batter": "CC van Slobbe",
              "bowler": "L Jie",
              "non_striker": "ELT de Lange",
              "runs": {
                "batter": 0,
                "extras": 0,
                "total": 0
              }
            },
            {
              "batter": "CC van Slobbe",
              "bowler": "L Jie",
              "non_striker": "ELT de Lange",
              "runs": {
                "batter": 0,
                "extras": 0,
                "total": 0
              }
            },
            {
              "batter": "CC van Slobbe",
              "bowler": "L Jie",
              "non_striker": "ELT de Lange",
              "runs": {
                "batter": 0,
                "extras": 0,
                "total": 0
              }
            }
          ]
        },
        {
          "over": 11,
          "deliveries": [
            {
              "batter": "ELT de Lange",
              "bowler": "F Song",
              "non_striker": "CC van Slobbe",
              "runs": {
                "batter": 0,
                "extras": 0,
                "total": 0
              }
            },
            {
              "batter": "ELT de Lange",
              "bowler": "F Song",
              "non_striker": "CC van Slobbe",
              "runs": {
                "batter": 1,
                "extras": 0,
                "total": 1
              }
            },
            {
              "batter": "CC van Slobbe",
              "bowler": "F Song",
              "non_striker": "ELT de Lange",
              "runs": {
                "batter": 1,
                "extras": 0,
                "total": 1
              }
            },
            {
              "batter": "ELT de Lange",
              "bowler": "F Song",
              "non_striker": "CC van Slobbe",
              "runs": {
                "batter": 2,
                "extras": 0,
                "total": 2
              }
            },
            {
              "batter": "ELT de Lange",
              "bowler": "F Song",
              "non_striker": "CC van Slobbe",
              "runs": {
                "batter": 0,
                "extras": 0,
                "total": 0
              },
              "wickets": [
                {
                  "kind": "caught",
                  "player_out": "ELT de Lange",
                  "fielders": [
                    {
                      "name": "Huang Zhuo"
                    }
                  ]
                }
              ]
            },
            {
              "batter": "B de Leede",
              "bowler": "F Song",
              "extras": {
                "wides": 1
              },
              "non_striker": "CC van Slobbe",
              "runs": {
                "batter": 0,
                "extras": 1,
                "total": 1
              }
            },
            {
              "batter": "B de Leede",
              "bowler": "F Song",
              "non_striker": "CC van Slobbe",
              "runs": {
                "batter": 1,
                "extras": 0,
                "total": 1
              }
            }
          ]
        },
        {
          "over": 12,
          "deliveries": [
            {
              "batter": "B de Leede",
              "bowler": "L Jie",
              "non_striker": "CC van Slobbe",
              "runs": {
                "batter": 0,
                "extras": 0,
                "total": 0
              }
            },
            {
              "batter": "B de Leede",
              "bowler": "L Jie",
              "non_striker": "CC van Slobbe",
              "runs": {
                "batter": 1,
                "extras": 0,
                "total": 1
              }
            },
            {
              "batter": "CC van Slobbe",
              "bowler": "L Jie",
              "extras": {
                "wides": 1
              },
              "non_striker": "B de Leede",
              "runs": {
                "batter": 0,
                "extras": 1,
                "total": 1
              }
            },
            {
              "batter": "CC van Slobbe",
              "bowler": "L Jie",
              "non_striker": "B de Leede",
              "runs": {
                "batter": 1,
                "extras": 0,
                "total": 1
              }
            },
            {
              "batter": "B de Leede",
              "bowler": "L Jie",
              "non_striker": "CC van Slobbe",
              "runs": {
                "batter": 1,
                "extras": 0,
                "total": 1
              }
            },
            {
              "batter": "CC van Slobbe",
              "bowler": "L Jie",
              "non_striker": "B de Leede",
              "runs": {
                "batter": 0,
                "extras": 0,
                "total": 0
              }
            },
            {
              "batter": "CC van Slobbe",
              "bowler": "L Jie",
              "non_striker": "B de Leede",
              "runs": {
                "batter": 1,
                "extras": 0,
                "total": 1
              }
            }
          ]
        },
        {
          "over": 13,
          "deliveries": [
            {
              "batter": "CC van Slobbe",
              "bowler": "F Song",
              "extras": {
                "wides": 1
              },
              "non_striker": "B de Leede",
              "runs": {
                "batter": 0,
                "extras": 1,
                "total": 1
              }
            },
            {
              "batter": "CC van Slobbe",
              "bowler": "F Song",
              "non_striker": "B de Leede",
              "runs": {
                "batter": 1,
                "extras": 0,
                "total": 1
              }
            },
            {
              "batter": "B de Leede",
              "bowler": "F Song",
              "non_striker": "CC van Slobbe",
              "runs": {
                "batter": 2,
                "extras": 0,
                "total": 2
              }
            },
            {
              "batter": "B de Leede",
              "bowler": "F Song",
              "extras": {
                "legbyes": 1
              },
              "non_striker": "CC van Slobbe",
              "runs": {
                "batter": 0,
                "extras": 1,
                "total": 1
              }
            },
            {
              "batter": "CC van Slobbe",
              "bowler": "F Song",
              "non_striker": "B de Leede",
              "runs": {
                "batter": 0,
                "extras": 0,
                "total": 0
              }
            },
            {
              "batter": "CC van Slobbe",
              "bowler": "F Song",
              "extras": {
                "wides": 1
              },
              "non_striker": "B de Leede",
              "runs": {
                "batter": 0,
                "extras": 1,
                "total": 1
              }
            },
            {
              "batter": "CC van Slobbe",
              "bowler": "F Song",
              "non_striker": "B de Leede",
              "runs": {
                "batter": 1,
                "extras": 0,
                "total": 1
              }
            },
            {
              "batter": "B de Leede",
              "bowler": "F Song",
              "non_striker": "CC van Slobbe",
              "runs": {
                "batter": 0,
                "extras": 0,
                "total": 0
              }
            }
          ]
        },
        {
          "over": 14,
          "deliveries": [
            {
              "batter": "CC van Slobbe",
              "bowler": "L Jie",
              "non_striker": "B de Leede",
              "runs": {
                "batter": 1,
                "extras": 0,
                "total": 1
              }
            },
            {
              "batter": "B de Leede",
              "bowler": "L Jie",
              "non_striker": "CC van Slobbe",
              "runs": {
                "batter": 0,
                "extras": 0,
                "total": 0
              }
            },
            {
              "batter": "B de Leede",
              "bowler": "L Jie",
              "non_striker": "CC van Slobbe",
              "runs": {
                "batter": 0,
                "extras": 0,
                "total": 0
              }
            },
            {
              "batter": "B de Leede",
              "bowler": "L Jie",
              "non_striker": "CC van Slobbe",
              "runs": {
                "batter": 1,
                "extras": 0,
                "total": 1
              }
            },
            {
              "batter": "CC van Slobbe",
              "bowler": "L Jie",
              "non_striker": "B de Leede",
              "runs": {
                "batter": 0,
                "extras": 0,
                "total": 0
              }
            },
            {
              "batter": "CC van Slobbe",
              "bowler": "L Jie",
              "non_striker": "B de Leede",
              "runs": {
                "batter": 1,
                "extras": 0,
                "total": 1
              }
            }
          ]
        },
        {
          "over": 15,
          "deliveries": [
            {
              "batter": "CC van Slobbe",
              "bowler": "F Song",
              "non_striker": "B de Leede",
              "runs": {
                "batter": 1,
                "extras": 0,
                "total": 1
              }
            },
            {
              "batter": "B de Leede",
              "bowler": "F Song",
              "non_striker": "CC van Slobbe",
              "runs": {
                "batter": 1,
                "extras": 0,
                "total": 1
              }
            },
            {
              "batter": "CC van Slobbe",
              "bowler": "F Song",
              "extras": {
                "wides": 1
              },
              "non_striker": "B de Leede",
              "runs": {
                "batter": 0,
                "extras": 1,
                "total": 1
              }
            },
            {
              "batter": "CC van Slobbe",
              "bowler": "F Song",
              "extras": {
                "wides": 1
              },
              "non_striker": "B de Leede",
              "runs": {
                "batter": 0,
                "extras": 1,
                "total": 1
              }
            },
            {
              "batter": "CC van Slobbe",
              "bowler": "F Song",
              "extras": {
                "wides": 1
              },
              "non_striker": "B de Leede",
              "runs": {
                "batter": 0,
                "extras": 1,
                "total": 1
              }
            },
            {
              "batter": "CC van Slobbe",
              "bowler": "F Song",
              "extras": {
                "wides": 1
              },
              "non_striker": "B de Leede",
              "runs": {
                "batter": 0,
                "extras": 1,
                "total": 1
              }
            },
            {
              "batter": "CC van Slobbe",
              "bowler": "F Song",
              "extras": {
                "wides": 1
              },
              "non_striker": "B de Leede",
              "runs": {
                "batter": 0,
                "extras": 1,
                "total": 1
              }
            },
            {
              "batter": "CC van Slobbe",
              "bowler": "F Song",
              "non_striker": "B de Leede",
              "runs": {
                "batter": 0,
                "extras": 0,
                "total": 0
              }
            },
            {
              "batter": "CC van Slobbe",
              "bowler": "F Song",
              "non_striker": "B de Leede",
              "runs": {
                "batter": 0,
                "extras": 0,
                "total": 0
              }
            },
            {
              "batter": "CC van Slobbe",
              "bowler": "F Song",
              "non_striker": "B de Leede",
              "runs": {
                "batter": 1,
                "extras": 0,
                "total": 1
              },
              "wickets": [
                {
                  "kind": "run out",
                  "player_out": "B de Leede",
                  "fielders": [
                    {
                      "name": "Sun Meng Yao"
                    },
                    {
                      "name": "F Song"
                    }
                  ]
                }
              ]
            },
            {
              "batter": "CC van Slobbe",
              "bowler": "F Song",
              "extras": {
                "noballs": 1
              },
              "non_striker": "J Post",
              "runs": {
                "batter": 0,
                "extras": 1,
                "total": 1
              }
            },
            {
              "batter": "CC van Slobbe",
              "bowler": "F Song",
              "non_striker": "J Post",
              "runs": {
                "batter": 1,
                "extras": 0,
                "total": 1
              }
            }
          ]
        },
        {
          "over": 16,
          "deliveries": [
            {
              "batter": "CC van Slobbe",
              "bowler": "L Yingying",
              "non_striker": "J Post",
              "runs": {
                "batter": 0,
                "extras": 0,
                "total": 0
              }
            },
            {
              "batter": "CC van Slobbe",
              "bowler": "L Yingying",
              "non_striker": "J Post",
              "runs": {
                "batter": 1,
                "extras": 0,
                "total": 1
              }
            },
            {
              "batter": "J Post",
              "bowler": "L Yingying",
              "non_striker": "CC van Slobbe",
              "runs": {
                "batter": 0,
                "extras": 0,
                "total": 0
              }
            },
            {
              "batter": "J Post",
              "bowler": "L Yingying",
              "non_striker": "CC van Slobbe",
              "runs": {
                "batter": 1,
                "extras": 0,
                "total": 1
              }
            },
            {
              "batter": "CC van Slobbe",
              "bowler": "L Yingying",
              "non_striker": "J Post",
              "runs": {
                "batter": 0,
                "extras": 0,
                "total": 0
              }
            },
            {
              "batter": "CC van Slobbe",
              "bowler": "L Yingying",
              "non_striker": "J Post",
              "runs": {
                "batter": 1,
                "extras": 0,
                "total": 1
              }
            }
          ]
        },
        {
          "over": 17,
          "deliveries": [
            {
              "batter": "CC van Slobbe",
              "bowler": "Wu Juan",
              "extras": {
                "wides": 1
              },
              "non_striker": "J Post",
              "runs": {
                "batter": 0,
                "extras": 1,
                "total": 1
              }
            },
            {
              "batter": "CC van Slobbe",
              "bowler": "Wu Juan",
              "non_striker": "J Post",
              "runs": {
                "batter": 1,
                "extras": 0,
                "total": 1
              }
            },
            {
              "batter": "J Post",
              "bowler": "Wu Juan",
              "non_striker": "CC van Slobbe",
              "runs": {
                "batter": 2,
                "extras": 0,
                "total": 2
              }
            },
            {
              "batter": "J Post",
              "bowler": "Wu Juan",
              "non_striker": "CC van Slobbe",
              "runs": {
                "batter": 0,
                "extras": 0,
                "total": 0
              }
            },
            {
              "batter": "J Post",
              "bowler": "Wu Juan",
              "non_striker": "CC van Slobbe",
              "runs": {
                "batter": 0,
                "extras": 0,
                "total": 0
              }
            },
            {
              "batter": "J Post",
              "bowler": "Wu Juan",
              "non_striker": "CC van Slobbe",
              "runs": {
                "batter": 2,
                "extras": 0,
                "total": 2
              }
            },
            {
              "batter": "J Post",
              "bowler": "Wu Juan",
              "non_striker": "CC van Slobbe",
              "runs": {
                "batter": 0,
                "extras": 0,
                "total": 0
              }
            }
          ]
        },
        {
          "over": 18,
          "deliveries": [
            {
              "batter": "CC van Slobbe",
              "bowler": "L Yingying",
              "non_striker": "J Post",
              "runs": {
                "batter": 0,
                "extras": 0,
                "total": 0
              }
            },
            {
              "batter": "CC van Slobbe",
              "bowler": "L Yingying",
              "non_striker": "J Post",
              "runs": {
                "batter": 1,
                "extras": 0,
                "total": 1
              }
            },
            {
              "batter": "J Post",
              "bowler": "L Yingying",
              "non_striker": "CC van Slobbe",
              "runs": {
                "batter": 1,
                "extras": 0,
                "total": 1
              }
            },
            {
              "batter": "CC van Slobbe",
              "bowler": "L Yingying",
              "non_striker": "J Post",
              "runs": {
                "batter": 0,
                "extras": 0,
                "total": 0
              }
            },
            {
              "batter": "CC van Slobbe",
              "bowler": "L Yingying",
              "non_striker": "J Post",
              "runs": {
                "batter": 1,
                "extras": 0,
                "total": 1
              },
              "wickets": [
                {
                  "kind": "run out",
                  "player_out": "CC van Slobbe",
                  "fielders": [
                    {
                      "name": "L Yingying"
                    }
                  ]
                }
              ]
            },
            {
              "batter": "L Klokgieters",
              "bowler": "L Yingying",
              "non_striker": "J Post",
              "runs": {
                "batter": 0,
                "extras": 0,
                "total": 0
              }
            }
          ]
        },
        {
          "over": 19,
          "deliveries": [
            {
              "batter": "J Post",
              "bowler": "Wu Juan",
              "non_striker": "L Klokgieters",
              "runs": {
                "batter": 1,
                "extras": 0,
                "total": 1
              }
            },
            {
              "batter": "L Klokgieters",
              "bowler": "Wu Juan",
              "non_striker": "J Post",
              "runs": {
                "batter": 1,
                "extras": 0,
                "total": 1
              }
            },
            {
              "batter": "J Post",
              "bowler": "Wu Juan",
              "non_striker": "L Klokgieters",
              "runs": {
                "batter": 1,
                "extras": 0,
                "total": 1
              }
            },
            {
              "batter": "L Klokgieters",
              "bowler": "Wu Juan",
              "non_striker": "J Post",
              "runs": {
                "batter": 1,
                "extras": 0,
                "total": 1
              }
            },
            {
              "batter": "J Post",
              "bowler": "Wu Juan",
              "non_striker": "L Klokgieters",
              "runs": {
                "batter": 1,
                "extras": 0,
                "total": 1
              }
            },
            {
              "batter": "L Klokgieters",
              "bowler": "Wu Juan",
              "non_striker": "J Post",
              "runs": {
                "batter": 1,
                "extras": 0,
                "total": 1
              }
            }
          ]
        }
      ],
      "powerplays": [
        {
          "from": 0.1,
          "to": 5.6,
          "type": "mandatory"
        }
      ]
    },
    {
      "team": "China",
      "overs": [
        {
          "over": 0,
          "deliveries": [
            {
              "batter": "Sun Meng Yao",
              "bowler": "L Klokgieters",
              "non_striker": "C Zhou",
              "runs": {
                "batter": 0,
                "extras": 0,
                "total": 0
              }
            },
            {
              "batter": "Sun Meng Yao",
              "bowler": "L Klokgieters",
              "non_striker": "C Zhou",
              "runs": {
                "batter": 0,
                "extras": 0,
                "total": 0
              }
            },
            {
              "batter": "Sun Meng Yao",
              "bowler": "L Klokgieters",
              "non_striker": "C Zhou",
              "runs": {
                "batter": 1,
                "extras": 0,
                "total": 1
              }
            },
            {
              "batter": "C Zhou",
              "bowler": "L Klokgieters",
              "non_striker": "Sun Meng Yao",
              "runs": {
                "batter": 0,
                "extras": 0,
                "total": 0
              }
            },
            {
              "batter": "C Zhou",
              "bowler": "L Klokgieters",
              "non_striker": "Sun Meng Yao",
              "runs": {
                "batter": 0,
                "extras": 0,
                "total": 0
              }
            },
            {
              "batter": "C Zhou",
              "bowler": "L Klokgieters",
              "extras": {
                "legbyes": 1
              },
              "non_striker": "Sun Meng Yao",
              "runs": {
                "batter": 0,
                "extras": 1,
                "total": 1
              }
            }
          ]
        },
        {
          "over": 1,
          "deliveries": [
            {
              "batter": "C Zhou",
              "bowler": "HDJ Siegers",
              "extras": {
                "wides": 2
              },
              "non_striker": "Sun Meng Yao",
              "runs": {
                "batter": 0,
                "extras": 2,
                "total": 2
              }
            },
            {
              "batter": "Sun Meng Yao",
              "bowler": "HDJ Siegers",
              "extras": {
                "legbyes": 1
              },
              "non_striker": "C Zhou",
              "runs": {
                "batter": 0,
                "extras": 1,
                "total": 1
              }
            },
            {
              "batter": "C Zhou",
              "bowler": "HDJ Siegers",
              "non_striker": "Sun Meng Yao",
              "runs": {
                "batter": 1,
                "extras": 0,
                "total": 1
              }
            },
            {
              "batter": "Sun Meng Yao",
              "bowler": "HDJ Siegers",
              "non_striker": "C Zhou",
              "runs": {
                "batter": 0,
                "extras": 0,
                "total": 0
              }
            },
            {
              "batter": "Sun Meng Yao",
              "bowler": "HDJ Siegers",
              "non_striker": "C Zhou",
              "runs": {
                "batter": 0,
                "extras": 0,
                "total": 0
              },
              "wickets": [
                {
                  "kind": "caught",
                  "player_out": "Sun Meng Yao",
                  "fielders": [
                    {
                      "name": "CJ Erkelens"
                    }
                  ]
                }
              ]
            },
            {
              "batter": "C Zhou",
              "bowler": "HDJ Siegers",
              "non_striker": "Zhao Ning",
              "runs": {
                "batter": 0,
                "extras": 0,
                "total": 0
              }
            },
            {
              "batter": "C Zhou",
              "bowler": "HDJ Siegers",
              "non_striker": "Zhao Ning",
              "runs": {
                "batter": 0,
                "extras": 0,
                "total": 0
              },
              "wickets": [
                {
                  "kind": "caught",
                  "player_out": "C Zhou",
                  "fielders": [
                    {
                      "name": "ELT de Lange"
                    }
                  ]
                }
              ]
            }
          ]
        },
        {
          "over": 2,
          "deliveries": [
            {
              "batter": "Zhao Ning",
              "bowler": "L Klokgieters",
              "non_striker": "Huang Zhuo",
              "runs": {
                "batter": 0,
                "extras": 0,
                "total": 0
              }
            },
            {
              "batter": "Zhao Ning",
              "bowler": "L Klokgieters",
              "non_striker": "Huang Zhuo",
              "runs": {
                "batter": 0,
                "extras": 0,
                "total": 0
              },
              "wickets": [
                {
                  "kind": "caught",
                  "player_out": "Zhao Ning",
                  "fielders": [
                    {
                      "name": "M Veringmeier"
                    }
                  ]
                }
              ]
            },
            {
              "batter": "F Song",
              "bowler": "L Klokgieters",
              "non_striker": "Huang Zhuo",
              "runs": {
                "batter": 0,
                "extras": 0,
                "total": 0
              }
            },
            {
              "batter": "F Song",
              "bowler": "L Klokgieters",
              "non_striker": "Huang Zhuo",
              "runs": {
                "batter": 0,
                "extras": 0,
                "total": 0
              }
            },
            {
              "batter": "F Song",
              "bowler": "L Klokgieters",
              "non_striker": "Huang Zhuo",
              "runs": {
                "batter": 0,
                "extras": 0,
                "total": 0
              }
            },
            {
              "batter": "F Song",
              "bowler": "L Klokgieters",
              "non_striker": "Huang Zhuo",
              "runs": {
                "batter": 2,
                "extras": 0,
                "total": 2
              }
            }
          ]
        },
        {
          "over": 3,
          "deliveries": [
            {
              "batter": "Huang Zhuo",
              "bowler": "HDJ Siegers",
              "non_striker": "F Song",
              "runs": {
                "batter": 0,
                "extras": 0,
                "total": 0
              }
            },
            {
              "batter": "Huang Zhuo",
              "bowler": "HDJ Siegers",
              "non_striker": "F Song",
              "runs": {
                "batter": 2,
                "extras": 0,
                "total": 2
              }
            },
            {
              "batter": "Huang Zhuo",
              "bowler": "HDJ Siegers",
              "extras": {
                "wides": 1
              },
              "non_striker": "F Song",
              "runs": {
                "batter": 0,
                "extras": 1,
                "total": 1
              }
            },
            {
              "batter": "Huang Zhuo",
              "bowler": "HDJ Siegers",
              "non_striker": "F Song",
              "runs": {
                "batter": 2,
                "extras": 0,
                "total": 2
              }
            },
            {
              "batter": "Huang Zhuo",
              "bowler": "HDJ Siegers",
              "extras": {
                "wides": 2
              },
              "non_striker": "F Song",
              "runs": {
                "batter": 0,
                "extras": 2,
                "total": 2
              }
            },
            {
              "batter": "F Song",
              "bowler": "HDJ Siegers",
              "non_striker": "Huang Zhuo",
              "runs": {
                "batter": 0,
                "extras": 0,
                "total": 0
              }
            },
            {
              "batter": "F Song",
              "bowler": "HDJ Siegers",
              "non_striker": "Huang Zhuo",
              "runs": {
                "batter": 1,
                "extras": 0,
                "total": 1
              }
            },
            {
              "batter": "Huang Zhuo",
              "bowler": "HDJ Siegers",
              "non_striker": "F Song",
              "runs": {
                "batter": 2,
                "extras": 0,
                "total": 2
              }
            }
          ]
        },
        {
          "over": 4,
          "deliveries": [
            {
              "batter": "F Song",
              "bowler": "CC van Slobbe",
              "extras": {
                "wides": 1
              },
              "non_striker": "Huang Zhuo",
              "runs": {
                "batter": 0,
                "extras": 1,
                "total": 1
              }
            },
            {
              "batter": "F Song",
              "bowler": "CC van Slobbe",
              "non_striker": "Huang Zhuo",
              "runs": {
                "batter": 1,
                "extras": 0,
                "total": 1
              }
            },
            {
              "batter": "Huang Zhuo",
              "bowler": "CC van Slobbe",
              "non_striker": "F Song",
              "runs": {
                "batter": 0,
                "extras": 0,
                "total": 0
              }
            },
            {
              "batter": "Huang Zhuo",
              "bowler": "CC van Slobbe",
              "non_striker": "F Song",
              "runs": {
                "batter": 3,
                "extras": 0,
                "total": 3
              }
            },
            {
              "batter": "F Song",
              "bowler": "CC van Slobbe",
              "non_striker": "Huang Zhuo",
              "runs": {
                "batter": 1,
                "extras": 0,
                "total": 1
              }
            },
            {
              "batter": "Huang Zhuo",
              "bowler": "CC van Slobbe",
              "extras": {
                "wides": 1
              },
              "non_striker": "F Song",
              "runs": {
                "batter": 0,
                "extras": 1,
                "total": 1
              }
            },
            {
              "batter": "Huang Zhuo",
              "bowler": "CC van Slobbe",
              "non_striker": "F Song",
              "runs": {
                "batter": 0,
                "extras": 0,
                "total": 0
              }
            },
            {
              "batter": "Huang Zhuo",
              "bowler": "CC van Slobbe",
              "non_striker": "F Song",
              "runs": {
                "batter": 0,
                "extras": 0,
                "total": 0
              }
            }
          ]
        },
        {
          "over": 5,
          "deliveries": [
            {
              "batter": "F Song",
              "bowler": "CJ Erkelens",
              "non_striker": "Huang Zhuo",
              "runs": {
                "batter": 0,
                "extras": 0,
                "total": 0
              }
            },
            {
              "batter": "F Song",
              "bowler": "CJ Erkelens",
              "non_striker": "Huang Zhuo",
              "runs": {
                "batter": 4,
                "extras": 0,
                "total": 4
              }
            },
            {
              "batter": "F Song",
              "bowler": "CJ Erkelens",
              "non_striker": "Huang Zhuo",
              "runs": {
                "batter": 1,
                "extras": 0,
                "total": 1
              }
            },
            {
              "batter": "Huang Zhuo",
              "bowler": "CJ Erkelens",
              "non_striker": "F Song",
              "runs": {
                "batter": 0,
                "extras": 0,
                "total": 0
              }
            },
            {
              "batter": "Huang Zhuo",
              "bowler": "CJ Erkelens",
              "non_striker": "F Song",
              "runs": {
                "batter": 0,
                "extras": 0,
                "total": 0
              }
            },
            {
              "batter": "Huang Zhuo",
              "bowler": "CJ Erkelens",
              "non_striker": "F Song",
              "runs": {
                "batter": 1,
                "extras": 0,
                "total": 1
              }
            }
          ]
        },
        {
          "over": 6,
          "deliveries": [
            {
              "batter": "Huang Zhuo",
              "bowler": "CC van Slobbe",
              "non_striker": "F Song",
              "runs": {
                "batter": 0,
                "extras": 0,
                "total": 0
              }
            },
            {
              "batter": "Huang Zhuo",
              "bowler": "CC van Slobbe",
              "non_striker": "F Song",
              "runs": {
                "batter": 4,
                "extras": 0,
                "total": 4
              }
            },
            {
              "batter": "Huang Zhuo",
              "bowler": "CC van Slobbe",
              "non_striker": "F Song",
              "runs": {
                "batter": 1,
                "extras": 0,
                "total": 1
              }
            },
            {
              "batter": "F Song",
              "bowler": "CC van Slobbe",
              "non_striker": "Huang Zhuo",
              "runs": {
                "batter": 1,
                "extras": 0,
                "total": 1
              }
            },
            {
              "batter": "Huang Zhuo",
              "bowler": "CC van Slobbe",
              "non_striker": "F Song",
              "runs": {
                "batter": 0,
                "extras": 0,
                "total": 0
              }
            },
            {
              "batter": "Huang Zhuo",
              "bowler": "CC van Slobbe",
              "non_striker": "F Song",
              "runs": {
                "batter": 1,
                "extras": 0,
                "total": 1
              }
            }
          ]
        },
        {
          "over": 7,
          "deliveries": [
            {
              "batter": "Huang Zhuo",
              "bowler": "ELT de Lange",
              "non_striker": "F Song",
              "runs": {
                "batter": 0,
                "extras": 0,
                "total": 0
              }
            },
            {
              "batter": "Huang Zhuo",
              "bowler": "ELT de Lange",
              "non_striker": "F Song",
              "runs": {
                "batter": 1,
                "extras": 0,
                "total": 1
              }
            },
            {
              "batter": "F Song",
              "bowler": "ELT de Lange",
              "non_striker": "Huang Zhuo",
              "runs": {
                "batter": 0,
                "extras": 0,
                "total": 0
              }
            },
            {
              "batter": "F Song",
              "bowler": "ELT de Lange",
              "non_striker": "Huang Zhuo",
              "runs": {
                "batter": 4,
                "extras": 0,
                "total": 4
              }
            },
            {
              "batter": "F Song",
              "bowler": "ELT de Lange",
              "non_striker": "Huang Zhuo",
              "runs": {
                "batter": 1,
                "extras": 0,
                "total": 1
              }
            },
            {
              "batter": "Huang Zhuo",
              "bowler": "ELT de Lange",
              "non_striker": "F Song",
              "runs": {
                "batter": 0,
                "extras": 0,
                "total": 0
              }
            }
          ]
        },
        {
          "over": 8,
          "deliveries": [
            {
              "batter": "F Song",
              "bowler": "SL Kalis",
              "non_striker": "Huang Zhuo",
              "runs": {
                "batter": 1,
                "extras": 0,
                "total": 1
              }
            },
            {
              "batter": "Huang Zhuo",
              "bowler": "SL Kalis",
              "non_striker": "F Song",
              "runs": {
                "batter": 0,
                "extras": 0,
                "total": 0
              }
            },
            {
              "batter": "Huang Zhuo",
              "bowler": "SL Kalis",
              "extras": {
                "noballs": 1
              },
              "non_striker": "F Song",
              "runs": {
                "batter": 0,
                "extras": 1,
                "total": 1
              }
            },
            {
              "batter": "Huang Zhuo",
              "bowler": "SL Kalis",
              "non_striker": "F Song",
              "runs": {
                "batter": 1,
                "extras": 0,
                "total": 1
              }
            },
            {
              "batter": "F Song",
              "bowler": "SL Kalis",
              "non_striker": "Huang Zhuo",
              "runs": {
                "batter": 1,
                "extras": 0,
                "total": 1
              }
            },
            {
              "batter": "Huang Zhuo",
              "bowler": "SL Kalis",
              "non_striker": "F Song",
              "runs": {
                "batter": 1,
                "extras": 0,
                "total": 1
              }
            },
            {
              "batter": "F Song",
              "bowler": "SL Kalis",
              "non_striker": "Huang Zhuo",
              "runs": {
                "batter": 1,
                "extras": 0,
                "total": 1
              }
            }
          ]
        },
        {
          "over": 9,
          "deliveries": [
            {
              "batter": "F Song",
              "bowler": "ELT de Lange",
              "non_striker": "Huang Zhuo",
              "runs": {
                "batter": 1,
                "extras": 0,
                "total": 1
              }
            },
            {
              "batter": "Huang Zhuo",
              "bowler": "ELT de Lange",
              "non_striker": "F Song",
              "runs": {
                "batter": 1,
                "extras": 0,
                "total": 1
              }
            },
            {
              "batter": "F Song",
              "bowler": "ELT de Lange",
              "non_striker": "Huang Zhuo",
              "runs": {
                "batter": 0,
                "extras": 0,
                "total": 0
              }
            },
            {
              "batter": "F Song",
              "bowler": "ELT de Lange",
              "non_striker": "Huang Zhuo",
              "runs": {
                "batter": 0,
                "extras": 0,
                "total": 0
              }
            },
            {
              "batter": "F Song",
              "bowler": "ELT de Lange",
              "non_striker": "Huang Zhuo",
              "runs": {
                "batter": 1,
                "extras": 0,
                "total": 1
              }
            },
            {
              "batter": "Huang Zhuo",
              "bowler": "ELT de Lange",
              "non_striker": "F Song",
              "runs": {
                "batter": 0,
                "extras": 0,
                "total": 0
              }
            }
          ]
        },
        {
          "over": 10,
          "deliveries": [
            {
              "batter": "F Song",
              "bowler": "SL Kalis",
              "non_striker": "Huang Zhuo",
              "runs": {
                "batter": 0,
                "extras": 0,
                "total": 0
              },
              "wickets": [
                {
                  "kind": "lbw",
                  "player_out": "F Song"
                }
              ]
            },
            {
              "batter": "Wu Juan",
              "bowler": "SL Kalis",
              "non_striker": "Huang Zhuo",
              "runs": {
                "batter": 1,
                "extras": 0,
                "total": 1
              }
            },
            {
              "batter": "Huang Zhuo",
              "bowler": "SL Kalis",
              "non_striker": "Wu Juan",
              "runs": {
                "batter": 1,
                "extras": 0,
                "total": 1
              }
            },
            {
              "batter": "Wu Juan",
              "bowler": "SL Kalis",
              "extras": {
                "wides": 1
              },
              "non_striker": "Huang Zhuo",
              "runs": {
                "batter": 0,
                "extras": 1,
                "total": 1
              }
            },
            {
              "batter": "Wu Juan",
              "bowler": "SL Kalis",
              "non_striker": "Huang Zhuo",
              "runs": {
                "batter": 0,
                "extras": 0,
                "total": 0
              }
            },
            {
              "batter": "Wu Juan",
              "bowler": "SL Kalis",
              "extras": {
                "wides": 1
              },
              "non_striker": "Huang Zhuo",
              "runs": {
                "batter": 0,
                "extras": 1,
                "total": 1
              }
            },
            {
              "batter": "Wu Juan",
              "bowler": "SL Kalis",
              "non_striker": "Huang Zhuo",
              "runs": {
                "batter": 0,
                "extras": 0,
                "total": 0
              }
            },
            {
              "batter": "Wu Juan",
              "bowler": "SL Kalis",
              "non_striker": "Huang Zhuo",
              "runs": {
                "batter": 0,
                "extras": 0,
                "total": 0
              }
            }
          ]
        },
        {
          "over": 11,
          "deliveries": [
            {
              "batter": "Huang Zhuo",
              "bowler": "ELT de Lange",
              "non_striker": "Wu Juan",
              "runs": {
                "batter": 1,
                "extras": 0,
                "total": 1
              }
            },
            {
              "batter": "Wu Juan",
              "bowler": "ELT de Lange",
              "non_striker": "Huang Zhuo",
              "runs": {
                "batter": 1,
                "extras": 0,
                "total": 1
              }
            },
            {
              "batter": "Huang Zhuo",
              "bowler": "ELT de Lange",
              "non_striker": "Wu Juan",
              "runs": {
                "batter": 0,
                "extras": 0,
                "total": 0
              }
            },
            {
              "batter": "Huang Zhuo",
              "bowler": "ELT de Lange",
              "non_striker": "Wu Juan",
              "runs": {
                "batter": 1,
                "extras": 0,
                "total": 1
              }
            },
            {
              "batter": "Wu Juan",
              "bowler": "ELT de Lange",
              "non_striker": "Huang Zhuo",
              "runs": {
                "batter": 1,
                "extras": 0,
                "total": 1
              }
            },
            {
              "batter": "Huang Zhuo",
              "bowler": "ELT de Lange",
              "non_striker": "Wu Juan",
              "runs": {
                "batter": 1,
                "extras": 0,
                "total": 1
              }
            }
          ]
        },
        {
          "over": 12,
          "deliveries": [
            {
              "batter": "Huang Zhuo",
              "bowler": "L Klokgieters",
              "non_striker": "Wu Juan",
              "runs": {
                "batter": 1,
                "extras": 0,
                "total": 1
              }
            },
            {
              "batter": "Wu Juan",
              "bowler": "L Klokgieters",
              "non_striker": "Huang Zhuo",
              "runs": {
                "batter": 1,
                "extras": 0,
                "total": 1
              }
            },
            {
              "batter": "Huang Zhuo",
              "bowler": "L Klokgieters",
              "non_striker": "Wu Juan",
              "runs": {
                "batter": 0,
                "extras": 0,
                "total": 0
              }
            },
            {
              "batter": "Huang Zhuo",
              "bowler": "L Klokgieters",
              "non_striker": "Wu Juan",
              "runs": {
                "batter": 4,
                "extras": 0,
                "total": 4
              }
            },
            {
              "batter": "Huang Zhuo",
              "bowler": "L Klokgieters",
              "non_striker": "Wu Juan",
              "runs": {
                "batter": 0,
                "extras": 0,
                "total": 0
              }
            },
            {
              "batter": "Huang Zhuo",
              "bowler": "L Klokgieters",
              "non_striker": "Wu Juan",
              "runs": {
                "batter": 0,
                "extras": 0,
                "total": 0
              }
            }
          ]
        },
        {
          "over": 13,
          "deliveries": [
            {
              "batter": "Wu Juan",
              "bowler": "ELT de Lange",
              "non_striker": "Huang Zhuo",
              "runs": {
                "batter": 0,
                "extras": 0,
                "total": 0
              }
            },
            {
              "batter": "Wu Juan",
              "bowler": "ELT de Lange",
              "non_striker": "Huang Zhuo",
              "runs": {
                "batter": 1,
                "extras": 0,
                "total": 1
              }
            },
            {
              "batter": "Huang Zhuo",
              "bowler": "ELT de Lange",
              "non_striker": "Wu Juan",
              "runs": {
                "batter": 0,
                "extras": 0,
                "total": 0
              }
            },
            {
              "batter": "Huang Zhuo",
              "bowler": "ELT de Lange",
              "non_striker": "Wu Juan",
              "runs": {
                "batter": 0,
                "extras": 0,
                "total": 0
              }
            },
            {
              "batter": "Huang Zhuo",
              "bowler": "ELT de Lange",
              "non_striker": "Wu Juan",
              "runs": {
                "batter": 0,
                "extras": 0,
                "total": 0
              }
            },
            {
              "batter": "Huang Zhuo",
              "bowler": "ELT de Lange",
              "extras": {
                "legbyes": 1
              },
              "non_striker": "Wu Juan",
              "runs": {
                "batter": 0,
                "extras": 1,
                "total": 1
              }
            }
          ]
        },
        {
          "over": 14,
          "deliveries": [
            {
              "batter": "Huang Zhuo",
              "bowler": "M Veringmeier",
              "non_striker": "Wu Juan",
              "runs": {
                "batter": 0,
                "extras": 0,
                "total": 0
              }
            },
            {
              "batter": "Huang Zhuo",
              "bowler": "M Veringmeier",
              "non_striker": "Wu Juan",
              "runs": {
                "batter": 2,
                "extras": 0,
                "total": 2
              }
            },
            {
              "batter": "Huang Zhuo",
              "bowler": "M Veringmeier",
              "non_striker": "Wu Juan",
              "runs": {
                "batter": 0,
                "extras": 0,
                "total": 0
              }
            },
            {
              "batter": "Huang Zhuo",
              "bowler": "M Veringmeier",
              "non_striker": "Wu Juan",
              "runs": {
                "batter": 1,
                "extras": 0,
                "total": 1
              }
            },
            {
              "batter": "Wu Juan",
              "bowler": "M Veringmeier",
              "non_striker": "Huang Zhuo",
              "runs": {
                "batter": 0,
                "extras": 0,
                "total": 0
              }
            },
            {
              "batter": "Wu Juan",
              "bowler": "M Veringmeier",
              "extras": {
                "wides": 1
              },
              "non_striker": "Huang Zhuo",
              "runs": {
                "batter": 0,
                "extras": 1,
                "total": 1
              }
            },
            {
              "batter": "Wu Juan",
              "bowler": "M Veringmeier",
              "non_striker": "Huang Zhuo",
              "runs": {
                "batter": 1,
                "extras": 0,
                "total": 1
              }
            }
          ]
        },
        {
          "over": 15,
          "deliveries": [
            {
              "batter": "Wu Juan",
              "bowler": "CC van Slobbe",
              "extras": {
                "legbyes": 2
              },
              "non_striker": "Huang Zhuo",
              "runs": {
                "batter": 0,
                "extras": 2,
                "total": 2
              }
            },
            {
              "batter": "Wu Juan",
              "bowler": "CC van Slobbe",
              "non_striker": "Huang Zhuo",
              "runs": {
                "batter": 1,
                "extras": 0,
                "total": 1
              }
            },
            {
              "batter": "Huang Zhuo",
              "bowler": "CC van Slobbe",
              "non_striker": "Wu Juan",
              "runs": {
                "batter": 0,
                "extras": 0,
                "total": 0
              }
            },
            {
              "batter": "Huang Zhuo",
              "bowler": "CC van Slobbe",
              "non_striker": "Wu Juan",
              "runs": {
                "batter": 0,
                "extras": 0,
                "total": 0
              }
            },
            {
              "batter": "Huang Zhuo",
              "bowler": "CC van Slobbe",
              "non_striker": "Wu Juan",
              "runs": {
                "batter": 1,
                "extras": 0,
                "total": 1
              }
            },
            {
              "batter": "Wu Juan",
              "bowler": "CC van Slobbe",
              "non_striker": "Huang Zhuo",
              "runs": {
                "batter": 0,
                "extras": 0,
                "total": 0
              }
            }
          ]
        },
        {
          "over": 16,
          "deliveries": [
            {
              "batter": "Huang Zhuo",
              "bowler": "M Veringmeier",
              "non_striker": "Wu Juan",
              "runs": {
                "batter": 1,
                "extras": 0,
                "total": 1
              }
            },
            {
              "batter": "Wu Juan",
              "bowler": "M Veringmeier",
              "non_striker": "Huang Zhuo",
              "runs": {
                "batter": 2,
                "extras": 0,
                "total": 2
              }
            },
            {
              "batter": "Wu Juan",
              "bowler": "M Veringmeier",
              "non_striker": "Huang Zhuo",
              "runs": {
                "batter": 0,
                "extras": 0,
                "total": 0
              },
              "wickets": [
                {
                  "kind": "caught and bowled",
                  "player_out": "Wu Juan"
                }
              ]
            },
            {
              "batter": "C Yudian",
              "bowler": "M Veringmeier",
              "non_striker": "Huang Zhuo",
              "runs": {
                "batter": 4,
                "extras": 0,
                "total": 4
              }
            },
            {
              "batter": "C Yudian",
              "bowler": "M Veringmeier",
              "non_striker": "Huang Zhuo",
              "runs": {
                "batter": 0,
                "extras": 0,
                "total": 0
              }
            },
            {
              "batter": "C Yudian",
              "bowler": "M Veringmeier",
              "non_striker": "Huang Zhuo",
              "runs": {
                "batter": 4,
                "extras": 0,
                "total": 4
              }
            }
          ]
        },
        {
          "over": 17,
          "deliveries": [
            {
              "batter": "Huang Zhuo",
              "bowler": "HDJ Siegers",
              "non_striker": "C Yudian",
              "runs": {
                "batter": 0,
                "extras": 0,
                "total": 0
              }
            },
            {
              "batter": "Huang Zhuo",
              "bowler": "HDJ Siegers",
              "non_striker": "C Yudian",
              "runs": {
                "batter": 2,
                "extras": 0,
                "total": 2
              }
            },
            {
              "batter": "Huang Zhuo",
              "bowler": "HDJ Siegers",
              "non_striker": "C Yudian",
              "runs": {
                "batter": 0,
                "extras": 0,
                "total": 0
              }
            },
            {
              "batter": "Huang Zhuo",
              "bowler": "HDJ Siegers",
              "non_striker": "C Yudian",
              "runs": {
                "batter": 1,
                "extras": 0,
                "total": 1
              }
            },
            {
              "batter": "C Yudian",
              "bowler": "HDJ Siegers",
              "non_striker": "Huang Zhuo",
              "runs": {
                "batter": 1,
                "extras": 0,
                "total": 1
              }
            },
            {
              "batter": "Huang Zhuo",
              "bowler": "HDJ Siegers",
              "non_striker": "C Yudian",
              "runs": {
                "batter": 0,
                "extras": 0,
                "total": 0
              }
            }
          ]
        },
        {
          "over": 18,
          "deliveries": [
            {
              "batter": "C Yudian",
              "bowler": "L Klokgieters",
              "non_striker": "Huang Zhuo",
              "runs": {
                "batter": 1,
                "extras": 0,
                "total": 1
              }
            },
            {
              "batter": "Huang Zhuo",
              "bowler": "L Klokgieters",
              "non_striker": "C Yudian",
              "runs": {
                "batter": 2,
                "extras": 0,
                "total": 2
              }
            },
            {
              "batter": "Huang Zhuo",
              "bowler": "L Klokgieters",
              "non_striker": "C Yudian",
              "runs": {
                "batter": 1,
                "extras": 0,
                "total": 1
              }
            },
            {
              "batter": "C Yudian",
              "bowler": "L Klokgieters",
              "non_striker": "Huang Zhuo",
              "runs": {
                "batter": 5,
                "extras": 0,
                "total": 5
              }
            }
          ]
        }
      ],
      "powerplays": [
        {
          "from": 0.1,
          "to": 5.6,
          "type": "mandatory"
        }
      ],
      "target": {
        "overs": 20,
        "runs": 102
      }
    }
  ]
}