{
  "meta": {
    "data_version": "1.0.0",
    "created": "2015-12-07",
    "revision": 3
  },
  "info": {
    "balls_per_over": 6,
    "city": "Bangkok",
    "dates": [
      "2015-12-03"
    ],
    "event": {
      "name": "ICC Women's World Twenty20 Qualifier",
      "stage": "Shield Semi Final"
    },
    "gender": "female",
    "match_type": "IT20",
    "officials": {
      "match_referees": [
        "GF Labrooy"
      ],
      "reserve_umpires": [
        "DA Haggo"
      ],
      "umpires": [
        "N Morrison",
        "S Redfern"
      ]
    },
    "outcome": {
      "by": {
        "wickets": 1
      },
      "winner": "Papua New Guinea"
    },
    "overs": 20,
    "player_of_match": [
      "P Siaka"
    ],
    "players": {
      "Netherlands": [
        "M Veringmeier",
        "HDJ Siegers",
        "SL Kalis",
        "CC van Slobbe",
        "CG Steenstra Toussaint",
        "ELT de Lange",
        "J Post",
        "CJ Erkelens",
        "L Klokgieters",
        "B de Leede",
        "C Appel"
      ],
      "Papua New Guinea": [
        "N Ovasuru",
        "V Morea",
        "H Buruka",
        "T Ruma",
        "P Siaka",
        "S Jimmy",
        "V Frank",
        "K Arua",
        "B Tau",
        "R Oa",
        "K Seura"
      ]
    },
    "registry": {
      "people": {
        "B Tau": "3a6cbb8e",
        "B de Leede": "b3020075",
        "C Appel": "c06ae98e",
        "CC van Slobbe": "4eebb3e5",
        "CG Steenstra Toussaint": "6dde8e45",
        "CJ Erkelens": "9522a58e",
        "DA Haggo": "e6789a88",
        "ELT de Lange": "b4f38f95",
        "GF Labrooy": "8e088dbc",
        "H Buruka": "b1af4423",
        "HDJ Siegers": "6d48df01",
        "J Post": "b58b1ae5",
        "K Arua": "8ce69204",
        "K Seura": "7b800f9e",
        "L Klokgieters": "53c738ac",
        "M Veringmeier": "3733a317",
        "N Morrison": "4d6675ec",
        "N Ovasuru": "8d393040",
        "P Siaka": "595433d2",
        "R Oa": "dd468f06",
        "S Jimmy": "2daa8e40",
        "S Redfern": "5b038989",
        "SL Kalis": "2b150c6b",
        "T Ruma": "3697a0ff",
        "V Frank": "4f58d65d",
        "V Morea": "602652d1"
      }
    },
    "season": "2015/16",
    "team_type": "international",
    "teams": [
      "Netherlands",
      "Papua New Guinea"
    ],
    "toss": {
      "decision": "field",
      "winner": "Papua New Guinea"
    },
    "venue": "Asian Institute of Technology Ground"
  },
  "innings": [
    {
      "team": "Netherlands",
      "overs": [
        {
          "over": 0,
          "deliveries": [
            {
              "batter": "M Veringmeier",
              "bowler": "P Siaka",
              "non_striker": "HDJ Siegers",
              "runs": {
                "batter": 0,
                "extras": 0,
                "total": 0
              }
            },
            {
              "batter": "M Veringmeier",
              "bowler": "P Siaka",
              "non_striker": "HDJ Siegers",
              "runs": {
                "batter": 0,
                "extras": 0,
                "total": 0
              }
            },
            {
              "batter": "M Veringmeier",
              "bowler": "P Siaka",
              "non_striker": "HDJ Siegers",
              "runs": {
                "batter": 0,
                "extras": 0,
                "total": 0
              }
            },
            {
              "batter": "M Veringmeier",
              "bowler": "P Siaka",
              "non_striker": "HDJ Siegers",
              "runs": {
                "batter": 1,
                "extras": 0,
                "total": 1
              }
            },
            {
              "batter": "HDJ Siegers",
              "bowler": "P Siaka",
              "non_striker": "M Veringmeier",
              "runs": {
                "batter": 0,
                "extras": 0,
                "total": 0
              }
            },
            {
              "batter": "HDJ Siegers",
              "bowler": "P Siaka",
              "non_striker": "M Veringmeier",
              "runs": {
                "batter": 0,
                "extras": 0,
                "total": 0
              }
            }
          ]
        },
        {
          "over": 1,
          "deliveries": [
            {
              "batter": "M Veringmeier",
              "bowler": "K Seura",
              "non_striker": "HDJ Siegers",
              "runs": {
                "batter": 0,
                "extras": 0,
                "total": 0
              }
            },
            {
              "batter": "M Veringmeier",
              "bowler": "K Seura",
              "non_striker": "HDJ Siegers",
              "runs": {
                "batter": 0,
                "extras": 0,
                "total": 0
              }
            },
            {
              "batter": "M Veringmeier",
              "bowler": "K Seura",
              "non_striker": "HDJ Siegers",
              "runs": {
                "batter": 2,
                "extras": 0,
                "total": 2
              }
            },
            {
              "batter": "M Veringmeier",
              "bowler": "K Seura",
              "non_striker": "HDJ Siegers",
              "runs": {
                "batter": 4,
                "extras": 0,
                "total": 4
              }
            },
            {
              "batter": "M Veringmeier",
              "bowler": "K Seura",
              "non_striker": "HDJ Siegers",
              "runs": {
                "batter": 0,
                "extras": 0,
                "total": 0
              }
            },
            {
              "batter": "M Veringmeier",
              "bowler": "K Seura",
              "non_striker": "HDJ Siegers",
              "runs": {
                "batter": 4,
                "extras": 0,
                "total": 4
              }
            }
          ]
        },
        {
          "over": 2,
          "deliveries": [
            {
              "batter": "HDJ Siegers",
              "bowler": "P Siaka",
              "extras": {
                "legbyes": 1
              },
              "non_striker": "M Veringmeier",
              "runs": {
                "batter": 0,
                "extras": 1,
                "total": 1
              }
            },
            {
              "batter": "M Veringmeier",
              "bowler": "P Siaka",
              "non_striker": "HDJ Siegers",
              "runs": {
                "batter": 4,
                "extras": 0,
                "total": 4
              }
            },
            {
              "batter": "M Veringmeier",
              "bowler": "P Siaka",
              "non_striker": "HDJ Siegers",
              "runs": {
                "batter": 0,
                "extras": 0,
                "total": 0
              }
            },
            {
              "batter": "M Veringmeier",
              "bowler": "P Siaka",
              "non_striker": "HDJ Siegers",
              "runs": {
                "batter": 0,
                "extras": 0,
                "total": 0
              }
            },
            {
              "batter": "M Veringmeier",
              "bowler": "P Siaka",
              "non_striker": "HDJ Siegers",
              "runs": {
                "batter": 1,
                "extras": 0,
                "total": 1
              }
            },
            {
              "batter": "HDJ Siegers",
              "bowler": "P Siaka",
              "non_striker": "M Veringmeier",
              "runs": {
                "batter": 0,
                "extras": 0,
                "total": 0
              }
            }
          ]
        },
        {
          "over": 3,
          "deliveries": [
            {
              "batter": "M Veringmeier",
              "bowler": "V Frank",
              "extras": {
                "wides": 1
              },
              "non_striker": "HDJ Siegers",
              "runs": {
                "batter": 0,
                "extras": 1,
                "total": 1
              }
            },
            {
              "batter": "M Veringmeier",
              "bowler": "V Frank",
              "non_striker": "HDJ Siegers",
              "runs": {
                "batter": 1,
                "extras": 0,
                "total": 1
              }
            },
            {
              "batter": "HDJ Siegers",
              "bowler": "V Frank",
              "non_striker": "M Veringmeier",
              "runs": {
                "batter": 0,
                "extras": 0,
                "total": 0
              }
            },
            {
              "batter": "HDJ Siegers",
              "bowler": "V Frank",
              "non_striker": "M Veringmeier",
              "runs": {
                "batter": 1,
                "extras": 0,
                "total": 1
              }
            },
            {
              "batter": "M Veringmeier",
              "bowler": "V Frank",
              "non_striker": "HDJ Siegers",
              "runs": {
                "batter": 2,
                "extras": 0,
                "total": 2
              }
            },
            {
              "batter": "M Veringmeier",
              "bowler": "V Frank",
              "non_striker": "HDJ Siegers",
              "runs": {
                "batter": 4,
                "extras": 0,
                "total": 4
              }
            },
            {
              "batter": "M Veringmeier",
              "bowler": "V Frank",
              "non_striker": "HDJ Siegers",
              "runs": {
                "batter": 1,
                "extras": 0,
                "total": 1
              }
            }
          ]
        },
        {
          "over": 4,
          "deliveries": [
            {
              "batter": "M Veringmeier",
              "bowler": "N Ovasuru",
              "non_striker": "HDJ Siegers",
              "runs": {
                "batter": 1,
                "extras": 0,
                "total": 1
              }
            },
            {
              "batter": "HDJ Siegers",
              "bowler": "N Ovasuru",
              "non_striker": "M Veringmeier",
              "runs": {
                "batter": 2,
                "extras": 0,
                "total": 2
              }
            },
            {
              "batter": "HDJ Siegers",
              "bowler": "N Ovasuru",
              "non_striker": "M Veringmeier",
              "runs": {
                "batter": 1,
                "extras": 0,
                "total": 1
              }
            },
            {
              "batter": "M Veringmeier",
              "bowler": "N Ovasuru",
              "non_striker": "HDJ Siegers",
              "runs": {
                "batter": 0,
                "extras": 0,
                "total": 0
              },
              "wickets": [
                {
                  "kind": "caught",
                  "player_out": "M Veringmeier",
                  "fielders": [
                    {
                      "name": "R Oa"
                    }
                  ]
                }
              ]
            },
            {
              "batter": "SL Kalis",
              "bowler": "N Ovasuru",
              "non_striker": "HDJ Siegers",
              "runs": {
                "batter": 0,
                "extras": 0,
                "total": 0
              }
            },
            {
              "batter": "SL Kalis",
              "bowler": "N Ovasuru",
              "non_striker": "HDJ Siegers",
              "runs": {
                "batter": 0,
                "extras": 0,
                "total": 0
              }
            }
          ]
        },
        {
          "over": 5,
          "deliveries": [
            {
              "batter": "HDJ Siegers",
              "bowler": "K Arua",
              "non_striker": "SL Kalis",
              "runs": {
                "batter": 0,
                "extras": 0,
                "total": 0
              }
            },
            {
              "batter": "HDJ Siegers",
              "bowler": "K Arua",
              "extras": {
                "noballs": 1
              },
              "non_striker": "SL Kalis",
              "runs": {
                "batter": 2,
                "extras": 1,
                "total": 3
              }
            },
            {
              "batter": "HDJ Siegers",
              "bowler": "K Arua",
              "non_striker": "SL Kalis",
              "runs": {
                "batter": 4,
                "extras": 0,
                "total": 4
              }
            },
            {
              "batter": "HDJ Siegers",
              "bowler": "K Arua",
              "non_striker": "SL Kalis",
              "runs": {
                "batter": 1,
                "extras": 0,
                "total": 1
              }
            },
            {
              "batter": "SL Kalis",
              "bowler": "K Arua",
              "non_striker": "HDJ Siegers",
              "runs": {
                "batter": 0,
                "extras": 0,
                "total": 0
              }
            },
            {
              "batter": "SL Kalis",
              "bowler": "K Arua",
              "non_striker": "HDJ Siegers",
              "runs": {
                "batter": 0,
                "extras": 0,
                "total": 0
              }
            },
            {
              "batter": "SL Kalis",
              "bowler": "K Arua",
              "non_striker": "HDJ Siegers",
              "runs": {
                "batter": 0,
                "extras": 0,
                "total": 0
              }
            }
          ]
        },
        {
          "over": 6,
          "deliveries": [
            {
              "batter": "HDJ Siegers",
              "bowler": "N Ovasuru",
              "non_striker": "SL Kalis",
              "runs": {
                "batter": 1,
                "extras": 0,
                "total": 1
              }
            },
            {
              "batter": "SL Kalis",
              "bowler": "N Ovasuru",
              "non_striker": "HDJ Siegers",
              "runs": {
                "batter": 1,
                "extras": 0,
                "total": 1
              }
            },
            {
              "batter": "HDJ Siegers",
              "bowler": "N Ovasuru",
              "non_striker": "SL Kalis",
              "runs": {
                "batter": 0,
                "extras": 0,
                "total": 0
              }
            },
            {
              "batter": "HDJ Siegers",
              "bowler": "N Ovasuru",
              "non_striker": "SL Kalis",
              "runs": {
                "batter": 0,
                "extras": 0,
                "total": 0
              }
            },
            {
              "batter": "HDJ Siegers",
              "bowler": "N Ovasuru",
              "non_striker": "SL Kalis",
              "runs": {
                "batter": 0,
                "extras": 0,
                "total": 0
              }
            },
            {
              "batter": "HDJ Siegers",
              "bowler": "N Ovasuru",
              "non_striker": "SL Kalis",
              "runs": {
                "batter": 4,
                "extras": 0,
                "total": 4
              }
            }
          ]
        },
        {
          "over": 7,
          "deliveries": [
            {
              "batter": "SL Kalis",
              "bowler": "K Arua",
              "non_striker": "HDJ Siegers",
              "runs": {
                "batter": 0,
                "extras": 0,
                "total": 0
              }
            },
            {
              "batter": "SL Kalis",
              "bowler": "K Arua",
              "non_striker": "HDJ Siegers",
              "runs": {
                "batter": 1,
                "extras": 0,
                "total": 1
              }
            },
            {
              "batter": "HDJ Siegers",
              "bowler": "K Arua",
              "non_striker": "SL Kalis",
              "runs": {
                "batter": 0,
                "extras": 0,
                "total": 0
              }
            },
            {
              "batter": "HDJ Siegers",
              "bowler": "K Arua",
              "non_striker": "SL Kalis",
              "runs": {
                "batter": 0,
                "extras": 0,
                "total": 0
              },
              "wickets": [
                {
                  "kind": "stumped",
                  "player_out": "HDJ Siegers",
                  "fielders": [
                    {
                      "name": "H Buruka"
                    }
                  ]
                }
              ]
            },
            {
              "batter": "CC van Slobbe",
              "bowler": "K Arua",
              "non_striker": "SL Kalis",
              "runs": {
                "batter": 0,
                "extras": 0,
                "total": 0
              }
            },
            {
              "batter": "CC van Slobbe",
              "bowler": "K Arua",
              "non_striker": "SL Kalis",
              "runs": {
                "batter": 0,
                "extras": 0,
                "total": 0
              }
            }
          ]
        },
        {
          "over": 8,
          "deliveries": [
            {
              "batter": "SL Kalis",
              "bowler": "N Ovasuru",
              "non_striker": "CC van Slobbe",
              "runs": {
                "batter": 1,
                "extras": 0,
                "total": 1
              }
            },
            {
              "batter": "CC van Slobbe",
              "bowler": "N Ovasuru",
              "non_striker": "SL Kalis",
              "runs": {
                "batter": 0,
                "extras": 0,
                "total": 0
              }
            },
            {
              "batter": "CC van Slobbe",
              "bowler": "N Ovasuru",
              "non_striker": "SL Kalis",
              "runs": {
                "batter": 0,
                "extras": 0,
                "total": 0
              }
            },
            {
              "batter": "CC van Slobbe",
              "bowler": "N Ovasuru",
              "extras": {
                "wides": 3
              },
              "non_striker": "SL Kalis",
              "runs": {
                "batter": 0,
                "extras": 3,
                "total": 3
              }
            },
            {
              "batter": "CC van Slobbe",
              "bowler": "N Ovasuru",
              "non_striker": "SL Kalis",
              "runs": {
                "batter": 0,
                "extras": 0,
                "total": 0
              }
            },
            {
              "batter": "CC van Slobbe",
              "bowler": "N Ovasuru",
              "non_striker": "SL Kalis",
              "runs": {
                "batter": 0,
                "extras": 0,
                "total": 0
              }
            },
            {
              "batter": "CC van Slobbe",
              "bowler": "N Ovasuru",
              "non_striker": "SL Kalis",
              "runs": {
                "batter": 1,
                "extras": 0,
                "total": 1
              }
            }
          ]
        },
        {
          "over": 9,
          "deliveries": [
            {
              "batter": "CC van Slobbe",
              "bowler": "K Arua",
              "non_striker": "SL Kalis",
              "runs": {
                "batter": 2,
                "extras": 0,
                "total": 2
              }
            },
            {
              "batter": "CC van Slobbe",
              "bowler": "K Arua",
              "non_striker": "SL Kalis",
              "runs": {
                "batter": 1,
                "extras": 0,
                "total": 1
              }
            },
            {
              "batter": "SL Kalis",
              "bowler": "K Arua",
              "non_striker": "CC van Slobbe",
              "runs": {
                "batter": 0,
                "extras": 0,
                "total": 0
              }
            },
            {
              "batter": "SL Kalis",
              "bowler": "K Arua",
              "non_striker": "CC van Slobbe",
              "runs": {
                "batter": 1,
                "extras": 0,
                "total": 1
              }
            },
            {
              "batter": "CC van Slobbe",
              "bowler": "K Arua",
              "non_striker": "SL Kalis",
              "runs": {
                "batter": 0,
                "extras": 0,
                "total": 0
              },
              "wickets": [
                {
                  "kind": "run out",
                  "player_out": "CC van Slobbe",
                  "fielders": [
                    {
                      "name": "S Jimmy"
                    },
                    {
                      "name": "H Buruka"
                    }
                  ]
                }
              ]
            },
            {
              "batter": "CG Steenstra Toussaint",
              "bowler": "K Arua",
              "non_striker": "SL Kalis",
              "runs": {
                "batter": 0,
                "extras": 0,
                "total": 0
              }
            }
          ]
        },
        {
          "over": 10,
          "deliveries": [
            {
              "batter": "SL Kalis",
              "bowler": "S Jimmy",
              "non_striker": "CG Steenstra Toussaint",
              "runs": {
                "batter": 0,
                "extras": 0,
                "total": 0
              }
            },
            {
              "batter": "SL Kalis",
              "bowler": "S Jimmy",
              "non_striker": "CG Steenstra Toussaint",
              "runs": {
                "batter": 0,
                "extras": 0,
                "total": 0
              }
            },
            {
              "batter": "SL Kalis",
              "bowler": "S Jimmy",
              "non_striker": "CG Steenstra Toussaint",
              "runs": {
                "batter": 1,
                "extras": 0,
                "total": 1
              }
            },
            {
              "batter": "CG Steenstra Toussaint",
              "bowler": "S Jimmy",
              "non_striker": "SL Kalis",
              "runs": {
                "batter": 2,
                "extras": 0,
                "total": 2
              }
            },
            {
              "batter": "CG Steenstra Toussaint",
              "bowler": "S Jimmy",
              "non_striker": "SL Kalis",
              "runs": {
                "batter": 0,
                "extras": 0,
                "total": 0
              }
            },
            {
              "batter": "CG Steenstra Toussaint",
              "bowler": "S Jimmy",
              "non_striker": "SL Kalis",
              "runs": {
                "batter": 0,
                "extras": 0,
                "total": 0
              }
            }
          ]
        },
        {
          "over": 11,
          "deliveries": [
            {
              "batter": "SL Kalis",
              "bowler": "K Arua",
              "non_striker": "CG Steenstra Toussaint",
              "runs": {
                "batter": 1,
                "extras": 0,
                "total": 1
              }
            },
            {
              "batter": "CG Steenstra Toussaint",
              "bowler": "K Arua",
              "non_striker": "SL Kalis",
              "runs": {
                "batter": 0,
                "extras": 0,
                "total": 0
              }
            },
            {
              "batter": "CG Steenstra Toussaint",
              "bowler": "K Arua",
              "non_striker": "SL Kalis",
              "runs": {
                "batter": 0,
                "extras": 0,
                "total": 0
              }
            },
            {
              "batter": "CG Steenstra Toussaint",
              "bowler": "K Arua",
              "non_striker": "SL Kalis",
              "runs": {
                "batter": 1,
                "extras": 0,
                "total": 1
              }
            },
            {
              "batter": "SL Kalis",
              "bowler": "K Arua",
              "non_striker": "CG Steenstra Toussaint",
              "runs": {
                "batter": 0,
                "extras": 0,
                "total": 0
              }
            },
            {
              "batter": "SL Kalis",
              "bowler": "K Arua",
              "non_striker": "CG Steenstra Toussaint",
              "runs": {
                "batter": 1,
                "extras": 0,
                "total": 1
              }
            }
          ]
        },
        {
          "over": 12,
          "deliveries": [
            {
              "batter": "SL Kalis",
              "bowler": "S Jimmy",
              "non_striker": "CG Steenstra Toussaint",
              "runs": {
                "batter": 0,
                "extras": 0,
                "total": 0
              }
            },
            {
              "batter": "SL Kalis",
              "bowler": "S Jimmy",
              "non_striker": "CG Steenstra Toussaint",
              "runs": {
                "batter": 1,
                "extras": 0,
                "total": 1
              }
            },
            {
              "batter": "CG Steenstra Toussaint",
              "bowler": "S Jimmy",
              "non_striker": "SL Kalis",
              "runs": {
                "batter": 0,
                "extras": 0,
                "total": 0
              }
            },
            {
              "batter": "CG Steenstra Toussaint",
              "bowler": "S Jimmy",
              "extras": {
                "wides": 1
              },
              "non_striker": "SL Kalis",
              "runs": {
                "batter": 0,
                "extras": 1,
                "total": 1
              }
            },
            {
              "batter": "CG Steenstra Toussaint",
              "bowler": "S Jimmy",
              "non_striker": "SL Kalis",
              "runs": {
                "batter": 4,
                "extras": 0,
                "total": 4
              }
            },
            {
              "batter": "CG Steenstra Toussaint",
              "bowler": "S Jimmy",
              "non_striker": "SL Kalis",
              "runs": {
                "batter": 0,
                "extras": 0,
                "total": 0
              }
            },
            {
              "batter": "CG Steenstra Toussaint",
              "bowler": "S Jimmy",
              "non_striker": "SL Kalis",
              "runs": {
                "batter": 0,
                "extras": 0,
                "total": 0
              }
            }
          ]
        },
        {
          "over": 13,
          "deliveries": [
            {
              "batter": "SL Kalis",
              "bowler": "R Oa",
              "non_striker": "CG Steenstra Toussaint",
              "runs": {
                "batter": 1,
                "extras": 0,
                "total": 1
              }
            },
            {
              "batter": "CG Steenstra Toussaint",
              "bowler": "R Oa",
              "extras": {
                "wides": 1
              },
              "non_striker": "SL Kalis",
              "runs": {
                "batter": 0,
                "extras": 1,
                "total": 1
              }
            },
            {
              "batter": "CG Steenstra Toussaint",
              "bowler": "R Oa",
              "non_striker": "SL Kalis",
              "runs": {
                "batter": 1,
                "extras": 0,
                "total": 1
              }
            },
            {
              "batter": "SL Kalis",
              "bowler": "R Oa",
              "non_striker": "CG Steenstra Toussaint",
              "runs": {
                "batter": 1,
                "extras": 0,
                "total": 1
              }
            },
            {
              "batter": "CG Steenstra Toussaint",
              "bowler": "R Oa",
              "non_striker": "SL Kalis",
              "runs": {
                "batter": 1,
                "extras": 0,
                "total": 1
              }
            },
            {
              "batter": "SL Kalis",
              "bowler": "R Oa",
              "non_striker": "CG Steenstra Toussaint",
              "runs": {
                "batter": 0,
                "extras": 0,
                "total": 0
              }
            },
            {
              "batter": "SL Kalis",
              "bowler": "R Oa",
              "extras": {
                "legbyes": 1
              },
              "non_striker": "CG Steenstra Toussaint",
              "runs": {
                "batter": 0,
                "extras": 1,
                "total": 1
              }
            }
          ]
        },
        {
          "over": 14,
          "deliveries": [
            {
              "batter": "SL Kalis",
              "bowler": "B Tau",
              "non_striker": "CG Steenstra Toussaint",
              "runs": {
                "batter": 2,
                "extras": 0,
                "total": 2
              }
            },
            {
              "batter": "SL Kalis",
              "bowler": "B Tau",
              "non_striker": "CG Steenstra Toussaint",
              "runs": {
                "batter": 0,
                "extras": 0,
                "total": 0
              }
            },
            {
              "batter": "SL Kalis",
              "bowler": "B Tau",
              "non_striker": "CG Steenstra Toussaint",
              "runs": {
                "batter": 0,
                "extras": 0,
                "total": 0
              }
            },
            {
              "batter": "SL Kalis",
              "bowler": "B Tau",
              "non_striker": "CG Steenstra Toussaint",
              "runs": {
                "batter": 1,
                "extras": 0,
                "total": 1
              }
            },
            {
              "batter": "CG Steenstra Toussaint",
              "bowler": "B Tau",
              "non_striker": "SL Kalis",
              "runs": {
                "batter": 0,
                "extras": 0,
                "total": 0
              }
            },
            {
              "batter": "CG Steenstra Toussaint",
              "bowler": "B Tau",
              "non_striker": "SL Kalis",
              "runs": {
                "batter": 0,
                "extras": 0,
                "total": 0
              }
            }
          ]
        },
        {
          "over": 15,
          "deliveries": [
            {
              "batter": "SL Kalis",
              "bowler": "R Oa",
              "non_striker": "CG Steenstra Toussaint",
              "runs": {
                "batter": 0,
                "extras": 0,
                "total": 0
              }
            },
            {
              "batter": "SL Kalis",
              "bowler": "R Oa",
              "non_striker": "CG Steenstra Toussaint",
              "runs": {
                "batter": 0,
                "extras": 0,
                "total": 0
              }
            },
            {
              "batter": "SL Kalis",
              "bowler": "R Oa",
              "non_striker": "CG Steenstra Toussaint",
              "runs": {
                "batter": 4,
                "extras": 0,
                "total": 4
              }
            },
            {
              "batter": "SL Kalis",
              "bowler": "R Oa",
              "non_striker": "CG Steenstra Toussaint",
              "runs": {
                "batter": 0,
                "extras": 0,
                "total": 0
              }
            },
            {
              "batter": "SL Kalis",
              "bowler": "R Oa",
              "non_striker": "CG Steenstra Toussaint",
              "runs": {
                "batter": 1,
                "extras": 0,
                "total": 1
              }
            },
            {
              "batter": "CG Steenstra Toussaint",
              "bowler": "R Oa",
              "non_striker": "SL Kalis",
              "runs": {
                "batter": 0,
                "extras": 0,
                "total": 0
              },
              "wickets": [
                {
                  "kind": "bowled",
                  "player_out": "CG Steenstra Toussaint"
                }
              ]
            }
          ]
        },
        {
          "over": 16,
          "deliveries": [
            {
              "batter": "SL Kalis",
              "bowler": "S Jimmy",
              "non_striker": "ELT de Lange",
              "runs": {
                "batter": 0,
                "extras": 0,
                "total": 0
              }
            },
            {
              "batter": "SL Kalis",
              "bowler": "S Jimmy",
              "non_striker": "ELT de Lange",
              "runs": {
                "batter": 0,
                "extras": 0,
                "total": 0
              }
            },
            {
              "batter": "SL Kalis",
              "bowler": "S Jimmy",
              "non_striker": "ELT de Lange",
              "runs": {
                "batter": 2,
                "extras": 0,
                "total": 2
              }
            },
            {
              "batter": "SL Kalis",
              "bowler": "S Jimmy",
              "non_striker": "ELT de Lange",
              "runs": {
                "batter": 0,
                "extras": 0,
                "total": 0
              }
            },
            {
              "batter": "SL Kalis",
              "bowler": "S Jimmy",
              "non_striker": "ELT de Lange",
              "runs": {
                "batter": 0,
                "extras": 0,
                "total": 0
              }
            },
            {
              "batter": "SL Kalis",
              "bowler": "S Jimmy",
              "non_striker": "ELT de Lange",
              "runs": {
                "batter": 0,
                "extras": 0,
                "total": 0
              }
            }
          ]
        },
        {
          "over": 17,
          "deliveries": [
            {
              "batter": "ELT de Lange",
              "bowler": "R Oa",
              "non_striker": "SL Kalis",
              "runs": {
                "batter": 0,
                "extras": 0,
                "total": 0
              }
            },
            {
              "batter": "ELT de Lange",
              "bowler": "R Oa",
              "non_striker": "SL Kalis",
              "runs": {
                "batter": 0,
                "extras": 0,
                "total": 0
              }
            },
            {
              "batter": "ELT de Lange",
              "bowler": "R Oa",
              "non_striker": "SL Kalis",
              "runs": {
                "batter": 1,
                "extras": 0,
                "total": 1
              }
            },
            {
              "batter": "SL Kalis",
              "bowler": "R Oa",
              "non_striker": "ELT de Lange",
              "runs": {
                "batter": 2,
                "extras": 0,
                "total": 2
              }
            },
            {
              "batter": "SL Kalis",
              "bowler": "R Oa",
              "extras": {
                "noballs": 1
              },
              "non_striker": "ELT de Lange",
              "runs": {
                "batter": 0,
                "extras": 1,
                "total": 1
              }
            },
            {
              "batter": "SL Kalis",
              "bowler": "R Oa",
              "non_striker": "ELT de Lange",
              "runs": {
                "batter": 2,
                "extras": 0,
                "total": 2
              }
            },
            {
              "batter": "SL Kalis",
              "bowler": "R Oa",
              "non_striker": "ELT de Lange",
              "runs": {
                "batter": 1,
                "extras": 0,
                "total": 1
              }
            }
          ]
        },
        {
          "over": 18,
          "deliveries": [
            {
              "batter": "SL Kalis",
              "bowler": "P Siaka",
              "non_striker": "ELT de Lange",
              "runs": {
                "batter": 1,
                "extras": 0,
                "total": 1
              }
            },
            {
              "batter": "ELT de Lange",
              "bowler": "P Siaka",
              "non_striker": "SL Kalis",
              "runs": {
                "batter": 0,
                "extras": 0,
                "total": 0
              }
            },
            {
              "batter": "ELT de Lange",
              "bowler": "P Siaka",
              "non_striker": "SL Kalis",
              "runs": {
                "batter": 2,
                "extras": 0,
                "total": 2
              }
            },
            {
              "batter": "ELT de Lange",
              "bowler": "P Siaka",
              "non_striker": "SL Kalis",
              "runs": {
                "batter": 0,
                "extras": 0,
                "total": 0
              }
            },
            {
              "batter": "ELT de Lange",
              "bowler": "P Siaka",
              "non_striker": "SL Kalis",
              "runs": {
                "batter": 1,
                "extras": 0,
                "total": 1
              }
            },
            {
              "batter": "SL Kalis",
              "bowler": "P Siaka",
              "non_striker": "ELT de Lange",
              "runs": {
                "batter": 2,
                "extras": 0,
                "total": 2
              }
            }
          ]
        },
        {
          "over": 19,
          "deliveries": [
            {
              "batter": "ELT de Lange",
              "bowler": "V Frank",
              "non_striker": "SL Kalis",
              "runs": {
                "batter": 0,
                "extras": 0,
                "total": 0
              }
            },
            {
              "batter": "ELT de Lange",
              "bowler": "V Frank",
              "non_striker": "SL Kalis",
              "runs": {
                "batter": 1,
                "extras": 0,
                "total": 1
              }
            },
            {
              "batter": "SL Kalis",
              "bowler": "V Frank",
              "non_striker": "ELT de Lange",
              "runs": {
                "batter": 1,
                "extras": 0,
                "total": 1
              }
            },
            {
              "batter": "ELT de Lange",
              "bowler": "V Frank",
              "non_striker": "SL Kalis",
              "runs": {
                "batter": 2,
                "extras": 0,
                "total": 2
              }
            },
            {
              "batter": "ELT de Lange",
              "bowler": "V Frank",
              "non_striker": "SL Kalis",
              "runs": {
                "batter": 1,
                "extras": 0,
                "total": 1
              }
            },
            {
              "batter": "SL Kalis",
              "bowler": "V Frank",
              "non_striker": "ELT de Lange",
              "runs": {
                "batter": 4,
                "extras": 0,
                "total": 4
              }
            }
          ]
        }
      ],
      "powerplays": [
        {
          "from": 0.1,
          "to": 5.7,
          "type": "mandatory"
        }
      ]
    },
    {
      "team": "Papua New Guinea",
      "overs": [
        {
          "over": 0,
          "deliveries": [
            {
              "batter": "N Ovasuru",
              "bowler": "L Klokgieters",
              "non_striker": "V Morea",
              "runs": {
                "batter": 0,
                "extras": 0,
                "total": 0
              }
            },
            {
              "batter": "N Ovasuru",
              "bowler": "L Klokgieters",
              "non_striker": "V Morea",
              "runs": {
                "batter": 2,
                "extras": 0,
                "total": 2
              }
            },
            {
              "batter": "N Ovasuru",
              "bowler": "L Klokgieters",
              "non_striker": "V Morea",
              "runs": {
                "batter": 0,
                "extras": 0,
                "total": 0
              }
            },
            {
              "batter": "N Ovasuru",
              "bowler": "L Klokgieters",
              "non_striker": "V Morea",
              "runs": {
                "batter": 0,
                "extras": 0,
                "total": 0
              },
              "wickets": [
                {
                  "kind": "caught and bowled",
                  "player_out": "N Ovasuru"
                }
              ]
            },
            {
              "batter": "H Buruka",
              "bowler": "L Klokgieters",
              "non_striker": "V Morea",
              "runs": {
                "batter": 0,
                "extras": 0,
                "total": 0
              }
            },
            {
              "batter": "H Buruka",
              "bowler": "L Klokgieters",
              "non_striker": "V Morea",
              "runs": {
                "batter": 0,
                "extras": 0,
                "total": 0
              }
            }
          ]
        },
        {
          "over": 1,
          "deliveries": [
            {
              "batter": "V Morea",
              "bowler": "HDJ Siegers",
              "non_striker": "H Buruka",
              "runs": {
                "batter": 0,
                "extras": 0,
                "total": 0
              }
            },
            {
              "batter": "V Morea",
              "bowler": "HDJ Siegers",
              "non_striker": "H Buruka",
              "runs": {
                "batter": 0,
                "extras": 0,
                "total": 0
              }
            },
            {
              "batter": "V Morea",
              "bowler": "HDJ Siegers",
              "non_striker": "H Buruka",
              "runs": {
                "batter": 0,
                "extras": 0,
                "total": 0
              }
            },
            {
              "batter": "V Morea",
              "bowler": "HDJ Siegers",
              "non_striker": "H Buruka",
              "runs": {
                "batter": 0,
                "extras": 0,
                "total": 0
              }
            },
            {
              "batter": "V Morea",
              "bowler": "HDJ Siegers",
              "non_striker": "H Buruka",
              "runs": {
                "batter": 0,
                "extras": 0,
                "total": 0
              }
            },
            {
              "batter": "V Morea",
              "bowler": "HDJ Siegers",
              "non_striker": "H Buruka",
              "runs": {
                "batter": 0,
                "extras": 0,
                "total": 0
              },
              "wickets": [
                {
                  "kind": "caught",
                  "player_out": "V Morea",
                  "fielders": [
                    {
                      "name": "M Veringmeier"
                    }
                  ]
                }
              ]
            }
          ]
        },
        {
          "over": 2,
          "deliveries": [
            {
              "batter": "H Buruka",
              "bowler": "L Klokgieters",
              "non_striker": "T Ruma",
              "runs": {
                "batter": 0,
                "extras": 0,
                "total": 0
              }
            },
            {
              "batter": "H Buruka",
              "bowler": "L Klokgieters",
              "non_striker": "T Ruma",
              "runs": {
                "batter": 1,
                "extras": 0,
                "total": 1
              }
            },
            {
              "batter": "T Ruma",
              "bowler": "L Klokgieters",
              "non_striker": "H Buruka",
              "runs": {
                "batter": 2,
                "extras": 0,
                "total": 2
              }
            },
            {
              "batter": "T Ruma",
              "bowler": "L Klokgieters",
              "non_striker": "H Buruka",
              "runs": {
                "batter": 0,
                "extras": 0,
                "total": 0
              }
            },
            {
              "batter": "T Ruma",
              "bowler": "L Klokgieters",
              "non_striker": "H Buruka",
              "runs": {
                "batter": 0,
                "extras": 0,
                "total": 0
              },
              "wickets": [
                {
                  "kind": "caught and bowled",
                  "player_out": "T Ruma"
                }
              ]
            },
            {
              "batter": "P Siaka",
              "bowler": "L Klokgieters",
              "non_striker": "H Buruka",
              "runs": {
                "batter": 0,
                "extras": 0,
                "total": 0
              }
            }
          ]
        },
        {
          "over": 3,
          "deliveries": [
            {
              "batter": "H Buruka",
              "bowler": "HDJ Siegers",
              "extras": {
                "wides": 1
              },
              "non_striker": "P Siaka",
              "runs": {
                "batter": 0,
                "extras": 1,
                "total": 1
              }
            },
            {
              "batter": "H Buruka",
              "bowler": "HDJ Siegers",
              "non_striker": "P Siaka",
              "runs": {
                "batter": 0,
                "extras": 0,
                "total": 0
              }
            },
            {
              "batter": "H Buruka",
              "bowler": "HDJ Siegers",
              "non_striker": "P Siaka",
              "runs": {
                "batter": 0,
                "extras": 0,
                "total": 0
              }
            },
            {
              "batter": "H Buruka",
              "bowler": "HDJ Siegers",
              "non_striker": "P Siaka",
              "runs": {
                "batter": 0,
                "extras": 0,
                "total": 0
              }
            },
            {
              "batter": "H Buruka",
              "bowler": "HDJ Siegers",
              "non_striker": "P Siaka",
              "runs": {
                "batter": 0,
                "extras": 0,
                "total": 0
              }
            },
            {
              "batter": "H Buruka",
              "bowler": "HDJ Siegers",
              "non_striker": "P Siaka",
              "runs": {
                "batter": 2,
                "extras": 0,
                "total": 2
              }
            },
            {
              "batter": "H Buruka",
              "bowler": "HDJ Siegers",
              "non_striker": "P Siaka",
              "runs": {
                "batter": 0,
                "extras": 0,
                "total": 0
              }
            }
          ]
        },
        {
          "over": 4,
          "deliveries": [
            {
              "batter": "P Siaka",
              "bowler": "CC van Slobbe",
              "non_striker": "H Buruka",
              "runs": {
                "batter": 4,
                "extras": 0,
                "total": 4
              }
            },
            {
              "batter": "P Siaka",
              "bowler": "CC van Slobbe",
              "non_striker": "H Buruka",
              "runs": {
                "batter": 4,
                "extras": 0,
                "total": 4
              }
            },
            {
              "batter": "P Siaka",
              "bowler": "CC van Slobbe",
              "non_striker": "H Buruka",
              "runs": {
                "batter": 0,
                "extras": 0,
                "total": 0
              }
            },
            {
              "batter": "P Siaka",
              "bowler": "CC van Slobbe",
              "non_striker": "H Buruka",
              "runs": {
                "batter": 1,
                "extras": 0,
                "total": 1
              }
            },
            {
              "batter": "H Buruka",
              "bowler": "CC van Slobbe",
              "non_striker": "P Siaka",
              "runs": {
                "batter": 0,
                "extras": 0,
                "total": 0
              },
              "wickets": [
                {
                  "kind": "lbw",
                  "player_out": "H Buruka"
                }
              ]
            },
            {
              "batter": "S Jimmy",
              "bowler": "CC van Slobbe",
              "non_striker": "P Siaka",
              "runs": {
                "batter": 1,
                "extras": 0,
                "total": 1
              }
            }
          ]
        },
        {
          "over": 5,
          "deliveries": [
            {
              "batter": "S Jimmy",
              "bowler": "ELT de Lange",
              "non_striker": "P Siaka",
              "runs": {
                "batter": 4,
                "extras": 0,
                "total": 4
              }
            },
            {
              "batter": "S Jimmy",
              "bowler": "ELT de Lange",
              "non_striker": "P Siaka",
              "runs": {
                "batter": 0,
                "extras": 0,
                "total": 0
              }
            },
            {
              "batter": "S Jimmy",
              "bowler": "ELT de Lange",
              "non_striker": "P Siaka",
              "runs": {
                "batter": 4,
                "extras": 0,
                "total": 4
              }
            },
            {
              "batter": "S Jimmy",
              "bowler": "ELT de Lange",
              "non_striker": "P Siaka",
              "runs": {
                "batter": 0,
                "extras": 0,
                "total": 0
              }
            },
            {
              "batter": "S Jimmy",
              "bowler": "ELT de Lange",
              "non_striker": "P Siaka",
              "runs": {
                "batter": 0,
                "extras": 0,
                "total": 0
              }
            },
            {
              "batter": "S Jimmy",
              "bowler": "ELT de Lange",
              "non_striker": "P Siaka",
              "runs": {
                "batter": 2,
                "extras": 0,
                "total": 2
              }
            }
          ]
        },
        {
          "over": 6,
          "deliveries": [
            {
              "batter": "P Siaka",
              "bowler": "CC van Slobbe",
              "non_striker": "S Jimmy",
              "runs": {
                "batter": 0,
                "extras": 0,
                "total": 0
              }
            },
            {
              "batter": "P Siaka",
              "bowler": "CC van Slobbe",
              "non_striker": "S Jimmy",
              "runs": {
                "batter": 4,
                "extras": 0,
                "total": 4
              }
            },
            {
              "batter": "P Siaka",
              "bowler": "CC van Slobbe",
              "non_striker": "S Jimmy",
              "runs": {
                "batter": 4,
                "extras": 0,
                "total": 4
              }
            },
            {
              "batter": "P Siaka",
              "bowler": "CC van Slobbe",
              "non_striker": "S Jimmy",
              "runs": {
                "batter": 1,
                "extras": 0,
                "total": 1
              }
            },
            {
              "batter": "S Jimmy",
              "bowler": "CC van Slobbe",
              "non_striker": "P Siaka",
              "runs": {
                "batter": 2,
                "extras": 0,
                "total": 2
              }
            },
            {
              "batter": "S Jimmy",
              "bowler": "CC van Slobbe",
              "non_striker": "P Siaka",
              "runs": {
                "batter": 0,
                "extras": 0,
                "total": 0
              }
            }
          ]
        },
        {
          "over": 7,
          "deliveries": [
            {
              "batter": "P Siaka",
              "bowler": "C Appel",
              "extras": {
                "wides": 1
              },
              "non_striker": "S Jimmy",
              "runs": {
                "batter": 0,
                "extras": 1,
                "total": 1
              }
            },
            {
              "batter": "P Siaka",
              "bowler": "C Appel",
              "non_striker": "S Jimmy",
              "runs": {
                "batter": 1,
                "extras": 0,
                "total": 1
              }
            },
            {
              "batter": "S Jimmy",
              "bowler": "C Appel",
              "extras": {
                "wides": 1
              },
              "non_striker": "P Siaka",
              "runs": {
                "batter": 0,
                "extras": 1,
                "total": 1
              }
            },
            {
              "batter": "S Jimmy",
              "bowler": "C Appel",
              "non_striker": "P Siaka",
              "runs": {
                "batter": 1,
                "extras": 0,
                "total": 1
              }
            },
            {
              "batter": "P Siaka",
              "bowler": "C Appel",
              "extras": {
                "legbyes": 1
              },
              "non_striker": "S Jimmy",
              "runs": {
                "batter": 0,
                "extras": 1,
                "total": 1
              }
            },
            {
              "batter": "S Jimmy",
              "bowler": "C Appel",
              "non_striker": "P Siaka",
              "runs": {
                "batter": 0,
                "extras": 0,
                "total": 0
              }
            },
            {
              "batter": "S Jimmy",
              "bowler": "C Appel",
              "non_striker": "P Siaka",
              "runs": {
                "batter": 0,
                "extras": 0,
                "total": 0
              }
            },
            {
              "batter": "S Jimmy",
              "bowler": "C Appel",
              "extras": {
                "wides": 1
              },
              "non_striker": "P Siaka",
              "runs": {
                "batter": 0,
                "extras": 1,
                "total": 1
              }
            },
            {
              "batter": "S Jimmy",
              "bowler": "C Appel",
              "non_striker": "P Siaka",
              "runs": {
                "batter": 0,
                "extras": 0,
                "total": 0
              }
            }
          ]
        },
        {
          "over": 8,
          "deliveries": [
            {
              "batter": "P Siaka",
              "bowler": "HDJ Siegers",
              "non_striker": "S Jimmy",
              "runs": {
                "batter": 0,
                "extras": 0,
                "total": 0
              }
            },
            {
              "batter": "P Siaka",
              "bowler": "HDJ Siegers",
              "non_striker": "S Jimmy",
              "runs": {
                "batter": 1,
                "extras": 0,
                "total": 1
              }
            },
            {
              "batter": "S Jimmy",
              "bowler": "HDJ Siegers",
              "non_striker": "P Siaka",
              "runs": {
                "batter": 0,
                "extras": 0,
                "total": 0
              }
            },
            {
              "batter": "S Jimmy",
              "bowler": "HDJ Siegers",
              "non_striker": "P Siaka",
              "runs": {
                "batter": 4,
                "extras": 0,
                "total": 4
              }
            },
            {
              "batter": "S Jimmy",
              "bowler": "HDJ Siegers",
              "non_striker": "P Siaka",
              "runs": {
                "batter": 2,
                "extras": 0,
                "total": 2
              }
            },
            {
              "batter": "S Jimmy",
              "bowler": "HDJ Siegers",
              "non_striker": "P Siaka",
              "runs": {
                "batter": 0,
                "extras": 0,
                "total": 0
              }
            }
          ]
        },
        {
          "over": 9,
          "deliveries": [
            {
              "batter": "P Siaka",
              "bowler": "CJ Erkelens",
              "non_striker": "S Jimmy",
              "runs": {
                "batter": 2,
                "extras": 0,
                "total": 2
              }
            },
            {
              "batter": "P Siaka",
              "bowler": "CJ Erkelens",
              "non_striker": "S Jimmy",
              "runs": {
                "batter": 0,
                "extras": 0,
                "total": 0
              }
            },
            {
              "batter": "P Siaka",
              "bowler": "CJ Erkelens",
              "non_striker": "S Jimmy",
              "runs": {
                "batter": 0,
                "extras": 0,
                "total": 0
              }
            },
            {
              "batter": "P Siaka",
              "bowler": "CJ Erkelens",
              "non_striker": "S Jimmy",
              "runs": {
                "batter": 1,
                "extras": 0,
                "total": 1
              }
            },
            {
              "batter": "S Jimmy",
              "bowler": "CJ Erkelens",
              "non_striker": "P Siaka",
              "runs": {
                "batter": 0,
                "extras": 0,
                "total": 0
              }
            },
            {
              "batter": "S Jimmy",
              "bowler": "CJ Erkelens",
              "non_striker": "P Siaka",
              "runs": {
                "batter": 0,
                "extras": 0,
                "total": 0
              }
            }
          ]
        },
        {
          "over": 10,
          "deliveries": [
            {
              "batter": "P Siaka",
              "bowler": "HDJ Siegers",
              "non_striker": "S Jimmy",
              "runs": {
                "batter": 4,
                "extras": 0,
                "total": 4
              }
            },
            {
              "batter": "P Siaka",
              "bowler": "HDJ Siegers",
              "extras": {
                "legbyes": 1
              },
              "non_striker": "S Jimmy",
              "runs": {
                "batter": 0,
                "extras": 1,
                "total": 1
              }
            },
            {
              "batter": "S Jimmy",
              "bowler": "HDJ Siegers",
              "non_striker": "P Siaka",
              "runs": {
                "batter": 0,
                "extras": 0,
                "total": 0
              }
            },
            {
              "batter": "S Jimmy",
              "bowler": "HDJ Siegers",
              "non_striker": "P Siaka",
              "runs": {
                "batter": 0,
                "extras": 0,
                "total": 0
              }
            },
            {
              "batter": "S Jimmy",
              "bowler": "HDJ Siegers",
              "non_striker": "P Siaka",
              "runs": {
                "batter": 0,
                "extras": 0,
                "total": 0
              }
            },
            {
              "batter": "S Jimmy",
              "bowler": "HDJ Siegers",
              "extras": {
                "wides": 1
              },
              "non_striker": "P Siaka",
              "runs": {
                "batter": 0,
                "extras": 1,
                "total": 1
              }
            },
            {
              "batter": "S Jimmy",
              "bowler": "HDJ Siegers",
              "non_striker": "P Siaka",
              "runs": {
                "batter": 1,
                "extras": 0,
                "total": 1
              }
            }
          ]
        },
        {
          "over": 11,
          "deliveries": [
            {
              "batter": "S Jimmy",
              "bowler": "CJ Erkelens",
              "non_striker": "P Siaka",
              "runs": {
                "batter": 0,
                "extras": 0,
                "total": 0
              }
            },
            {
              "batter": "S Jimmy",
              "bowler": "CJ Erkelens",
              "non_striker": "P Siaka",
              "runs": {
                "batter": 0,
                "extras": 0,
                "total": 0
              },
              "wickets": [
                {
                  "kind": "caught",
                  "player_out": "S Jimmy",
                  "fielders": [
                    {
                      "name": "M Veringmeier"
                    }
                  ]
                }
              ]
            },
            {
              "batter": "V Frank",
              "bowler": "CJ Erkelens",
              "non_striker": "P Siaka",
              "runs": {
                "batter": 0,
                "extras": 0,
                "total": 0
              }
            },
            {
              "batter": "V Frank",
              "bowler": "CJ Erkelens",
              "non_striker": "P Siaka",
              "runs": {
                "batter": 0,
                "extras": 0,
                "total": 0
              }
            },
            {
              "batter": "V Frank",
              "bowler": "CJ Erkelens",
              "non_striker": "P Siaka",
              "runs": {
                "batter": 2,
                "extras": 0,
                "total": 2
              }
            },
            {
              "batter": "V Frank",
              "bowler": "CJ Erkelens",
              "non_striker": "P Siaka",
              "runs": {
                "batter": 0,
                "extras": 0,
                "total": 0
              }
            }
          ]
        },
        {
          "over": 12,
          "deliveries": [
            {
              "batter": "P Siaka",
              "bowler": "L Klokgieters",
              "extras": {
                "wides": 1
              },
              "non_striker": "V Frank",
              "runs": {
                "batter": 0,
                "extras": 1,
                "total": 1
              }
            },
            {
              "batter": "P Siaka",
              "bowler": "L Klokgieters",
              "non_striker": "V Frank",
              "runs": {
                "batter": 0,
                "extras": 0,
                "total": 0
              }
            },
            {
              "batter": "P Siaka",
              "bowler": "L Klokgieters",
              "non_striker": "V Frank",
              "runs": {
                "batter": 4,
                "extras": 0,
                "total": 4
              }
            },
            {
              "batter": "P Siaka",
              "bowler": "L Klokgieters",
              "non_striker": "V Frank",
              "runs": {
                "batter": 0,
                "extras": 0,
                "total": 0
              }
            },
            {
              "batter": "P Siaka",
              "bowler": "L Klokgieters",
              "non_striker": "V Frank",
              "runs": {
                "batter": 0,
                "extras": 0,
                "total": 0
              }
            },
            {
              "batter": "P Siaka",
              "bowler": "L Klokgieters",
              "non_striker": "V Frank",
              "runs": {
                "batter": 1,
                "extras": 0,
                "total": 1
              }
            },
            {
              "batter": "V Frank",
              "bowler": "L Klokgieters",
              "non_striker": "P Siaka",
              "runs": {
                "batter": 1,
                "extras": 0,
                "total": 1
              }
            }
          ]
        },
        {
          "over": 13,
          "deliveries": [
            {
              "batter": "V Frank",
              "bowler": "CJ Erkelens",
              "non_striker": "P Siaka",
              "runs": {
                "batter": 1,
                "extras": 0,
                "total": 1
              }
            },
            {
              "batter": "P Siaka",
              "bowler": "CJ Erkelens",
              "non_striker": "V Frank",
              "runs": {
                "batter": 1,
                "extras": 0,
                "total": 1
              }
            },
            {
              "batter": "V Frank",
              "bowler": "CJ Erkelens",
              "non_striker": "P Siaka",
              "runs": {
                "batter": 0,
                "extras": 0,
                "total": 0
              }
            },
            {
              "batter": "V Frank",
              "bowler": "CJ Erkelens",
              "non_striker": "P Siaka",
              "runs": {
                "batter": 0,
                "extras": 0,
                "total": 0
              }
            },
            {
              "batter": "V Frank",
              "bowler": "CJ Erkelens",
              "non_striker": "P Siaka",
              "runs": {
                "batter": 2,
                "extras": 0,
                "total": 2
              }
            },
            {
              "batter": "V Frank",
              "bowler": "CJ Erkelens",
              "non_striker": "P Siaka",
              "runs": {
                "batter": 0,
                "extras": 0,
                "total": 0
              }
            }
          ]
        },
        {
          "over": 14,
          "deliveries": [
            {
              "batter": "P Siaka",
              "bowler": "C Appel",
              "non_striker": "V Frank",
              "runs": {
                "batter": 0,
                "extras": 0,
                "total": 0
              }
            },
            {
              "batter": "P Siaka",
              "bowler": "C Appel",
              "non_striker": "V Frank",
              "runs": {
                "batter": 1,
                "extras": 0,
                "total": 1
              }
            },
            {
              "batter": "V Frank",
              "bowler": "C Appel",
              "non_striker": "P Siaka",
              "runs": {
                "batter": 4,
                "extras": 0,
                "total": 4
              }
            },
            {
              "batter": "V Frank",
              "bowler": "C Appel",
              "non_striker": "P Siaka",
              "runs": {
                "batter": 0,
                "extras": 0,
                "total": 0
              }
            },
            {
              "batter": "V Frank",
              "bowler": "C Appel",
              "non_striker": "P Siaka",
              "runs": {
                "batter": 0,
                "extras": 0,
                "total": 0
              }
            },
            {
              "batter": "V Frank",
              "bowler": "C Appel",
              "non_striker": "P Siaka",
              "runs": {
                "batter": 0,
                "extras": 0,
                "total": 0
              }
            }
          ]
        },
        {
          "over": 15,
          "deliveries": [
            {
              "batter": "P Siaka",
              "bowler": "CJ Erkelens",
              "non_striker": "V Frank",
              "runs": {
                "batter": 0,
                "extras": 0,
                "total": 0
              }
            },
            {
              "batter": "P Siaka",
              "bowler": "CJ Erkelens",
              "non_striker": "V Frank",
              "runs": {
                "batter": 0,
                "extras": 0,
                "total": 0
              },
              "wickets": [
                {
                  "kind": "caught",
                  "player_out": "P Siaka",
                  "fielders": [
                    {
                      "name": "ELT de Lange"
                    }
                  ]
                }
              ]
            },
            {
              "batter": "V Frank",
              "bowler": "CJ Erkelens",
              "non_striker": "K Arua",
              "runs": {
                "batter": 0,
                "extras": 0,
                "total": 0
              },
              "wickets": [
                {
                  "kind": "caught",
                  "player_out": "V Frank",
                  "fielders": [
                    {
                      "name": "SL Kalis"
                    }
                  ]
                }
              ]
            },
            {
              "batter": "B Tau",
              "bowler": "CJ Erkelens",
              "non_striker": "K Arua",
              "runs": {
                "batter": 0,
                "extras": 0,
                "total": 0
              }
            },
            {
              "batter": "B Tau",
              "bowler": "CJ Erkelens",
              "non_striker": "K Arua",
              "runs": {
                "batter": 0,
                "extras": 0,
                "total": 0
              }
            },
            {
              "batter": "B Tau",
              "bowler": "CJ Erkelens",
              "non_striker": "K Arua",
              "runs": {
                "batter": 0,
                "extras": 0,
                "total": 0
              }
            }
          ]
        },
        {
          "over": 16,
          "deliveries": [
            {
              "batter": "K Arua",
              "bowler": "C Appel",
              "non_striker": "B Tau",
              "runs": {
                "batter": 0,
                "extras": 0,
                "total": 0
              },
              "wickets": [
                {
                  "kind": "lbw",
                  "player_out": "K Arua"
                }
              ]
            },
            {
              "batter": "R Oa",
              "bowler": "C Appel",
              "non_striker": "B Tau",
              "runs": {
                "batter": 2,
                "extras": 0,
                "total": 2
              }
            },
            {
              "batter": "R Oa",
              "bowler": "C Appel",
              "non_striker": "B Tau",
              "runs": {
                "batter": 0,
                "extras": 0,
                "total": 0
              }
            },
            {
              "batter": "R Oa",
              "bowler": "C Appel",
              "non_striker": "B Tau",
              "runs": {
                "batter": 0,
                "extras": 0,
                "total": 0
              }
            },
            {
              "batter": "R Oa",
              "bowler": "C Appel",
              "non_striker": "B Tau",
              "runs": {
                "batter": 0,
                "extras": 0,
                "total": 0
              }
            },
            {
              "batter": "R Oa",
              "bowler": "C Appel",
              "extras": {
                "wides": 1
              },
              "non_striker": "B Tau",
              "runs": {
                "batter": 0,
                "extras": 1,
                "total": 1
              }
            },
            {
              "batter": "R Oa",
              "bowler": "C Appel",
              "non_striker": "B Tau",
              "runs": {
                "batter": 1,
                "extras": 0,
                "total": 1
              }
            }
          ]
        },
        {
          "over": 17,
          "deliveries": [
            {
              "batter": "R Oa",
              "bowler": "CC van Slobbe",
              "extras": {
                "wides": 2
              },
              "non_striker": "B Tau",
              "runs": {
                "batter": 0,
                "extras": 2,
                "total": 2
              }
            },
            {
              "batter": "B Tau",
              "bowler": "CC van Slobbe",
              "non_striker": "R Oa",
              "runs": {
                "batter": 1,
                "extras": 0,
                "total": 1
              }
            },
            {
              "batter": "R Oa",
              "bowler": "CC van Slobbe",
              "extras": {
                "wides": 1
              },
              "non_striker": "B Tau",
              "runs": {
                "batter": 0,
                "extras": 1,
                "total": 1
              }
            },
            {
              "batter": "R Oa",
              "bowler": "CC van Slobbe",
              "extras": {
                "wides": 1
              },
              "non_striker": "B Tau",
              "runs": {
                "batter": 0,
                "extras": 1,
                "total": 1
              }
            },
            {
              "batter": "R Oa",
              "bowler": "CC van Slobbe",
              "non_striker": "B Tau",
              "runs": {
                "batter": 0,
                "extras": 0,
                "total": 0
              },
              "wickets": [
                {
                  "kind": "caught",
                  "player_out": "R Oa",
                  "fielders": [
                    {
                      "name": "M Veringmeier"
                    }
                  ]
                }
              ]
            },
            {
              "batter": "K Seura",
              "bowler": "CC van Slobbe",
              "non_striker": "B Tau",
              "runs": {
                "batter": 1,
                "extras": 0,
                "total": 1
              }
            },
            {
              "batter": "B Tau",
              "bowler": "CC van Slobbe",
              "non_striker": "K Seura",
              "runs": {
                "batter": 0,
                "extras": 0,
                "total": 0
              }
            },
            {
              "batter": "B Tau",
              "bowler": "CC van Slobbe",
              "extras": {
                "wides": 1
              },
              "non_striker": "K Seura",
              "runs": {
                "batter": 0,
                "extras": 1,
                "total": 1
              }
            },
            {
              "batter": "B Tau",
              "bowler": "CC van Slobbe",
              "non_striker": "K Seura",
              "runs": {
                "batter": 0,
                "extras": 0,
                "total": 0
              }
            },
            {
              "batter": "B Tau",
              "bowler": "CC van Slobbe",
              "non_striker": "K Seura",
              "runs": {
                "batter": 2,
                "extras": 0,
                "total": 2
              }
            }
          ]
        },
        {
          "over": 18,
          "deliveries": [
            {
              "batter": "K Seura",
              "bowler": "L Klokgieters",
              "non_striker": "B Tau",
              "runs": {
                "batter": 0,
                "extras": 0,
                "total": 0
              }
            },
            {
              "batter": "K Seura",
              "bowler": "L Klokgieters",
              "non_striker": "B Tau",
              "runs": {
                "batter": 2,
                "extras": 0,
                "total": 2
              }
            },
            {
              "batter": "K Seura",
              "bowler": "L Klokgieters",
              "non_striker": "B Tau",
              "runs": {
                "batter": 2,
                "extras": 0,
                "total": 2
              }
            },
            {
              "batter": "K Seura",
              "bowler": "L Klokgieters",
              "non_striker": "B Tau",
              "runs": {
                "batter": 1,
                "extras": 0,
                "total": 1
              }
            },
            {
              "batter": "B Tau",
              "bowler": "L Klokgieters",
              "non_striker": "K Seura",
              "runs": {
                "batter": 0,
                "extras": 0,
                "total": 0
              }
            },
            {
              "batter": "B Tau",
              "bowler": "L Klokgieters",
              "non_striker": "K Seura",
              "runs": {
                "batter": 1,
                "extras": 0,
                "total": 1
              }
            }
          ]
        },
        {
          "over": 19,
          "deliveries": [
            {
              "batter": "B Tau",
              "bowler": "ELT de Lange",
              "non_striker": "K Seura",
              "runs": {
                "batter": 0,
                "extras": 0,
                "total": 0
              }
            },
            {
              "batter": "B Tau",
              "bowler": "ELT de Lange",
              "non_striker": "K Seura",
              "runs": {
                "batter": 1,
                "extras": 0,
                "total": 1
              }
            },
            {
              "batter": "K Seura",
              "bowler": "ELT de Lange",
              "extras": {
                "wides": 1
              },
              "non_striker": "B Tau",
              "runs": {
                "batter": 0,
                "extras": 1,
                "total": 1
              }
            },
            {
              "batter": "K Seura",
              "bowler": "ELT de Lange",
              "non_striker": "B Tau",
              "runs": {
                "batter": 1,
                "extras": 0,
                "total": 1
              }
            },
            {
              "batter": "B Tau",
              "bowler": "ELT de Lange",
              "non_striker": "K Seura",
              "runs": {
                "batter": 2,
                "extras": 0,
                "total": 2
              }
            },
            {
              "batter": "B Tau",
              "bowler": "ELT de Lange",
              "non_striker": "K Seura",
              "runs": {
                "batter": 1,
                "extras": 0,
                "total": 1
              }
            },
            {
              "batter": "K Seura",
              "bowler": "ELT de Lange",
              "non_striker": "B Tau",
              "runs": {
                "batter": 1,
                "extras": 0,
                "total": 1
              }
            }
          ]
        }
      ],
      "powerplays": [
        {
          "from": 0.1,
          "to": 5.6,
          "type": "mandatory"
        }
      ],
      "target": {
        "overs": 20,
        "runs": 106
      }
    }
  ]
}