{
  "meta": {
    "data_version": "1.0.0",
    "created": "2015-12-07",
    "revision": 2
  },
  "info": {
    "balls_per_over": 6,
    "city": "Bangkok",
    "dates": [
      "2015-12-01"
    ],
    "event": {
      "group": "A",
      "match_number": 10,
      "name": "ICC Women's World Twenty20 Qualifier"
    },
    "gender": "female",
    "match_type": "IT20",
    "officials": {
      "match_referees": [
        "GF Labrooy"
      ],
      "reserve_umpires": [
        "DA Haggo"
      ],
      "umpires": [
        "K Cross",
        "N Morrison"
      ]
    },
    "outcome": {
      "by": {
        "runs": 41
      },
      "winner": "Bangladesh"
    },
    "overs": 20,
    "player_of_match": [
      "Khadija Tul Kubra"
    ],
    "players": {
      "Bangladesh": [
        "Ayasha Rahman",
        "Sharmin Akhter",
        "Rumana Ahmed",
        "Fargana Hoque",
        "Lata Mondal",
        "Salma Khatun",
        "Nigar Sultana",
        "Ritu Moni",
        "Jahanara Alam",
        "Fahima Khatun",
        "Khadija Tul Kubra"
      ],
      "Papua New Guinea": [
        "T Ruma",
        "S Jimmy",
        "N Ovasuru",
        "P Siaka",
        "K Arua",
        "V Morea",
        "K Seura",
        "S Ambo",
        "V Frank",
        "H Buruka",
        "R Oa"
      ]
    },
    "registry": {
      "people": {
        "Ayasha Rahman": "2f899a44",
        "DA Haggo": "e6789a88",
        "Fahima Khatun": "558cdd64",
        "Fargana Hoque": "6e96c956",
        "GF Labrooy": "8e088dbc",
        "H Buruka": "b1af4423",
        "Jahanara Alam": "752183c1",
        "K Arua": "8ce69204",
        "K Cross": "d59c5855",
        "K Seura": "7b800f9e",
        "Khadija Tul Kubra": "bec997fc",
        "Lata Mondal": "5bf87532",
        "N Morrison": "4d6675ec",
        "N Ovasuru": "8d393040",
        "Nigar Sultana": "3827f6a2",
        "P Siaka": "595433d2",
        "R Oa": "dd468f06",
        "Ritu Moni": "ad3940a5",
        "Rumana Ahmed": "a92763ea",
        "S Ambo": "798bf201",
        "S Jimmy": "2daa8e40",
        "Salma Khatun": "037f2b86",
        "Sharmin Akhter": "84fdd3cf",
        "T Ruma": "3697a0ff",
        "V Frank": "4f58d65d",
        "V Morea": "602652d1"
      }
    },
    "season": "2015/16",
    "team_type": "international",
    "teams": [
      "Bangladesh",
      "Papua New Guinea"
    ],
    "toss": {
      "decision": "field",
      "winner": "Papua New Guinea"
    },
    "venue": "Asian Institute of Technology Ground"
  },
  "innings": [
    {
      "team": "Bangladesh",
      "overs": [
        {
          "over": 0,
          "deliveries": [
            {
              "batter": "Ayasha Rahman",
              "bowler": "P Siaka",
              "non_striker": "Sharmin Akhter",
              "runs": {
                "batter": 0,
                "extras": 0,
                "total": 0
              }
            },
            {
              "batter": "Ayasha Rahman",
              "bowler": "P Siaka",
              "non_striker": "Sharmin Akhter",
              "runs": {
                "batter": 4,
                "extras": 0,
                "total": 4
              }
            },
            {
              "batter": "Ayasha Rahman",
              "bowler": "P Siaka",
              "non_striker": "Sharmin Akhter",
              "runs": {
                "batter": 1,
                "extras": 0,
                "total": 1
              }
            },
            {
              "batter": "Sharmin Akhter",
              "bowler": "P Siaka",
              "non_striker": "Ayasha Rahman",
              "runs": {
                "batter": 0,
                "extras": 0,
                "total": 0
              }
            },
            {
              "batter": "Sharmin Akhter",
              "bowler": "P Siaka",
              "non_striker": "Ayasha Rahman",
              "runs": {
                "batter": 2,
                "extras": 0,
                "total": 2
              }
            },
            {
              "batter": "Sharmin Akhter",
              "bowler": "P Siaka",
              "non_striker": "Ayasha Rahman",
              "runs": {
                "batter": 0,
                "extras": 0,
                "total": 0
              }
            }
          ]
        },
        {
          "over": 1,
          "deliveries": [
            {
              "batter": "Ayasha Rahman",
              "bowler": "K Seura",
              "non_striker": "Sharmin Akhter",
              "runs": {
                "batter": 0,
                "extras": 0,
                "total": 0
              }
            },
            {
              "batter": "Ayasha Rahman",
              "bowler": "K Seura",
              "non_striker": "Sharmin Akhter",
              "runs": {
                "batter": 0,
                "extras": 0,
                "total": 0
              }
            },
            {
              "batter": "Ayasha Rahman",
              "bowler": "K Seura",
              "non_striker": "Sharmin Akhter",
              "runs": {
                "batter": 0,
                "extras": 0,
                "total": 0
              }
            },
            {
              "batter": "Ayasha Rahman",
              "bowler": "K Seura",
              "non_striker": "Sharmin Akhter",
              "runs": {
                "batter": 0,
                "extras": 0,
                "total": 0
              },
              "wickets": [
                {
                  "kind": "caught",
                  "player_out": "Ayasha Rahman",
                  "fielders": [
                    {
                      "name": "H Buruka"
                    }
                  ]
                }
              ]
            },
            {
              "batter": "Rumana Ahmed",
              "bowler": "K Seura",
              "non_striker": "Sharmin Akhter",
              "runs": {
                "batter": 0,
                "extras": 0,
                "total": 0
              }
            },
            {
              "batter": "Rumana Ahmed",
              "bowler": "K Seura",
              "non_striker": "Sharmin Akhter",
              "runs": {
                "batter": 0,
                "extras": 0,
                "total": 0
              }
            }
          ]
        },
        {
          "over": 2,
          "deliveries": [
            {
              "batter": "Sharmin Akhter",
              "bowler": "P Siaka",
              "non_striker": "Rumana Ahmed",
              "runs": {
                "batter": 1,
                "extras": 0,
                "total": 1
              }
            },
            {
              "batter": "Rumana Ahmed",
              "bowler": "P Siaka",
              "non_striker": "Sharmin Akhter",
              "runs": {
                "batter": 0,
                "extras": 0,
                "total": 0
              }
            },
            {
              "batter": "Rumana Ahmed",
              "bowler": "P Siaka",
              "non_striker": "Sharmin Akhter",
              "runs": {
                "batter": 0,
                "extras": 0,
                "total": 0
              }
            },
            {
              "batter": "Rumana Ahmed",
              "bowler": "P Siaka",
              "non_striker": "Sharmin Akhter",
              "runs": {
                "batter": 0,
                "extras": 0,
                "total": 0
              }
            },
            {
              "batter": "Rumana Ahmed",
              "bowler": "P Siaka",
              "non_striker": "Sharmin Akhter",
              "runs": {
                "batter": 1,
                "extras": 0,
                "total": 1
              }
            },
            {
              "batter": "Sharmin Akhter",
              "bowler": "P Siaka",
              "non_striker": "Rumana Ahmed",
              "runs": {
                "batter": 4,
                "extras": 0,
                "total": 4
              }
            }
          ]
        },
        {
          "over": 3,
          "deliveries": [
            {
              "batter": "Rumana Ahmed",
              "bowler": "K Seura",
              "non_striker": "Sharmin Akhter",
              "runs": {
                "batter": 0,
                "extras": 0,
                "total": 0
              }
            },
            {
              "batter": "Rumana Ahmed",
              "bowler": "K Seura",
              "non_striker": "Sharmin Akhter",
              "runs": {
                "batter": 0,
                "extras": 0,
                "total": 0
              }
            },
            {
              "batter": "Rumana Ahmed",
              "bowler": "K Seura",
              "non_striker": "Sharmin Akhter",
              "runs": {
                "batter": 2,
                "extras": 0,
                "total": 2
              }
            },
            {
              "batter": "Rumana Ahmed",
              "bowler": "K Seura",
              "non_striker": "Sharmin Akhter",
              "runs": {
                "batter": 0,
                "extras": 0,
                "total": 0
              }
            },
            {
              "batter": "Rumana Ahmed",
              "bowler": "K Seura",
              "non_striker": "Sharmin Akhter",
              "runs": {
                "batter": 0,
                "extras": 0,
                "total": 0
              }
            },
            {
              "batter": "Rumana Ahmed",
              "bowler": "K Seura",
              "non_striker": "Sharmin Akhter",
              "runs": {
                "batter": 0,
                "extras": 0,
                "total": 0
              }
            }
          ]
        },
        {
          "over": 4,
          "deliveries": [
            {
              "batter": "Sharmin Akhter",
              "bowler": "R Oa",
              "extras": {
                "wides": 1
              },
              "non_striker": "Rumana Ahmed",
              "runs": {
                "batter": 0,
                "extras": 1,
                "total": 1
              }
            },
            {
              "batter": "Sharmin Akhter",
              "bowler": "R Oa",
              "non_striker": "Rumana Ahmed",
              "runs": {
                "batter": 0,
                "extras": 0,
                "total": 0
              }
            },
            {
              "batter": "Sharmin Akhter",
              "bowler": "R Oa",
              "non_striker": "Rumana Ahmed",
              "runs": {
                "batter": 1,
                "extras": 0,
                "total": 1
              }
            },
            {
              "batter": "Rumana Ahmed",
              "bowler": "R Oa",
              "non_striker": "Sharmin Akhter",
              "runs": {
                "batter": 0,
                "extras": 0,
                "total": 0
              }
            },
            {
              "batter": "Rumana Ahmed",
              "bowler": "R Oa",
              "non_striker": "Sharmin Akhter",
              "runs": {
                "batter": 4,
                "extras": 0,
                "total": 4
              }
            },
            {
              "batter": "Rumana Ahmed",
              "bowler": "R Oa",
              "non_striker": "Sharmin Akhter",
              "runs": {
                "batter": 0,
                "extras": 0,
                "total": 0
              }
            },
            {
              "batter": "Rumana Ahmed",
              "bowler": "R Oa",
              "non_striker": "Sharmin Akhter",
              "runs": {
                "batter": 1,
                "extras": 0,
                "total": 1
              }
            }
          ]
        },
        {
          "over": 5,
          "deliveries": [
            {
              "batter": "Rumana Ahmed",
              "bowler": "K Seura",
              "non_striker": "Sharmin Akhter",
              "runs": {
                "batter": 0,
                "extras": 0,
                "total": 0
              }
            },
            {
              "batter": "Rumana Ahmed",
              "bowler": "K Seura",
              "non_striker": "Sharmin Akhter",
              "runs": {
                "batter": 0,
                "extras": 0,
                "total": 0
              },
              "wickets": [
                {
                  "kind": "caught",
                  "player_out": "Rumana Ahmed",
                  "fielders": [
                    {
                      "name": "H Buruka"
                    }
                  ]
                }
              ]
            },
            {
              "batter": "Fargana Hoque",
              "bowler": "K Seura",
              "non_striker": "Sharmin Akhter",
              "runs": {
                "batter": 0,
                "extras": 0,
                "total": 0
              }
            },
            {
              "batter": "Fargana Hoque",
              "bowler": "K Seura",
              "non_striker": "Sharmin Akhter",
              "runs": {
                "batter": 0,
                "extras": 0,
                "total": 0
              }
            },
            {
              "batter": "Fargana Hoque",
              "bowler": "K Seura",
              "non_striker": "Sharmin Akhter",
              "runs": {
                "batter": 0,
                "extras": 0,
                "total": 0
              }
            },
            {
              "batter": "Fargana Hoque",
              "bowler": "K Seura",
              "non_striker": "Sharmin Akhter",
              "runs": {
                "batter": 0,
                "extras": 0,
                "total": 0
              }
            }
          ]
        },
        {
          "over": 6,
          "deliveries": [
            {
              "batter": "Sharmin Akhter",
              "bowler": "R Oa",
              "non_striker": "Fargana Hoque",
              "runs": {
                "batter": 0,
                "extras": 0,
                "total": 0
              },
              "wickets": [
                {
                  "kind": "caught",
                  "player_out": "Sharmin Akhter",
                  "fielders": [
                    {
                      "name": "T Ruma"
                    }
                  ]
                }
              ]
            },
            {
              "batter": "Lata Mondal",
              "bowler": "R Oa",
              "extras": {
                "wides": 1
              },
              "non_striker": "Fargana Hoque",
              "runs": {
                "batter": 0,
                "extras": 1,
                "total": 1
              }
            },
            {
              "batter": "Lata Mondal",
              "bowler": "R Oa",
              "non_striker": "Fargana Hoque",
              "runs": {
                "batter": 0,
                "extras": 0,
                "total": 0
              }
            },
            {
              "batter": "Lata Mondal",
              "bowler": "R Oa",
              "non_striker": "Fargana Hoque",
              "runs": {
                "batter": 2,
                "extras": 0,
                "total": 2
              }
            },
            {
              "batter": "Lata Mondal",
              "bowler": "R Oa",
              "non_striker": "Fargana Hoque",
              "runs": {
                "batter": 0,
                "extras": 0,
                "total": 0
              }
            },
            {
              "batter": "Lata Mondal",
              "bowler": "R Oa",
              "non_striker": "Fargana Hoque",
              "runs": {
                "batter": 0,
                "extras": 0,
                "total": 0
              }
            },
            {
              "batter": "Lata Mondal",
              "bowler": "R Oa",
              "non_striker": "Fargana Hoque",
              "runs": {
                "batter": 0,
                "extras": 0,
                "total": 0
              }
            }
          ]
        },
        {
          "over": 7,
          "deliveries": [
            {
              "batter": "Fargana Hoque",
              "bowler": "K Arua",
              "non_striker": "Lata Mondal",
              "runs": {
                "batter": 1,
                "extras": 0,
                "total": 1
              }
            },
            {
              "batter": "Lata Mondal",
              "bowler": "K Arua",
              "non_striker": "Fargana Hoque",
              "runs": {
                "batter": 0,
                "extras": 0,
                "total": 0
              }
            },
            {
              "batter": "Lata Mondal",
              "bowler": "K Arua",
              "extras": {
                "wides": 1
              },
              "non_striker": "Fargana Hoque",
              "runs": {
                "batter": 0,
                "extras": 1,
                "total": 1
              }
            },
            {
              "batter": "Lata Mondal",
              "bowler": "K Arua",
              "non_striker": "Fargana Hoque",
              "runs": {
                "batter": 0,
                "extras": 0,
                "total": 0
              }
            },
            {
              "batter": "Lata Mondal",
              "bowler": "K Arua",
              "non_striker": "Fargana Hoque",
              "runs": {
                "batter": 1,
                "extras": 0,
                "total": 1
              }
            },
            {
              "batter": "Fargana Hoque",
              "bowler": "K Arua",
              "non_striker": "Lata Mondal",
              "runs": {
                "batter": 0,
                "extras": 0,
                "total": 0
              }
            },
            {
              "batter": "Fargana Hoque",
              "bowler": "K Arua",
              "non_striker": "Lata Mondal",
              "runs": {
                "batter": 4,
                "extras": 0,
                "total": 4
              }
            }
          ]
        },
        {
          "over": 8,
          "deliveries": [
            {
              "batter": "Lata Mondal",
              "bowler": "N Ovasuru",
              "non_striker": "Fargana Hoque",
              "runs": {
                "batter": 0,
                "extras": 0,
                "total": 0
              }
            },
            {
              "batter": "Lata Mondal",
              "bowler": "N Ovasuru",
              "non_striker": "Fargana Hoque",
              "runs": {
                "batter": 0,
                "extras": 0,
                "total": 0
              }
            },
            {
              "batter": "Lata Mondal",
              "bowler": "N Ovasuru",
              "non_striker": "Fargana Hoque",
              "runs": {
                "batter": 0,
                "extras": 0,
                "total": 0
              }
            },
            {
              "batter": "Lata Mondal",
              "bowler": "N Ovasuru",
              "non_striker": "Fargana Hoque",
              "runs": {
                "batter": 4,
                "extras": 0,
                "total": 4
              }
            },
            {
              "batter": "Lata Mondal",
              "bowler": "N Ovasuru",
              "non_striker": "Fargana Hoque",
              "runs": {
                "batter": 0,
                "extras": 0,
                "total": 0
              }
            },
            {
              "batter": "Lata Mondal",
              "bowler": "N Ovasuru",
              "non_striker": "Fargana Hoque",
              "runs": {
                "batter": 2,
                "extras": 0,
                "total": 2
              }
            }
          ]
        },
        {
          "over": 9,
          "deliveries": [
            {
              "batter": "Fargana Hoque",
              "bowler": "K Arua",
              "non_striker": "Lata Mondal",
              "runs": {
                "batter": 2,
                "extras": 0,
                "total": 2
              }
            },
            {
              "batter": "Fargana Hoque",
              "bowler": "K Arua",
              "non_striker": "Lata Mondal",
              "runs": {
                "batter": 0,
                "extras": 0,
                "total": 0
              },
              "wickets": [
                {
                  "kind": "run out",
                  "player_out": "Lata Mondal",
                  "fielders": [
                    {
                      "name": "T Ruma"
                    }
                  ]
                }
              ]
            },
            {
              "batter": "Salma Khatun",
              "bowler": "K Arua",
              "non_striker": "Fargana Hoque",
              "runs": {
                "batter": 0,
                "extras": 0,
                "total": 0
              }
            },
            {
              "batter": "Salma Khatun",
              "bowler": "K Arua",
              "non_striker": "Fargana Hoque",
              "runs": {
                "batter": 0,
                "extras": 0,
                "total": 0
              }
            },
            {
              "batter": "Salma Khatun",
              "bowler": "K Arua",
              "non_striker": "Fargana Hoque",
              "runs": {
                "batter": 0,
                "extras": 0,
                "total": 0
              }
            },
            {
              "batter": "Salma Khatun",
              "bowler": "K Arua",
              "non_striker": "Fargana Hoque",
              "runs": {
                "batter": 0,
                "extras": 0,
                "total": 0
              }
            }
          ]
        },
        {
          "over": 10,
          "deliveries": [
            {
              "batter": "Fargana Hoque",
              "bowler": "N Ovasuru",
              "non_striker": "Salma Khatun",
              "runs": {
                "batter": 0,
                "extras": 0,
                "total": 0
              }
            },
            {
              "batter": "Fargana Hoque",
              "bowler": "N Ovasuru",
              "non_striker": "Salma Khatun",
              "runs": {
                "batter": 2,
                "extras": 0,
                "total": 2
              }
            },
            {
              "batter": "Fargana Hoque",
              "bowler": "N Ovasuru",
              "non_striker": "Salma Khatun",
              "runs": {
                "batter": 0,
                "extras": 0,
                "total": 0
              }
            },
            {
              "batter": "Fargana Hoque",
              "bowler": "N Ovasuru",
              "non_striker": "Salma Khatun",
              "runs": {
                "batter": 4,
                "extras": 0,
                "total": 4
              }
            },
            {
              "batter": "Fargana Hoque",
              "bowler": "N Ovasuru",
              "non_striker": "Salma Khatun",
              "runs": {
                "batter": 0,
                "extras": 0,
                "total": 0
              }
            },
            {
              "batter": "Fargana Hoque",
              "bowler": "N Ovasuru",
              "non_striker": "Salma Khatun",
              "runs": {
                "batter": 0,
                "extras": 0,
                "total": 0
              }
            }
          ]
        },
        {
          "over": 11,
          "deliveries": [
            {
              "batter": "Salma Khatun",
              "bowler": "K Arua",
              "extras": {
                "wides": 1
              },
              "non_striker": "Fargana Hoque",
              "runs": {
                "batter": 0,
                "extras": 1,
                "total": 1
              }
            },
            {
              "batter": "Salma Khatun",
              "bowler": "K Arua",
              "non_striker": "Fargana Hoque",
              "runs": {
                "batter": 0,
                "extras": 0,
                "total": 0
              }
            },
            {
              "batter": "Salma Khatun",
              "bowler": "K Arua",
              "non_striker": "Fargana Hoque",
              "runs": {
                "batter": 0,
                "extras": 0,
                "total": 0
              }
            },
            {
              "batter": "Salma Khatun",
              "bowler": "K Arua",
              "non_striker": "Fargana Hoque",
              "runs": {
                "batter": 0,
                "extras": 0,
                "total": 0
              }
            },
            {
              "batter": "Salma Khatun",
              "bowler": "K Arua",
              "non_striker": "Fargana Hoque",
              "runs": {
                "batter": 0,
                "extras": 0,
                "total": 0
              }
            },
            {
              "batter": "Salma Khatun",
              "bowler": "K Arua",
              "non_striker": "Fargana Hoque",
              "runs": {
                "batter": 0,
                "extras": 0,
                "total": 0
              },
              "wickets": [
                {
                  "kind": "caught",
                  "player_out": "Salma Khatun",
                  "fielders": [
                    {
                      "name": "P Siaka"
                    }
                  ]
                }
              ]
            },
            {
              "batter": "Nigar Sultana",
              "bowler": "K Arua",
              "non_striker": "Fargana Hoque",
              "runs": {
                "batter": 0,
                "extras": 0,
                "total": 0
              }
            }
          ]
        },
        {
          "over": 12,
          "deliveries": [
            {
              "batter": "Fargana Hoque",
              "bowler": "S Jimmy",
              "non_striker": "Nigar Sultana",
              "runs": {
                "batter": 0,
                "extras": 0,
                "total": 0
              }
            },
            {
              "batter": "Fargana Hoque",
              "bowler": "S Jimmy",
              "non_striker": "Nigar Sultana",
              "runs": {
                "batter": 1,
                "extras": 0,
                "total": 1
              }
            },
            {
              "batter": "Nigar Sultana",
              "bowler": "S Jimmy",
              "non_striker": "Fargana Hoque",
              "runs": {
                "batter": 1,
                "extras": 0,
                "total": 1
              }
            },
            {
              "batter": "Fargana Hoque",
              "bowler": "S Jimmy",
              "non_striker": "Nigar Sultana",
              "runs": {
                "batter": 1,
                "extras": 0,
                "total": 1
              }
            },
            {
              "batter": "Nigar Sultana",
              "bowler": "S Jimmy",
              "non_striker": "Fargana Hoque",
              "runs": {
                "batter": 0,
                "extras": 0,
                "total": 0
              }
            },
            {
              "batter": "Nigar Sultana",
              "bowler": "S Jimmy",
              "non_striker": "Fargana Hoque",
              "runs": {
                "batter": 1,
                "extras": 0,
                "total": 1
              }
            }
          ]
        },
        {
          "over": 13,
          "deliveries": [
            {
              "batter": "Nigar Sultana",
              "bowler": "K Arua",
              "non_striker": "Fargana Hoque",
              "runs": {
                "batter": 0,
                "extras": 0,
                "total": 0
              }
            },
            {
              "batter": "Nigar Sultana",
              "bowler": "K Arua",
              "non_striker": "Fargana Hoque",
              "runs": {
                "batter": 0,
                "extras": 0,
                "total": 0
              }
            },
            {
              "batter": "Nigar Sultana",
              "bowler": "K Arua",
              "non_striker": "Fargana Hoque",
              "runs": {
                "batter": 0,
                "extras": 0,
                "total": 0
              }
            },
            {
              "batter": "Nigar Sultana",
              "bowler": "K Arua",
              "non_striker": "Fargana Hoque",
              "runs": {
                "batter": 1,
                "extras": 0,
                "total": 1
              }
            },
            {
              "batter": "Fargana Hoque",
              "bowler": "K Arua",
              "non_striker": "Nigar Sultana",
              "runs": {
                "batter": 2,
                "extras": 0,
                "total": 2
              }
            },
            {
              "batter": "Fargana Hoque",
              "bowler": "K Arua",
              "non_striker": "Nigar Sultana",
              "runs": {
                "batter": 1,
                "extras": 0,
                "total": 1
              }
            }
          ]
        },
        {
          "over": 14,
          "deliveries": [
            {
              "batter": "Fargana Hoque",
              "bowler": "S Jimmy",
              "non_striker": "Nigar Sultana",
              "runs": {
                "batter": 1,
                "extras": 0,
                "total": 1
              }
            },
            {
              "batter": "Nigar Sultana",
              "bowler": "S Jimmy",
              "non_striker": "Fargana Hoque",
              "runs": {
                "batter": 0,
                "extras": 0,
                "total": 0
              }
            },
            {
              "batter": "Nigar Sultana",
              "bowler": "S Jimmy",
              "non_striker": "Fargana Hoque",
              "runs": {
                "batter": 1,
                "extras": 0,
                "total": 1
              }
            },
            {
              "batter": "Fargana Hoque",
              "bowler": "S Jimmy",
              "non_striker": "Nigar Sultana",
              "runs": {
                "batter": 0,
                "extras": 0,
                "total": 0
              }
            },
            {
              "batter": "Fargana Hoque",
              "bowler": "S Jimmy",
              "non_striker": "Nigar Sultana",
              "runs": {
                "batter": 4,
                "extras": 0,
                "total": 4
              }
            },
            {
              "batter": "Fargana Hoque",
              "bowler": "S Jimmy",
              "non_striker": "Nigar Sultana",
              "runs": {
                "batter": 1,
                "extras": 0,
                "total": 1
              }
            }
          ]
        },
        {
          "over": 15,
          "deliveries": [
            {
              "batter": "Fargana Hoque",
              "bowler": "V Frank",
              "non_striker": "Nigar Sultana",
              "runs": {
                "batter": 1,
                "extras": 0,
                "total": 1
              }
            },
            {
              "batter": "Nigar Sultana",
              "bowler": "V Frank",
              "non_striker": "Fargana Hoque",
              "runs": {
                "batter": 0,
                "extras": 0,
                "total": 0
              }
            },
            {
              "batter": "Nigar Sultana",
              "bowler": "V Frank",
              "non_striker": "Fargana Hoque",
              "runs": {
                "batter": 4,
                "extras": 0,
                "total": 4
              }
            },
            {
              "batter": "Nigar Sultana",
              "bowler": "V Frank",
              "non_striker": "Fargana Hoque",
              "runs": {
                "batter": 0,
                "extras": 0,
                "total": 0
              }
            },
            {
              "batter": "Nigar Sultana",
              "bowler": "V Frank",
              "non_striker": "Fargana Hoque",
              "runs": {
                "batter": 1,
                "extras": 0,
                "total": 1
              }
            },
            {
              "batter": "Fargana Hoque",
              "bowler": "V Frank",
              "non_striker": "Nigar Sultana",
              "runs": {
                "batter": 1,
                "extras": 0,
                "total": 1
              }
            }
          ]
        },
        {
          "over": 16,
          "deliveries": [
            {
              "batter": "Fargana Hoque",
              "bowler": "S Jimmy",
              "non_striker": "Nigar Sultana",
              "runs": {
                "batter": 1,
                "extras": 0,
                "total": 1
              }
            },
            {
              "batter": "Nigar Sultana",
              "bowler": "S Jimmy",
              "non_striker": "Fargana Hoque",
              "runs": {
                "batter": 0,
                "extras": 0,
                "total": 0
              }
            },
            {
              "batter": "Nigar Sultana",
              "bowler": "S Jimmy",
              "non_striker": "Fargana Hoque",
              "runs": {
                "batter": 1,
                "extras": 0,
                "total": 1
              }
            },
            {
              "batter": "Fargana Hoque",
              "bowler": "S Jimmy",
              "non_striker": "Nigar Sultana",
              "runs": {
                "batter": 1,
                "extras": 0,
                "total": 1
              }
            },
            {
              "batter": "Nigar Sultana",
              "bowler": "S Jimmy",
              "non_striker": "Fargana Hoque",
              "runs": {
                "batter": 4,
                "extras": 0,
                "total": 4
              }
            },
            {
              "batter": "Nigar Sultana",
              "bowler": "S Jimmy",
              "non_striker": "Fargana Hoque",
              "runs": {
                "batter": 0,
                "extras": 0,
                "total": 0
              },
              "wickets": [
                {
                  "kind": "caught",
                  "player_out": "Nigar Sultana",
                  "fielders": [
                    {
                      "name": "V Morea"
                    }
                  ]
                }
              ]
            }
          ]
        },
        {
          "over": 17,
          "deliveries": [
            {
              "batter": "Ritu Moni",
              "bowler": "V Frank",
              "non_striker": "Fargana Hoque",
              "runs": {
                "batter": 0,
                "extras": 0,
                "total": 0
              }
            },
            {
              "batter": "Ritu Moni",
              "bowler": "V Frank",
              "non_striker": "Fargana Hoque",
              "runs": {
                "batter": 0,
                "extras": 0,
                "total": 0
              }
            },
            {
              "batter": "Ritu Moni",
              "bowler": "V Frank",
              "non_striker": "Fargana Hoque",
              "runs": {
                "batter": 1,
                "extras": 0,
                "total": 1
              }
            },
            {
              "batter": "Fargana Hoque",
              "bowler": "V Frank",
              "non_striker": "Ritu Moni",
              "runs": {
                "batter": 0,
                "extras": 0,
                "total": 0
              }
            },
            {
              "batter": "Fargana Hoque",
              "bowler": "V Frank",
              "non_striker": "Ritu Moni",
              "runs": {
                "batter": 0,
                "extras": 0,
                "total": 0
              },
              "wickets": [
                {
                  "kind": "caught",
                  "player_out": "Fargana Hoque",
                  "fielders": [
                    {
                      "name": "N Ovasuru"
                    }
                  ]
                }
              ]
            },
            {
              "batter": "Jahanara Alam",
              "bowler": "V Frank",
              "non_striker": "Ritu Moni",
              "runs": {
                "batter": 4,
                "extras": 0,
                "total": 4
              }
            }
          ]
        },
        {
          "over": 18,
          "deliveries": [
            {
              "batter": "Ritu Moni",
              "bowler": "S Jimmy",
              "non_striker": "Jahanara Alam",
              "runs": {
                "batter": 2,
                "extras": 0,
                "total": 2
              }
            },
            {
              "batter": "Ritu Moni",
              "bowler": "S Jimmy",
              "non_striker": "Jahanara Alam",
              "runs": {
                "batter": 1,
                "extras": 0,
                "total": 1
              }
            },
            {
              "batter": "Jahanara Alam",
              "bowler": "S Jimmy",
              "non_striker": "Ritu Moni",
              "runs": {
                "batter": 1,
                "extras": 0,
                "total": 1
              }
            },
            {
              "batter": "Ritu Moni",
              "bowler": "S Jimmy",
              "non_striker": "Jahanara Alam",
              "runs": {
                "batter": 1,
                "extras": 0,
                "total": 1
              }
            },
            {
              "batter": "Jahanara Alam",
              "bowler": "S Jimmy",
              "non_striker": "Ritu Moni",
              "runs": {
                "batter": 1,
                "extras": 0,
                "total": 1
              }
            },
            {
              "batter": "Ritu Moni",
              "bowler": "S Jimmy",
              "non_striker": "Jahanara Alam",
              "runs": {
                "batter": 1,
                "extras": 0,
                "total": 1
              }
            }
          ]
        },
        {
          "over": 19,
          "deliveries": [
            {
              "batter": "Ritu Moni",
              "bowler": "N Ovasuru",
              "non_striker": "Jahanara Alam",
              "runs": {
                "batter": 2,
                "extras": 0,
                "total": 2
              }
            },
            {
              "batter": "Ritu Moni",
              "bowler": "N Ovasuru",
              "non_striker": "Jahanara Alam",
              "runs": {
                "batter": 2,
                "extras": 0,
                "total": 2
              }
            },
            {
              "batter": "Ritu Moni",
              "bowler": "N Ovasuru",
              "non_striker": "Jahanara Alam",
              "runs": {
                "batter": 2,
                "extras": 0,
                "total": 2
              }
            },
            {
              "batter": "Ritu Moni",
              "bowler": "N Ovasuru",
              "non_striker": "Jahanara Alam",
              "runs": {
                "batter": 0,
                "extras": 0,
                "total": 0
              }
            },
            {
              "batter": "Ritu Moni",
              "bowler": "N Ovasuru",
              "extras": {
                "wides": 1
              },
              "non_striker": "Jahanara Alam",
              "runs": {
                "batter": 0,
                "extras": 1,
                "total": 1
              }
            },
            {
              "batter": "Ritu Moni",
              "bowler": "N Ovasuru",
              "non_striker": "Jahanara Alam",
              "runs": {
                "batter": 1,
                "extras": 0,
                "total": 1
              }
            },
            {
              "batter": "Jahanara Alam",
              "bowler": "N Ovasuru",
              "non_striker": "Ritu Moni",
              "runs": {
                "batter": 4,
                "extras": 0,
                "total": 4
              }
            }
          ]
        }
      ],
      "powerplays": [
        {
          "from": 0.1,
          "to": 5.6,
          "type": "mandatory"
        }
      ]
    },
    {
      "team": "Papua New Guinea",
      "overs": [
        {
          "over": 0,
          "deliveries": [
            {
              "batter": "T Ruma",
              "bowler": "Jahanara Alam",
              "non_striker": "S Jimmy",
              "runs": {
                "batter": 0,
                "extras": 0,
                "total": 0
              }
            },
            {
              "batter": "T Ruma",
              "bowler": "Jahanara Alam",
              "non_striker": "S Jimmy",
              "runs": {
                "batter": 1,
                "extras": 0,
                "total": 1
              }
            },
            {
              "batter": "S Jimmy",
              "bowler": "Jahanara Alam",
              "non_striker": "T Ruma",
              "runs": {
                "batter": 0,
                "extras": 0,
                "total": 0
              }
            },
            {
              "batter": "S Jimmy",
              "bowler": "Jahanara Alam",
              "non_striker": "T Ruma",
              "runs": {
                "batter": 0,
                "extras": 0,
                "total": 0
              }
            },
            {
              "batter": "S Jimmy",
              "bowler": "Jahanara Alam",
              "non_striker": "T Ruma",
              "runs": {
                "batter": 0,
                "extras": 0,
                "total": 0
              }
            },
            {
              "batter": "S Jimmy",
              "bowler": "Jahanara Alam",
              "non_striker": "T Ruma",
              "runs": {
                "batter": 0,
                "extras": 0,
                "total": 0
              }
            }
          ]
        },
        {
          "over": 1,
          "deliveries": [
            {
              "batter": "T Ruma",
              "bowler": "Salma Khatun",
              "non_striker": "S Jimmy",
              "runs": {
                "batter": 0,
                "extras": 0,
                "total": 0
              }
            },
            {
              "batter": "T Ruma",
              "bowler": "Salma Khatun",
              "non_striker": "S Jimmy",
              "runs": {
                "batter": 0,
                "extras": 0,
                "total": 0
              }
            },
            {
              "batter": "T Ruma",
              "bowler": "Salma Khatun",
              "non_striker": "S Jimmy",
              "runs": {
                "batter": 0,
                "extras": 0,
                "total": 0
              }
            },
            {
              "batter": "T Ruma",
              "bowler": "Salma Khatun",
              "non_striker": "S Jimmy",
              "runs": {
                "batter": 0,
                "extras": 0,
                "total": 0
              }
            },
            {
              "batter": "T Ruma",
              "bowler": "Salma Khatun",
              "non_striker": "S Jimmy",
              "runs": {
                "batter": 0,
                "extras": 0,
                "total": 0
              }
            },
            {
              "batter": "T Ruma",
              "bowler": "Salma Khatun",
              "non_striker": "S Jimmy",
              "runs": {
                "batter": 0,
                "extras": 0,
                "total": 0
              }
            }
          ]
        },
        {
          "over": 2,
          "deliveries": [
            {
              "batter": "S Jimmy",
              "bowler": "Jahanara Alam",
              "non_striker": "T Ruma",
              "runs": {
                "batter": 1,
                "extras": 0,
                "total": 1
              }
            },
            {
              "batter": "T Ruma",
              "bowler": "Jahanara Alam",
              "non_striker": "S Jimmy",
              "runs": {
                "batter": 0,
                "extras": 0,
                "total": 0
              }
            },
            {
              "batter": "T Ruma",
              "bowler": "Jahanara Alam",
              "non_striker": "S Jimmy",
              "runs": {
                "batter": 0,
                "extras": 0,
                "total": 0
              }
            },
            {
              "batter": "T Ruma",
              "bowler": "Jahanara Alam",
              "non_striker": "S Jimmy",
              "runs": {
                "batter": 1,
                "extras": 0,
                "total": 1
              }
            },
            {
              "batter": "S Jimmy",
              "bowler": "Jahanara Alam",
              "non_striker": "T Ruma",
              "runs": {
                "batter": 0,
                "extras": 0,
                "total": 0
              }
            },
            {
              "batter": "S Jimmy",
              "bowler": "Jahanara Alam",
              "non_striker": "T Ruma",
              "runs": {
                "batter": 0,
                "extras": 0,
                "total": 0
              }
            }
          ]
        },
        {
          "over": 3,
          "deliveries": [
            {
              "batter": "T Ruma",
              "bowler": "Salma Khatun",
              "non_striker": "S Jimmy",
              "runs": {
                "batter": 2,
                "extras": 0,
                "total": 2
              }
            },
            {
              "batter": "T Ruma",
              "bowler": "Salma Khatun",
              "non_striker": "S Jimmy",
              "runs": {
                "batter": 4,
                "extras": 0,
                "total": 4
              }
            },
            {
              "batter": "T Ruma",
              "bowler": "Salma Khatun",
              "non_striker": "S Jimmy",
              "runs": {
                "batter": 1,
                "extras": 0,
                "total": 1
              }
            },
            {
              "batter": "S Jimmy",
              "bowler": "Salma Khatun",
              "non_striker": "T Ruma",
              "runs": {
                "batter": 0,
                "extras": 0,
                "total": 0
              }
            },
            {
              "batter": "S Jimmy",
              "bowler": "Salma Khatun",
              "non_striker": "T Ruma",
              "runs": {
                "batter": 0,
                "extras": 0,
                "total": 0
              }
            },
            {
              "batter": "S Jimmy",
              "bowler": "Salma Khatun",
              "non_striker": "T Ruma",
              "runs": {
                "batter": 0,
                "extras": 0,
                "total": 0
              }
            }
          ]
        },
        {
          "over": 4,
          "deliveries": [
            {
              "batter": "T Ruma",
              "bowler": "Lata Mondal",
              "non_striker": "S Jimmy",
              "runs": {
                "batter": 1,
                "extras": 0,
                "total": 1
              }
            },
            {
              "batter": "S Jimmy",
              "bowler": "Lata Mondal",
              "non_striker": "T Ruma",
              "runs": {
                "batter": 0,
                "extras": 0,
                "total": 0
              }
            },
            {
              "batter": "S Jimmy",
              "bowler": "Lata Mondal",
              "non_striker": "T Ruma",
              "runs": {
                "batter": 0,
                "extras": 0,
                "total": 0
              }
            },
            {
              "batter": "S Jimmy",
              "bowler": "Lata Mondal",
              "non_striker": "T Ruma",
              "runs": {
                "batter": 0,
                "extras": 0,
                "total": 0
              }
            },
            {
              "batter": "S Jimmy",
              "bowler": "Lata Mondal",
              "non_striker": "T Ruma",
              "runs": {
                "batter": 0,
                "extras": 0,
                "total": 0
              }
            },
            {
              "batter": "S Jimmy",
              "bowler": "Lata Mondal",
              "non_striker": "T Ruma",
              "runs": {
                "batter": 0,
                "extras": 0,
                "total": 0
              }
            }
          ]
        },
        {
          "over": 5,
          "deliveries": [
            {
              "batter": "T Ruma",
              "bowler": "Fahima Khatun",
              "non_striker": "S Jimmy",
              "runs": {
                "batter": 0,
                "extras": 0,
                "total": 0
              }
            },
            {
              "batter": "T Ruma",
              "bowler": "Fahima Khatun",
              "extras": {
                "wides": 1
              },
              "non_striker": "S Jimmy",
              "runs": {
                "batter": 0,
                "extras": 1,
                "total": 1
              }
            },
            {
              "batter": "T Ruma",
              "bowler": "Fahima Khatun",
              "non_striker": "S Jimmy",
              "runs": {
                "batter": 0,
                "extras": 0,
                "total": 0
              }
            },
            {
              "batter": "T Ruma",
              "bowler": "Fahima Khatun",
              "non_striker": "S Jimmy",
              "runs": {
                "batter": 1,
                "extras": 0,
                "total": 1
              }
            },
            {
              "batter": "S Jimmy",
              "bowler": "Fahima Khatun",
              "non_striker": "T Ruma",
              "runs": {
                "batter": 3,
                "extras": 0,
                "total": 3
              }
            },
            {
              "batter": "T Ruma",
              "bowler": "Fahima Khatun",
              "non_striker": "S Jimmy",
              "runs": {
                "batter": 0,
                "extras": 0,
                "total": 0
              }
            },
            {
              "batter": "T Ruma",
              "bowler": "Fahima Khatun",
              "non_striker": "S Jimmy",
              "runs": {
                "batter": 0,
                "extras": 0,
                "total": 0
              }
            }
          ]
        },
        {
          "over": 6,
          "deliveries": [
            {
              "batter": "S Jimmy",
              "bowler": "Lata Mondal",
              "non_striker": "T Ruma",
              "runs": {
                "batter": 0,
                "extras": 0,
                "total": 0
              }
            },
            {
              "batter": "S Jimmy",
              "bowler": "Lata Mondal",
              "non_striker": "T Ruma",
              "runs": {
                "batter": 0,
                "extras": 0,
                "total": 0
              }
            },
            {
              "batter": "S Jimmy",
              "bowler": "Lata Mondal",
              "non_striker": "T Ruma",
              "runs": {
                "batter": 0,
                "extras": 0,
                "total": 0
              }
            },
            {
              "batter": "S Jimmy",
              "bowler": "Lata Mondal",
              "non_striker": "T Ruma",
              "runs": {
                "batter": 0,
                "extras": 0,
                "total": 0
              },
              "wickets": [
                {
                  "kind": "bowled",
                  "player_out": "S Jimmy"
                }
              ]
            },
            {
              "batter": "N Ovasuru",
              "bowler": "Lata Mondal",
              "non_striker": "T Ruma",
              "runs": {
                "batter": 1,
                "extras": 0,
                "total": 1
              }
            },
            {
              "batter": "T Ruma",
              "bowler": "Lata Mondal",
              "non_striker": "N Ovasuru",
              "runs": {
                "batter": 1,
                "extras": 0,
                "total": 1
              }
            }
          ]
        },
        {
          "over": 7,
          "deliveries": [
            {
              "batter": "T Ruma",
              "bowler": "Khadija Tul Kubra",
              "non_striker": "N Ovasuru",
              "runs": {
                "batter": 0,
                "extras": 0,
                "total": 0
              },
              "wickets": [
                {
                  "kind": "caught",
                  "player_out": "T Ruma",
                  "fielders": [
                    {
                      "name": "Nigar Sultana"
                    }
                  ]
                }
              ]
            },
            {
              "batter": "P Siaka",
              "bowler": "Khadija Tul Kubra",
              "non_striker": "N Ovasuru",
              "runs": {
                "batter": 1,
                "extras": 0,
                "total": 1
              }
            },
            {
              "batter": "N Ovasuru",
              "bowler": "Khadija Tul Kubra",
              "non_striker": "P Siaka",
              "runs": {
                "batter": 0,
                "extras": 0,
                "total": 0
              }
            },
            {
              "batter": "N Ovasuru",
              "bowler": "Khadija Tul Kubra",
              "non_striker": "P Siaka",
              "runs": {
                "batter": 0,
                "extras": 0,
                "total": 0
              }
            },
            {
              "batter": "N Ovasuru",
              "bowler": "Khadija Tul Kubra",
              "non_striker": "P Siaka",
              "runs": {
                "batter": 0,
                "extras": 0,
                "total": 0
              },
              "wickets": [
                {
                  "kind": "caught",
                  "player_out": "N Ovasuru",
                  "fielders": [
                    {
                      "name": "Jahanara Alam"
                    }
                  ]
                }
              ]
            },
            {
              "batter": "K Arua",
              "bowler": "Khadija Tul Kubra",
              "non_striker": "P Siaka",
              "runs": {
                "batter": 0,
                "extras": 0,
                "total": 0
              }
            }
          ]
        },
        {
          "over": 8,
          "deliveries": [
            {
              "batter": "P Siaka",
              "bowler": "Lata Mondal",
              "non_striker": "K Arua",
              "runs": {
                "batter": 0,
                "extras": 0,
                "total": 0
              }
            },
            {
              "batter": "P Siaka",
              "bowler": "Lata Mondal",
              "non_striker": "K Arua",
              "runs": {
                "batter": 0,
                "extras": 0,
                "total": 0
              }
            },
            {
              "batter": "P Siaka",
              "bowler": "Lata Mondal",
              "non_striker": "K Arua",
              "runs": {
                "batter": 1,
                "extras": 0,
                "total": 1
              }
            },
            {
              "batter": "K Arua",
              "bowler": "Lata Mondal",
              "non_striker": "P Siaka",
              "runs": {
                "batter": 1,
                "extras": 0,
                "total": 1
              }
            },
            {
              "batter": "P Siaka",
              "bowler": "Lata Mondal",
              "non_striker": "K Arua",
              "runs": {
                "batter": 1,
                "extras": 0,
                "total": 1
              }
            },
            {
              "batter": "K Arua",
              "bowler": "Lata Mondal",
              "non_striker": "P Siaka",
              "runs": {
                "batter": 0,
                "extras": 0,
                "total": 0
              }
            }
          ]
        },
        {
          "over": 9,
          "deliveries": [
            {
              "batter": "P Siaka",
              "bowler": "Khadija Tul Kubra",
              "non_striker": "K Arua",
              "runs": {
                "batter": 0,
                "extras": 0,
                "total": 0
              }
            },
            {
              "batter": "P Siaka",
              "bowler": "Khadija Tul Kubra",
              "non_striker": "K Arua",
              "runs": {
                "batter": 1,
                "extras": 0,
                "total": 1
              }
            },
            {
              "batter": "K Arua",
              "bowler": "Khadija Tul Kubra",
              "non_striker": "P Siaka",
              "runs": {
                "batter": 4,
                "extras": 0,
                "total": 4
              }
            },
            {
              "batter": "K Arua",
              "bowler": "Khadija Tul Kubra",
              "non_striker": "P Siaka",
              "runs": {
                "batter": 1,
                "extras": 0,
                "total": 1
              }
            },
            {
              "batter": "P Siaka",
              "bowler": "Khadija Tul Kubra",
              "non_striker": "K Arua",
              "runs": {
                "batter": 1,
                "extras": 0,
                "total": 1
              }
            },
            {
              "batter": "K Arua",
              "bowler": "Khadija Tul Kubra",
              "non_striker": "P Siaka",
              "runs": {
                "batter": 0,
                "extras": 0,
                "total": 0
              }
            }
          ]
        },
        {
          "over": 10,
          "deliveries": [
            {
              "batter": "P Siaka",
              "bowler": "Lata Mondal",
              "non_striker": "K Arua",
              "runs": {
                "batter": 2,
                "extras": 0,
                "total": 2
              }
            },
            {
              "batter": "P Siaka",
              "bowler": "Lata Mondal",
              "non_striker": "K Arua",
              "runs": {
                "batter": 0,
                "extras": 0,
                "total": 0
              }
            },
            {
              "batter": "P Siaka",
              "bowler": "Lata Mondal",
              "non_striker": "K Arua",
              "runs": {
                "batter": 1,
                "extras": 0,
                "total": 1
              }
            },
            {
              "batter": "K Arua",
              "bowler": "Lata Mondal",
              "non_striker": "P Siaka",
              "runs": {
                "batter": 0,
                "extras": 0,
                "total": 0
              }
            },
            {
              "batter": "K Arua",
              "bowler": "Lata Mondal",
              "non_striker": "P Siaka",
              "runs": {
                "batter": 0,
                "extras": 0,
                "total": 0
              }
            },
            {
              "batter": "K Arua",
              "bowler": "Lata Mondal",
              "non_striker": "P Siaka",
              "runs": {
                "batter": 1,
                "extras": 0,
                "total": 1
              }
            }
          ]
        },
        {
          "over": 11,
          "deliveries": [
            {
              "batter": "K Arua",
              "bowler": "Khadija Tul Kubra",
              "non_striker": "P Siaka",
              "runs": {
                "batter": 1,
                "extras": 0,
                "total": 1
              }
            },
            {
              "batter": "P Siaka",
              "bowler": "Khadija Tul Kubra",
              "non_striker": "K Arua",
              "runs": {
                "batter": 0,
                "extras": 0,
                "total": 0
              }
            },
            {
              "batter": "P Siaka",
              "bowler": "Khadija Tul Kubra",
              "non_striker": "K Arua",
              "runs": {
                "batter": 0,
                "extras": 0,
                "total": 0
              },
              "wickets": [
                {
                  "kind": "caught",
                  "player_out": "P Siaka",
                  "fielders": [
                    {
                      "name": "Lata Mondal"
                    }
                  ]
                }
              ]
            },
            {
              "batter": "V Morea",
              "bowler": "Khadija Tul Kubra",
              "non_striker": "K Arua",
              "runs": {
                "batter": 0,
                "extras": 0,
                "total": 0
              }
            },
            {
              "batter": "V Morea",
              "bowler": "Khadija Tul Kubra",
              "non_striker": "K Arua",
              "runs": {
                "batter": 0,
                "extras": 0,
                "total": 0
              }
            },
            {
              "batter": "V Morea",
              "bowler": "Khadija Tul Kubra",
              "non_striker": "K Arua",
              "runs": {
                "batter": 0,
                "extras": 0,
                "total": 0
              }
            }
          ]
        },
        {
          "over": 12,
          "deliveries": [
            {
              "batter": "K Arua",
              "bowler": "Rumana Ahmed",
              "non_striker": "V Morea",
              "runs": {
                "batter": 0,
                "extras": 0,
                "total": 0
              }
            },
            {
              "batter": "K Arua",
              "bowler": "Rumana Ahmed",
              "non_striker": "V Morea",
              "runs": {
                "batter": 0,
                "extras": 0,
                "total": 0
              },
              "wickets": [
                {
                  "kind": "caught",
                  "player_out": "K Arua",
                  "fielders": [
                    {
                      "name": "Salma Khatun"
                    }
                  ]
                }
              ]
            },
            {
              "batter": "V Morea",
              "bowler": "Rumana Ahmed",
              "non_striker": "K Seura",
              "runs": {
                "batter": 0,
                "extras": 0,
                "total": 0
              }
            },
            {
              "batter": "V Morea",
              "bowler": "Rumana Ahmed",
              "non_striker": "K Seura",
              "runs": {
                "batter": 1,
                "extras": 0,
                "total": 1
              }
            },
            {
              "batter": "K Seura",
              "bowler": "Rumana Ahmed",
              "non_striker": "V Morea",
              "runs": {
                "batter": 1,
                "extras": 0,
                "total": 1
              }
            },
            {
              "batter": "K Seura",
              "bowler": "Rumana Ahmed",
              "non_striker": "V Morea",
              "runs": {
                "batter": 0,
                "extras": 0,
                "total": 0
              }
            }
          ]
        },
        {
          "over": 13,
          "deliveries": [
            {
              "batter": "K Seura",
              "bowler": "Khadija Tul Kubra",
              "non_striker": "V Morea",
              "runs": {
                "batter": 1,
                "extras": 0,
                "total": 1
              }
            },
            {
              "batter": "V Morea",
              "bowler": "Khadija Tul Kubra",
              "non_striker": "K Seura",
              "runs": {
                "batter": 0,
                "extras": 0,
                "total": 0
              }
            },
            {
              "batter": "V Morea",
              "bowler": "Khadija Tul Kubra",
              "non_striker": "K Seura",
              "runs": {
                "batter": 0,
                "extras": 0,
                "total": 0
              }
            },
            {
              "batter": "V Morea",
              "bowler": "Khadija Tul Kubra",
              "non_striker": "K Seura",
              "runs": {
                "batter": 0,
                "extras": 0,
                "total": 0
              },
              "wickets": [
                {
                  "kind": "bowled",
                  "player_out": "V Morea"
                }
              ]
            },
            {
              "batter": "S Ambo",
              "bowler": "Khadija Tul Kubra",
              "non_striker": "K Seura",
              "runs": {
                "batter": 1,
                "extras": 0,
                "total": 1
              }
            },
            {
              "batter": "K Seura",
              "bowler": "Khadija Tul Kubra",
              "non_striker": "S Ambo",
              "runs": {
                "batter": 0,
                "extras": 0,
                "total": 0
              },
              "wickets": [
                {
                  "kind": "caught",
                  "player_out": "K Seura",
                  "fielders": [
                    {
                      "name": "Salma Khatun"
                    }
                  ]
                }
              ]
            }
          ]
        },
        {
          "over": 14,
          "deliveries": [
            {
              "batter": "V Frank",
              "bowler": "Rumana Ahmed",
              "non_striker": "S Ambo",
              "runs": {
                "batter": 0,
                "extras": 0,
                "total": 0
              }
            },
            {
              "batter": "V Frank",
              "bowler": "Rumana Ahmed",
              "non_striker": "S Ambo",
              "runs": {
                "batter": 2,
                "extras": 0,
                "total": 2
              }
            },
            {
              "batter": "V Frank",
              "bowler": "Rumana Ahmed",
              "non_striker": "S Ambo",
              "runs": {
                "batter": 0,
                "extras": 0,
                "total": 0
              }
            },
            {
              "batter": "V Frank",
              "bowler": "Rumana Ahmed",
              "non_striker": "S Ambo",
              "runs": {
                "batter": 0,
                "extras": 0,
                "total": 0
              }
            },
            {
              "batter": "V Frank",
              "bowler": "Rumana Ahmed",
              "non_striker": "S Ambo",
              "runs": {
                "batter": 0,
                "extras": 0,
                "total": 0
              }
            },
            {
              "batter": "V Frank",
              "bowler": "Rumana Ahmed",
              "non_striker": "S Ambo",
              "runs": {
                "batter": 0,
                "extras": 0,
                "total": 0
              }
            }
          ]
        },
        {
          "over": 15,
          "deliveries": [
            {
              "batter": "S Ambo",
              "bowler": "Salma Khatun",
              "non_striker": "V Frank",
              "runs": {
                "batter": 0,
                "extras": 0,
                "total": 0
              }
            },
            {
              "batter": "S Ambo",
              "bowler": "Salma Khatun",
              "non_striker": "V Frank",
              "runs": {
                "batter": 0,
                "extras": 0,
                "total": 0
              }
            },
            {
              "batter": "S Ambo",
              "bowler": "Salma Khatun",
              "non_striker": "V Frank",
              "runs": {
                "batter": 0,
                "extras": 0,
                "total": 0
              }
            },
            {
              "batter": "S Ambo",
              "bowler": "Salma Khatun",
              "non_striker": "V Frank",
              "runs": {
                "batter": 1,
                "extras": 0,
                "total": 1
              }
            },
            {
              "batter": "V Frank",
              "bowler": "Salma Khatun",
              "non_striker": "S Ambo",
              "runs": {
                "batter": 1,
                "extras": 0,
                "total": 1
              }
            },
            {
              "batter": "S Ambo",
              "bowler": "Salma Khatun",
              "non_striker": "V Frank",
              "runs": {
                "batter": 0,
                "extras": 0,
                "total": 0
              }
            }
          ]
        },
        {
          "over": 16,
          "deliveries": [
            {
              "batter": "V Frank",
              "bowler": "Rumana Ahmed",
              "non_striker": "S Ambo",
              "runs": {
                "batter": 1,
                "extras": 0,
                "total": 1
              }
            },
            {
              "batter": "S Ambo",
              "bowler": "Rumana Ahmed",
              "non_striker": "V Frank",
              "runs": {
                "batter": 4,
                "extras": 0,
                "total": 4
              }
            },
            {
              "batter": "S Ambo",
              "bowler": "Rumana Ahmed",
              "non_striker": "V Frank",
              "runs": {
                "batter": 0,
                "extras": 0,
                "total": 0
              },
              "wickets": [
                {
                  "kind": "stumped",
                  "player_out": "S Ambo",
                  "fielders": [
                    {
                      "name": "Nigar Sultana"
                    }
                  ]
                }
              ]
            },
            {
              "batter": "H Buruka",
              "bowler": "Rumana Ahmed",
              "non_striker": "V Frank",
              "runs": {
                "batter": 1,
                "extras": 0,
                "total": 1
              }
            },
            {
              "batter": "V Frank",
              "bowler": "Rumana Ahmed",
              "non_striker": "H Buruka",
              "runs": {
                "batter": 0,
                "extras": 0,
                "total": 0
              }
            },
            {
              "batter": "V Frank",
              "bowler": "Rumana Ahmed",
              "non_striker": "H Buruka",
              "runs": {
                "batter": 0,
                "extras": 0,
                "total": 0
              }
            }
          ]
        },
        {
          "over": 17,
          "deliveries": [
            {
              "batter": "H Buruka",
              "bowler": "Jahanara Alam",
              "non_striker": "V Frank",
              "runs": {
                "batter": 0,
                "extras": 0,
                "total": 0
              }
            },
            {
              "batter": "H Buruka",
              "bowler": "Jahanara Alam",
              "extras": {
                "legbyes": 1
              },
              "non_striker": "V Frank",
              "runs": {
                "batter": 0,
                "extras": 1,
                "total": 1
              }
            },
            {
              "batter": "V Frank",
              "bowler": "Jahanara Alam",
              "non_striker": "H Buruka",
              "runs": {
                "batter": 0,
                "extras": 0,
                "total": 0
              }
            },
            {
              "batter": "V Frank",
              "bowler": "Jahanara Alam",
              "non_striker": "H Buruka",
              "runs": {
                "batter": 0,
                "extras": 0,
                "total": 0
              }
            },
            {
              "batter": "V Frank",
              "bowler": "Jahanara Alam",
              "non_striker": "H Buruka",
              "runs": {
                "batter": 1,
                "extras": 0,
                "total": 1
              }
            },
            {
              "batter": "H Buruka",
              "bowler": "Jahanara Alam",
              "non_striker": "V Frank",
              "runs": {
                "batter": 0,
                "extras": 0,
                "total": 0
              }
            }
          ]
        },
        {
          "over": 18,
          "deliveries": [
            {
              "batter": "V Frank",
              "bowler": "Rumana Ahmed",
              "non_striker": "H Buruka",
              "runs": {
                "batter": 0,
                "extras": 0,
                "total": 0
              }
            },
            {
              "batter": "V Frank",
              "bowler": "Rumana Ahmed",
              "non_striker": "H Buruka",
              "runs": {
                "batter": 2,
                "extras": 0,
                "total": 2
              }
            },
            {
              "batter": "V Frank",
              "bowler": "Rumana Ahmed",
              "non_striker": "H Buruka",
              "runs": {
                "batter": 1,
                "extras": 0,
                "total": 1
              }
            },
            {
              "batter": "H Buruka",
              "bowler": "Rumana Ahmed",
              "non_striker": "V Frank",
              "runs": {
                "batter": 0,
                "extras": 0,
                "total": 0
              }
            },
            {
              "batter": "H Buruka",
              "bowler": "Rumana Ahmed",
              "non_striker": "V Frank",
              "runs": {
                "batter": 0,
                "extras": 0,
                "total": 0
              },
              "wickets": [
                {
                  "kind": "caught",
                  "player_out": "H Buruka",
                  "fielders": [
                    {
                      "name": "Jahanara Alam"
                    }
                  ]
                }
              ]
            },
            {
              "batter": "R Oa",
              "bowler": "Rumana Ahmed",
              "non_striker": "V Frank",
              "runs": {
                "batter": 0,
                "extras": 0,
                "total": 0
              }
            }
          ]
        },
        {
          "over": 19,
          "deliveries": [
            {
              "batter": "V Frank",
              "bowler": "Jahanara Alam",
              "non_striker": "R Oa",
              "runs": {
                "batter": 0,
                "extras": 0,
                "total": 0
              }
            },
            {
              "batter": "V Frank",
              "bowler": "Jahanara Alam",
              "non_striker": "R Oa",
              "runs": {
                "batter": 4,
                "extras": 0,
                "total": 4
              }
            },
            {
              "batter": "V Frank",
              "bowler": "Jahanara Alam",
              "extras": {
                "wides": 1
              },
              "non_striker": "R Oa",
              "runs": {
                "batter": 0,
                "extras": 1,
                "total": 1
              }
            },
            {
              "batter": "V Frank",
              "bowler": "Jahanara Alam",
              "non_striker": "R Oa",
              "runs": {
                "batter": 1,
                "extras": 0,
                "total": 1
              }
            },
            {
              "batter": "R Oa",
              "bowler": "Jahanara Alam",
              "non_striker": "V Frank",
              "runs": {
                "batter": 0,
                "extras": 0,
                "total": 0
              }
            },
            {
              "batter": "R Oa",
              "bowler": "Jahanara Alam",
              "non_striker": "V Frank",
              "runs": {
                "batter": 0,
                "extras": 0,
                "total": 0
              },
              "wickets": [
                {
                  "kind": "bowled",
                  "player_out": "R Oa"
                }
              ]
            }
          ]
        }
      ],
      "powerplays": [
        {
          "from": 0.1,
          "to": 5.7,
          "type": "mandatory"
        }
      ],
      "target": {
        "overs": 20,
        "runs": 101
      }
    }
  ]
}