{
  "meta": {
    "data_version": "1.0.0",
    "created": "2016-02-23",
    "revision": 4
  },
  "info": {
    "balls_per_over": 6,
    "city": "Kuala Lumpur",
    "dates": [
      "2016-02-21"
    ],
    "event": {
      "match_number": 3,
      "name": "Stan Nagaiah Trophy"
    },
    "gender": "male",
    "match_type": "IT20",
    "missing": [
      "player_of_match"
    ],
    "officials": {
      "umpires": [
        "B Ramani",
        "D Sevakumaran"
      ]
    },
    "outcome": {
      "by": {
        "runs": 83
      },
      "winner": "Malaysia"
    },
    "overs": 20,
    "players": {
      "Malaysia": [
        "Anwar Arudin",
        "Fikri Makram",
        "Ahmed Faiz",
        "M Syahadat Ramli",
        "Nazril Rahman",
        "Shafiq Sharif",
        "Virandeep Singh",
        "SKG Krishnan",
        "D Duraisingam",
        "Suharril Fetri",
        "Muhammad Wafiq"
      ],
      "Singapore": [
        "A Mutreja",
        "R Rohan",
        "CR Suryawanshi",
        "V Kadiresan",
        "NMS Param",
        "U Rakshit",
        "K Suresh",
        "Janak Prakash",
        "Abhinav Raman",
        "M Dharmichand",
        "AAhan Achar"
      ]
    },
    "registry": {
      "people": {
        "A Mutreja": "a2ec22d2",
        "AAhan Achar": "797f52cc",
        "Abhinav Raman": "0cb292b1",
        "Ahmed Faiz": "f6b4f746",
        "Anwar Arudin": "6d24561a",
        "B Ramani": "92ad5353",
        "CR Suryawanshi": "8a3756a0",
        "D Duraisingam": "ea9a0642",
        "D Sevakumaran": "b235cb97",
        "Janak Prakash": "f092b4c7",
        "K Suresh": "1b01ab7d",
        "M Dharmichand": "1f3e6df4",
        "M Syahadat Ramli": "5efa8af3",
        "Nazril Rahman": "6d5bdc43",
        "Fikri Makram": "2aa49a9a",
        "Muhammad Wafiq": "f104c434",
        "NMS Param": "270b4de6",
        "R Rohan": "baf0fc26",
        "SKG Krishnan": "798ce1ad",
        "Shafiq Sharif": "033ac24e",
        "Suharril Fetri": "a96938ba",
        "U Rakshit": "f6b39059",
        "V Kadiresan": "ae84d864",
        "Virandeep Singh": "415d30b6"
      }
    },
    "season": "2015/16",
    "team_type": "international",
    "teams": [
      "Malaysia",
      "Singapore"
    ],
    "toss": {
      "decision": "field",
      "winner": "Singapore"
    },
    "venue": "Kinrara Academy Oval"
  },
  "innings": [
    {
      "team": "Malaysia",
      "overs": [
        {
          "over": 0,
          "deliveries": [
            {
              "batter": "Anwar Arudin",
              "bowler": "K Suresh",
              "extras": {
                "wides": 1
              },
              "non_striker": "Fikri Makram",
              "runs": {
                "batter": 0,
                "extras": 1,
                "total": 1
              }
            },
            {
              "batter": "Anwar Arudin",
              "bowler": "K Suresh",
              "extras": {
                "wides": 1
              },
              "non_striker": "Fikri Makram",
              "runs": {
                "batter": 0,
                "extras": 1,
                "total": 1
              }
            },
            {
              "batter": "Anwar Arudin",
              "bowler": "K Suresh",
              "non_striker": "Fikri Makram",
              "runs": {
                "batter": 1,
                "extras": 0,
                "total": 1
              }
            },
            {
              "batter": "Fikri Makram",
              "bowler": "K Suresh",
              "non_striker": "Anwar Arudin",
              "runs": {
                "batter": 1,
                "extras": 0,
                "total": 1
              }
            },
            {
              "batter": "Anwar Arudin",
              "bowler": "K Suresh",
              "non_striker": "Fikri Makram",
              "runs": {
                "batter": 1,
                "extras": 0,
                "total": 1
              }
            },
            {
              "batter": "Fikri Makram",
              "bowler": "K Suresh",
              "non_striker": "Anwar Arudin",
              "runs": {
                "batter": 0,
                "extras": 0,
                "total": 0
              },
              "wickets": [
                {
                  "kind": "caught",
                  "player_out": "Fikri Makram",
                  "fielders": [
                    {
                      "name": "CR Suryawanshi"
                    }
                  ]
                }
              ]
            },
            {
              "batter": "Ahmed Faiz",
              "bowler": "K Suresh",
              "non_striker": "Anwar Arudin",
              "runs": {
                "batter": 0,
                "extras": 0,
                "total": 0
              }
            },
            {
              "batter": "Ahmed Faiz",
              "bowler": "K Suresh",
              "non_striker": "Anwar Arudin",
              "runs": {
                "batter": 1,
                "extras": 0,
                "total": 1
              }
            }
          ]
        },
        {
          "over": 1,
          "deliveries": [
            {
              "batter": "Ahmed Faiz",
              "bowler": "Janak Prakash",
              "non_striker": "Anwar Arudin",
              "runs": {
                "batter": 0,
                "extras": 0,
                "total": 0
              }
            },
            {
              "batter": "Ahmed Faiz",
              "bowler": "Janak Prakash",
              "non_striker": "Anwar Arudin",
              "runs": {
                "batter": 0,
                "extras": 0,
                "total": 0
              }
            },
            {
              "batter": "Ahmed Faiz",
              "bowler": "Janak Prakash",
              "non_striker": "Anwar Arudin",
              "runs": {
                "batter": 0,
                "extras": 0,
                "total": 0
              }
            },
            {
              "batter": "Ahmed Faiz",
              "bowler": "Janak Prakash",
              "non_striker": "Anwar Arudin",
              "runs": {
                "batter": 0,
                "extras": 0,
                "total": 0
              }
            },
            {
              "batter": "Ahmed Faiz",
              "bowler": "Janak Prakash",
              "non_striker": "Anwar Arudin",
              "runs": {
                "batter": 2,
                "extras": 0,
                "total": 2
              }
            },
            {
              "batter": "Ahmed Faiz",
              "bowler": "Janak Prakash",
              "non_striker": "Anwar Arudin",
              "runs": {
                "batter": 0,
                "extras": 0,
                "total": 0
              }
            }
          ]
        },
        {
          "over": 2,
          "deliveries": [
            {
              "batter": "Anwar Arudin",
              "bowler": "K Suresh",
              "non_striker": "Ahmed Faiz",
              "runs": {
                "batter": 0,
                "extras": 0,
                "total": 0
              }
            },
            {
              "batter": "Anwar Arudin",
              "bowler": "K Suresh",
              "non_striker": "Ahmed Faiz",
              "runs": {
                "batter": 4,
                "extras": 0,
                "total": 4
              }
            },
            {
              "batter": "Anwar Arudin",
              "bowler": "K Suresh",
              "extras": {
                "wides": 1
              },
              "non_striker": "Ahmed Faiz",
              "runs": {
                "batter": 0,
                "extras": 1,
                "total": 1
              }
            },
            {
              "batter": "Anwar Arudin",
              "bowler": "K Suresh",
              "non_striker": "Ahmed Faiz",
              "runs": {
                "batter": 0,
                "extras": 0,
                "total": 0
              }
            },
            {
              "batter": "Anwar Arudin",
              "bowler": "K Suresh",
              "non_striker": "Ahmed Faiz",
              "runs": {
                "batter": 4,
                "extras": 0,
                "total": 4
              }
            },
            {
              "batter": "Anwar Arudin",
              "bowler": "K Suresh",
              "non_striker": "Ahmed Faiz",
              "runs": {
                "batter": 6,
                "extras": 0,
                "total": 6
              }
            },
            {
              "batter": "Anwar Arudin",
              "bowler": "K Suresh",
              "non_striker": "Ahmed Faiz",
              "runs": {
                "batter": 1,
                "extras": 0,
                "total": 1
              }
            }
          ]
        },
        {
          "over": 3,
          "deliveries": [
            {
              "batter": "Anwar Arudin",
              "bowler": "Janak Prakash",
              "non_striker": "Ahmed Faiz",
              "runs": {
                "batter": 0,
                "extras": 0,
                "total": 0
              }
            },
            {
              "batter": "Anwar Arudin",
              "bowler": "Janak Prakash",
              "non_striker": "Ahmed Faiz",
              "runs": {
                "batter": 0,
                "extras": 0,
                "total": 0
              }
            },
            {
              "batter": "Anwar Arudin",
              "bowler": "Janak Prakash",
              "non_striker": "Ahmed Faiz",
              "runs": {
                "batter": 0,
                "extras": 0,
                "total": 0
              }
            },
            {
              "batter": "Anwar Arudin",
              "bowler": "Janak Prakash",
              "non_striker": "Ahmed Faiz",
              "runs": {
                "batter": 6,
                "extras": 0,
                "total": 6
              }
            },
            {
              "batter": "Anwar Arudin",
              "bowler": "Janak Prakash",
              "non_striker": "Ahmed Faiz",
              "runs": {
                "batter": 1,
                "extras": 0,
                "total": 1
              }
            },
            {
              "batter": "Ahmed Faiz",
              "bowler": "Janak Prakash",
              "non_striker": "Anwar Arudin",
              "runs": {
                "batter": 1,
                "extras": 0,
                "total": 1
              }
            }
          ]
        },
        {
          "over": 4,
          "deliveries": [
            {
              "batter": "Ahmed Faiz",
              "bowler": "M Dharmichand",
              "non_striker": "Anwar Arudin",
              "runs": {
                "batter": 0,
                "extras": 0,
                "total": 0
              }
            },
            {
              "batter": "Ahmed Faiz",
              "bowler": "M Dharmichand",
              "non_striker": "Anwar Arudin",
              "runs": {
                "batter": 0,
                "extras": 0,
                "total": 0
              }
            },
            {
              "batter": "Ahmed Faiz",
              "bowler": "M Dharmichand",
              "non_striker": "Anwar Arudin",
              "runs": {
                "batter": 6,
                "extras": 0,
                "total": 6
              }
            },
            {
              "batter": "Ahmed Faiz",
              "bowler": "M Dharmichand",
              "non_striker": "Anwar Arudin",
              "runs": {
                "batter": 0,
                "extras": 0,
                "total": 0
              }
            },
            {
              "batter": "Ahmed Faiz",
              "bowler": "M Dharmichand",
              "non_striker": "Anwar Arudin",
              "runs": {
                "batter": 0,
                "extras": 0,
                "total": 0
              }
            },
            {
              "batter": "Ahmed Faiz",
              "bowler": "M Dharmichand",
              "non_striker": "Anwar Arudin",
              "runs": {
                "batter": 0,
                "extras": 0,
                "total": 0
              }
            }
          ]
        },
        {
          "over": 5,
          "deliveries": [
            {
              "batter": "Anwar Arudin",
              "bowler": "Janak Prakash",
              "non_striker": "Ahmed Faiz",
              "runs": {
                "batter": 0,
                "extras": 0,
                "total": 0
              }
            },
            {
              "batter": "Anwar Arudin",
              "bowler": "Janak Prakash",
              "non_striker": "Ahmed Faiz",
              "runs": {
                "batter": 2,
                "extras": 0,
                "total": 2
              }
            },
            {
              "batter": "Anwar Arudin",
              "bowler": "Janak Prakash",
              "non_striker": "Ahmed Faiz",
              "runs": {
                "batter": 0,
                "extras": 0,
                "total": 0
              }
            },
            {
              "batter": "Anwar Arudin",
              "bowler": "Janak Prakash",
              "non_striker": "Ahmed Faiz",
              "runs": {
                "batter": 1,
                "extras": 0,
                "total": 1
              }
            },
            {
              "batter": "Ahmed Faiz",
              "bowler": "Janak Prakash",
              "non_striker": "Anwar Arudin",
              "runs": {
                "batter": 1,
                "extras": 0,
                "total": 1
              }
            },
            {
              "batter": "Anwar Arudin",
              "bowler": "Janak Prakash",
              "non_striker": "Ahmed Faiz",
              "runs": {
                "batter": 2,
                "extras": 0,
                "total": 2
              }
            }
          ]
        },
        {
          "over": 6,
          "deliveries": [
            {
              "batter": "Ahmed Faiz",
              "bowler": "M Dharmichand",
              "non_striker": "Anwar Arudin",
              "runs": {
                "batter": 0,
                "extras": 0,
                "total": 0
              }
            },
            {
              "batter": "Ahmed Faiz",
              "bowler": "M Dharmichand",
              "non_striker": "Anwar Arudin",
              "runs": {
                "batter": 6,
                "extras": 0,
                "total": 6
              }
            },
            {
              "batter": "Ahmed Faiz",
              "bowler": "M Dharmichand",
              "non_striker": "Anwar Arudin",
              "runs": {
                "batter": 2,
                "extras": 0,
                "total": 2
              }
            },
            {
              "batter": "Ahmed Faiz",
              "bowler": "M Dharmichand",
              "non_striker": "Anwar Arudin",
              "runs": {
                "batter": 0,
                "extras": 0,
                "total": 0
              }
            },
            {
              "batter": "Ahmed Faiz",
              "bowler": "M Dharmichand",
              "non_striker": "Anwar Arudin",
              "runs": {
                "batter": 0,
                "extras": 0,
                "total": 0
              }
            },
            {
              "batter": "Ahmed Faiz",
              "bowler": "M Dharmichand",
              "non_striker": "Anwar Arudin",
              "runs": {
                "batter": 0,
                "extras": 0,
                "total": 0
              }
            }
          ]
        },
        {
          "over": 7,
          "deliveries": [
            {
              "batter": "Anwar Arudin",
              "bowler": "K Suresh",
              "non_striker": "Ahmed Faiz",
              "runs": {
                "batter": 2,
                "extras": 0,
                "total": 2
              }
            },
            {
              "batter": "Anwar Arudin",
              "bowler": "K Suresh",
              "non_striker": "Ahmed Faiz",
              "runs": {
                "batter": 6,
                "extras": 0,
                "total": 6
              }
            },
            {
              "batter": "Anwar Arudin",
              "bowler": "K Suresh",
              "non_striker": "Ahmed Faiz",
              "runs": {
                "batter": 6,
                "extras": 0,
                "total": 6
              }
            },
            {
              "batter": "Anwar Arudin",
              "bowler": "K Suresh",
              "extras": {
                "noballs": 1
              },
              "non_striker": "Ahmed Faiz",
              "runs": {
                "batter": 0,
                "extras": 1,
                "total": 1
              }
            },
            {
              "batter": "Anwar Arudin",
              "bowler": "K Suresh",
              "non_striker": "Ahmed Faiz",
              "runs": {
                "batter": 2,
                "extras": 0,
                "total": 2
              }
            },
            {
              "batter": "Anwar Arudin",
              "bowler": "K Suresh",
              "non_striker": "Ahmed Faiz",
              "runs": {
                "batter": 6,
                "extras": 0,
                "total": 6
              }
            },
            {
              "batter": "Anwar Arudin",
              "bowler": "K Suresh",
              "non_striker": "Ahmed Faiz",
              "runs": {
                "batter": 4,
                "extras": 0,
                "total": 4
              }
            }
          ]
        },
        {
          "over": 8,
          "deliveries": [
            {
              "batter": "Ahmed Faiz",
              "bowler": "Abhinav Raman",
              "non_striker": "Anwar Arudin",
              "runs": {
                "batter": 0,
                "extras": 0,
                "total": 0
              }
            },
            {
              "batter": "Ahmed Faiz",
              "bowler": "Abhinav Raman",
              "non_striker": "Anwar Arudin",
              "runs": {
                "batter": 1,
                "extras": 0,
                "total": 1
              }
            },
            {
              "batter": "Anwar Arudin",
              "bowler": "Abhinav Raman",
              "non_striker": "Ahmed Faiz",
              "runs": {
                "batter": 0,
                "extras": 0,
                "total": 0
              },
              "wickets": [
                {
                  "kind": "caught",
                  "player_out": "Anwar Arudin",
                  "fielders": [
                    {
                      "name": "CR Suryawanshi"
                    }
                  ]
                }
              ]
            },
            {
              "batter": "Ahmed Faiz",
              "bowler": "Abhinav Raman",
              "non_striker": "M Syahadat Ramli",
              "runs": {
                "batter": 2,
                "extras": 0,
                "total": 2
              }
            },
            {
              "batter": "Ahmed Faiz",
              "bowler": "Abhinav Raman",
              "non_striker": "M Syahadat Ramli",
              "runs": {
                "batter": 4,
                "extras": 0,
                "total": 4
              }
            },
            {
              "batter": "Ahmed Faiz",
              "bowler": "Abhinav Raman",
              "non_striker": "M Syahadat Ramli",
              "runs": {
                "batter": 0,
                "extras": 0,
                "total": 0
              }
            }
          ]
        },
        {
          "over": 9,
          "deliveries": [
            {
              "batter": "M Syahadat Ramli",
              "bowler": "R Rohan",
              "non_striker": "Ahmed Faiz",
              "runs": {
                "batter": 4,
                "extras": 0,
                "total": 4
              }
            },
            {
              "batter": "M Syahadat Ramli",
              "bowler": "R Rohan",
              "non_striker": "Ahmed Faiz",
              "runs": {
                "batter": 1,
                "extras": 0,
                "total": 1
              }
            },
            {
              "batter": "Ahmed Faiz",
              "bowler": "R Rohan",
              "non_striker": "M Syahadat Ramli",
              "runs": {
                "batter": 0,
                "extras": 0,
                "total": 0
              }
            },
            {
              "batter": "Ahmed Faiz",
              "bowler": "R Rohan",
              "non_striker": "M Syahadat Ramli",
              "runs": {
                "batter": 4,
                "extras": 0,
                "total": 4
              }
            },
            {
              "batter": "Ahmed Faiz",
              "bowler": "R Rohan",
              "non_striker": "M Syahadat Ramli",
              "runs": {
                "batter": 0,
                "extras": 0,
                "total": 0
              }
            },
            {
              "batter": "Ahmed Faiz",
              "bowler": "R Rohan",
              "non_striker": "M Syahadat Ramli",
              "runs": {
                "batter": 1,
                "extras": 0,
                "total": 1
              }
            }
          ]
        },
        {
          "over": 10,
          "deliveries": [
            {
              "batter": "Ahmed Faiz",
              "bowler": "Abhinav Raman",
              "non_striker": "M Syahadat Ramli",
              "runs": {
                "batter": 2,
                "extras": 0,
                "total": 2
              }
            },
            {
              "batter": "Ahmed Faiz",
              "bowler": "Abhinav Raman",
              "non_striker": "M Syahadat Ramli",
              "runs": {
                "batter": 2,
                "extras": 0,
                "total": 2
              }
            },
            {
              "batter": "Ahmed Faiz",
              "bowler": "Abhinav Raman",
              "non_striker": "M Syahadat Ramli",
              "runs": {
                "batter": 1,
                "extras": 0,
                "total": 1
              }
            },
            {
              "batter": "M Syahadat Ramli",
              "bowler": "Abhinav Raman",
              "non_striker": "Ahmed Faiz",
              "runs": {
                "batter": 1,
                "extras": 0,
                "total": 1
              }
            },
            {
              "batter": "Ahmed Faiz",
              "bowler": "Abhinav Raman",
              "non_striker": "M Syahadat Ramli",
              "runs": {
                "batter": 2,
                "extras": 0,
                "total": 2
              }
            },
            {
              "batter": "Ahmed Faiz",
              "bowler": "Abhinav Raman",
              "non_striker": "M Syahadat Ramli",
              "runs": {
                "batter": 1,
                "extras": 0,
                "total": 1
              }
            }
          ]
        },
        {
          "over": 11,
          "deliveries": [
            {
              "batter": "Ahmed Faiz",
              "bowler": "R Rohan",
              "non_striker": "M Syahadat Ramli",
              "runs": {
                "batter": 2,
                "extras": 0,
                "total": 2
              }
            },
            {
              "batter": "Ahmed Faiz",
              "bowler": "R Rohan",
              "non_striker": "M Syahadat Ramli",
              "runs": {
                "batter": 1,
                "extras": 0,
                "total": 1
              }
            },
            {
              "batter": "M Syahadat Ramli",
              "bowler": "R Rohan",
              "non_striker": "Ahmed Faiz",
              "runs": {
                "batter": 2,
                "extras": 0,
                "total": 2
              }
            },
            {
              "batter": "M Syahadat Ramli",
              "bowler": "R Rohan",
              "non_striker": "Ahmed Faiz",
              "runs": {
                "batter": 4,
                "extras": 0,
                "total": 4
              }
            },
            {
              "batter": "M Syahadat Ramli",
              "bowler": "R Rohan",
              "non_striker": "Ahmed Faiz",
              "runs": {
                "batter": 1,
                "extras": 0,
                "total": 1
              }
            },
            {
              "batter": "Ahmed Faiz",
              "bowler": "R Rohan",
              "non_striker": "M Syahadat Ramli",
              "runs": {
                "batter": 0,
                "extras": 0,
                "total": 0
              }
            }
          ]
        },
        {
          "over": 12,
          "deliveries": [
            {
              "batter": "M Syahadat Ramli",
              "bowler": "M Dharmichand",
              "non_striker": "Ahmed Faiz",
              "runs": {
                "batter": 0,
                "extras": 0,
                "total": 0
              }
            },
            {
              "batter": "M Syahadat Ramli",
              "bowler": "M Dharmichand",
              "non_striker": "Ahmed Faiz",
              "runs": {
                "batter": 0,
                "extras": 0,
                "total": 0
              }
            },
            {
              "batter": "M Syahadat Ramli",
              "bowler": "M Dharmichand",
              "non_striker": "Ahmed Faiz",
              "runs": {
                "batter": 1,
                "extras": 0,
                "total": 1
              }
            },
            {
              "batter": "Ahmed Faiz",
              "bowler": "M Dharmichand",
              "non_striker": "M Syahadat Ramli",
              "runs": {
                "batter": 1,
                "extras": 0,
                "total": 1
              }
            },
            {
              "batter": "M Syahadat Ramli",
              "bowler": "M Dharmichand",
              "non_striker": "Ahmed Faiz",
              "runs": {
                "batter": 0,
                "extras": 0,
                "total": 0
              }
            },
            {
              "batter": "M Syahadat Ramli",
              "bowler": "M Dharmichand",
              "non_striker": "Ahmed Faiz",
              "runs": {
                "batter": 6,
                "extras": 0,
                "total": 6
              }
            }
          ]
        },
        {
          "over": 13,
          "deliveries": [
            {
              "batter": "Ahmed Faiz",
              "bowler": "Abhinav Raman",
              "non_striker": "M Syahadat Ramli",
              "runs": {
                "batter": 4,
                "extras": 0,
                "total": 4
              }
            },
            {
              "batter": "Ahmed Faiz",
              "bowler": "Abhinav Raman",
              "non_striker": "M Syahadat Ramli",
              "runs": {
                "batter": 4,
                "extras": 0,
                "total": 4
              }
            },
            {
              "batter": "Ahmed Faiz",
              "bowler": "Abhinav Raman",
              "non_striker": "M Syahadat Ramli",
              "runs": {
                "batter": 0,
                "extras": 0,
                "total": 0
              }
            },
            {
              "batter": "Ahmed Faiz",
              "bowler": "Abhinav Raman",
              "extras": {
                "byes": 4
              },
              "non_striker": "M Syahadat Ramli",
              "runs": {
                "batter": 0,
                "extras": 4,
                "total": 4
              }
            },
            {
              "batter": "Ahmed Faiz",
              "bowler": "Abhinav Raman",
              "non_striker": "M Syahadat Ramli",
              "runs": {
                "batter": 0,
                "extras": 0,
                "total": 0
              }
            },
            {
              "batter": "Ahmed Faiz",
              "bowler": "Abhinav Raman",
              "non_striker": "M Syahadat Ramli",
              "runs": {
                "batter": 6,
                "extras": 0,
                "total": 6
              }
            }
          ]
        },
        {
          "over": 14,
          "deliveries": [
            {
              "batter": "M Syahadat Ramli",
              "bowler": "R Rohan",
              "non_striker": "Ahmed Faiz",
              "runs": {
                "batter": 1,
                "extras": 0,
                "total": 1
              }
            },
            {
              "batter": "Ahmed Faiz",
              "bowler": "R Rohan",
              "non_striker": "M Syahadat Ramli",
              "runs": {
                "batter": 2,
                "extras": 0,
                "total": 2
              }
            },
            {
              "batter": "Ahmed Faiz",
              "bowler": "R Rohan",
              "extras": {
                "wides": 1
              },
              "non_striker": "M Syahadat Ramli",
              "runs": {
                "batter": 0,
                "extras": 1,
                "total": 1
              }
            },
            {
              "batter": "Ahmed Faiz",
              "bowler": "R Rohan",
              "non_striker": "M Syahadat Ramli",
              "runs": {
                "batter": 1,
                "extras": 0,
                "total": 1
              }
            },
            {
              "batter": "M Syahadat Ramli",
              "bowler": "R Rohan",
              "non_striker": "Ahmed Faiz",
              "runs": {
                "batter": 1,
                "extras": 0,
                "total": 1
              }
            },
            {
              "batter": "Ahmed Faiz",
              "bowler": "R Rohan",
              "non_striker": "M Syahadat Ramli",
              "runs": {
                "batter": 1,
                "extras": 0,
                "total": 1
              }
            },
            {
              "batter": "M Syahadat Ramli",
              "bowler": "R Rohan",
              "non_striker": "Ahmed Faiz",
              "runs": {
                "batter": 1,
                "extras": 0,
                "total": 1
              }
            }
          ]
        },
        {
          "over": 15,
          "deliveries": [
            {
              "batter": "M Syahadat Ramli",
              "bowler": "Janak Prakash",
              "non_striker": "Ahmed Faiz",
              "runs": {
                "batter": 4,
                "extras": 0,
                "total": 4
              }
            },
            {
              "batter": "M Syahadat Ramli",
              "bowler": "Janak Prakash",
              "non_striker": "Ahmed Faiz",
              "runs": {
                "batter": 0,
                "extras": 0,
                "total": 0
              },
              "wickets": [
                {
                  "kind": "caught",
                  "player_out": "M Syahadat Ramli",
                  "fielders": [
                    {
                      "name": "R Rohan"
                    }
                  ]
                }
              ]
            },
            {
              "batter": "Ahmed Faiz",
              "bowler": "Janak Prakash",
              "non_striker": "Nazril Rahman",
              "runs": {
                "batter": 4,
                "extras": 0,
                "total": 4
              }
            },
            {
              "batter": "Ahmed Faiz",
              "bowler": "Janak Prakash",
              "non_striker": "Nazril Rahman",
              "runs": {
                "batter": 1,
                "extras": 0,
                "total": 1
              }
            },
            {
              "batter": "Nazril Rahman",
              "bowler": "Janak Prakash",
              "non_striker": "Ahmed Faiz",
              "runs": {
                "batter": 1,
                "extras": 0,
                "total": 1
              }
            },
            {
              "batter": "Ahmed Faiz",
              "bowler": "Janak Prakash",
              "non_striker": "Nazril Rahman",
              "runs": {
                "batter": 0,
                "extras": 0,
                "total": 0
              }
            }
          ]
        },
        {
          "over": 16,
          "deliveries": [
            {
              "batter": "Nazril Rahman",
              "bowler": "R Rohan",
              "non_striker": "Ahmed Faiz",
              "runs": {
                "batter": 0,
                "extras": 0,
                "total": 0
              }
            },
            {
              "batter": "Nazril Rahman",
              "bowler": "R Rohan",
              "non_striker": "Ahmed Faiz",
              "runs": {
                "batter": 1,
                "extras": 0,
                "total": 1
              }
            },
            {
              "batter": "Ahmed Faiz",
              "bowler": "R Rohan",
              "non_striker": "Nazril Rahman",
              "runs": {
                "batter": 6,
                "extras": 0,
                "total": 6
              }
            },
            {
              "batter": "Ahmed Faiz",
              "bowler": "R Rohan",
              "non_striker": "Nazril Rahman",
              "runs": {
                "batter": 1,
                "extras": 0,
                "total": 1
              }
            },
            {
              "batter": "Nazril Rahman",
              "bowler": "R Rohan",
              "non_striker": "Ahmed Faiz",
              "runs": {
                "batter": 0,
                "extras": 0,
                "total": 0
              }
            },
            {
              "batter": "Nazril Rahman",
              "bowler": "R Rohan",
              "non_striker": "Ahmed Faiz",
              "runs": {
                "batter": 4,
                "extras": 0,
                "total": 4
              }
            }
          ]
        },
        {
          "over": 17,
          "deliveries": [
            {
              "batter": "Ahmed Faiz",
              "bowler": "M Dharmichand",
              "non_striker": "Nazril Rahman",
              "runs": {
                "batter": 6,
                "extras": 0,
                "total": 6
              }
            },
            {
              "batter": "Ahmed Faiz",
              "bowler": "M Dharmichand",
              "non_striker": "Nazril Rahman",
              "runs": {
                "batter": 1,
                "extras": 0,
                "total": 1
              }
            },
            {
              "batter": "Nazril Rahman",
              "bowler": "M Dharmichand",
              "non_striker": "Ahmed Faiz",
              "runs": {
                "batter": 1,
                "extras": 0,
                "total": 1
              }
            },
            {
              "batter": "Ahmed Faiz",
              "bowler": "M Dharmichand",
              "non_striker": "Nazril Rahman",
              "runs": {
                "batter": 0,
                "extras": 0,
                "total": 0
              }
            },
            {
              "batter": "Ahmed Faiz",
              "bowler": "M Dharmichand",
              "non_striker": "Nazril Rahman",
              "runs": {
                "batter": 2,
                "extras": 0,
                "total": 2
              }
            },
            {
              "batter": "Ahmed Faiz",
              "bowler": "M Dharmichand",
              "non_striker": "Nazril Rahman",
              "runs": {
                "batter": 4,
                "extras": 0,
                "total": 4
              }
            }
          ]
        },
        {
          "over": 18,
          "deliveries": [
            {
              "batter": "Nazril Rahman",
              "bowler": "Abhinav Raman",
              "non_striker": "Ahmed Faiz",
              "runs": {
                "batter": 1,
                "extras": 0,
                "total": 1
              }
            },
            {
              "batter": "Ahmed Faiz",
              "bowler": "Abhinav Raman",
              "non_striker": "Nazril Rahman",
              "runs": {
                "batter": 6,
                "extras": 0,
                "total": 6
              }
            },
            {
              "batter": "Ahmed Faiz",
              "bowler": "Abhinav Raman",
              "non_striker": "Nazril Rahman",
              "runs": {
                "batter": 2,
                "extras": 0,
                "total": 2
              }
            },
            {
              "batter": "Ahmed Faiz",
              "bowler": "Abhinav Raman",
              "non_striker": "Nazril Rahman",
              "runs": {
                "batter": 6,
                "extras": 0,
                "total": 6
              }
            },
            {
              "batter": "Ahmed Faiz",
              "bowler": "Abhinav Raman",
              "non_striker": "Nazril Rahman",
              "runs": {
                "batter": 1,
                "extras": 0,
                "total": 1
              }
            },
            {
              "batter": "Nazril Rahman",
              "bowler": "Abhinav Raman",
              "non_striker": "Ahmed Faiz",
              "runs": {
                "batter": 1,
                "extras": 0,
                "total": 1
              },
              "wickets": [
                {
                  "kind": "run out",
                  "player_out": "Nazril Rahman",
                  "fielders": [
                    {
                      "name": "CR Suryawanshi"
                    }
                  ]
                }
              ]
            }
          ]
        },
        {
          "over": 19,
          "deliveries": [
            {
              "batter": "Ahmed Faiz",
              "bowler": "AAhan Achar",
              "non_striker": "Shafiq Sharif",
              "runs": {
                "batter": 1,
                "extras": 0,
                "total": 1
              }
            },
            {
              "batter": "Shafiq Sharif",
              "bowler": "AAhan Achar",
              "non_striker": "Ahmed Faiz",
              "runs": {
                "batter": 4,
                "extras": 0,
                "total": 4
              }
            },
            {
              "batter": "Shafiq Sharif",
              "bowler": "AAhan Achar",
              "non_striker": "Ahmed Faiz",
              "runs": {
                "batter": 1,
                "extras": 0,
                "total": 1
              }
            },
            {
              "batter": "Ahmed Faiz",
              "bowler": "AAhan Achar",
              "non_striker": "Shafiq Sharif",
              "runs": {
                "batter": 6,
                "extras": 0,
                "total": 6
              }
            },
            {
              "batter": "Ahmed Faiz",
              "bowler": "AAhan Achar",
              "non_striker": "Shafiq Sharif",
              "runs": {
                "batter": 1,
                "extras": 0,
                "total": 1
              }
            },
            {
              "batter": "Shafiq Sharif",
              "bowler": "AAhan Achar",
              "non_striker": "Ahmed Faiz",
              "runs": {
                "batter": 4,
                "extras": 0,
                "total": 4
              }
            }
          ]
        }
      ],
      "powerplays": [
        {
          "from": 0.1,
          "to": 5.6,
          "type": "mandatory"
        }
      ]
    },
    {
      "team": "Singapore",
      "overs": [
        {
          "over": 0,
          "deliveries": [
            {
              "batter": "A Mutreja",
              "bowler": "D Duraisingam",
              "non_striker": "R Rohan",
              "runs": {
                "batter": 0,
                "extras": 0,
                "total": 0
              }
            },
            {
              "batter": "A Mutreja",
              "bowler": "D Duraisingam",
              "non_striker": "R Rohan",
              "runs": {
                "batter": 0,
                "extras": 0,
                "total": 0
              },
              "wickets": [
                {
                  "kind": "caught",
                  "player_out": "A Mutreja",
                  "fielders": [
                    {
                      "name": "Ahmed Faiz"
                    }
                  ]
                }
              ]
            },
            {
              "batter": "R Rohan",
              "bowler": "D Duraisingam",
              "non_striker": "CR Suryawanshi",
              "runs": {
                "batter": 0,
                "extras": 0,
                "total": 0
              }
            },
            {
              "batter": "R Rohan",
              "bowler": "D Duraisingam",
              "non_striker": "CR Suryawanshi",
              "runs": {
                "batter": 0,
                "extras": 0,
                "total": 0
              },
              "wickets": [
                {
                  "kind": "caught",
                  "player_out": "R Rohan",
                  "fielders": [
                    {
                      "name": "Shafiq Sharif"
                    }
                  ]
                }
              ]
            },
            {
              "batter": "V Kadiresan",
              "bowler": "D Duraisingam",
              "non_striker": "CR Suryawanshi",
              "runs": {
                "batter": 0,
                "extras": 0,
                "total": 0
              }
            },
            {
              "batter": "V Kadiresan",
              "bowler": "D Duraisingam",
              "non_striker": "CR Suryawanshi",
              "runs": {
                "batter": 0,
                "extras": 0,
                "total": 0
              }
            }
          ]
        },
        {
          "over": 1,
          "deliveries": [
            {
              "batter": "CR Suryawanshi",
              "bowler": "Nazril Rahman",
              "non_striker": "V Kadiresan",
              "runs": {
                "batter": 1,
                "extras": 0,
                "total": 1
              }
            },
            {
              "batter": "V Kadiresan",
              "bowler": "Nazril Rahman",
              "non_striker": "CR Suryawanshi",
              "runs": {
                "batter": 0,
                "extras": 0,
                "total": 0
              }
            },
            {
              "batter": "V Kadiresan",
              "bowler": "Nazril Rahman",
              "non_striker": "CR Suryawanshi",
              "runs": {
                "batter": 0,
                "extras": 0,
                "total": 0
              }
            },
            {
              "batter": "V Kadiresan",
              "bowler": "Nazril Rahman",
              "non_striker": "CR Suryawanshi",
              "runs": {
                "batter": 0,
                "extras": 0,
                "total": 0
              }
            },
            {
              "batter": "V Kadiresan",
              "bowler": "Nazril Rahman",
              "extras": {
                "wides": 1
              },
              "non_striker": "CR Suryawanshi",
              "runs": {
                "batter": 0,
                "extras": 1,
                "total": 1
              }
            },
            {
              "batter": "V Kadiresan",
              "bowler": "Nazril Rahman",
              "extras": {
                "wides": 1
              },
              "non_striker": "CR Suryawanshi",
              "runs": {
                "batter": 0,
                "extras": 1,
                "total": 1
              }
            },
            {
              "batter": "V Kadiresan",
              "bowler": "Nazril Rahman",
              "non_striker": "CR Suryawanshi",
              "runs": {
                "batter": 1,
                "extras": 0,
                "total": 1
              }
            },
            {
              "batter": "CR Suryawanshi",
              "bowler": "Nazril Rahman",
              "extras": {
                "wides": 1
              },
              "non_striker": "V Kadiresan",
              "runs": {
                "batter": 0,
                "extras": 1,
                "total": 1
              }
            },
            {
              "batter": "CR Suryawanshi",
              "bowler": "Nazril Rahman",
              "non_striker": "V Kadiresan",
              "runs": {
                "batter": 4,
                "extras": 0,
                "total": 4
              }
            }
          ]
        },
        {
          "over": 2,
          "deliveries": [
            {
              "batter": "V Kadiresan",
              "bowler": "D Duraisingam",
              "non_striker": "CR Suryawanshi",
              "runs": {
                "batter": 1,
                "extras": 0,
                "total": 1
              }
            },
            {
              "batter": "CR Suryawanshi",
              "bowler": "D Duraisingam",
              "non_striker": "V Kadiresan",
              "runs": {
                "batter": 0,
                "extras": 0,
                "total": 0
              }
            },
            {
              "batter": "CR Suryawanshi",
              "bowler": "D Duraisingam",
              "non_striker": "V Kadiresan",
              "runs": {
                "batter": 1,
                "extras": 0,
                "total": 1
              }
            },
            {
              "batter": "V Kadiresan",
              "bowler": "D Duraisingam",
              "non_striker": "CR Suryawanshi",
              "runs": {
                "batter": 1,
                "extras": 0,
                "total": 1
              }
            },
            {
              "batter": "CR Suryawanshi",
              "bowler": "D Duraisingam",
              "non_striker": "V Kadiresan",
              "runs": {
                "batter": 0,
                "extras": 0,
                "total": 0
              },
              "wickets": [
                {
                  "kind": "caught",
                  "player_out": "CR Suryawanshi",
                  "fielders": [
                    {
                      "name": "Ahmed Faiz"
                    }
                  ]
                }
              ]
            },
            {
              "batter": "V Kadiresan",
              "bowler": "D Duraisingam",
              "non_striker": "NMS Param",
              "runs": {
                "batter": 1,
                "extras": 0,
                "total": 1
              }
            }
          ]
        },
        {
          "over": 3,
          "deliveries": [
            {
              "batter": "V Kadiresan",
              "bowler": "Muhammad Wafiq",
              "non_striker": "NMS Param",
              "runs": {
                "batter": 1,
                "extras": 0,
                "total": 1
              }
            },
            {
              "batter": "NMS Param",
              "bowler": "Muhammad Wafiq",
              "non_striker": "V Kadiresan",
              "runs": {
                "batter": 1,
                "extras": 0,
                "total": 1
              }
            },
            {
              "batter": "V Kadiresan",
              "bowler": "Muhammad Wafiq",
              "non_striker": "NMS Param",
              "runs": {
                "batter": 0,
                "extras": 0,
                "total": 0
              }
            },
            {
              "batter": "V Kadiresan",
              "bowler": "Muhammad Wafiq",
              "extras": {
                "wides": 1
              },
              "non_striker": "NMS Param",
              "runs": {
                "batter": 0,
                "extras": 1,
                "total": 1
              }
            },
            {
              "batter": "V Kadiresan",
              "bowler": "Muhammad Wafiq",
              "non_striker": "NMS Param",
              "runs": {
                "batter": 1,
                "extras": 0,
                "total": 1
              }
            },
            {
              "batter": "NMS Param",
              "bowler": "Muhammad Wafiq",
              "non_striker": "V Kadiresan",
              "runs": {
                "batter": 1,
                "extras": 0,
                "total": 1
              }
            },
            {
              "batter": "V Kadiresan",
              "bowler": "Muhammad Wafiq",
              "non_striker": "NMS Param",
              "runs": {
                "batter": 1,
                "extras": 0,
                "total": 1
              }
            }
          ]
        },
        {
          "over": 4,
          "deliveries": [
            {
              "batter": "V Kadiresan",
              "bowler": "Nazril Rahman",
              "extras": {
                "noballs": 1
              },
              "non_striker": "NMS Param",
              "runs": {
                "batter": 0,
                "extras": 1,
                "total": 1
              }
            },
            {
              "batter": "V Kadiresan",
              "bowler": "Nazril Rahman",
              "non_striker": "NMS Param",
              "runs": {
                "batter": 2,
                "extras": 0,
                "total": 2
              }
            },
            {
              "batter": "V Kadiresan",
              "bowler": "Nazril Rahman",
              "extras": {
                "wides": 1
              },
              "non_striker": "NMS Param",
              "runs": {
                "batter": 0,
                "extras": 1,
                "total": 1
              }
            },
            {
              "batter": "V Kadiresan",
              "bowler": "Nazril Rahman",
              "non_striker": "NMS Param",
              "runs": {
                "batter": 1,
                "extras": 0,
                "total": 1
              }
            },
            {
              "batter": "NMS Param",
              "bowler": "Nazril Rahman",
              "non_striker": "V Kadiresan",
              "runs": {
                "batter": 4,
                "extras": 0,
                "total": 4
              }
            },
            {
              "batter": "NMS Param",
              "bowler": "Nazril Rahman",
              "non_striker": "V Kadiresan",
              "runs": {
                "batter": 1,
                "extras": 0,
                "total": 1
              }
            },
            {
              "batter": "V Kadiresan",
              "bowler": "Nazril Rahman",
              "non_striker": "NMS Param",
              "runs": {
                "batter": 4,
                "extras": 0,
                "total": 4
              }
            },
            {
              "batter": "V Kadiresan",
              "bowler": "Nazril Rahman",
              "non_striker": "NMS Param",
              "runs": {
                "batter": 0,
                "extras": 0,
                "total": 0
              }
            }
          ]
        },
        {
          "over": 5,
          "deliveries": [
            {
              "batter": "NMS Param",
              "bowler": "Muhammad Wafiq",
              "non_striker": "V Kadiresan",
              "runs": {
                "batter": 1,
                "extras": 0,
                "total": 1
              }
            },
            {
              "batter": "V Kadiresan",
              "bowler": "Muhammad Wafiq",
              "non_striker": "NMS Param",
              "runs": {
                "batter": 1,
                "extras": 0,
                "total": 1
              }
            },
            {
              "batter": "NMS Param",
              "bowler": "Muhammad Wafiq",
              "extras": {
                "noballs": 1
              },
              "non_striker": "V Kadiresan",
              "runs": {
                "batter": 0,
                "extras": 1,
                "total": 1
              }
            },
            {
              "batter": "NMS Param",
              "bowler": "Muhammad Wafiq",
              "non_striker": "V Kadiresan",
              "runs": {
                "batter": 4,
                "extras": 0,
                "total": 4
              }
            },
            {
              "batter": "NMS Param",
              "bowler": "Muhammad Wafiq",
              "non_striker": "V Kadiresan",
              "runs": {
                "batter": 1,
                "extras": 0,
                "total": 1
              }
            },
            {
              "batter": "V Kadiresan",
              "bowler": "Muhammad Wafiq",
              "non_striker": "NMS Param",
              "runs": {
                "batter": 1,
                "extras": 0,
                "total": 1
              }
            },
            {
              "batter": "NMS Param",
              "bowler": "Muhammad Wafiq",
              "non_striker": "V Kadiresan",
              "runs": {
                "batter": 1,
                "extras": 0,
                "total": 1
              }
            }
          ]
        },
        {
          "over": 6,
          "deliveries": [
            {
              "batter": "NMS Param",
              "bowler": "SKG Krishnan",
              "non_striker": "V Kadiresan",
              "runs": {
                "batter": 4,
                "extras": 0,
                "total": 4
              }
            },
            {
              "batter": "NMS Param",
              "bowler": "SKG Krishnan",
              "non_striker": "V Kadiresan",
              "runs": {
                "batter": 1,
                "extras": 0,
                "total": 1
              }
            },
            {
              "batter": "V Kadiresan",
              "bowler": "SKG Krishnan",
              "non_striker": "NMS Param",
              "runs": {
                "batter": 1,
                "extras": 0,
                "total": 1
              }
            },
            {
              "batter": "NMS Param",
              "bowler": "SKG Krishnan",
              "non_striker": "V Kadiresan",
              "runs": {
                "batter": 1,
                "extras": 0,
                "total": 1
              }
            },
            {
              "batter": "V Kadiresan",
              "bowler": "SKG Krishnan",
              "non_striker": "NMS Param",
              "runs": {
                "batter": 1,
                "extras": 0,
                "total": 1
              }
            },
            {
              "batter": "NMS Param",
              "bowler": "SKG Krishnan",
              "non_striker": "V Kadiresan",
              "runs": {
                "batter": 1,
                "extras": 0,
                "total": 1
              }
            }
          ]
        },
        {
          "over": 7,
          "deliveries": [
            {
              "batter": "NMS Param",
              "bowler": "Virandeep Singh",
              "non_striker": "V Kadiresan",
              "runs": {
                "batter": 1,
                "extras": 0,
                "total": 1
              }
            },
            {
              "batter": "V Kadiresan",
              "bowler": "Virandeep Singh",
              "non_striker": "NMS Param",
              "runs": {
                "batter": 0,
                "extras": 0,
                "total": 0
              },
              "wickets": [
                {
                  "kind": "bowled",
                  "player_out": "V Kadiresan"
                }
              ]
            },
            {
              "batter": "U Rakshit",
              "bowler": "Virandeep Singh",
              "non_striker": "NMS Param",
              "runs": {
                "batter": 0,
                "extras": 0,
                "total": 0
              }
            },
            {
              "batter": "U Rakshit",
              "bowler": "Virandeep Singh",
              "non_striker": "NMS Param",
              "runs": {
                "batter": 0,
                "extras": 0,
                "total": 0
              }
            },
            {
              "batter": "U Rakshit",
              "bowler": "Virandeep Singh",
              "non_striker": "NMS Param",
              "runs": {
                "batter": 0,
                "extras": 0,
                "total": 0
              }
            },
            {
              "batter": "U Rakshit",
              "bowler": "Virandeep Singh",
              "non_striker": "NMS Param",
              "runs": {
                "batter": 0,
                "extras": 0,
                "total": 0
              }
            }
          ]
        },
        {
          "over": 8,
          "deliveries": [
            {
              "batter": "NMS Param",
              "bowler": "SKG Krishnan",
              "non_striker": "U Rakshit",
              "runs": {
                "batter": 1,
                "extras": 0,
                "total": 1
              }
            },
            {
              "batter": "U Rakshit",
              "bowler": "SKG Krishnan",
              "non_striker": "NMS Param",
              "runs": {
                "batter": 0,
                "extras": 0,
                "total": 0
              }
            },
            {
              "batter": "U Rakshit",
              "bowler": "SKG Krishnan",
              "non_striker": "NMS Param",
              "runs": {
                "batter": 1,
                "extras": 0,
                "total": 1
              }
            },
            {
              "batter": "NMS Param",
              "bowler": "SKG Krishnan",
              "extras": {
                "byes": 1
              },
              "non_striker": "U Rakshit",
              "runs": {
                "batter": 0,
                "extras": 1,
                "total": 1
              }
            },
            {
              "batter": "U Rakshit",
              "bowler": "SKG Krishnan",
              "non_striker": "NMS Param",
              "runs": {
                "batter": 1,
                "extras": 0,
                "total": 1
              }
            },
            {
              "batter": "NMS Param",
              "bowler": "SKG Krishnan",
              "non_striker": "U Rakshit",
              "runs": {
                "batter": 0,
                "extras": 0,
                "total": 0
              }
            }
          ]
        },
        {
          "over": 9,
          "deliveries": [
            {
              "batter": "U Rakshit",
              "bowler": "Virandeep Singh",
              "non_striker": "NMS Param",
              "runs": {
                "batter": 2,
                "extras": 0,
                "total": 2
              }
            },
            {
              "batter": "U Rakshit",
              "bowler": "Virandeep Singh",
              "non_striker": "NMS Param",
              "runs": {
                "batter": 0,
                "extras": 0,
                "total": 0
              }
            },
            {
              "batter": "U Rakshit",
              "bowler": "Virandeep Singh",
              "non_striker": "NMS Param",
              "runs": {
                "batter": 1,
                "extras": 0,
                "total": 1
              }
            },
            {
              "batter": "NMS Param",
              "bowler": "Virandeep Singh",
              "non_striker": "U Rakshit",
              "runs": {
                "batter": 1,
                "extras": 0,
                "total": 1
              }
            },
            {
              "batter": "U Rakshit",
              "bowler": "Virandeep Singh",
              "non_striker": "NMS Param",
              "runs": {
                "batter": 1,
                "extras": 0,
                "total": 1
              }
            },
            {
              "batter": "NMS Param",
              "bowler": "Virandeep Singh",
              "non_striker": "U Rakshit",
              "runs": {
                "batter": 1,
                "extras": 0,
                "total": 1
              }
            }
          ]
        },
        {
          "over": 10,
          "deliveries": [
            {
              "batter": "NMS Param",
              "bowler": "SKG Krishnan",
              "non_striker": "U Rakshit",
              "runs": {
                "batter": 1,
                "extras": 0,
                "total": 1
              }
            },
            {
              "batter": "U Rakshit",
              "bowler": "SKG Krishnan",
              "non_striker": "NMS Param",
              "runs": {
                "batter": 0,
                "extras": 0,
                "total": 0
              }
            },
            {
              "batter": "U Rakshit",
              "bowler": "SKG Krishnan",
              "non_striker": "NMS Param",
              "runs": {
                "batter": 0,
                "extras": 0,
                "total": 0
              }
            },
            {
              "batter": "U Rakshit",
              "bowler": "SKG Krishnan",
              "non_striker": "NMS Param",
              "runs": {
                "batter": 1,
                "extras": 0,
                "total": 1
              }
            },
            {
              "batter": "NMS Param",
              "bowler": "SKG Krishnan",
              "non_striker": "U Rakshit",
              "runs": {
                "batter": 0,
                "extras": 0,
                "total": 0
              }
            },
            {
              "batter": "NMS Param",
              "bowler": "SKG Krishnan",
              "non_striker": "U Rakshit",
              "runs": {
                "batter": 1,
                "extras": 0,
                "total": 1
              }
            }
          ]
        },
        {
          "over": 11,
          "deliveries": [
            {
              "batter": "NMS Param",
              "bowler": "Virandeep Singh",
              "non_striker": "U Rakshit",
              "runs": {
                "batter": 6,
                "extras": 0,
                "total": 6
              }
            },
            {
              "batter": "NMS Param",
              "bowler": "Virandeep Singh",
              "non_striker": "U Rakshit",
              "runs": {
                "batter": 1,
                "extras": 0,
                "total": 1
              }
            },
            {
              "batter": "U Rakshit",
              "bowler": "Virandeep Singh",
              "extras": {
                "wides": 1
              },
              "non_striker": "NMS Param",
              "runs": {
                "batter": 0,
                "extras": 1,
                "total": 1
              }
            },
            {
              "batter": "U Rakshit",
              "bowler": "Virandeep Singh",
              "non_striker": "NMS Param",
              "runs": {
                "batter": 0,
                "extras": 0,
                "total": 0
              }
            },
            {
              "batter": "U Rakshit",
              "bowler": "Virandeep Singh",
              "non_striker": "NMS Param",
              "runs": {
                "batter": 1,
                "extras": 0,
                "total": 1
              }
            },
            {
              "batter": "NMS Param",
              "bowler": "Virandeep Singh",
              "non_striker": "U Rakshit",
              "runs": {
                "batter": 1,
                "extras": 0,
                "total": 1
              }
            },
            {
              "batter": "U Rakshit",
              "bowler": "Virandeep Singh",
              "non_striker": "NMS Param",
              "runs": {
                "batter": 1,
                "extras": 0,
                "total": 1
              }
            }
          ]
        },
        {
          "over": 12,
          "deliveries": [
            {
              "batter": "U Rakshit",
              "bowler": "Suharril Fetri",
              "non_striker": "NMS Param",
              "runs": {
                "batter": 1,
                "extras": 0,
                "total": 1
              }
            },
            {
              "batter": "NMS Param",
              "bowler": "Suharril Fetri",
              "non_striker": "U Rakshit",
              "runs": {
                "batter": 0,
                "extras": 0,
                "total": 0
              }
            },
            {
              "batter": "NMS Param",
              "bowler": "Suharril Fetri",
              "non_striker": "U Rakshit",
              "runs": {
                "batter": 6,
                "extras": 0,
                "total": 6
              }
            },
            {
              "batter": "NMS Param",
              "bowler": "Suharril Fetri",
              "non_striker": "U Rakshit",
              "runs": {
                "batter": 1,
                "extras": 0,
                "total": 1
              }
            },
            {
              "batter": "U Rakshit",
              "bowler": "Suharril Fetri",
              "non_striker": "NMS Param",
              "runs": {
                "batter": 1,
                "extras": 0,
                "total": 1
              }
            },
            {
              "batter": "NMS Param",
              "bowler": "Suharril Fetri",
              "non_striker": "U Rakshit",
              "runs": {
                "batter": 1,
                "extras": 0,
                "total": 1
              }
            }
          ]
        },
        {
          "over": 13,
          "deliveries": [
            {
              "batter": "NMS Param",
              "bowler": "D Duraisingam",
              "non_striker": "U Rakshit",
              "runs": {
                "batter": 1,
                "extras": 0,
                "total": 1
              }
            },
            {
              "batter": "U Rakshit",
              "bowler": "D Duraisingam",
              "non_striker": "NMS Param",
              "runs": {
                "batter": 0,
                "extras": 0,
                "total": 0
              }
            },
            {
              "batter": "U Rakshit",
              "bowler": "D Duraisingam",
              "non_striker": "NMS Param",
              "runs": {
                "batter": 4,
                "extras": 0,
                "total": 4
              }
            },
            {
              "batter": "U Rakshit",
              "bowler": "D Duraisingam",
              "non_striker": "NMS Param",
              "runs": {
                "batter": 2,
                "extras": 0,
                "total": 2
              }
            },
            {
              "batter": "U Rakshit",
              "bowler": "D Duraisingam",
              "non_striker": "NMS Param",
              "runs": {
                "batter": 1,
                "extras": 0,
                "total": 1
              }
            },
            {
              "batter": "NMS Param",
              "bowler": "D Duraisingam",
              "non_striker": "U Rakshit",
              "runs": {
                "batter": 0,
                "extras": 0,
                "total": 0
              },
              "wickets": [
                {
                  "kind": "lbw",
                  "player_out": "NMS Param"
                }
              ]
            }
          ]
        },
        {
          "over": 14,
          "deliveries": [
            {
              "batter": "U Rakshit",
              "bowler": "Virandeep Singh",
              "non_striker": "K Suresh",
              "runs": {
                "batter": 1,
                "extras": 0,
                "total": 1
              }
            },
            {
              "batter": "K Suresh",
              "bowler": "Virandeep Singh",
              "non_striker": "U Rakshit",
              "runs": {
                "batter": 1,
                "extras": 0,
                "total": 1
              }
            },
            {
              "batter": "U Rakshit",
              "bowler": "Virandeep Singh",
              "non_striker": "K Suresh",
              "runs": {
                "batter": 0,
                "extras": 0,
                "total": 0
              }
            },
            {
              "batter": "U Rakshit",
              "bowler": "Virandeep Singh",
              "non_striker": "K Suresh",
              "runs": {
                "batter": 0,
                "extras": 0,
                "total": 0
              }
            },
            {
              "batter": "U Rakshit",
              "bowler": "Virandeep Singh",
              "non_striker": "K Suresh",
              "runs": {
                "batter": 0,
                "extras": 0,
                "total": 0
              }
            },
            {
              "batter": "U Rakshit",
              "bowler": "Virandeep Singh",
              "extras": {
                "wides": 2
              },
              "non_striker": "K Suresh",
              "runs": {
                "batter": 0,
                "extras": 2,
                "total": 2
              }
            },
            {
              "batter": "K Suresh",
              "bowler": "Virandeep Singh",
              "non_striker": "U Rakshit",
              "runs": {
                "batter": 0,
                "extras": 0,
                "total": 0
              }
            }
          ]
        },
        {
          "over": 15,
          "deliveries": [
            {
              "batter": "U Rakshit",
              "bowler": "Muhammad Wafiq",
              "extras": {
                "legbyes": 1
              },
              "non_striker": "K Suresh",
              "runs": {
                "batter": 0,
                "extras": 1,
                "total": 1
              }
            },
            {
              "batter": "K Suresh",
              "bowler": "Muhammad Wafiq",
              "extras": {
                "legbyes": 4
              },
              "non_striker": "U Rakshit",
              "runs": {
                "batter": 0,
                "extras": 4,
                "total": 4
              }
            },
            {
              "batter": "K Suresh",
              "bowler": "Muhammad Wafiq",
              "non_striker": "U Rakshit",
              "runs": {
                "batter": 1,
                "extras": 0,
                "total": 1
              }
            },
            {
              "batter": "U Rakshit",
              "bowler": "Muhammad Wafiq",
              "non_striker": "K Suresh",
              "runs": {
                "batter": 1,
                "extras": 0,
                "total": 1
              }
            },
            {
              "batter": "K Suresh",
              "bowler": "Muhammad Wafiq",
              "non_striker": "U Rakshit",
              "runs": {
                "batter": 0,
                "extras": 0,
                "total": 0
              }
            },
            {
              "batter": "K Suresh",
              "bowler": "Muhammad Wafiq",
              "extras": {
                "wides": 1
              },
              "non_striker": "U Rakshit",
              "runs": {
                "batter": 0,
                "extras": 1,
                "total": 1
              }
            },
            {
              "batter": "K Suresh",
              "bowler": "Muhammad Wafiq",
              "extras": {
                "noballs": 1
              },
              "non_striker": "U Rakshit",
              "runs": {
                "batter": 0,
                "extras": 1,
                "total": 1
              }
            },
            {
              "batter": "K Suresh",
              "bowler": "Muhammad Wafiq",
              "extras": {
                "noballs": 1
              },
              "non_striker": "U Rakshit",
              "runs": {
                "batter": 0,
                "extras": 1,
                "total": 1
              }
            },
            {
              "batter": "K Suresh",
              "bowler": "Muhammad Wafiq",
              "non_striker": "U Rakshit",
              "runs": {
                "batter": 1,
                "extras": 0,
                "total": 1
              }
            }
          ]
        },
        {
          "over": 16,
          "deliveries": [
            {
              "batter": "K Suresh",
              "bowler": "SKG Krishnan",
              "non_striker": "U Rakshit",
              "runs": {
                "batter": 1,
                "extras": 0,
                "total": 1
              }
            },
            {
              "batter": "U Rakshit",
              "bowler": "SKG Krishnan",
              "non_striker": "K Suresh",
              "runs": {
                "batter": 0,
                "extras": 0,
                "total": 0
              }
            },
            {
              "batter": "U Rakshit",
              "bowler": "SKG Krishnan",
              "non_striker": "K Suresh",
              "runs": {
                "batter": 1,
                "extras": 0,
                "total": 1
              }
            },
            {
              "batter": "K Suresh",
              "bowler": "SKG Krishnan",
              "non_striker": "U Rakshit",
              "runs": {
                "batter": 1,
                "extras": 0,
                "total": 1
              }
            },
            {
              "batter": "U Rakshit",
              "bowler": "SKG Krishnan",
              "non_striker": "K Suresh",
              "runs": {
                "batter": 1,
                "extras": 0,
                "total": 1
              }
            },
            {
              "batter": "K Suresh",
              "bowler": "SKG Krishnan",
              "non_striker": "U Rakshit",
              "runs": {
                "batter": 0,
                "extras": 0,
                "total": 0
              },
              "wickets": [
                {
                  "kind": "caught",
                  "player_out": "K Suresh",
                  "fielders": [
                    {
                      "name": "Fikri Makram"
                    }
                  ]
                }
              ]
            }
          ]
        },
        {
          "over": 17,
          "deliveries": [
            {
              "batter": "Janak Prakash",
              "bowler": "Suharril Fetri",
              "non_striker": "U Rakshit",
              "runs": {
                "batter": 1,
                "extras": 0,
                "total": 1
              }
            },
            {
              "batter": "U Rakshit",
              "bowler": "Suharril Fetri",
              "non_striker": "Janak Prakash",
              "runs": {
                "batter": 1,
                "extras": 0,
                "total": 1
              }
            },
            {
              "batter": "Janak Prakash",
              "bowler": "Suharril Fetri",
              "non_striker": "U Rakshit",
              "runs": {
                "batter": 0,
                "extras": 0,
                "total": 0
              }
            },
            {
              "batter": "Janak Prakash",
              "bowler": "Suharril Fetri",
              "non_striker": "U Rakshit",
              "runs": {
                "batter": 0,
                "extras": 0,
                "total": 0
              }
            },
            {
              "batter": "Janak Prakash",
              "bowler": "Suharril Fetri",
              "non_striker": "U Rakshit",
              "runs": {
                "batter": 1,
                "extras": 0,
                "total": 1
              }
            },
            {
              "batter": "U Rakshit",
              "bowler": "Suharril Fetri",
              "non_striker": "Janak Prakash",
              "runs": {
                "batter": 6,
                "extras": 0,
                "total": 6
              }
            }
          ]
        },
        {
          "over": 18,
          "deliveries": [
            {
              "batter": "Janak Prakash",
              "bowler": "D Duraisingam",
              "non_striker": "U Rakshit",
              "runs": {
                "batter": 1,
                "extras": 0,
                "total": 1
              }
            },
            {
              "batter": "U Rakshit",
              "bowler": "D Duraisingam",
              "non_striker": "Janak Prakash",
              "runs": {
                "batter": 1,
                "extras": 0,
                "total": 1
              }
            },
            {
              "batter": "Janak Prakash",
              "bowler": "D Duraisingam",
              "non_striker": "U Rakshit",
              "runs": {
                "batter": 1,
                "extras": 0,
                "total": 1
              }
            },
            {
              "batter": "U Rakshit",
              "bowler": "D Duraisingam",
              "non_striker": "Janak Prakash",
              "runs": {
                "batter": 1,
                "extras": 0,
                "total": 1
              }
            },
            {
              "batter": "Janak Prakash",
              "bowler": "D Duraisingam",
              "non_striker": "U Rakshit",
              "runs": {
                "batter": 1,
                "extras": 0,
                "total": 1
              }
            },
            {
              "batter": "U Rakshit",
              "bowler": "D Duraisingam",
              "non_striker": "Janak Prakash",
              "runs": {
                "batter": 1,
                "extras": 0,
                "total": 1
              }
            }
          ]
        },
        {
          "over": 19,
          "deliveries": [
            {
              "batter": "U Rakshit",
              "bowler": "Muhammad Wafiq",
              "non_striker": "Janak Prakash",
              "runs": {
                "batter": 0,
                "extras": 0,
                "total": 0
              }
            },
            {
              "batter": "U Rakshit",
              "bowler": "Muhammad Wafiq",
              "non_striker": "Janak Prakash",
              "runs": {
                "batter": 1,
                "extras": 0,
                "total": 1
              }
            },
            {
              "batter": "Janak Prakash",
              "bowler": "Muhammad Wafiq",
              "non_striker": "U Rakshit",
              "runs": {
                "batter": 1,
                "extras": 0,
                "total": 1
              }
            },
            {
              "batter": "U Rakshit",
              "bowler": "Muhammad Wafiq",
              "non_striker": "Janak Prakash",
              "runs": {
                "batter": 1,
                "extras": 0,
                "total": 1
              }
            },
            {
              "batter": "Janak Prakash",
              "bowler": "Muhammad Wafiq",
              "non_striker": "U Rakshit",
              "runs": {
                "batter": 2,
                "extras": 0,
                "total": 2
              }
            },
            {
              "batter": "Janak Prakash",
              "bowler": "Muhammad Wafiq",
              "non_striker": "U Rakshit",
              "runs": {
                "batter": 2,
                "extras": 0,
                "total": 2
              }
            }
          ]
        }
      ],
      "powerplays": [
        {
          "from": 0.1,
          "to": 5.7,
          "type": "mandatory"
        }
      ],
      "target": {
        "overs": 20,
        "runs": 220
      }
    }
  ]
}