{
  "meta": {
    "data_version": "1.1.0",
    "created": "2025-07-17",
    "revision": 1
  },
  "info": {
    "balls_per_over": 6,
    "city": "Maggona",
    "dates": [
      "2024-05-18"
    ],
    "event": {
      "name": "Major Clubs T20 Tournament",
      "group": "A"
    },
    "gender": "male",
    "match_type": "T20",
    "officials": {
      "match_referees": [
        "LJP Fernando"
      ],
      "reserve_umpires": [
        "PSR Fonseka"
      ],
      "umpires": [
        "RA Kottahachchi",
        "BSP Fernando"
      ]
    },
    "outcome": {
      "winner": "Nondescripts Cricket Club",
      "by": {
        "wickets": 8
      }
    },
    "overs": 20,
    "players": {
      "Police Sports Club": [
        "D Induwara",
        "HMCB Jayathilake",
        "MDKJ Perera",
        "Vishad Randika",
        "N Balasooriya",
        "PHS Madushanka",
        "HH Ramanayake",
        "DS Thilakaratne",
        "H Dhanushka",
        "N Pradeep",
        "R Hirushan"
      ],
      "Nondescripts Cricket Club": [
        "N Dickwella",
        "K Mishara",
        "LU Igalagamage",
        "SSD Arachchige",
        "Kaveen Bandara",
        "C Gunasekara",
        "WAN Ransika",
        "C Karunaratne",
        "A Wickramasinghe",
        "L Embuldeniya",
        "CBRLS Kumara"
      ]
    },
    "registry": {
      "people": {
        "A Wickramasinghe": "296d4d0f",
        "BSP Fernando": "8a49883f",
        "C Gunasekara": "dff2050b",
        "C Karunaratne": "fb3e0d39",
        "CBRLS Kumara": "4751caa3",
        "D Induwara": "7f280989",
        "DS Thilakaratne": "a2198010",
        "H Dhanushka": "9fd08e6d",
        "HH Ramanayake": "e279fceb",
        "HMCB Jayathilake": "f8fa8b1c",
        "K Mishara": "65cebd5d",
        "Kaveen Bandara": "fccb94c3",
        "L Embuldeniya": "b54b66b3",
        "LJP Fernando": "9d1c0862",
        "LU Igalagamage": "07b6c3c1",
        "MDKJ Perera": "f21043a5",
        "N Balasooriya": "e57312fb",
        "N Dickwella": "45963d9e",
        "N Pradeep": "2af838ee",
        "PHS Madushanka": "e3bf9d6c",
        "PSR Fonseka": "8fd2cea5",
        "R Hirushan": "aa9980cb",
        "RA Kottahachchi": "808f2939",
        "SSD Arachchige": "c05f9d20",
        "Vishad Randika": "7075624e",
        "WAN Ransika": "edeba8c3"
      }
    },
    "season": "2024",
    "team_type": "club",
    "teams": [
      "Police Sports Club",
      "Nondescripts Cricket Club"
    ],
    "toss": {
      "decision": "field",
      "winner": "Nondescripts Cricket Club"
    },
    "venue": "Surrey Village, Maggona"
  },
  "innings": [
    {
      "team": "Police Sports Club",
      "overs": [
        {
          "over": 0,
          "deliveries": [
            {
              "batter": "D Induwara",
              "bowler": "C Gunasekara",
              "non_striker": "HMCB Jayathilake",
              "runs": {
                "batter": 2,
                "extras": 0,
                "total": 2
              }
            },
            {
              "batter": "D Induwara",
              "bowler": "C Gunasekara",
              "non_striker": "HMCB Jayathilake",
              "runs": {
                "batter": 4,
                "extras": 0,
                "total": 4
              }
            },
            {
              "batter": "D Induwara",
              "bowler": "C Gunasekara",
              "non_striker": "HMCB Jayathilake",
              "runs": {
                "batter": 1,
                "extras": 0,
                "total": 1
              }
            },
            {
              "batter": "HMCB Jayathilake",
              "bowler": "C Gunasekara",
              "non_striker": "D Induwara",
              "runs": {
                "batter": 4,
                "extras": 0,
                "total": 4
              }
            },
            {
              "batter": "HMCB Jayathilake",
              "bowler": "C Gunasekara",
              "non_striker": "D Induwara",
              "runs": {
                "batter": 4,
                "extras": 0,
                "total": 4
              }
            },
            {
              "batter": "HMCB Jayathilake",
              "bowler": "C Gunasekara",
              "non_striker": "D Induwara",
              "runs": {
                "batter": 0,
                "extras": 0,
                "total": 0
              }
            }
          ]
        },
        {
          "over": 1,
          "deliveries": [
            {
              "batter": "D Induwara",
              "bowler": "C Karunaratne",
              "non_striker": "HMCB Jayathilake",
              "runs": {
                "batter": 6,
                "extras": 0,
                "total": 6
              }
            },
            {
              "batter": "D Induwara",
              "bowler": "C Karunaratne",
              "non_striker": "HMCB Jayathilake",
              "runs": {
                "batter": 2,
                "extras": 0,
                "total": 2
              }
            },
            {
              "batter": "D Induwara",
              "bowler": "C Karunaratne",
              "non_striker": "HMCB Jayathilake",
              "runs": {
                "batter": 4,
                "extras": 0,
                "total": 4
              }
            },
            {
              "batter": "D Induwara",
              "bowler": "C Karunaratne",
              "non_striker": "HMCB Jayathilake",
              "runs": {
                "batter": 1,
                "extras": 0,
                "total": 1
              }
            },
            {
              "batter": "HMCB Jayathilake",
              "bowler": "C Karunaratne",
              "non_striker": "D Induwara",
              "runs": {
                "batter": 0,
                "extras": 0,
                "total": 0
              },
              "wickets": [
                {
                  "player_out": "HMCB Jayathilake",
                  "fielders": [
                    {
                      "name": "SSD Arachchige"
                    }
                  ],
                  "kind": "caught"
                }
              ]
            },
            {
              "batter": "MDKJ Perera",
              "bowler": "C Karunaratne",
              "non_striker": "D Induwara",
              "runs": {
                "batter": 0,
                "extras": 0,
                "total": 0
              }
            }
          ]
        },
        {
          "over": 2,
          "deliveries": [
            {
              "batter": "D Induwara",
              "bowler": "CBRLS Kumara",
              "non_striker": "MDKJ Perera",
              "runs": {
                "batter": 0,
                "extras": 0,
                "total": 0
              }
            },
            {
              "batter": "D Induwara",
              "bowler": "CBRLS Kumara",
              "non_striker": "MDKJ Perera",
              "runs": {
                "batter": 0,
                "extras": 0,
                "total": 0
              }
            },
            {
              "batter": "D Induwara",
              "bowler": "CBRLS Kumara",
              "non_striker": "MDKJ Perera",
              "runs": {
                "batter": 1,
                "extras": 0,
                "total": 1
              }
            },
            {
              "batter": "MDKJ Perera",
              "bowler": "CBRLS Kumara",
              "non_striker": "D Induwara",
              "runs": {
                "batter": 6,
                "extras": 0,
                "total": 6
              }
            },
            {
              "batter": "MDKJ Perera",
              "bowler": "CBRLS Kumara",
              "non_striker": "D Induwara",
              "runs": {
                "batter": 0,
                "extras": 0,
                "total": 0
              }
            },
            {
              "batter": "MDKJ Perera",
              "bowler": "CBRLS Kumara",
              "non_striker": "D Induwara",
              "runs": {
                "batter": 2,
                "extras": 0,
                "total": 2
              }
            }
          ]
        },
        {
          "over": 3,
          "deliveries": [
            {
              "batter": "D Induwara",
              "bowler": "WAN Ransika",
              "non_striker": "MDKJ Perera",
              "runs": {
                "batter": 1,
                "extras": 0,
                "total": 1
              }
            },
            {
              "batter": "MDKJ Perera",
              "bowler": "WAN Ransika",
              "non_striker": "D Induwara",
              "runs": {
                "batter": 1,
                "extras": 0,
                "total": 1
              }
            },
            {
              "batter": "D Induwara",
              "bowler": "WAN Ransika",
              "non_striker": "MDKJ Perera",
              "runs": {
                "batter": 0,
                "extras": 0,
                "total": 0
              }
            },
            {
              "batter": "D Induwara",
              "bowler": "WAN Ransika",
              "extras": {
                "wides": 1
              },
              "non_striker": "MDKJ Perera",
              "runs": {
                "batter": 0,
                "extras": 1,
                "total": 1
              }
            },
            {
              "batter": "D Induwara",
              "bowler": "WAN Ransika",
              "non_striker": "MDKJ Perera",
              "runs": {
                "batter": 1,
                "extras": 0,
                "total": 1
              }
            },
            {
              "batter": "MDKJ Perera",
              "bowler": "WAN Ransika",
              "non_striker": "D Induwara",
              "runs": {
                "batter": 0,
                "extras": 0,
                "total": 0
              }
            },
            {
              "batter": "MDKJ Perera",
              "bowler": "WAN Ransika",
              "non_striker": "D Induwara",
              "runs": {
                "batter": 0,
                "extras": 0,
                "total": 0
              }
            }
          ]
        },
        {
          "over": 4,
          "deliveries": [
            {
              "batter": "D Induwara",
              "bowler": "CBRLS Kumara",
              "non_striker": "MDKJ Perera",
              "runs": {
                "batter": 0,
                "extras": 0,
                "total": 0
              },
              "wickets": [
                {
                  "player_out": "D Induwara",
                  "fielders": [
                    {
                      "name": "A Wickramasinghe"
                    }
                  ],
                  "kind": "caught"
                }
              ]
            },
            {
              "batter": "Vishad Randika",
              "bowler": "CBRLS Kumara",
              "non_striker": "MDKJ Perera",
              "runs": {
                "batter": 0,
                "extras": 0,
                "total": 0
              },
              "wickets": [
                {
                  "player_out": "Vishad Randika",
                  "kind": "bowled"
                }
              ]
            },
            {
              "batter": "N Balasooriya",
              "bowler": "CBRLS Kumara",
              "non_striker": "MDKJ Perera",
              "runs": {
                "batter": 1,
                "extras": 0,
                "total": 1
              }
            },
            {
              "batter": "MDKJ Perera",
              "bowler": "CBRLS Kumara",
              "non_striker": "N Balasooriya",
              "runs": {
                "batter": 0,
                "extras": 0,
                "total": 0
              }
            },
            {
              "batter": "MDKJ Perera",
              "bowler": "CBRLS Kumara",
              "non_striker": "N Balasooriya",
              "runs": {
                "batter": 4,
                "extras": 0,
                "total": 4
              }
            },
            {
              "batter": "MDKJ Perera",
              "bowler": "CBRLS Kumara",
              "non_striker": "N Balasooriya",
              "runs": {
                "batter": 0,
                "extras": 0,
                "total": 0
              }
            }
          ]
        },
        {
          "over": 5,
          "deliveries": [
            {
              "batter": "N Balasooriya",
              "bowler": "C Gunasekara",
              "non_striker": "MDKJ Perera",
              "runs": {
                "batter": 1,
                "extras": 0,
                "total": 1
              }
            },
            {
              "batter": "MDKJ Perera",
              "bowler": "C Gunasekara",
              "non_striker": "N Balasooriya",
              "runs": {
                "batter": 0,
                "extras": 0,
                "total": 0
              }
            },
            {
              "batter": "MDKJ Perera",
              "bowler": "C Gunasekara",
              "non_striker": "N Balasooriya",
              "runs": {
                "batter": 0,
                "extras": 0,
                "total": 0
              },
              "wickets": [
                {
                  "player_out": "MDKJ Perera",
                  "fielders": [
                    {
                      "name": "LU Igalagamage"
                    }
                  ],
                  "kind": "caught"
                }
              ]
            },
            {
              "batter": "PHS Madushanka",
              "bowler": "C Gunasekara",
              "non_striker": "N Balasooriya",
              "runs": {
                "batter": 1,
                "extras": 0,
                "total": 1
              }
            },
            {
              "batter": "N Balasooriya",
              "bowler": "C Gunasekara",
              "non_striker": "PHS Madushanka",
              "runs": {
                "batter": 0,
                "extras": 0,
                "total": 0
              }
            },
            {
              "batter": "N Balasooriya",
              "bowler": "C Gunasekara",
              "non_striker": "PHS Madushanka",
              "runs": {
                "batter": 2,
                "extras": 0,
                "total": 2
              }
            }
          ]
        },
        {
          "over": 6,
          "deliveries": [
            {
              "batter": "PHS Madushanka",
              "bowler": "C Karunaratne",
              "non_striker": "N Balasooriya",
              "runs": {
                "batter": 0,
                "extras": 0,
                "total": 0
              }
            },
            {
              "batter": "PHS Madushanka",
              "bowler": "C Karunaratne",
              "non_striker": "N Balasooriya",
              "runs": {
                "batter": 1,
                "extras": 0,
                "total": 1
              }
            },
            {
              "batter": "N Balasooriya",
              "bowler": "C Karunaratne",
              "non_striker": "PHS Madushanka",
              "runs": {
                "batter": 0,
                "extras": 0,
                "total": 0
              }
            },
            {
              "batter": "N Balasooriya",
              "bowler": "C Karunaratne",
              "non_striker": "PHS Madushanka",
              "runs": {
                "batter": 4,
                "extras": 0,
                "total": 4
              }
            },
            {
              "batter": "N Balasooriya",
              "bowler": "C Karunaratne",
              "non_striker": "PHS Madushanka",
              "runs": {
                "batter": 0,
                "extras": 0,
                "total": 0
              }
            },
            {
              "batter": "N Balasooriya",
              "bowler": "C Karunaratne",
              "non_striker": "PHS Madushanka",
              "runs": {
                "batter": 2,
                "extras": 0,
                "total": 2
              }
            }
          ]
        },
        {
          "over": 7,
          "deliveries": [
            {
              "batter": "PHS Madushanka",
              "bowler": "WAN Ransika",
              "non_striker": "N Balasooriya",
              "runs": {
                "batter": 0,
                "extras": 0,
                "total": 0
              }
            },
            {
              "batter": "PHS Madushanka",
              "bowler": "WAN Ransika",
              "non_striker": "N Balasooriya",
              "runs": {
                "batter": 1,
                "extras": 0,
                "total": 1
              }
            },
            {
              "batter": "N Balasooriya",
              "bowler": "WAN Ransika",
              "non_striker": "PHS Madushanka",
              "runs": {
                "batter": 1,
                "extras": 0,
                "total": 1
              }
            },
            {
              "batter": "PHS Madushanka",
              "bowler": "WAN Ransika",
              "extras": {
                "byes": 2
              },
              "non_striker": "N Balasooriya",
              "runs": {
                "batter": 0,
                "extras": 2,
                "total": 2
              }
            },
            {
              "batter": "PHS Madushanka",
              "bowler": "WAN Ransika",
              "non_striker": "N Balasooriya",
              "runs": {
                "batter": 1,
                "extras": 0,
                "total": 1
              }
            },
            {
              "batter": "N Balasooriya",
              "bowler": "WAN Ransika",
              "non_striker": "PHS Madushanka",
              "runs": {
                "batter": 0,
                "extras": 0,
                "total": 0
              },
              "wickets": [
                {
                  "player_out": "PHS Madushanka",
                  "fielders": [
                    {
                      "name": "N Dickwella"
                    }
                  ],
                  "kind": "run out"
                }
              ]
            }
          ]
        }
      ],
      "powerplays": [
        {
          "from": 0.1,
          "to": 1.6,
          "type": "mandatory"
        }
      ]
    },
    {
      "team": "Nondescripts Cricket Club",
      "overs": [
        {
          "over": 0,
          "deliveries": [
            {
              "batter": "N Dickwella",
              "bowler": "N Pradeep",
              "non_striker": "K Mishara",
              "runs": {
                "batter": 4,
                "extras": 0,
                "total": 4
              }
            },
            {
              "batter": "N Dickwella",
              "bowler": "N Pradeep",
              "non_striker": "K Mishara",
              "runs": {
                "batter": 1,
                "extras": 0,
                "total": 1
              }
            },
            {
              "batter": "K Mishara",
              "bowler": "N Pradeep",
              "non_striker": "N Dickwella",
              "runs": {
                "batter": 1,
                "extras": 0,
                "total": 1
              }
            },
            {
              "batter": "N Dickwella",
              "bowler": "N Pradeep",
              "non_striker": "K Mishara",
              "runs": {
                "batter": 0,
                "extras": 0,
                "total": 0
              }
            },
            {
              "batter": "N Dickwella",
              "bowler": "N Pradeep",
              "non_striker": "K Mishara",
              "runs": {
                "batter": 0,
                "extras": 0,
                "total": 0
              },
              "wickets": [
                {
                  "player_out": "N Dickwella",
                  "fielders": [
                    {
                      "name": "R Hirushan"
                    }
                  ],
                  "kind": "caught"
                }
              ]
            },
            {
              "batter": "LU Igalagamage",
              "bowler": "N Pradeep",
              "non_striker": "K Mishara",
              "runs": {
                "batter": 6,
                "extras": 0,
                "total": 6
              }
            }
          ]
        },
        {
          "over": 1,
          "deliveries": [
            {
              "batter": "K Mishara",
              "bowler": "HH Ramanayake",
              "extras": {
                "wides": 1
              },
              "non_striker": "LU Igalagamage",
              "runs": {
                "batter": 0,
                "extras": 1,
                "total": 1
              }
            },
            {
              "batter": "K Mishara",
              "bowler": "HH Ramanayake",
              "non_striker": "LU Igalagamage",
              "runs": {
                "batter": 6,
                "extras": 0,
                "total": 6
              }
            },
            {
              "batter": "K Mishara",
              "bowler": "HH Ramanayake",
              "non_striker": "LU Igalagamage",
              "runs": {
                "batter": 6,
                "extras": 0,
                "total": 6
              }
            },
            {
              "batter": "K Mishara",
              "bowler": "HH Ramanayake",
              "non_striker": "LU Igalagamage",
              "runs": {
                "batter": 4,
                "extras": 0,
                "total": 4
              }
            },
            {
              "batter": "K Mishara",
              "bowler": "HH Ramanayake",
              "non_striker": "LU Igalagamage",
              "runs": {
                "batter": 1,
                "extras": 0,
                "total": 1
              }
            },
            {
              "batter": "LU Igalagamage",
              "bowler": "HH Ramanayake",
              "non_striker": "K Mishara",
              "runs": {
                "batter": 0,
                "extras": 0,
                "total": 0
              },
              "wickets": [
                {
                  "player_out": "LU Igalagamage",
                  "fielders": [
                    {
                      "name": "N Balasooriya"
                    }
                  ],
                  "kind": "caught"
                }
              ]
            },
            {
              "batter": "SSD Arachchige",
              "bowler": "HH Ramanayake",
              "non_striker": "K Mishara",
              "runs": {
                "batter": 1,
                "extras": 0,
                "total": 1
              }
            }
          ]
        },
        {
          "over": 2,
          "deliveries": [
            {
              "batter": "SSD Arachchige",
              "bowler": "H Dhanushka",
              "non_striker": "K Mishara",
              "runs": {
                "batter": 0,
                "extras": 0,
                "total": 0
              }
            },
            {
              "batter": "SSD Arachchige",
              "bowler": "H Dhanushka",
              "non_striker": "K Mishara",
              "runs": {
                "batter": 1,
                "extras": 0,
                "total": 1
              }
            },
            {
              "batter": "K Mishara",
              "bowler": "H Dhanushka",
              "non_striker": "SSD Arachchige",
              "runs": {
                "batter": 1,
                "extras": 0,
                "total": 1
              }
            },
            {
              "batter": "SSD Arachchige",
              "bowler": "H Dhanushka",
              "non_striker": "K Mishara",
              "runs": {
                "batter": 1,
                "extras": 0,
                "total": 1
              }
            },
            {
              "batter": "K Mishara",
              "bowler": "H Dhanushka",
              "non_striker": "SSD Arachchige",
              "runs": {
                "batter": 6,
                "extras": 0,
                "total": 6
              }
            },
            {
              "batter": "K Mishara",
              "bowler": "H Dhanushka",
              "non_striker": "SSD Arachchige",
              "runs": {
                "batter": 0,
                "extras": 0,
                "total": 0
              }
            }
          ]
        },
        {
          "over": 3,
          "deliveries": [
            {
              "batter": "SSD Arachchige",
              "bowler": "N Balasooriya",
              "non_striker": "K Mishara",
              "runs": {
                "batter": 1,
                "extras": 0,
                "total": 1
              }
            },
            {
              "batter": "K Mishara",
              "bowler": "N Balasooriya",
              "non_striker": "SSD Arachchige",
              "runs": {
                "batter": 1,
                "extras": 0,
                "total": 1
              }
            },
            {
              "batter": "SSD Arachchige",
              "bowler": "N Balasooriya",
              "non_striker": "K Mishara",
              "runs": {
                "batter": 1,
                "extras": 0,
                "total": 1
              }
            },
            {
              "batter": "K Mishara",
              "bowler": "N Balasooriya",
              "non_striker": "SSD Arachchige",
              "runs": {
                "batter": 6,
                "extras": 0,
                "total": 6
              }
            },
            {
              "batter": "K Mishara",
              "bowler": "N Balasooriya",
              "non_striker": "SSD Arachchige",
              "runs": {
                "batter": 1,
                "extras": 0,
                "total": 1
              }
            },
            {
              "batter": "SSD Arachchige",
              "bowler": "N Balasooriya",
              "non_striker": "K Mishara",
              "runs": {
                "batter": 1,
                "extras": 0,
                "total": 1
              }
            }
          ]
        },
        {
          "over": 4,
          "deliveries": [
            {
              "batter": "SSD Arachchige",
              "bowler": "DS Thilakaratne",
              "extras": {
                "wides": 1
              },
              "non_striker": "K Mishara",
              "runs": {
                "batter": 0,
                "extras": 1,
                "total": 1
              }
            },
            {
              "batter": "SSD Arachchige",
              "bowler": "DS Thilakaratne",
              "non_striker": "K Mishara",
              "runs": {
                "batter": 6,
                "extras": 0,
                "total": 6
              }
            },
            {
              "batter": "SSD Arachchige",
              "bowler": "DS Thilakaratne",
              "non_striker": "K Mishara",
              "runs": {
                "batter": 0,
                "extras": 0,
                "total": 0
              }
            },
            {
              "batter": "SSD Arachchige",
              "bowler": "DS Thilakaratne",
              "extras": {
                "byes": 1
              },
              "non_striker": "K Mishara",
              "runs": {
                "batter": 0,
                "extras": 1,
                "total": 1
              }
            },
            {
              "batter": "K Mishara",
              "bowler": "DS Thilakaratne",
              "non_striker": "SSD Arachchige",
              "runs": {
                "batter": 1,
                "extras": 0,
                "total": 1
              }
            },
            {
              "batter": "SSD Arachchige",
              "bowler": "DS Thilakaratne",
              "non_striker": "K Mishara",
              "runs": {
                "batter": 2,
                "extras": 0,
                "total": 2
              }
            },
            {
              "batter": "SSD Arachchige",
              "bowler": "DS Thilakaratne",
              "non_striker": "K Mishara",
              "runs": {
                "batter": 4,
                "extras": 0,
                "total": 4
              }
            }
          ]
        }
      ],
      "powerplays": [
        {
          "from": 0.1,
          "to": 1.7,
          "type": "mandatory"
        }
      ],
      "target": {
        "overs": 8,
        "runs": 63
      }
    }
  ]
}