{
  "meta": {
    "data_version": "1.1.0",
    "created": "2025-07-17",
    "revision": 1
  },
  "info": {
    "balls_per_over": 6,
    "city": "Colombo",
    "dates": [
      "2024-05-17"
    ],
    "event": {
      "name": "Major Clubs T20 Tournament",
      "group": "B"
    },
    "gender": "male",
    "match_type": "T20",
    "officials": {
      "match_referees": [
        "THR Priyantha"
      ],
      "reserve_umpires": [
        "BCN Amarasinghe"
      ],
      "umpires": [
        "RP Massalage",
        "RSA Palliyaguruge"
      ]
    },
    "outcome": {
      "winner": "Chilaw Marians Cricket Club",
      "by": {
        "wickets": 4
      }
    },
    "overs": 20,
    "players": {
      "Badureliya Sports Club": [
        "A Kaul",
        "AAS Silva",
        "R Silva",
        "DSA Wijesinghe",
        "D Jayatunga",
        "N Kasun",
        "A Chanula",
        "R Koshitha",
        "N Rathnayake",
        "ON Bopage",
        "KPD Perera"
      ],
      "Chilaw Marians Cricket Club": [
        "WWWL Lakshan",
        "MA Widanapathirana",
        "A Fernando",
        "C Sandaru",
        "I Thimira",
        "C Nimesh",
        "D Sanjeewa",
        "K Nirmana",
        "R Punchihewa",
        "LR Krishantha",
        "H Hettiarchchi"
      ]
    },
    "registry": {
      "people": {
        "A Chanula": "9af2961f",
        "A Fernando": "e01b2815",
        "A Kaul": "53d0b0dc",
        "AAS Silva": "94aa1697",
        "BCN Amarasinghe": "ccd560d6",
        "C Nimesh": "b4ac9264",
        "C Sandaru": "da520be4",
        "D Jayatunga": "aef9696e",
        "D Sanjeewa": "7e1f4523",
        "DSA Wijesinghe": "aa59b2c9",
        "H Hettiarchchi": "936cc88c",
        "I Thimira": "2ee2fcc8",
        "K Nirmana": "0319272d",
        "KPD Perera": "2c51aa51",
        "LR Krishantha": "b426c159",
        "MA Widanapathirana": "03ce2270",
        "N Kasun": "c8a8a066",
        "N Rathnayake": "5ece2289",
        "ON Bopage": "c57b1c64",
        "R Koshitha": "4d2068e9",
        "R Punchihewa": "0e4a8941",
        "R Silva": "1117e543",
        "RP Massalage": "6ffbe2e2",
        "RSA Palliyaguruge": "4339c19d",
        "THR Priyantha": "33f2a901",
        "WWWL Lakshan": "f211b221"
      }
    },
    "season": "2024",
    "team_type": "club",
    "teams": [
      "Badureliya Sports Club",
      "Chilaw Marians Cricket Club"
    ],
    "toss": {
      "decision": "field",
      "winner": "Chilaw Marians Cricket Club"
    },
    "venue": "P Sara Oval, Colombo"
  },
  "innings": [
    {
      "team": "Badureliya Sports Club",
      "overs": [
        {
          "over": 0,
          "deliveries": [
            {
              "batter": "A Kaul",
              "bowler": "R Punchihewa",
              "non_striker": "AAS Silva",
              "runs": {
                "batter": 0,
                "extras": 0,
                "total": 0
              }
            },
            {
              "batter": "A Kaul",
              "bowler": "R Punchihewa",
              "non_striker": "AAS Silva",
              "runs": {
                "batter": 1,
                "extras": 0,
                "total": 1
              }
            },
            {
              "batter": "AAS Silva",
              "bowler": "R Punchihewa",
              "non_striker": "A Kaul",
              "runs": {
                "batter": 0,
                "extras": 0,
                "total": 0
              }
            },
            {
              "batter": "AAS Silva",
              "bowler": "R Punchihewa",
              "non_striker": "A Kaul",
              "runs": {
                "batter": 0,
                "extras": 0,
                "total": 0
              }
            },
            {
              "batter": "AAS Silva",
              "bowler": "R Punchihewa",
              "non_striker": "A Kaul",
              "runs": {
                "batter": 3,
                "extras": 0,
                "total": 3
              }
            },
            {
              "batter": "A Kaul",
              "bowler": "R Punchihewa",
              "non_striker": "AAS Silva",
              "runs": {
                "batter": 0,
                "extras": 0,
                "total": 0
              }
            }
          ]
        },
        {
          "over": 1,
          "deliveries": [
            {
              "batter": "AAS Silva",
              "bowler": "K Nirmana",
              "non_striker": "A Kaul",
              "runs": {
                "batter": 0,
                "extras": 0,
                "total": 0
              }
            },
            {
              "batter": "AAS Silva",
              "bowler": "K Nirmana",
              "non_striker": "A Kaul",
              "runs": {
                "batter": 0,
                "extras": 0,
                "total": 0
              }
            },
            {
              "batter": "AAS Silva",
              "bowler": "K Nirmana",
              "non_striker": "A Kaul",
              "runs": {
                "batter": 1,
                "extras": 0,
                "total": 1
              }
            },
            {
              "batter": "A Kaul",
              "bowler": "K Nirmana",
              "non_striker": "AAS Silva",
              "runs": {
                "batter": 0,
                "extras": 0,
                "total": 0
              }
            },
            {
              "batter": "A Kaul",
              "bowler": "K Nirmana",
              "non_striker": "AAS Silva",
              "runs": {
                "batter": 0,
                "extras": 0,
                "total": 0
              },
              "wickets": [
                {
                  "player_out": "A Kaul",
                  "fielders": [
                    {
                      "name": "A Fernando"
                    }
                  ],
                  "kind": "caught"
                }
              ]
            },
            {
              "batter": "R Silva",
              "bowler": "K Nirmana",
              "non_striker": "AAS Silva",
              "runs": {
                "batter": 0,
                "extras": 0,
                "total": 0
              }
            }
          ]
        },
        {
          "over": 2,
          "deliveries": [
            {
              "batter": "AAS Silva",
              "bowler": "R Punchihewa",
              "non_striker": "R Silva",
              "runs": {
                "batter": 0,
                "extras": 0,
                "total": 0
              }
            },
            {
              "batter": "AAS Silva",
              "bowler": "R Punchihewa",
              "non_striker": "R Silva",
              "runs": {
                "batter": 0,
                "extras": 0,
                "total": 0
              },
              "wickets": [
                {
                  "player_out": "AAS Silva",
                  "fielders": [
                    {
                      "name": "H Hettiarchchi"
                    }
                  ],
                  "kind": "caught"
                }
              ]
            },
            {
              "batter": "DSA Wijesinghe",
              "bowler": "R Punchihewa",
              "non_striker": "R Silva",
              "runs": {
                "batter": 0,
                "extras": 0,
                "total": 0
              }
            },
            {
              "batter": "DSA Wijesinghe",
              "bowler": "R Punchihewa",
              "non_striker": "R Silva",
              "runs": {
                "batter": 0,
                "extras": 0,
                "total": 0
              }
            },
            {
              "batter": "DSA Wijesinghe",
              "bowler": "R Punchihewa",
              "non_striker": "R Silva",
              "runs": {
                "batter": 0,
                "extras": 0,
                "total": 0
              }
            },
            {
              "batter": "DSA Wijesinghe",
              "bowler": "R Punchihewa",
              "non_striker": "R Silva",
              "runs": {
                "batter": 0,
                "extras": 0,
                "total": 0
              },
              "wickets": [
                {
                  "player_out": "DSA Wijesinghe",
                  "fielders": [
                    {
                      "name": "H Hettiarchchi"
                    }
                  ],
                  "kind": "caught"
                }
              ]
            }
          ]
        },
        {
          "over": 3,
          "deliveries": [
            {
              "batter": "R Silva",
              "bowler": "K Nirmana",
              "non_striker": "D Jayatunga",
              "runs": {
                "batter": 1,
                "extras": 0,
                "total": 1
              }
            },
            {
              "batter": "D Jayatunga",
              "bowler": "K Nirmana",
              "non_striker": "R Silva",
              "runs": {
                "batter": 2,
                "extras": 0,
                "total": 2
              }
            },
            {
              "batter": "D Jayatunga",
              "bowler": "K Nirmana",
              "non_striker": "R Silva",
              "runs": {
                "batter": 4,
                "extras": 0,
                "total": 4
              }
            },
            {
              "batter": "D Jayatunga",
              "bowler": "K Nirmana",
              "non_striker": "R Silva",
              "runs": {
                "batter": 4,
                "extras": 0,
                "total": 4
              }
            },
            {
              "batter": "D Jayatunga",
              "bowler": "K Nirmana",
              "non_striker": "R Silva",
              "runs": {
                "batter": 4,
                "extras": 0,
                "total": 4
              }
            },
            {
              "batter": "D Jayatunga",
              "bowler": "K Nirmana",
              "non_striker": "R Silva",
              "runs": {
                "batter": 0,
                "extras": 0,
                "total": 0
              }
            }
          ]
        },
        {
          "over": 4,
          "deliveries": [
            {
              "batter": "R Silva",
              "bowler": "R Punchihewa",
              "extras": {
                "wides": 2
              },
              "non_striker": "D Jayatunga",
              "runs": {
                "batter": 0,
                "extras": 2,
                "total": 2
              }
            },
            {
              "batter": "D Jayatunga",
              "bowler": "R Punchihewa",
              "non_striker": "R Silva",
              "runs": {
                "batter": 2,
                "extras": 0,
                "total": 2
              }
            },
            {
              "batter": "D Jayatunga",
              "bowler": "R Punchihewa",
              "non_striker": "R Silva",
              "runs": {
                "batter": 1,
                "extras": 0,
                "total": 1
              }
            },
            {
              "batter": "R Silva",
              "bowler": "R Punchihewa",
              "non_striker": "D Jayatunga",
              "runs": {
                "batter": 0,
                "extras": 0,
                "total": 0
              }
            },
            {
              "batter": "R Silva",
              "bowler": "R Punchihewa",
              "non_striker": "D Jayatunga",
              "runs": {
                "batter": 2,
                "extras": 0,
                "total": 2
              }
            },
            {
              "batter": "R Silva",
              "bowler": "R Punchihewa",
              "non_striker": "D Jayatunga",
              "runs": {
                "batter": 0,
                "extras": 0,
                "total": 0
              },
              "wickets": [
                {
                  "player_out": "R Silva",
                  "fielders": [
                    {
                      "name": "WWWL Lakshan"
                    }
                  ],
                  "kind": "caught"
                }
              ]
            },
            {
              "batter": "N Kasun",
              "bowler": "R Punchihewa",
              "non_striker": "D Jayatunga",
              "runs": {
                "batter": 0,
                "extras": 0,
                "total": 0
              }
            }
          ]
        },
        {
          "over": 5,
          "deliveries": [
            {
              "batter": "D Jayatunga",
              "bowler": "H Hettiarchchi",
              "non_striker": "N Kasun",
              "runs": {
                "batter": 1,
                "extras": 0,
                "total": 1
              }
            },
            {
              "batter": "N Kasun",
              "bowler": "H Hettiarchchi",
              "extras": {
                "wides": 1
              },
              "non_striker": "D Jayatunga",
              "runs": {
                "batter": 0,
                "extras": 1,
                "total": 1
              }
            },
            {
              "batter": "N Kasun",
              "bowler": "H Hettiarchchi",
              "non_striker": "D Jayatunga",
              "runs": {
                "batter": 4,
                "extras": 0,
                "total": 4
              }
            },
            {
              "batter": "N Kasun",
              "bowler": "H Hettiarchchi",
              "non_striker": "D Jayatunga",
              "runs": {
                "batter": 4,
                "extras": 0,
                "total": 4
              }
            },
            {
              "batter": "N Kasun",
              "bowler": "H Hettiarchchi",
              "non_striker": "D Jayatunga",
              "runs": {
                "batter": 0,
                "extras": 0,
                "total": 0
              }
            },
            {
              "batter": "N Kasun",
              "bowler": "H Hettiarchchi",
              "extras": {
                "wides": 1
              },
              "non_striker": "D Jayatunga",
              "runs": {
                "batter": 0,
                "extras": 1,
                "total": 1
              }
            },
            {
              "batter": "N Kasun",
              "bowler": "H Hettiarchchi",
              "non_striker": "D Jayatunga",
              "runs": {
                "batter": 1,
                "extras": 0,
                "total": 1
              }
            },
            {
              "batter": "D Jayatunga",
              "bowler": "H Hettiarchchi",
              "non_striker": "N Kasun",
              "runs": {
                "batter": 0,
                "extras": 0,
                "total": 0
              }
            }
          ]
        },
        {
          "over": 6,
          "deliveries": [
            {
              "batter": "N Kasun",
              "bowler": "I Thimira",
              "non_striker": "D Jayatunga",
              "runs": {
                "batter": 1,
                "extras": 0,
                "total": 1
              }
            },
            {
              "batter": "D Jayatunga",
              "bowler": "I Thimira",
              "non_striker": "N Kasun",
              "runs": {
                "batter": 1,
                "extras": 0,
                "total": 1
              }
            },
            {
              "batter": "N Kasun",
              "bowler": "I Thimira",
              "non_striker": "D Jayatunga",
              "runs": {
                "batter": 1,
                "extras": 0,
                "total": 1
              }
            },
            {
              "batter": "D Jayatunga",
              "bowler": "I Thimira",
              "non_striker": "N Kasun",
              "runs": {
                "batter": 0,
                "extras": 0,
                "total": 0
              }
            },
            {
              "batter": "D Jayatunga",
              "bowler": "I Thimira",
              "non_striker": "N Kasun",
              "runs": {
                "batter": 0,
                "extras": 0,
                "total": 0
              }
            },
            {
              "batter": "D Jayatunga",
              "bowler": "I Thimira",
              "non_striker": "N Kasun",
              "runs": {
                "batter": 0,
                "extras": 0,
                "total": 0
              }
            }
          ]
        },
        {
          "over": 7,
          "deliveries": [
            {
              "batter": "N Kasun",
              "bowler": "WWWL Lakshan",
              "non_striker": "D Jayatunga",
              "runs": {
                "batter": 0,
                "extras": 0,
                "total": 0
              }
            },
            {
              "batter": "N Kasun",
              "bowler": "WWWL Lakshan",
              "non_striker": "D Jayatunga",
              "runs": {
                "batter": 0,
                "extras": 0,
                "total": 0
              }
            },
            {
              "batter": "N Kasun",
              "bowler": "WWWL Lakshan",
              "non_striker": "D Jayatunga",
              "runs": {
                "batter": 4,
                "extras": 0,
                "total": 4
              }
            },
            {
              "batter": "N Kasun",
              "bowler": "WWWL Lakshan",
              "non_striker": "D Jayatunga",
              "runs": {
                "batter": 0,
                "extras": 0,
                "total": 0
              }
            },
            {
              "batter": "N Kasun",
              "bowler": "WWWL Lakshan",
              "non_striker": "D Jayatunga",
              "runs": {
                "batter": 0,
                "extras": 0,
                "total": 0
              }
            },
            {
              "batter": "N Kasun",
              "bowler": "WWWL Lakshan",
              "non_striker": "D Jayatunga",
              "runs": {
                "batter": 0,
                "extras": 0,
                "total": 0
              }
            }
          ]
        },
        {
          "over": 8,
          "deliveries": [
            {
              "batter": "D Jayatunga",
              "bowler": "I Thimira",
              "non_striker": "N Kasun",
              "runs": {
                "batter": 6,
                "extras": 0,
                "total": 6
              }
            },
            {
              "batter": "D Jayatunga",
              "bowler": "I Thimira",
              "non_striker": "N Kasun",
              "runs": {
                "batter": 1,
                "extras": 0,
                "total": 1
              }
            },
            {
              "batter": "N Kasun",
              "bowler": "I Thimira",
              "non_striker": "D Jayatunga",
              "runs": {
                "batter": 0,
                "extras": 0,
                "total": 0
              }
            },
            {
              "batter": "N Kasun",
              "bowler": "I Thimira",
              "non_striker": "D Jayatunga",
              "runs": {
                "batter": 0,
                "extras": 0,
                "total": 0
              }
            },
            {
              "batter": "N Kasun",
              "bowler": "I Thimira",
              "non_striker": "D Jayatunga",
              "runs": {
                "batter": 1,
                "extras": 0,
                "total": 1
              }
            },
            {
              "batter": "D Jayatunga",
              "bowler": "I Thimira",
              "non_striker": "N Kasun",
              "runs": {
                "batter": 0,
                "extras": 0,
                "total": 0
              }
            }
          ]
        },
        {
          "over": 9,
          "deliveries": [
            {
              "batter": "N Kasun",
              "bowler": "WWWL Lakshan",
              "non_striker": "D Jayatunga",
              "runs": {
                "batter": 0,
                "extras": 0,
                "total": 0
              }
            },
            {
              "batter": "N Kasun",
              "bowler": "WWWL Lakshan",
              "non_striker": "D Jayatunga",
              "runs": {
                "batter": 1,
                "extras": 0,
                "total": 1
              }
            },
            {
              "batter": "D Jayatunga",
              "bowler": "WWWL Lakshan",
              "non_striker": "N Kasun",
              "runs": {
                "batter": 0,
                "extras": 0,
                "total": 0
              }
            },
            {
              "batter": "D Jayatunga",
              "bowler": "WWWL Lakshan",
              "non_striker": "N Kasun",
              "runs": {
                "batter": 1,
                "extras": 0,
                "total": 1
              }
            },
            {
              "batter": "N Kasun",
              "bowler": "WWWL Lakshan",
              "non_striker": "D Jayatunga",
              "runs": {
                "batter": 1,
                "extras": 0,
                "total": 1
              }
            },
            {
              "batter": "D Jayatunga",
              "bowler": "WWWL Lakshan",
              "non_striker": "N Kasun",
              "runs": {
                "batter": 0,
                "extras": 0,
                "total": 0
              }
            }
          ]
        },
        {
          "over": 10,
          "deliveries": [
            {
              "batter": "N Kasun",
              "bowler": "K Nirmana",
              "non_striker": "D Jayatunga",
              "runs": {
                "batter": 0,
                "extras": 0,
                "total": 0
              }
            },
            {
              "batter": "N Kasun",
              "bowler": "K Nirmana",
              "non_striker": "D Jayatunga",
              "runs": {
                "batter": 0,
                "extras": 0,
                "total": 0
              },
              "wickets": [
                {
                  "player_out": "N Kasun",
                  "fielders": [
                    {
                      "name": "C Sandaru"
                    }
                  ],
                  "kind": "caught"
                }
              ]
            },
            {
              "batter": "A Chanula",
              "bowler": "K Nirmana",
              "non_striker": "D Jayatunga",
              "runs": {
                "batter": 1,
                "extras": 0,
                "total": 1
              }
            },
            {
              "batter": "D Jayatunga",
              "bowler": "K Nirmana",
              "non_striker": "A Chanula",
              "runs": {
                "batter": 1,
                "extras": 0,
                "total": 1
              }
            },
            {
              "batter": "A Chanula",
              "bowler": "K Nirmana",
              "non_striker": "D Jayatunga",
              "runs": {
                "batter": 1,
                "extras": 0,
                "total": 1
              }
            },
            {
              "batter": "D Jayatunga",
              "bowler": "K Nirmana",
              "non_striker": "A Chanula",
              "runs": {
                "batter": 1,
                "extras": 0,
                "total": 1
              }
            }
          ]
        },
        {
          "over": 11,
          "deliveries": [
            {
              "batter": "D Jayatunga",
              "bowler": "WWWL Lakshan",
              "non_striker": "A Chanula",
              "runs": {
                "batter": 0,
                "extras": 0,
                "total": 0
              }
            },
            {
              "batter": "D Jayatunga",
              "bowler": "WWWL Lakshan",
              "non_striker": "A Chanula",
              "runs": {
                "batter": 0,
                "extras": 0,
                "total": 0
              }
            },
            {
              "batter": "D Jayatunga",
              "bowler": "WWWL Lakshan",
              "non_striker": "A Chanula",
              "runs": {
                "batter": 1,
                "extras": 0,
                "total": 1
              }
            },
            {
              "batter": "A Chanula",
              "bowler": "WWWL Lakshan",
              "non_striker": "D Jayatunga",
              "runs": {
                "batter": 0,
                "extras": 0,
                "total": 0
              }
            },
            {
              "batter": "A Chanula",
              "bowler": "WWWL Lakshan",
              "non_striker": "D Jayatunga",
              "runs": {
                "batter": 0,
                "extras": 0,
                "total": 0
              }
            },
            {
              "batter": "A Chanula",
              "bowler": "WWWL Lakshan",
              "non_striker": "D Jayatunga",
              "runs": {
                "batter": 2,
                "extras": 0,
                "total": 2
              }
            }
          ]
        },
        {
          "over": 12,
          "deliveries": [
            {
              "batter": "D Jayatunga",
              "bowler": "K Nirmana",
              "non_striker": "A Chanula",
              "runs": {
                "batter": 1,
                "extras": 0,
                "total": 1
              }
            },
            {
              "batter": "A Chanula",
              "bowler": "K Nirmana",
              "non_striker": "D Jayatunga",
              "runs": {
                "batter": 1,
                "extras": 0,
                "total": 1
              }
            },
            {
              "batter": "D Jayatunga",
              "bowler": "K Nirmana",
              "non_striker": "A Chanula",
              "runs": {
                "batter": 0,
                "extras": 0,
                "total": 0
              }
            },
            {
              "batter": "D Jayatunga",
              "bowler": "K Nirmana",
              "non_striker": "A Chanula",
              "runs": {
                "batter": 4,
                "extras": 0,
                "total": 4
              }
            },
            {
              "batter": "D Jayatunga",
              "bowler": "K Nirmana",
              "non_striker": "A Chanula",
              "runs": {
                "batter": 2,
                "extras": 0,
                "total": 2
              }
            },
            {
              "batter": "D Jayatunga",
              "bowler": "K Nirmana",
              "non_striker": "A Chanula",
              "runs": {
                "batter": 1,
                "extras": 0,
                "total": 1
              }
            }
          ]
        },
        {
          "over": 13,
          "deliveries": [
            {
              "batter": "D Jayatunga",
              "bowler": "I Thimira",
              "non_striker": "A Chanula",
              "runs": {
                "batter": 1,
                "extras": 0,
                "total": 1
              }
            },
            {
              "batter": "A Chanula",
              "bowler": "I Thimira",
              "non_striker": "D Jayatunga",
              "runs": {
                "batter": 0,
                "extras": 0,
                "total": 0
              }
            },
            {
              "batter": "A Chanula",
              "bowler": "I Thimira",
              "non_striker": "D Jayatunga",
              "runs": {
                "batter": 0,
                "extras": 0,
                "total": 0
              },
              "wickets": [
                {
                  "player_out": "A Chanula",
                  "fielders": [
                    {
                      "name": "A Fernando"
                    }
                  ],
                  "kind": "caught"
                }
              ]
            },
            {
              "batter": "R Koshitha",
              "bowler": "I Thimira",
              "non_striker": "D Jayatunga",
              "runs": {
                "batter": 1,
                "extras": 0,
                "total": 1
              }
            },
            {
              "batter": "D Jayatunga",
              "bowler": "I Thimira",
              "non_striker": "R Koshitha",
              "runs": {
                "batter": 1,
                "extras": 0,
                "total": 1
              }
            },
            {
              "batter": "R Koshitha",
              "bowler": "I Thimira",
              "non_striker": "D Jayatunga",
              "runs": {
                "batter": 0,
                "extras": 0,
                "total": 0
              }
            }
          ]
        },
        {
          "over": 14,
          "deliveries": [
            {
              "batter": "D Jayatunga",
              "bowler": "H Hettiarchchi",
              "non_striker": "R Koshitha",
              "runs": {
                "batter": 1,
                "extras": 0,
                "total": 1
              }
            },
            {
              "batter": "R Koshitha",
              "bowler": "H Hettiarchchi",
              "non_striker": "D Jayatunga",
              "runs": {
                "batter": 0,
                "extras": 0,
                "total": 0
              }
            },
            {
              "batter": "R Koshitha",
              "bowler": "H Hettiarchchi",
              "extras": {
                "wides": 1
              },
              "non_striker": "D Jayatunga",
              "runs": {
                "batter": 0,
                "extras": 1,
                "total": 1
              }
            },
            {
              "batter": "R Koshitha",
              "bowler": "H Hettiarchchi",
              "non_striker": "D Jayatunga",
              "runs": {
                "batter": 0,
                "extras": 0,
                "total": 0
              }
            },
            {
              "batter": "R Koshitha",
              "bowler": "H Hettiarchchi",
              "non_striker": "D Jayatunga",
              "runs": {
                "batter": 1,
                "extras": 0,
                "total": 1
              }
            },
            {
              "batter": "D Jayatunga",
              "bowler": "H Hettiarchchi",
              "non_striker": "R Koshitha",
              "runs": {
                "batter": 1,
                "extras": 0,
                "total": 1
              }
            },
            {
              "batter": "R Koshitha",
              "bowler": "H Hettiarchchi",
              "non_striker": "D Jayatunga",
              "runs": {
                "batter": 4,
                "extras": 0,
                "total": 4
              }
            }
          ]
        },
        {
          "over": 15,
          "deliveries": [
            {
              "batter": "D Jayatunga",
              "bowler": "I Thimira",
              "non_striker": "R Koshitha",
              "runs": {
                "batter": 6,
                "extras": 0,
                "total": 6
              }
            },
            {
              "batter": "D Jayatunga",
              "bowler": "I Thimira",
              "non_striker": "R Koshitha",
              "runs": {
                "batter": 1,
                "extras": 0,
                "total": 1
              }
            },
            {
              "batter": "R Koshitha",
              "bowler": "I Thimira",
              "non_striker": "D Jayatunga",
              "runs": {
                "batter": 0,
                "extras": 0,
                "total": 0
              }
            },
            {
              "batter": "R Koshitha",
              "bowler": "I Thimira",
              "non_striker": "D Jayatunga",
              "runs": {
                "batter": 1,
                "extras": 0,
                "total": 1
              }
            },
            {
              "batter": "D Jayatunga",
              "bowler": "I Thimira",
              "non_striker": "R Koshitha",
              "runs": {
                "batter": 0,
                "extras": 0,
                "total": 0
              },
              "wickets": [
                {
                  "player_out": "R Koshitha",
                  "fielders": [
                    {
                      "name": "I Thimira"
                    }
                  ],
                  "kind": "run out"
                }
              ]
            },
            {
              "batter": "D Jayatunga",
              "bowler": "I Thimira",
              "non_striker": "N Rathnayake",
              "runs": {
                "batter": 1,
                "extras": 0,
                "total": 1
              }
            }
          ]
        },
        {
          "over": 16,
          "deliveries": [
            {
              "batter": "D Jayatunga",
              "bowler": "H Hettiarchchi",
              "non_striker": "N Rathnayake",
              "runs": {
                "batter": 4,
                "extras": 0,
                "total": 4
              }
            },
            {
              "batter": "D Jayatunga",
              "bowler": "H Hettiarchchi",
              "non_striker": "N Rathnayake",
              "runs": {
                "batter": 1,
                "extras": 0,
                "total": 1
              }
            },
            {
              "batter": "N Rathnayake",
              "bowler": "H Hettiarchchi",
              "non_striker": "D Jayatunga",
              "runs": {
                "batter": 1,
                "extras": 0,
                "total": 1
              }
            },
            {
              "batter": "D Jayatunga",
              "bowler": "H Hettiarchchi",
              "non_striker": "N Rathnayake",
              "runs": {
                "batter": 0,
                "extras": 0,
                "total": 0
              }
            },
            {
              "batter": "D Jayatunga",
              "bowler": "H Hettiarchchi",
              "non_striker": "N Rathnayake",
              "runs": {
                "batter": 1,
                "extras": 0,
                "total": 1
              }
            },
            {
              "batter": "N Rathnayake",
              "bowler": "H Hettiarchchi",
              "non_striker": "D Jayatunga",
              "runs": {
                "batter": 1,
                "extras": 0,
                "total": 1
              }
            }
          ]
        },
        {
          "over": 17,
          "deliveries": [
            {
              "batter": "N Rathnayake",
              "bowler": "WWWL Lakshan",
              "non_striker": "D Jayatunga",
              "runs": {
                "batter": 2,
                "extras": 0,
                "total": 2
              }
            },
            {
              "batter": "N Rathnayake",
              "bowler": "WWWL Lakshan",
              "non_striker": "D Jayatunga",
              "runs": {
                "batter": 0,
                "extras": 0,
                "total": 0
              }
            },
            {
              "batter": "N Rathnayake",
              "bowler": "WWWL Lakshan",
              "non_striker": "D Jayatunga",
              "runs": {
                "batter": 0,
                "extras": 0,
                "total": 0
              }
            },
            {
              "batter": "N Rathnayake",
              "bowler": "WWWL Lakshan",
              "non_striker": "D Jayatunga",
              "runs": {
                "batter": 1,
                "extras": 0,
                "total": 1
              }
            },
            {
              "batter": "D Jayatunga",
              "bowler": "WWWL Lakshan",
              "non_striker": "N Rathnayake",
              "runs": {
                "batter": 0,
                "extras": 0,
                "total": 0
              },
              "wickets": [
                {
                  "player_out": "D Jayatunga",
                  "fielders": [
                    {
                      "name": "I Thimira"
                    }
                  ],
                  "kind": "caught"
                }
              ]
            },
            {
              "batter": "ON Bopage",
              "bowler": "WWWL Lakshan",
              "non_striker": "N Rathnayake",
              "runs": {
                "batter": 0,
                "extras": 0,
                "total": 0
              }
            }
          ]
        },
        {
          "over": 18,
          "deliveries": [
            {
              "batter": "N Rathnayake",
              "bowler": "H Hettiarchchi",
              "non_striker": "ON Bopage",
              "runs": {
                "batter": 0,
                "extras": 0,
                "total": 0
              },
              "wickets": [
                {
                  "player_out": "N Rathnayake",
                  "fielders": [
                    {
                      "name": "WWWL Lakshan"
                    }
                  ],
                  "kind": "caught"
                }
              ]
            },
            {
              "batter": "KPD Perera",
              "bowler": "H Hettiarchchi",
              "non_striker": "ON Bopage",
              "runs": {
                "batter": 0,
                "extras": 0,
                "total": 0
              }
            },
            {
              "batter": "KPD Perera",
              "bowler": "H Hettiarchchi",
              "non_striker": "ON Bopage",
              "runs": {
                "batter": 0,
                "extras": 0,
                "total": 0
              }
            },
            {
              "batter": "KPD Perera",
              "bowler": "H Hettiarchchi",
              "non_striker": "ON Bopage",
              "runs": {
                "batter": 1,
                "extras": 0,
                "total": 1
              }
            },
            {
              "batter": "ON Bopage",
              "bowler": "H Hettiarchchi",
              "non_striker": "KPD Perera",
              "runs": {
                "batter": 1,
                "extras": 0,
                "total": 1
              }
            },
            {
              "batter": "KPD Perera",
              "bowler": "H Hettiarchchi",
              "non_striker": "ON Bopage",
              "runs": {
                "batter": 1,
                "extras": 0,
                "total": 1
              }
            }
          ]
        },
        {
          "over": 19,
          "deliveries": [
            {
              "batter": "KPD Perera",
              "bowler": "R Punchihewa",
              "non_striker": "ON Bopage",
              "runs": {
                "batter": 1,
                "extras": 0,
                "total": 1
              }
            },
            {
              "batter": "ON Bopage",
              "bowler": "R Punchihewa",
              "non_striker": "KPD Perera",
              "runs": {
                "batter": 0,
                "extras": 0,
                "total": 0
              }
            },
            {
              "batter": "ON Bopage",
              "bowler": "R Punchihewa",
              "non_striker": "KPD Perera",
              "runs": {
                "batter": 0,
                "extras": 0,
                "total": 0
              }
            },
            {
              "batter": "ON Bopage",
              "bowler": "R Punchihewa",
              "non_striker": "KPD Perera",
              "runs": {
                "batter": 0,
                "extras": 0,
                "total": 0
              }
            },
            {
              "batter": "ON Bopage",
              "bowler": "R Punchihewa",
              "non_striker": "KPD Perera",
              "runs": {
                "batter": 1,
                "extras": 0,
                "total": 1
              }
            },
            {
              "batter": "KPD Perera",
              "bowler": "R Punchihewa",
              "non_striker": "ON Bopage",
              "runs": {
                "batter": 1,
                "extras": 0,
                "total": 1
              }
            }
          ]
        }
      ],
      "powerplays": [
        {
          "from": 0.1,
          "to": 5.8,
          "type": "mandatory"
        }
      ]
    },
    {
      "team": "Chilaw Marians Cricket Club",
      "overs": [
        {
          "over": 0,
          "deliveries": [
            {
              "batter": "WWWL Lakshan",
              "bowler": "R Koshitha",
              "non_striker": "MA Widanapathirana",
              "runs": {
                "batter": 0,
                "extras": 0,
                "total": 0
              }
            },
            {
              "batter": "WWWL Lakshan",
              "bowler": "R Koshitha",
              "non_striker": "MA Widanapathirana",
              "runs": {
                "batter": 2,
                "extras": 0,
                "total": 2
              }
            },
            {
              "batter": "WWWL Lakshan",
              "bowler": "R Koshitha",
              "non_striker": "MA Widanapathirana",
              "runs": {
                "batter": 0,
                "extras": 0,
                "total": 0
              }
            },
            {
              "batter": "WWWL Lakshan",
              "bowler": "R Koshitha",
              "non_striker": "MA Widanapathirana",
              "runs": {
                "batter": 1,
                "extras": 0,
                "total": 1
              }
            },
            {
              "batter": "MA Widanapathirana",
              "bowler": "R Koshitha",
              "non_striker": "WWWL Lakshan",
              "runs": {
                "batter": 0,
                "extras": 0,
                "total": 0
              }
            },
            {
              "batter": "MA Widanapathirana",
              "bowler": "R Koshitha",
              "non_striker": "WWWL Lakshan",
              "runs": {
                "batter": 0,
                "extras": 0,
                "total": 0
              },
              "wickets": [
                {
                  "player_out": "MA Widanapathirana",
                  "kind": "bowled"
                }
              ]
            }
          ]
        },
        {
          "over": 1,
          "deliveries": [
            {
              "batter": "WWWL Lakshan",
              "bowler": "DSA Wijesinghe",
              "non_striker": "A Fernando",
              "runs": {
                "batter": 0,
                "extras": 0,
                "total": 0
              }
            },
            {
              "batter": "WWWL Lakshan",
              "bowler": "DSA Wijesinghe",
              "non_striker": "A Fernando",
              "runs": {
                "batter": 0,
                "extras": 0,
                "total": 0
              }
            },
            {
              "batter": "WWWL Lakshan",
              "bowler": "DSA Wijesinghe",
              "non_striker": "A Fernando",
              "runs": {
                "batter": 4,
                "extras": 0,
                "total": 4
              }
            },
            {
              "batter": "WWWL Lakshan",
              "bowler": "DSA Wijesinghe",
              "non_striker": "A Fernando",
              "runs": {
                "batter": 1,
                "extras": 0,
                "total": 1
              }
            },
            {
              "batter": "A Fernando",
              "bowler": "DSA Wijesinghe",
              "non_striker": "WWWL Lakshan",
              "runs": {
                "batter": 0,
                "extras": 0,
                "total": 0
              }
            },
            {
              "batter": "A Fernando",
              "bowler": "DSA Wijesinghe",
              "non_striker": "WWWL Lakshan",
              "runs": {
                "batter": 4,
                "extras": 0,
                "total": 4
              }
            }
          ]
        },
        {
          "over": 2,
          "deliveries": [
            {
              "batter": "WWWL Lakshan",
              "bowler": "R Koshitha",
              "non_striker": "A Fernando",
              "runs": {
                "batter": 0,
                "extras": 0,
                "total": 0
              }
            },
            {
              "batter": "WWWL Lakshan",
              "bowler": "R Koshitha",
              "non_striker": "A Fernando",
              "runs": {
                "batter": 1,
                "extras": 0,
                "total": 1
              }
            },
            {
              "batter": "A Fernando",
              "bowler": "R Koshitha",
              "non_striker": "WWWL Lakshan",
              "runs": {
                "batter": 0,
                "extras": 0,
                "total": 0
              }
            },
            {
              "batter": "A Fernando",
              "bowler": "R Koshitha",
              "non_striker": "WWWL Lakshan",
              "runs": {
                "batter": 0,
                "extras": 0,
                "total": 0
              }
            },
            {
              "batter": "A Fernando",
              "bowler": "R Koshitha",
              "non_striker": "WWWL Lakshan",
              "runs": {
                "batter": 0,
                "extras": 0,
                "total": 0
              }
            },
            {
              "batter": "A Fernando",
              "bowler": "R Koshitha",
              "non_striker": "WWWL Lakshan",
              "runs": {
                "batter": 4,
                "extras": 0,
                "total": 4
              }
            }
          ]
        },
        {
          "over": 3,
          "deliveries": [
            {
              "batter": "WWWL Lakshan",
              "bowler": "N Kasun",
              "non_striker": "A Fernando",
              "runs": {
                "batter": 0,
                "extras": 0,
                "total": 0
              }
            },
            {
              "batter": "WWWL Lakshan",
              "bowler": "N Kasun",
              "non_striker": "A Fernando",
              "runs": {
                "batter": 1,
                "extras": 0,
                "total": 1
              }
            },
            {
              "batter": "A Fernando",
              "bowler": "N Kasun",
              "non_striker": "WWWL Lakshan",
              "runs": {
                "batter": 0,
                "extras": 0,
                "total": 0
              }
            },
            {
              "batter": "A Fernando",
              "bowler": "N Kasun",
              "non_striker": "WWWL Lakshan",
              "runs": {
                "batter": 4,
                "extras": 0,
                "total": 4
              }
            },
            {
              "batter": "A Fernando",
              "bowler": "N Kasun",
              "non_striker": "WWWL Lakshan",
              "runs": {
                "batter": 1,
                "extras": 0,
                "total": 1
              }
            },
            {
              "batter": "WWWL Lakshan",
              "bowler": "N Kasun",
              "non_striker": "A Fernando",
              "runs": {
                "batter": 4,
                "extras": 0,
                "total": 4
              }
            }
          ]
        },
        {
          "over": 4,
          "deliveries": [
            {
              "batter": "A Fernando",
              "bowler": "N Rathnayake",
              "non_striker": "WWWL Lakshan",
              "runs": {
                "batter": 0,
                "extras": 0,
                "total": 0
              }
            },
            {
              "batter": "A Fernando",
              "bowler": "N Rathnayake",
              "non_striker": "WWWL Lakshan",
              "runs": {
                "batter": 4,
                "extras": 0,
                "total": 4
              }
            },
            {
              "batter": "A Fernando",
              "bowler": "N Rathnayake",
              "non_striker": "WWWL Lakshan",
              "runs": {
                "batter": 0,
                "extras": 0,
                "total": 0
              }
            },
            {
              "batter": "A Fernando",
              "bowler": "N Rathnayake",
              "non_striker": "WWWL Lakshan",
              "runs": {
                "batter": 0,
                "extras": 0,
                "total": 0
              }
            },
            {
              "batter": "A Fernando",
              "bowler": "N Rathnayake",
              "non_striker": "WWWL Lakshan",
              "runs": {
                "batter": 0,
                "extras": 0,
                "total": 0
              },
              "wickets": [
                {
                  "player_out": "A Fernando",
                  "fielders": [
                    {
                      "name": "N Kasun"
                    }
                  ],
                  "kind": "caught"
                }
              ]
            },
            {
              "batter": "C Sandaru",
              "bowler": "N Rathnayake",
              "non_striker": "WWWL Lakshan",
              "runs": {
                "batter": 0,
                "extras": 0,
                "total": 0
              }
            }
          ]
        },
        {
          "over": 5,
          "deliveries": [
            {
              "batter": "WWWL Lakshan",
              "bowler": "DSA Wijesinghe",
              "non_striker": "C Sandaru",
              "runs": {
                "batter": 0,
                "extras": 0,
                "total": 0
              }
            },
            {
              "batter": "WWWL Lakshan",
              "bowler": "DSA Wijesinghe",
              "non_striker": "C Sandaru",
              "runs": {
                "batter": 0,
                "extras": 0,
                "total": 0
              }
            },
            {
              "batter": "WWWL Lakshan",
              "bowler": "DSA Wijesinghe",
              "non_striker": "C Sandaru",
              "runs": {
                "batter": 1,
                "extras": 0,
                "total": 1
              }
            },
            {
              "batter": "C Sandaru",
              "bowler": "DSA Wijesinghe",
              "non_striker": "WWWL Lakshan",
              "runs": {
                "batter": 4,
                "extras": 0,
                "total": 4
              }
            },
            {
              "batter": "C Sandaru",
              "bowler": "DSA Wijesinghe",
              "non_striker": "WWWL Lakshan",
              "runs": {
                "batter": 0,
                "extras": 0,
                "total": 0
              }
            },
            {
              "batter": "C Sandaru",
              "bowler": "DSA Wijesinghe",
              "non_striker": "WWWL Lakshan",
              "runs": {
                "batter": 4,
                "extras": 0,
                "total": 4
              }
            }
          ]
        },
        {
          "over": 6,
          "deliveries": [
            {
              "batter": "WWWL Lakshan",
              "bowler": "AAS Silva",
              "non_striker": "C Sandaru",
              "runs": {
                "batter": 1,
                "extras": 0,
                "total": 1
              }
            },
            {
              "batter": "C Sandaru",
              "bowler": "AAS Silva",
              "non_striker": "WWWL Lakshan",
              "runs": {
                "batter": 6,
                "extras": 0,
                "total": 6
              }
            },
            {
              "batter": "C Sandaru",
              "bowler": "AAS Silva",
              "non_striker": "WWWL Lakshan",
              "runs": {
                "batter": 1,
                "extras": 0,
                "total": 1
              }
            },
            {
              "batter": "WWWL Lakshan",
              "bowler": "AAS Silva",
              "non_striker": "C Sandaru",
              "runs": {
                "batter": 1,
                "extras": 0,
                "total": 1
              }
            },
            {
              "batter": "C Sandaru",
              "bowler": "AAS Silva",
              "non_striker": "WWWL Lakshan",
              "runs": {
                "batter": 0,
                "extras": 0,
                "total": 0
              }
            },
            {
              "batter": "C Sandaru",
              "bowler": "AAS Silva",
              "non_striker": "WWWL Lakshan",
              "runs": {
                "batter": 1,
                "extras": 0,
                "total": 1
              }
            }
          ]
        },
        {
          "over": 7,
          "deliveries": [
            {
              "batter": "C Sandaru",
              "bowler": "N Rathnayake",
              "non_striker": "WWWL Lakshan",
              "runs": {
                "batter": 0,
                "extras": 0,
                "total": 0
              }
            },
            {
              "batter": "C Sandaru",
              "bowler": "N Rathnayake",
              "non_striker": "WWWL Lakshan",
              "runs": {
                "batter": 0,
                "extras": 0,
                "total": 0
              }
            },
            {
              "batter": "C Sandaru",
              "bowler": "N Rathnayake",
              "non_striker": "WWWL Lakshan",
              "runs": {
                "batter": 2,
                "extras": 0,
                "total": 2
              }
            },
            {
              "batter": "C Sandaru",
              "bowler": "N Rathnayake",
              "extras": {
                "wides": 1
              },
              "non_striker": "WWWL Lakshan",
              "runs": {
                "batter": 0,
                "extras": 1,
                "total": 1
              },
              "wickets": [
                {
                  "player_out": "C Sandaru",
                  "fielders": [
                    {
                      "name": "A Chanula"
                    }
                  ],
                  "kind": "stumped"
                }
              ]
            },
            {
              "batter": "I Thimira",
              "bowler": "N Rathnayake",
              "non_striker": "WWWL Lakshan",
              "runs": {
                "batter": 0,
                "extras": 0,
                "total": 0
              },
              "wickets": [
                {
                  "player_out": "I Thimira",
                  "fielders": [
                    {
                      "name": "R Silva"
                    }
                  ],
                  "kind": "caught"
                }
              ]
            },
            {
              "batter": "C Nimesh",
              "bowler": "N Rathnayake",
              "non_striker": "WWWL Lakshan",
              "runs": {
                "batter": 0,
                "extras": 0,
                "total": 0
              }
            },
            {
              "batter": "C Nimesh",
              "bowler": "N Rathnayake",
              "non_striker": "WWWL Lakshan",
              "runs": {
                "batter": 0,
                "extras": 0,
                "total": 0
              }
            }
          ]
        },
        {
          "over": 8,
          "deliveries": [
            {
              "batter": "WWWL Lakshan",
              "bowler": "R Koshitha",
              "non_striker": "C Nimesh",
              "runs": {
                "batter": 1,
                "extras": 0,
                "total": 1
              }
            },
            {
              "batter": "C Nimesh",
              "bowler": "R Koshitha",
              "non_striker": "WWWL Lakshan",
              "runs": {
                "batter": 1,
                "extras": 0,
                "total": 1
              }
            },
            {
              "batter": "WWWL Lakshan",
              "bowler": "R Koshitha",
              "non_striker": "C Nimesh",
              "runs": {
                "batter": 1,
                "extras": 0,
                "total": 1
              }
            },
            {
              "batter": "C Nimesh",
              "bowler": "R Koshitha",
              "non_striker": "WWWL Lakshan",
              "runs": {
                "batter": 2,
                "extras": 0,
                "total": 2
              }
            },
            {
              "batter": "C Nimesh",
              "bowler": "R Koshitha",
              "non_striker": "WWWL Lakshan",
              "runs": {
                "batter": 1,
                "extras": 0,
                "total": 1
              }
            },
            {
              "batter": "WWWL Lakshan",
              "bowler": "R Koshitha",
              "non_striker": "C Nimesh",
              "runs": {
                "batter": 0,
                "extras": 0,
                "total": 0
              }
            }
          ]
        },
        {
          "over": 9,
          "deliveries": [
            {
              "batter": "C Nimesh",
              "bowler": "N Rathnayake",
              "non_striker": "WWWL Lakshan",
              "runs": {
                "batter": 1,
                "extras": 0,
                "total": 1
              }
            },
            {
              "batter": "WWWL Lakshan",
              "bowler": "N Rathnayake",
              "non_striker": "C Nimesh",
              "runs": {
                "batter": 0,
                "extras": 0,
                "total": 0
              }
            },
            {
              "batter": "WWWL Lakshan",
              "bowler": "N Rathnayake",
              "non_striker": "C Nimesh",
              "runs": {
                "batter": 1,
                "extras": 0,
                "total": 1
              }
            },
            {
              "batter": "C Nimesh",
              "bowler": "N Rathnayake",
              "non_striker": "WWWL Lakshan",
              "runs": {
                "batter": 1,
                "extras": 0,
                "total": 1
              }
            },
            {
              "batter": "WWWL Lakshan",
              "bowler": "N Rathnayake",
              "non_striker": "C Nimesh",
              "runs": {
                "batter": 1,
                "extras": 0,
                "total": 1
              }
            },
            {
              "batter": "C Nimesh",
              "bowler": "N Rathnayake",
              "non_striker": "WWWL Lakshan",
              "runs": {
                "batter": 4,
                "extras": 0,
                "total": 4
              }
            }
          ]
        },
        {
          "over": 10,
          "deliveries": [
            {
              "batter": "WWWL Lakshan",
              "bowler": "AAS Silva",
              "non_striker": "C Nimesh",
              "runs": {
                "batter": 1,
                "extras": 0,
                "total": 1
              }
            },
            {
              "batter": "C Nimesh",
              "bowler": "AAS Silva",
              "non_striker": "WWWL Lakshan",
              "runs": {
                "batter": 1,
                "extras": 0,
                "total": 1
              }
            },
            {
              "batter": "WWWL Lakshan",
              "bowler": "AAS Silva",
              "non_striker": "C Nimesh",
              "runs": {
                "batter": 1,
                "extras": 0,
                "total": 1
              }
            },
            {
              "batter": "C Nimesh",
              "bowler": "AAS Silva",
              "non_striker": "WWWL Lakshan",
              "runs": {
                "batter": 0,
                "extras": 0,
                "total": 0
              }
            },
            {
              "batter": "C Nimesh",
              "bowler": "AAS Silva",
              "non_striker": "WWWL Lakshan",
              "runs": {
                "batter": 1,
                "extras": 0,
                "total": 1
              }
            },
            {
              "batter": "WWWL Lakshan",
              "bowler": "AAS Silva",
              "non_striker": "C Nimesh",
              "runs": {
                "batter": 0,
                "extras": 0,
                "total": 0
              }
            }
          ]
        },
        {
          "over": 11,
          "deliveries": [
            {
              "batter": "C Nimesh",
              "bowler": "DSA Wijesinghe",
              "non_striker": "WWWL Lakshan",
              "runs": {
                "batter": 0,
                "extras": 0,
                "total": 0
              }
            },
            {
              "batter": "C Nimesh",
              "bowler": "DSA Wijesinghe",
              "non_striker": "WWWL Lakshan",
              "runs": {
                "batter": 1,
                "extras": 0,
                "total": 1
              }
            },
            {
              "batter": "WWWL Lakshan",
              "bowler": "DSA Wijesinghe",
              "non_striker": "C Nimesh",
              "runs": {
                "batter": 4,
                "extras": 0,
                "total": 4
              }
            },
            {
              "batter": "WWWL Lakshan",
              "bowler": "DSA Wijesinghe",
              "non_striker": "C Nimesh",
              "runs": {
                "batter": 0,
                "extras": 0,
                "total": 0
              }
            },
            {
              "batter": "WWWL Lakshan",
              "bowler": "DSA Wijesinghe",
              "non_striker": "C Nimesh",
              "runs": {
                "batter": 2,
                "extras": 0,
                "total": 2
              }
            },
            {
              "batter": "WWWL Lakshan",
              "bowler": "DSA Wijesinghe",
              "non_striker": "C Nimesh",
              "runs": {
                "batter": 0,
                "extras": 0,
                "total": 0
              }
            }
          ]
        },
        {
          "over": 12,
          "deliveries": [
            {
              "batter": "C Nimesh",
              "bowler": "AAS Silva",
              "non_striker": "WWWL Lakshan",
              "runs": {
                "batter": 0,
                "extras": 0,
                "total": 0
              },
              "wickets": [
                {
                  "player_out": "C Nimesh",
                  "kind": "bowled"
                }
              ]
            },
            {
              "batter": "D Sanjeewa",
              "bowler": "AAS Silva",
              "non_striker": "WWWL Lakshan",
              "runs": {
                "batter": 1,
                "extras": 0,
                "total": 1
              }
            },
            {
              "batter": "WWWL Lakshan",
              "bowler": "AAS Silva",
              "non_striker": "D Sanjeewa",
              "runs": {
                "batter": 0,
                "extras": 0,
                "total": 0
              }
            },
            {
              "batter": "WWWL Lakshan",
              "bowler": "AAS Silva",
              "extras": {
                "legbyes": 1
              },
              "non_striker": "D Sanjeewa",
              "runs": {
                "batter": 0,
                "extras": 1,
                "total": 1
              }
            },
            {
              "batter": "D Sanjeewa",
              "bowler": "AAS Silva",
              "non_striker": "WWWL Lakshan",
              "runs": {
                "batter": 0,
                "extras": 0,
                "total": 0
              }
            },
            {
              "batter": "D Sanjeewa",
              "bowler": "AAS Silva",
              "non_striker": "WWWL Lakshan",
              "runs": {
                "batter": 1,
                "extras": 0,
                "total": 1
              }
            }
          ]
        },
        {
          "over": 13,
          "deliveries": [
            {
              "batter": "D Sanjeewa",
              "bowler": "R Koshitha",
              "non_striker": "WWWL Lakshan",
              "runs": {
                "batter": 1,
                "extras": 0,
                "total": 1
              }
            },
            {
              "batter": "WWWL Lakshan",
              "bowler": "R Koshitha",
              "non_striker": "D Sanjeewa",
              "runs": {
                "batter": 0,
                "extras": 0,
                "total": 0
              }
            },
            {
              "batter": "WWWL Lakshan",
              "bowler": "R Koshitha",
              "non_striker": "D Sanjeewa",
              "runs": {
                "batter": 0,
                "extras": 0,
                "total": 0
              }
            },
            {
              "batter": "WWWL Lakshan",
              "bowler": "R Koshitha",
              "non_striker": "D Sanjeewa",
              "runs": {
                "batter": 0,
                "extras": 0,
                "total": 0
              }
            },
            {
              "batter": "WWWL Lakshan",
              "bowler": "R Koshitha",
              "non_striker": "D Sanjeewa",
              "runs": {
                "batter": 0,
                "extras": 0,
                "total": 0
              }
            },
            {
              "batter": "WWWL Lakshan",
              "bowler": "R Koshitha",
              "non_striker": "D Sanjeewa",
              "runs": {
                "batter": 0,
                "extras": 0,
                "total": 0
              }
            }
          ]
        },
        {
          "over": 14,
          "deliveries": [
            {
              "batter": "D Sanjeewa",
              "bowler": "AAS Silva",
              "non_striker": "WWWL Lakshan",
              "runs": {
                "batter": 0,
                "extras": 0,
                "total": 0
              }
            },
            {
              "batter": "D Sanjeewa",
              "bowler": "AAS Silva",
              "non_striker": "WWWL Lakshan",
              "runs": {
                "batter": 2,
                "extras": 0,
                "total": 2
              }
            },
            {
              "batter": "D Sanjeewa",
              "bowler": "AAS Silva",
              "non_striker": "WWWL Lakshan",
              "runs": {
                "batter": 0,
                "extras": 0,
                "total": 0
              },
              "wickets": [
                {
                  "player_out": "D Sanjeewa",
                  "fielders": [
                    {
                      "name": "R Koshitha"
                    }
                  ],
                  "kind": "caught"
                }
              ]
            },
            {
              "batter": "K Nirmana",
              "bowler": "AAS Silva",
              "non_striker": "WWWL Lakshan",
              "runs": {
                "batter": 0,
                "extras": 0,
                "total": 0
              }
            },
            {
              "batter": "K Nirmana",
              "bowler": "AAS Silva",
              "non_striker": "WWWL Lakshan",
              "runs": {
                "batter": 1,
                "extras": 0,
                "total": 1
              }
            },
            {
              "batter": "WWWL Lakshan",
              "bowler": "AAS Silva",
              "non_striker": "K Nirmana",
              "runs": {
                "batter": 1,
                "extras": 0,
                "total": 1
              }
            }
          ]
        },
        {
          "over": 15,
          "deliveries": [
            {
              "batter": "WWWL Lakshan",
              "bowler": "N Rathnayake",
              "non_striker": "K Nirmana",
              "runs": {
                "batter": 1,
                "extras": 0,
                "total": 1
              }
            },
            {
              "batter": "K Nirmana",
              "bowler": "N Rathnayake",
              "non_striker": "WWWL Lakshan",
              "runs": {
                "batter": 2,
                "extras": 0,
                "total": 2
              }
            },
            {
              "batter": "K Nirmana",
              "bowler": "N Rathnayake",
              "non_striker": "WWWL Lakshan",
              "runs": {
                "batter": 1,
                "extras": 0,
                "total": 1
              }
            },
            {
              "batter": "WWWL Lakshan",
              "bowler": "N Rathnayake",
              "non_striker": "K Nirmana",
              "runs": {
                "batter": 1,
                "extras": 0,
                "total": 1
              }
            },
            {
              "batter": "K Nirmana",
              "bowler": "N Rathnayake",
              "non_striker": "WWWL Lakshan",
              "runs": {
                "batter": 0,
                "extras": 0,
                "total": 0
              }
            },
            {
              "batter": "K Nirmana",
              "bowler": "N Rathnayake",
              "non_striker": "WWWL Lakshan",
              "runs": {
                "batter": 1,
                "extras": 0,
                "total": 1
              }
            }
          ]
        },
        {
          "over": 16,
          "deliveries": [
            {
              "batter": "K Nirmana",
              "bowler": "DSA Wijesinghe",
              "non_striker": "WWWL Lakshan",
              "runs": {
                "batter": 1,
                "extras": 0,
                "total": 1
              }
            },
            {
              "batter": "WWWL Lakshan",
              "bowler": "DSA Wijesinghe",
              "non_striker": "K Nirmana",
              "runs": {
                "batter": 0,
                "extras": 0,
                "total": 0
              }
            },
            {
              "batter": "WWWL Lakshan",
              "bowler": "DSA Wijesinghe",
              "non_striker": "K Nirmana",
              "runs": {
                "batter": 1,
                "extras": 0,
                "total": 1
              }
            },
            {
              "batter": "K Nirmana",
              "bowler": "DSA Wijesinghe",
              "non_striker": "WWWL Lakshan",
              "runs": {
                "batter": 6,
                "extras": 0,
                "total": 6
              }
            },
            {
              "batter": "K Nirmana",
              "bowler": "DSA Wijesinghe",
              "non_striker": "WWWL Lakshan",
              "runs": {
                "batter": 0,
                "extras": 0,
                "total": 0
              }
            },
            {
              "batter": "K Nirmana",
              "bowler": "DSA Wijesinghe",
              "non_striker": "WWWL Lakshan",
              "runs": {
                "batter": 1,
                "extras": 0,
                "total": 1
              }
            }
          ]
        },
        {
          "over": 17,
          "deliveries": [
            {
              "batter": "K Nirmana",
              "bowler": "KPD Perera",
              "non_striker": "WWWL Lakshan",
              "runs": {
                "batter": 2,
                "extras": 0,
                "total": 2
              }
            },
            {
              "batter": "K Nirmana",
              "bowler": "KPD Perera",
              "non_striker": "WWWL Lakshan",
              "runs": {
                "batter": 0,
                "extras": 0,
                "total": 0
              }
            },
            {
              "batter": "K Nirmana",
              "bowler": "KPD Perera",
              "non_striker": "WWWL Lakshan",
              "runs": {
                "batter": 2,
                "extras": 0,
                "total": 2
              }
            },
            {
              "batter": "K Nirmana",
              "bowler": "KPD Perera",
              "non_striker": "WWWL Lakshan",
              "runs": {
                "batter": 1,
                "extras": 0,
                "total": 1
              }
            },
            {
              "batter": "WWWL Lakshan",
              "bowler": "KPD Perera",
              "non_striker": "K Nirmana",
              "runs": {
                "batter": 1,
                "extras": 0,
                "total": 1
              }
            },
            {
              "batter": "K Nirmana",
              "bowler": "KPD Perera",
              "non_striker": "WWWL Lakshan",
              "runs": {
                "batter": 0,
                "extras": 0,
                "total": 0
              }
            }
          ]
        },
        {
          "over": 18,
          "deliveries": [
            {
              "batter": "WWWL Lakshan",
              "bowler": "ON Bopage",
              "non_striker": "K Nirmana",
              "runs": {
                "batter": 0,
                "extras": 0,
                "total": 0
              }
            },
            {
              "batter": "WWWL Lakshan",
              "bowler": "ON Bopage",
              "non_striker": "K Nirmana",
              "runs": {
                "batter": 1,
                "extras": 0,
                "total": 1
              }
            },
            {
              "batter": "K Nirmana",
              "bowler": "ON Bopage",
              "non_striker": "WWWL Lakshan",
              "runs": {
                "batter": 6,
                "extras": 0,
                "total": 6
              }
            }
          ]
        }
      ],
      "powerplays": [
        {
          "from": 0.1,
          "to": 5.6,
          "type": "mandatory"
        }
      ],
      "target": {
        "overs": 20,
        "runs": 111
      }
    }
  ]
}