{
  "meta": {
    "data_version": "1.1.0",
    "created": "2025-07-17",
    "revision": 1
  },
  "info": {
    "balls_per_over": 6,
    "city": "Maggona",
    "dates": [
      "2024-05-15"
    ],
    "event": {
      "name": "Major Clubs T20 Tournament",
      "group": "C"
    },
    "gender": "male",
    "match_type": "T20",
    "officials": {
      "match_referees": [
        "THR Priyantha"
      ],
      "reserve_umpires": [
        "EJAPAM Jayasooriya"
      ],
      "umpires": [
        "REJ Martinesz",
        "V Prasad"
      ]
    },
    "outcome": {
      "winner": "Tamil Union Cricket and Athletic Club",
      "by": {
        "runs": 71
      }
    },
    "overs": 20,
    "players": {
      "Tamil Union Cricket and Athletic Club": [
        "A Siriwardhana",
        "DS Weerakkody",
        "Sineth Jayawardena",
        "T Harshana",
        "S Hapuhinna",
        "STS Senarathne",
        "SMLD Samarakoon",
        "KTH Ratnayake",
        "Amshi de Silva",
        "M Wickramage",
        "T Vithushan"
      ],
      "Negombo Cricket Club": [
        "EMDY Munaweera",
        "K Wanniarachchi",
        "HS Liyanage",
        "MS Warnapura",
        "TAM Siriwardana",
        "U Lakshan",
        "MS Silva",
        "PSU Fernando",
        "KN Peiris",
        "P Ushettige",
        "WRC Fernando"
      ]
    },
    "registry": {
      "people": {
        "A Siriwardhana": "b4f72cc6",
        "Amshi de Silva": "dbe38f35",
        "DS Weerakkody": "3473e5f2",
        "EJAPAM Jayasooriya": "edc9d57f",
        "EMDY Munaweera": "5a22d91c",
        "HS Liyanage": "8505bd55",
        "K Wanniarachchi": "03244b87",
        "KN Peiris": "d0cc2738",
        "KTH Ratnayake": "4eb02f2e",
        "M Wickramage": "0139ece0",
        "MS Silva": "04c73935",
        "MS Warnapura": "f2626fc9",
        "P Ushettige": "afd3365a",
        "PSU Fernando": "dd43dd57",
        "REJ Martinesz": "140cdf29",
        "S Hapuhinna": "60a9ffb4",
        "SMLD Samarakoon": "d28f4d1c",
        "STS Senarathne": "cbafbb70",
        "Sineth Jayawardena": "e4bf3570",
        "T Harshana": "403d4c73",
        "T Vithushan": "748f1901",
        "TAM Siriwardana": "bf7842c9",
        "THR Priyantha": "33f2a901",
        "U Lakshan": "bc0554d7",
        "V Prasad": "6ea27248",
        "WRC Fernando": "d58358e9"
      }
    },
    "season": "2024",
    "team_type": "club",
    "teams": [
      "Tamil Union Cricket and Athletic Club",
      "Negombo Cricket Club"
    ],
    "toss": {
      "decision": "field",
      "winner": "Negombo Cricket Club"
    },
    "venue": "Surrey Village, Maggona"
  },
  "innings": [
    {
      "team": "Tamil Union Cricket and Athletic Club",
      "overs": [
        {
          "over": 0,
          "deliveries": [
            {
              "batter": "A Siriwardhana",
              "bowler": "EMDY Munaweera",
              "non_striker": "DS Weerakkody",
              "runs": {
                "batter": 4,
                "extras": 0,
                "total": 4
              }
            },
            {
              "batter": "A Siriwardhana",
              "bowler": "EMDY Munaweera",
              "non_striker": "DS Weerakkody",
              "runs": {
                "batter": 0,
                "extras": 0,
                "total": 0
              }
            },
            {
              "batter": "A Siriwardhana",
              "bowler": "EMDY Munaweera",
              "non_striker": "DS Weerakkody",
              "runs": {
                "batter": 0,
                "extras": 0,
                "total": 0
              }
            },
            {
              "batter": "A Siriwardhana",
              "bowler": "EMDY Munaweera",
              "non_striker": "DS Weerakkody",
              "runs": {
                "batter": 0,
                "extras": 0,
                "total": 0
              }
            },
            {
              "batter": "A Siriwardhana",
              "bowler": "EMDY Munaweera",
              "non_striker": "DS Weerakkody",
              "runs": {
                "batter": 1,
                "extras": 0,
                "total": 1
              }
            },
            {
              "batter": "DS Weerakkody",
              "bowler": "EMDY Munaweera",
              "non_striker": "A Siriwardhana",
              "runs": {
                "batter": 0,
                "extras": 0,
                "total": 0
              }
            }
          ]
        },
        {
          "over": 1,
          "deliveries": [
            {
              "batter": "A Siriwardhana",
              "bowler": "WRC Fernando",
              "non_striker": "DS Weerakkody",
              "runs": {
                "batter": 1,
                "extras": 0,
                "total": 1
              }
            },
            {
              "batter": "DS Weerakkody",
              "bowler": "WRC Fernando",
              "non_striker": "A Siriwardhana",
              "runs": {
                "batter": 6,
                "extras": 0,
                "total": 6
              }
            },
            {
              "batter": "DS Weerakkody",
              "bowler": "WRC Fernando",
              "non_striker": "A Siriwardhana",
              "runs": {
                "batter": 0,
                "extras": 0,
                "total": 0
              }
            },
            {
              "batter": "DS Weerakkody",
              "bowler": "WRC Fernando",
              "non_striker": "A Siriwardhana",
              "runs": {
                "batter": 2,
                "extras": 0,
                "total": 2
              }
            },
            {
              "batter": "DS Weerakkody",
              "bowler": "WRC Fernando",
              "non_striker": "A Siriwardhana",
              "runs": {
                "batter": 0,
                "extras": 0,
                "total": 0
              }
            },
            {
              "batter": "DS Weerakkody",
              "bowler": "WRC Fernando",
              "non_striker": "A Siriwardhana",
              "runs": {
                "batter": 0,
                "extras": 0,
                "total": 0
              }
            }
          ]
        },
        {
          "over": 2,
          "deliveries": [
            {
              "batter": "A Siriwardhana",
              "bowler": "EMDY Munaweera",
              "non_striker": "DS Weerakkody",
              "runs": {
                "batter": 0,
                "extras": 0,
                "total": 0
              }
            },
            {
              "batter": "A Siriwardhana",
              "bowler": "EMDY Munaweera",
              "non_striker": "DS Weerakkody",
              "runs": {
                "batter": 0,
                "extras": 0,
                "total": 0
              },
              "wickets": [
                {
                  "player_out": "A Siriwardhana",
                  "fielders": [
                    {
                      "name": "HS Liyanage"
                    }
                  ],
                  "kind": "caught"
                }
              ]
            },
            {
              "batter": "Sineth Jayawardena",
              "bowler": "EMDY Munaweera",
              "non_striker": "DS Weerakkody",
              "runs": {
                "batter": 0,
                "extras": 0,
                "total": 0
              }
            },
            {
              "batter": "Sineth Jayawardena",
              "bowler": "EMDY Munaweera",
              "non_striker": "DS Weerakkody",
              "runs": {
                "batter": 0,
                "extras": 0,
                "total": 0
              }
            },
            {
              "batter": "Sineth Jayawardena",
              "bowler": "EMDY Munaweera",
              "non_striker": "DS Weerakkody",
              "runs": {
                "batter": 0,
                "extras": 0,
                "total": 0
              }
            },
            {
              "batter": "Sineth Jayawardena",
              "bowler": "EMDY Munaweera",
              "non_striker": "DS Weerakkody",
              "runs": {
                "batter": 0,
                "extras": 0,
                "total": 0
              }
            }
          ]
        },
        {
          "over": 3,
          "deliveries": [
            {
              "batter": "DS Weerakkody",
              "bowler": "KN Peiris",
              "non_striker": "Sineth Jayawardena",
              "runs": {
                "batter": 0,
                "extras": 0,
                "total": 0
              }
            },
            {
              "batter": "DS Weerakkody",
              "bowler": "KN Peiris",
              "non_striker": "Sineth Jayawardena",
              "runs": {
                "batter": 0,
                "extras": 0,
                "total": 0
              }
            },
            {
              "batter": "DS Weerakkody",
              "bowler": "KN Peiris",
              "non_striker": "Sineth Jayawardena",
              "runs": {
                "batter": 0,
                "extras": 0,
                "total": 0
              }
            },
            {
              "batter": "DS Weerakkody",
              "bowler": "KN Peiris",
              "non_striker": "Sineth Jayawardena",
              "runs": {
                "batter": 0,
                "extras": 0,
                "total": 0
              }
            },
            {
              "batter": "DS Weerakkody",
              "bowler": "KN Peiris",
              "non_striker": "Sineth Jayawardena",
              "runs": {
                "batter": 1,
                "extras": 0,
                "total": 1
              }
            },
            {
              "batter": "Sineth Jayawardena",
              "bowler": "KN Peiris",
              "non_striker": "DS Weerakkody",
              "runs": {
                "batter": 0,
                "extras": 0,
                "total": 0
              }
            }
          ]
        },
        {
          "over": 4,
          "deliveries": [
            {
              "batter": "DS Weerakkody",
              "bowler": "EMDY Munaweera",
              "non_striker": "Sineth Jayawardena",
              "runs": {
                "batter": 0,
                "extras": 0,
                "total": 0
              }
            },
            {
              "batter": "DS Weerakkody",
              "bowler": "EMDY Munaweera",
              "non_striker": "Sineth Jayawardena",
              "runs": {
                "batter": 1,
                "extras": 0,
                "total": 1
              }
            },
            {
              "batter": "Sineth Jayawardena",
              "bowler": "EMDY Munaweera",
              "non_striker": "DS Weerakkody",
              "runs": {
                "batter": 1,
                "extras": 0,
                "total": 1
              }
            },
            {
              "batter": "DS Weerakkody",
              "bowler": "EMDY Munaweera",
              "non_striker": "Sineth Jayawardena",
              "runs": {
                "batter": 4,
                "extras": 0,
                "total": 4
              }
            },
            {
              "batter": "DS Weerakkody",
              "bowler": "EMDY Munaweera",
              "non_striker": "Sineth Jayawardena",
              "runs": {
                "batter": 1,
                "extras": 0,
                "total": 1
              }
            },
            {
              "batter": "Sineth Jayawardena",
              "bowler": "EMDY Munaweera",
              "non_striker": "DS Weerakkody",
              "runs": {
                "batter": 4,
                "extras": 0,
                "total": 4
              }
            }
          ]
        },
        {
          "over": 5,
          "deliveries": [
            {
              "batter": "DS Weerakkody",
              "bowler": "KN Peiris",
              "non_striker": "Sineth Jayawardena",
              "runs": {
                "batter": 0,
                "extras": 0,
                "total": 0
              }
            },
            {
              "batter": "DS Weerakkody",
              "bowler": "KN Peiris",
              "non_striker": "Sineth Jayawardena",
              "runs": {
                "batter": 0,
                "extras": 0,
                "total": 0
              },
              "wickets": [
                {
                  "player_out": "DS Weerakkody",
                  "fielders": [
                    {
                      "name": "TAM Siriwardana"
                    }
                  ],
                  "kind": "caught"
                }
              ]
            },
            {
              "batter": "T Harshana",
              "bowler": "KN Peiris",
              "non_striker": "Sineth Jayawardena",
              "runs": {
                "batter": 1,
                "extras": 0,
                "total": 1
              }
            },
            {
              "batter": "Sineth Jayawardena",
              "bowler": "KN Peiris",
              "non_striker": "T Harshana",
              "runs": {
                "batter": 0,
                "extras": 0,
                "total": 0
              }
            },
            {
              "batter": "Sineth Jayawardena",
              "bowler": "KN Peiris",
              "non_striker": "T Harshana",
              "runs": {
                "batter": 0,
                "extras": 0,
                "total": 0
              }
            },
            {
              "batter": "Sineth Jayawardena",
              "bowler": "KN Peiris",
              "non_striker": "T Harshana",
              "runs": {
                "batter": 4,
                "extras": 0,
                "total": 4
              }
            }
          ]
        },
        {
          "over": 6,
          "deliveries": [
            {
              "batter": "T Harshana",
              "bowler": "MS Warnapura",
              "non_striker": "Sineth Jayawardena",
              "runs": {
                "batter": 1,
                "extras": 0,
                "total": 1
              }
            },
            {
              "batter": "Sineth Jayawardena",
              "bowler": "MS Warnapura",
              "non_striker": "T Harshana",
              "runs": {
                "batter": 1,
                "extras": 0,
                "total": 1
              }
            },
            {
              "batter": "T Harshana",
              "bowler": "MS Warnapura",
              "non_striker": "Sineth Jayawardena",
              "runs": {
                "batter": 0,
                "extras": 0,
                "total": 0
              }
            },
            {
              "batter": "T Harshana",
              "bowler": "MS Warnapura",
              "non_striker": "Sineth Jayawardena",
              "runs": {
                "batter": 0,
                "extras": 0,
                "total": 0
              }
            },
            {
              "batter": "T Harshana",
              "bowler": "MS Warnapura",
              "non_striker": "Sineth Jayawardena",
              "runs": {
                "batter": 1,
                "extras": 0,
                "total": 1
              }
            },
            {
              "batter": "Sineth Jayawardena",
              "bowler": "MS Warnapura",
              "non_striker": "T Harshana",
              "runs": {
                "batter": 1,
                "extras": 0,
                "total": 1
              }
            }
          ]
        },
        {
          "over": 7,
          "deliveries": [
            {
              "batter": "Sineth Jayawardena",
              "bowler": "WRC Fernando",
              "non_striker": "T Harshana",
              "runs": {
                "batter": 0,
                "extras": 0,
                "total": 0
              }
            },
            {
              "batter": "Sineth Jayawardena",
              "bowler": "WRC Fernando",
              "non_striker": "T Harshana",
              "runs": {
                "batter": 1,
                "extras": 0,
                "total": 1
              }
            },
            {
              "batter": "T Harshana",
              "bowler": "WRC Fernando",
              "non_striker": "Sineth Jayawardena",
              "runs": {
                "batter": 1,
                "extras": 0,
                "total": 1
              }
            },
            {
              "batter": "Sineth Jayawardena",
              "bowler": "WRC Fernando",
              "non_striker": "T Harshana",
              "runs": {
                "batter": 0,
                "extras": 0,
                "total": 0
              }
            },
            {
              "batter": "Sineth Jayawardena",
              "bowler": "WRC Fernando",
              "non_striker": "T Harshana",
              "runs": {
                "batter": 0,
                "extras": 0,
                "total": 0
              }
            },
            {
              "batter": "Sineth Jayawardena",
              "bowler": "WRC Fernando",
              "non_striker": "T Harshana",
              "runs": {
                "batter": 4,
                "extras": 0,
                "total": 4
              }
            }
          ]
        },
        {
          "over": 8,
          "deliveries": [
            {
              "batter": "T Harshana",
              "bowler": "MS Warnapura",
              "non_striker": "Sineth Jayawardena",
              "runs": {
                "batter": 1,
                "extras": 0,
                "total": 1
              }
            },
            {
              "batter": "Sineth Jayawardena",
              "bowler": "MS Warnapura",
              "non_striker": "T Harshana",
              "runs": {
                "batter": 0,
                "extras": 0,
                "total": 0
              }
            },
            {
              "batter": "Sineth Jayawardena",
              "bowler": "MS Warnapura",
              "non_striker": "T Harshana",
              "runs": {
                "batter": 0,
                "extras": 0,
                "total": 0
              }
            },
            {
              "batter": "Sineth Jayawardena",
              "bowler": "MS Warnapura",
              "non_striker": "T Harshana",
              "runs": {
                "batter": 0,
                "extras": 0,
                "total": 0
              }
            },
            {
              "batter": "Sineth Jayawardena",
              "bowler": "MS Warnapura",
              "non_striker": "T Harshana",
              "runs": {
                "batter": 1,
                "extras": 0,
                "total": 1
              }
            },
            {
              "batter": "T Harshana",
              "bowler": "MS Warnapura",
              "non_striker": "Sineth Jayawardena",
              "runs": {
                "batter": 0,
                "extras": 0,
                "total": 0
              }
            }
          ]
        },
        {
          "over": 9,
          "deliveries": [
            {
              "batter": "Sineth Jayawardena",
              "bowler": "PSU Fernando",
              "non_striker": "T Harshana",
              "runs": {
                "batter": 0,
                "extras": 0,
                "total": 0
              },
              "wickets": [
                {
                  "player_out": "Sineth Jayawardena",
                  "fielders": [
                    {
                      "name": "KN Peiris"
                    }
                  ],
                  "kind": "caught"
                }
              ]
            },
            {
              "batter": "S Hapuhinna",
              "bowler": "PSU Fernando",
              "non_striker": "T Harshana",
              "runs": {
                "batter": 0,
                "extras": 0,
                "total": 0
              }
            },
            {
              "batter": "S Hapuhinna",
              "bowler": "PSU Fernando",
              "non_striker": "T Harshana",
              "runs": {
                "batter": 1,
                "extras": 0,
                "total": 1
              }
            },
            {
              "batter": "T Harshana",
              "bowler": "PSU Fernando",
              "non_striker": "S Hapuhinna",
              "runs": {
                "batter": 1,
                "extras": 0,
                "total": 1
              }
            },
            {
              "batter": "S Hapuhinna",
              "bowler": "PSU Fernando",
              "non_striker": "T Harshana",
              "runs": {
                "batter": 1,
                "extras": 0,
                "total": 1
              }
            },
            {
              "batter": "T Harshana",
              "bowler": "PSU Fernando",
              "non_striker": "S Hapuhinna",
              "runs": {
                "batter": 1,
                "extras": 0,
                "total": 1
              }
            }
          ]
        },
        {
          "over": 10,
          "deliveries": [
            {
              "batter": "T Harshana",
              "bowler": "MS Warnapura",
              "non_striker": "S Hapuhinna",
              "runs": {
                "batter": 1,
                "extras": 0,
                "total": 1
              }
            },
            {
              "batter": "S Hapuhinna",
              "bowler": "MS Warnapura",
              "non_striker": "T Harshana",
              "runs": {
                "batter": 1,
                "extras": 0,
                "total": 1
              }
            },
            {
              "batter": "T Harshana",
              "bowler": "MS Warnapura",
              "non_striker": "S Hapuhinna",
              "runs": {
                "batter": 1,
                "extras": 0,
                "total": 1
              }
            },
            {
              "batter": "S Hapuhinna",
              "bowler": "MS Warnapura",
              "non_striker": "T Harshana",
              "runs": {
                "batter": 1,
                "extras": 0,
                "total": 1
              }
            },
            {
              "batter": "T Harshana",
              "bowler": "MS Warnapura",
              "non_striker": "S Hapuhinna",
              "runs": {
                "batter": 1,
                "extras": 0,
                "total": 1
              }
            },
            {
              "batter": "S Hapuhinna",
              "bowler": "MS Warnapura",
              "non_striker": "T Harshana",
              "runs": {
                "batter": 1,
                "extras": 0,
                "total": 1
              }
            }
          ]
        },
        {
          "over": 11,
          "deliveries": [
            {
              "batter": "S Hapuhinna",
              "bowler": "PSU Fernando",
              "non_striker": "T Harshana",
              "runs": {
                "batter": 1,
                "extras": 0,
                "total": 1
              }
            },
            {
              "batter": "T Harshana",
              "bowler": "PSU Fernando",
              "non_striker": "S Hapuhinna",
              "runs": {
                "batter": 0,
                "extras": 0,
                "total": 0
              }
            },
            {
              "batter": "T Harshana",
              "bowler": "PSU Fernando",
              "non_striker": "S Hapuhinna",
              "runs": {
                "batter": 1,
                "extras": 0,
                "total": 1
              }
            },
            {
              "batter": "S Hapuhinna",
              "bowler": "PSU Fernando",
              "non_striker": "T Harshana",
              "runs": {
                "batter": 1,
                "extras": 0,
                "total": 1
              }
            },
            {
              "batter": "T Harshana",
              "bowler": "PSU Fernando",
              "non_striker": "S Hapuhinna",
              "runs": {
                "batter": 1,
                "extras": 0,
                "total": 1
              }
            },
            {
              "batter": "S Hapuhinna",
              "bowler": "PSU Fernando",
              "non_striker": "T Harshana",
              "runs": {
                "batter": 4,
                "extras": 0,
                "total": 4
              }
            }
          ]
        },
        {
          "over": 12,
          "deliveries": [
            {
              "batter": "T Harshana",
              "bowler": "MS Warnapura",
              "non_striker": "S Hapuhinna",
              "runs": {
                "batter": 1,
                "extras": 0,
                "total": 1
              }
            },
            {
              "batter": "S Hapuhinna",
              "bowler": "MS Warnapura",
              "non_striker": "T Harshana",
              "runs": {
                "batter": 4,
                "extras": 0,
                "total": 4
              }
            },
            {
              "batter": "S Hapuhinna",
              "bowler": "MS Warnapura",
              "non_striker": "T Harshana",
              "runs": {
                "batter": 1,
                "extras": 0,
                "total": 1
              }
            },
            {
              "batter": "T Harshana",
              "bowler": "MS Warnapura",
              "non_striker": "S Hapuhinna",
              "runs": {
                "batter": 1,
                "extras": 0,
                "total": 1
              }
            },
            {
              "batter": "S Hapuhinna",
              "bowler": "MS Warnapura",
              "non_striker": "T Harshana",
              "runs": {
                "batter": 1,
                "extras": 0,
                "total": 1
              }
            },
            {
              "batter": "T Harshana",
              "bowler": "MS Warnapura",
              "non_striker": "S Hapuhinna",
              "runs": {
                "batter": 0,
                "extras": 0,
                "total": 0
              }
            }
          ]
        },
        {
          "over": 13,
          "deliveries": [
            {
              "batter": "S Hapuhinna",
              "bowler": "KN Peiris",
              "non_striker": "T Harshana",
              "runs": {
                "batter": 2,
                "extras": 0,
                "total": 2
              }
            },
            {
              "batter": "S Hapuhinna",
              "bowler": "KN Peiris",
              "non_striker": "T Harshana",
              "runs": {
                "batter": 0,
                "extras": 0,
                "total": 0
              }
            },
            {
              "batter": "S Hapuhinna",
              "bowler": "KN Peiris",
              "extras": {
                "legbyes": 1
              },
              "non_striker": "T Harshana",
              "runs": {
                "batter": 0,
                "extras": 1,
                "total": 1
              }
            },
            {
              "batter": "T Harshana",
              "bowler": "KN Peiris",
              "non_striker": "S Hapuhinna",
              "runs": {
                "batter": 0,
                "extras": 0,
                "total": 0
              }
            },
            {
              "batter": "T Harshana",
              "bowler": "KN Peiris",
              "non_striker": "S Hapuhinna",
              "runs": {
                "batter": 0,
                "extras": 0,
                "total": 0
              },
              "wickets": [
                {
                  "player_out": "T Harshana",
                  "fielders": [
                    {
                      "name": "P Ushettige"
                    }
                  ],
                  "kind": "caught"
                }
              ]
            },
            {
              "batter": "STS Senarathne",
              "bowler": "KN Peiris",
              "non_striker": "S Hapuhinna",
              "runs": {
                "batter": 4,
                "extras": 0,
                "total": 4
              }
            }
          ]
        },
        {
          "over": 14,
          "deliveries": [
            {
              "batter": "S Hapuhinna",
              "bowler": "PSU Fernando",
              "non_striker": "STS Senarathne",
              "runs": {
                "batter": 0,
                "extras": 0,
                "total": 0
              }
            },
            {
              "batter": "S Hapuhinna",
              "bowler": "PSU Fernando",
              "non_striker": "STS Senarathne",
              "runs": {
                "batter": 0,
                "extras": 0,
                "total": 0
              }
            },
            {
              "batter": "S Hapuhinna",
              "bowler": "PSU Fernando",
              "non_striker": "STS Senarathne",
              "runs": {
                "batter": 2,
                "extras": 0,
                "total": 2
              }
            },
            {
              "batter": "S Hapuhinna",
              "bowler": "PSU Fernando",
              "non_striker": "STS Senarathne",
              "runs": {
                "batter": 0,
                "extras": 0,
                "total": 0
              }
            },
            {
              "batter": "S Hapuhinna",
              "bowler": "PSU Fernando",
              "non_striker": "STS Senarathne",
              "runs": {
                "batter": 1,
                "extras": 0,
                "total": 1
              }
            },
            {
              "batter": "STS Senarathne",
              "bowler": "PSU Fernando",
              "non_striker": "S Hapuhinna",
              "runs": {
                "batter": 1,
                "extras": 0,
                "total": 1
              }
            }
          ]
        },
        {
          "over": 15,
          "deliveries": [
            {
              "batter": "STS Senarathne",
              "bowler": "EMDY Munaweera",
              "non_striker": "S Hapuhinna",
              "runs": {
                "batter": 6,
                "extras": 0,
                "total": 6
              }
            },
            {
              "batter": "STS Senarathne",
              "bowler": "EMDY Munaweera",
              "non_striker": "S Hapuhinna",
              "runs": {
                "batter": 1,
                "extras": 0,
                "total": 1
              }
            },
            {
              "batter": "S Hapuhinna",
              "bowler": "EMDY Munaweera",
              "non_striker": "STS Senarathne",
              "runs": {
                "batter": 6,
                "extras": 0,
                "total": 6
              }
            },
            {
              "batter": "S Hapuhinna",
              "bowler": "EMDY Munaweera",
              "non_striker": "STS Senarathne",
              "runs": {
                "batter": 4,
                "extras": 0,
                "total": 4
              }
            },
            {
              "batter": "S Hapuhinna",
              "bowler": "EMDY Munaweera",
              "non_striker": "STS Senarathne",
              "runs": {
                "batter": 1,
                "extras": 0,
                "total": 1
              }
            },
            {
              "batter": "STS Senarathne",
              "bowler": "EMDY Munaweera",
              "non_striker": "S Hapuhinna",
              "runs": {
                "batter": 0,
                "extras": 0,
                "total": 0
              }
            }
          ]
        },
        {
          "over": 16,
          "deliveries": [
            {
              "batter": "S Hapuhinna",
              "bowler": "KN Peiris",
              "non_striker": "STS Senarathne",
              "runs": {
                "batter": 1,
                "extras": 0,
                "total": 1
              }
            },
            {
              "batter": "STS Senarathne",
              "bowler": "KN Peiris",
              "non_striker": "S Hapuhinna",
              "runs": {
                "batter": 1,
                "extras": 0,
                "total": 1
              }
            },
            {
              "batter": "S Hapuhinna",
              "bowler": "KN Peiris",
              "non_striker": "STS Senarathne",
              "runs": {
                "batter": 1,
                "extras": 0,
                "total": 1
              }
            },
            {
              "batter": "STS Senarathne",
              "bowler": "KN Peiris",
              "non_striker": "S Hapuhinna",
              "runs": {
                "batter": 6,
                "extras": 0,
                "total": 6
              }
            },
            {
              "batter": "STS Senarathne",
              "bowler": "KN Peiris",
              "non_striker": "S Hapuhinna",
              "runs": {
                "batter": 6,
                "extras": 0,
                "total": 6
              }
            },
            {
              "batter": "STS Senarathne",
              "bowler": "KN Peiris",
              "non_striker": "S Hapuhinna",
              "runs": {
                "batter": 4,
                "extras": 0,
                "total": 4
              }
            }
          ]
        },
        {
          "over": 17,
          "deliveries": [
            {
              "batter": "S Hapuhinna",
              "bowler": "WRC Fernando",
              "non_striker": "STS Senarathne",
              "runs": {
                "batter": 0,
                "extras": 0,
                "total": 0
              },
              "wickets": [
                {
                  "player_out": "S Hapuhinna",
                  "kind": "bowled"
                }
              ]
            },
            {
              "batter": "SMLD Samarakoon",
              "bowler": "WRC Fernando",
              "non_striker": "STS Senarathne",
              "runs": {
                "batter": 3,
                "extras": 0,
                "total": 3
              }
            },
            {
              "batter": "STS Senarathne",
              "bowler": "WRC Fernando",
              "non_striker": "SMLD Samarakoon",
              "runs": {
                "batter": 0,
                "extras": 0,
                "total": 0
              },
              "wickets": [
                {
                  "player_out": "STS Senarathne",
                  "kind": "lbw"
                }
              ]
            },
            {
              "batter": "KTH Ratnayake",
              "bowler": "WRC Fernando",
              "non_striker": "SMLD Samarakoon",
              "runs": {
                "batter": 1,
                "extras": 0,
                "total": 1
              }
            },
            {
              "batter": "SMLD Samarakoon",
              "bowler": "WRC Fernando",
              "non_striker": "KTH Ratnayake",
              "runs": {
                "batter": 1,
                "extras": 0,
                "total": 1
              }
            },
            {
              "batter": "KTH Ratnayake",
              "bowler": "WRC Fernando",
              "non_striker": "SMLD Samarakoon",
              "runs": {
                "batter": 4,
                "extras": 0,
                "total": 4
              }
            }
          ]
        },
        {
          "over": 18,
          "deliveries": [
            {
              "batter": "SMLD Samarakoon",
              "bowler": "PSU Fernando",
              "non_striker": "KTH Ratnayake",
              "runs": {
                "batter": 1,
                "extras": 0,
                "total": 1
              }
            },
            {
              "batter": "KTH Ratnayake",
              "bowler": "PSU Fernando",
              "non_striker": "SMLD Samarakoon",
              "runs": {
                "batter": 4,
                "extras": 0,
                "total": 4
              }
            },
            {
              "batter": "KTH Ratnayake",
              "bowler": "PSU Fernando",
              "extras": {
                "wides": 1
              },
              "non_striker": "SMLD Samarakoon",
              "runs": {
                "batter": 0,
                "extras": 1,
                "total": 1
              }
            },
            {
              "batter": "KTH Ratnayake",
              "bowler": "PSU Fernando",
              "non_striker": "SMLD Samarakoon",
              "runs": {
                "batter": 0,
                "extras": 0,
                "total": 0
              },
              "wickets": [
                {
                  "player_out": "KTH Ratnayake",
                  "fielders": [
                    {
                      "name": "HS Liyanage"
                    }
                  ],
                  "kind": "caught"
                }
              ]
            },
            {
              "batter": "Amshi de Silva",
              "bowler": "PSU Fernando",
              "extras": {
                "legbyes": 1
              },
              "non_striker": "SMLD Samarakoon",
              "runs": {
                "batter": 0,
                "extras": 1,
                "total": 1
              }
            },
            {
              "batter": "SMLD Samarakoon",
              "bowler": "PSU Fernando",
              "non_striker": "Amshi de Silva",
              "runs": {
                "batter": 6,
                "extras": 0,
                "total": 6
              }
            },
            {
              "batter": "SMLD Samarakoon",
              "bowler": "PSU Fernando",
              "non_striker": "Amshi de Silva",
              "runs": {
                "batter": 1,
                "extras": 0,
                "total": 1
              }
            }
          ]
        },
        {
          "over": 19,
          "deliveries": [
            {
              "batter": "SMLD Samarakoon",
              "bowler": "WRC Fernando",
              "non_striker": "Amshi de Silva",
              "runs": {
                "batter": 0,
                "extras": 0,
                "total": 0
              },
              "wickets": [
                {
                  "player_out": "SMLD Samarakoon",
                  "kind": "bowled"
                }
              ]
            },
            {
              "batter": "M Wickramage",
              "bowler": "WRC Fernando",
              "non_striker": "Amshi de Silva",
              "runs": {
                "batter": 1,
                "extras": 0,
                "total": 1
              }
            },
            {
              "batter": "Amshi de Silva",
              "bowler": "WRC Fernando",
              "extras": {
                "wides": 1
              },
              "non_striker": "M Wickramage",
              "runs": {
                "batter": 0,
                "extras": 1,
                "total": 1
              }
            },
            {
              "batter": "Amshi de Silva",
              "bowler": "WRC Fernando",
              "non_striker": "M Wickramage",
              "runs": {
                "batter": 1,
                "extras": 0,
                "total": 1
              }
            },
            {
              "batter": "M Wickramage",
              "bowler": "WRC Fernando",
              "non_striker": "Amshi de Silva",
              "runs": {
                "batter": 0,
                "extras": 0,
                "total": 0
              }
            },
            {
              "batter": "M Wickramage",
              "bowler": "WRC Fernando",
              "non_striker": "Amshi de Silva",
              "runs": {
                "batter": 0,
                "extras": 0,
                "total": 0
              },
              "wickets": [
                {
                  "player_out": "M Wickramage",
                  "fielders": [
                    {
                      "name": "HS Liyanage"
                    }
                  ],
                  "kind": "caught"
                }
              ]
            },
            {
              "batter": "T Vithushan",
              "bowler": "WRC Fernando",
              "non_striker": "Amshi de Silva",
              "runs": {
                "batter": 4,
                "extras": 0,
                "total": 4
              }
            }
          ]
        }
      ],
      "powerplays": [
        {
          "from": 0.1,
          "to": 5.6,
          "type": "mandatory"
        }
      ]
    },
    {
      "team": "Negombo Cricket Club",
      "overs": [
        {
          "over": 0,
          "deliveries": [
            {
              "batter": "EMDY Munaweera",
              "bowler": "Amshi de Silva",
              "non_striker": "K Wanniarachchi",
              "runs": {
                "batter": 0,
                "extras": 0,
                "total": 0
              }
            },
            {
              "batter": "EMDY Munaweera",
              "bowler": "Amshi de Silva",
              "non_striker": "K Wanniarachchi",
              "runs": {
                "batter": 2,
                "extras": 0,
                "total": 2
              }
            },
            {
              "batter": "EMDY Munaweera",
              "bowler": "Amshi de Silva",
              "non_striker": "K Wanniarachchi",
              "runs": {
                "batter": 1,
                "extras": 0,
                "total": 1
              }
            },
            {
              "batter": "K Wanniarachchi",
              "bowler": "Amshi de Silva",
              "non_striker": "EMDY Munaweera",
              "runs": {
                "batter": 1,
                "extras": 0,
                "total": 1
              }
            },
            {
              "batter": "EMDY Munaweera",
              "bowler": "Amshi de Silva",
              "non_striker": "K Wanniarachchi",
              "runs": {
                "batter": 0,
                "extras": 0,
                "total": 0
              }
            },
            {
              "batter": "EMDY Munaweera",
              "bowler": "Amshi de Silva",
              "non_striker": "K Wanniarachchi",
              "runs": {
                "batter": 1,
                "extras": 0,
                "total": 1
              }
            }
          ]
        },
        {
          "over": 1,
          "deliveries": [
            {
              "batter": "EMDY Munaweera",
              "bowler": "T Vithushan",
              "non_striker": "K Wanniarachchi",
              "runs": {
                "batter": 0,
                "extras": 0,
                "total": 0
              }
            },
            {
              "batter": "EMDY Munaweera",
              "bowler": "T Vithushan",
              "non_striker": "K Wanniarachchi",
              "runs": {
                "batter": 6,
                "extras": 0,
                "total": 6
              }
            },
            {
              "batter": "EMDY Munaweera",
              "bowler": "T Vithushan",
              "non_striker": "K Wanniarachchi",
              "runs": {
                "batter": 0,
                "extras": 0,
                "total": 0
              }
            },
            {
              "batter": "EMDY Munaweera",
              "bowler": "T Vithushan",
              "non_striker": "K Wanniarachchi",
              "runs": {
                "batter": 0,
                "extras": 0,
                "total": 0
              }
            },
            {
              "batter": "EMDY Munaweera",
              "bowler": "T Vithushan",
              "non_striker": "K Wanniarachchi",
              "runs": {
                "batter": 4,
                "extras": 0,
                "total": 4
              }
            },
            {
              "batter": "EMDY Munaweera",
              "bowler": "T Vithushan",
              "non_striker": "K Wanniarachchi",
              "runs": {
                "batter": 0,
                "extras": 0,
                "total": 0
              },
              "wickets": [
                {
                  "player_out": "EMDY Munaweera",
                  "fielders": [
                    {
                      "name": "KTH Ratnayake"
                    }
                  ],
                  "kind": "caught"
                }
              ]
            }
          ]
        },
        {
          "over": 2,
          "deliveries": [
            {
              "batter": "K Wanniarachchi",
              "bowler": "KTH Ratnayake",
              "extras": {
                "wides": 1
              },
              "non_striker": "HS Liyanage",
              "runs": {
                "batter": 0,
                "extras": 1,
                "total": 1
              }
            },
            {
              "batter": "K Wanniarachchi",
              "bowler": "KTH Ratnayake",
              "non_striker": "HS Liyanage",
              "runs": {
                "batter": 1,
                "extras": 0,
                "total": 1
              }
            },
            {
              "batter": "HS Liyanage",
              "bowler": "KTH Ratnayake",
              "non_striker": "K Wanniarachchi",
              "runs": {
                "batter": 2,
                "extras": 0,
                "total": 2
              }
            },
            {
              "batter": "HS Liyanage",
              "bowler": "KTH Ratnayake",
              "non_striker": "K Wanniarachchi",
              "runs": {
                "batter": 0,
                "extras": 0,
                "total": 0
              }
            },
            {
              "batter": "HS Liyanage",
              "bowler": "KTH Ratnayake",
              "non_striker": "K Wanniarachchi",
              "runs": {
                "batter": 0,
                "extras": 0,
                "total": 0
              }
            },
            {
              "batter": "HS Liyanage",
              "bowler": "KTH Ratnayake",
              "extras": {
                "wides": 1
              },
              "non_striker": "K Wanniarachchi",
              "runs": {
                "batter": 0,
                "extras": 1,
                "total": 1
              }
            },
            {
              "batter": "HS Liyanage",
              "bowler": "KTH Ratnayake",
              "extras": {
                "wides": 1
              },
              "non_striker": "K Wanniarachchi",
              "runs": {
                "batter": 0,
                "extras": 1,
                "total": 1
              }
            },
            {
              "batter": "HS Liyanage",
              "bowler": "KTH Ratnayake",
              "non_striker": "K Wanniarachchi",
              "runs": {
                "batter": 0,
                "extras": 0,
                "total": 0
              },
              "wickets": [
                {
                  "player_out": "HS Liyanage",
                  "kind": "lbw"
                }
              ]
            },
            {
              "batter": "MS Warnapura",
              "bowler": "KTH Ratnayake",
              "non_striker": "K Wanniarachchi",
              "runs": {
                "batter": 0,
                "extras": 0,
                "total": 0
              }
            }
          ]
        },
        {
          "over": 3,
          "deliveries": [
            {
              "batter": "K Wanniarachchi",
              "bowler": "SMLD Samarakoon",
              "non_striker": "MS Warnapura",
              "runs": {
                "batter": 0,
                "extras": 0,
                "total": 0
              }
            },
            {
              "batter": "K Wanniarachchi",
              "bowler": "SMLD Samarakoon",
              "non_striker": "MS Warnapura",
              "runs": {
                "batter": 2,
                "extras": 0,
                "total": 2
              }
            },
            {
              "batter": "K Wanniarachchi",
              "bowler": "SMLD Samarakoon",
              "non_striker": "MS Warnapura",
              "runs": {
                "batter": 0,
                "extras": 0,
                "total": 0
              }
            },
            {
              "batter": "K Wanniarachchi",
              "bowler": "SMLD Samarakoon",
              "non_striker": "MS Warnapura",
              "runs": {
                "batter": 2,
                "extras": 0,
                "total": 2
              }
            },
            {
              "batter": "K Wanniarachchi",
              "bowler": "SMLD Samarakoon",
              "non_striker": "MS Warnapura",
              "runs": {
                "batter": 1,
                "extras": 0,
                "total": 1
              }
            },
            {
              "batter": "MS Warnapura",
              "bowler": "SMLD Samarakoon",
              "non_striker": "K Wanniarachchi",
              "runs": {
                "batter": 0,
                "extras": 0,
                "total": 0
              }
            }
          ]
        },
        {
          "over": 4,
          "deliveries": [
            {
              "batter": "K Wanniarachchi",
              "bowler": "T Vithushan",
              "non_striker": "MS Warnapura",
              "runs": {
                "batter": 0,
                "extras": 0,
                "total": 0
              },
              "wickets": [
                {
                  "player_out": "K Wanniarachchi",
                  "fielders": [
                    {
                      "name": "S Hapuhinna"
                    }
                  ],
                  "kind": "stumped"
                }
              ]
            },
            {
              "batter": "TAM Siriwardana",
              "bowler": "T Vithushan",
              "non_striker": "MS Warnapura",
              "runs": {
                "batter": 0,
                "extras": 0,
                "total": 0
              }
            },
            {
              "batter": "TAM Siriwardana",
              "bowler": "T Vithushan",
              "non_striker": "MS Warnapura",
              "runs": {
                "batter": 0,
                "extras": 0,
                "total": 0
              },
              "wickets": [
                {
                  "player_out": "TAM Siriwardana",
                  "fielders": [
                    {
                      "name": "STS Senarathne"
                    }
                  ],
                  "kind": "caught"
                }
              ]
            },
            {
              "batter": "U Lakshan",
              "bowler": "T Vithushan",
              "non_striker": "MS Warnapura",
              "runs": {
                "batter": 0,
                "extras": 0,
                "total": 0
              }
            },
            {
              "batter": "U Lakshan",
              "bowler": "T Vithushan",
              "non_striker": "MS Warnapura",
              "runs": {
                "batter": 0,
                "extras": 0,
                "total": 0
              }
            },
            {
              "batter": "U Lakshan",
              "bowler": "T Vithushan",
              "non_striker": "MS Warnapura",
              "runs": {
                "batter": 0,
                "extras": 0,
                "total": 0
              }
            }
          ]
        },
        {
          "over": 5,
          "deliveries": [
            {
              "batter": "MS Warnapura",
              "bowler": "SMLD Samarakoon",
              "non_striker": "U Lakshan",
              "runs": {
                "batter": 2,
                "extras": 0,
                "total": 2
              }
            },
            {
              "batter": "MS Warnapura",
              "bowler": "SMLD Samarakoon",
              "non_striker": "U Lakshan",
              "runs": {
                "batter": 0,
                "extras": 0,
                "total": 0
              }
            },
            {
              "batter": "MS Warnapura",
              "bowler": "SMLD Samarakoon",
              "non_striker": "U Lakshan",
              "runs": {
                "batter": 0,
                "extras": 0,
                "total": 0
              },
              "wickets": [
                {
                  "player_out": "MS Warnapura",
                  "fielders": [
                    {
                      "name": "DS Weerakkody"
                    }
                  ],
                  "kind": "caught"
                }
              ]
            },
            {
              "batter": "MS Silva",
              "bowler": "SMLD Samarakoon",
              "non_striker": "U Lakshan",
              "runs": {
                "batter": 0,
                "extras": 0,
                "total": 0
              }
            },
            {
              "batter": "MS Silva",
              "bowler": "SMLD Samarakoon",
              "non_striker": "U Lakshan",
              "runs": {
                "batter": 0,
                "extras": 0,
                "total": 0
              }
            },
            {
              "batter": "MS Silva",
              "bowler": "SMLD Samarakoon",
              "non_striker": "U Lakshan",
              "runs": {
                "batter": 0,
                "extras": 0,
                "total": 0
              }
            }
          ]
        },
        {
          "over": 6,
          "deliveries": [
            {
              "batter": "U Lakshan",
              "bowler": "KTH Ratnayake",
              "non_striker": "MS Silva",
              "runs": {
                "batter": 0,
                "extras": 0,
                "total": 0
              }
            },
            {
              "batter": "U Lakshan",
              "bowler": "KTH Ratnayake",
              "non_striker": "MS Silva",
              "runs": {
                "batter": 1,
                "extras": 0,
                "total": 1
              }
            },
            {
              "batter": "MS Silva",
              "bowler": "KTH Ratnayake",
              "non_striker": "U Lakshan",
              "runs": {
                "batter": 1,
                "extras": 0,
                "total": 1
              }
            },
            {
              "batter": "U Lakshan",
              "bowler": "KTH Ratnayake",
              "non_striker": "MS Silva",
              "runs": {
                "batter": 0,
                "extras": 0,
                "total": 0
              }
            },
            {
              "batter": "U Lakshan",
              "bowler": "KTH Ratnayake",
              "non_striker": "MS Silva",
              "runs": {
                "batter": 0,
                "extras": 0,
                "total": 0
              }
            },
            {
              "batter": "U Lakshan",
              "bowler": "KTH Ratnayake",
              "non_striker": "MS Silva",
              "runs": {
                "batter": 0,
                "extras": 0,
                "total": 0
              }
            }
          ]
        },
        {
          "over": 7,
          "deliveries": [
            {
              "batter": "MS Silva",
              "bowler": "SMLD Samarakoon",
              "non_striker": "U Lakshan",
              "runs": {
                "batter": 0,
                "extras": 0,
                "total": 0
              }
            },
            {
              "batter": "MS Silva",
              "bowler": "SMLD Samarakoon",
              "non_striker": "U Lakshan",
              "runs": {
                "batter": 0,
                "extras": 0,
                "total": 0
              }
            },
            {
              "batter": "MS Silva",
              "bowler": "SMLD Samarakoon",
              "non_striker": "U Lakshan",
              "runs": {
                "batter": 0,
                "extras": 0,
                "total": 0
              }
            },
            {
              "batter": "MS Silva",
              "bowler": "SMLD Samarakoon",
              "non_striker": "U Lakshan",
              "runs": {
                "batter": 1,
                "extras": 0,
                "total": 1
              }
            },
            {
              "batter": "U Lakshan",
              "bowler": "SMLD Samarakoon",
              "non_striker": "MS Silva",
              "runs": {
                "batter": 1,
                "extras": 0,
                "total": 1
              }
            },
            {
              "batter": "MS Silva",
              "bowler": "SMLD Samarakoon",
              "non_striker": "U Lakshan",
              "runs": {
                "batter": 0,
                "extras": 0,
                "total": 0
              }
            }
          ]
        },
        {
          "over": 8,
          "deliveries": [
            {
              "batter": "U Lakshan",
              "bowler": "KTH Ratnayake",
              "non_striker": "MS Silva",
              "runs": {
                "batter": 1,
                "extras": 0,
                "total": 1
              }
            },
            {
              "batter": "MS Silva",
              "bowler": "KTH Ratnayake",
              "non_striker": "U Lakshan",
              "runs": {
                "batter": 1,
                "extras": 0,
                "total": 1
              }
            },
            {
              "batter": "U Lakshan",
              "bowler": "KTH Ratnayake",
              "non_striker": "MS Silva",
              "runs": {
                "batter": 4,
                "extras": 0,
                "total": 4
              }
            },
            {
              "batter": "U Lakshan",
              "bowler": "KTH Ratnayake",
              "non_striker": "MS Silva",
              "runs": {
                "batter": 1,
                "extras": 0,
                "total": 1
              }
            },
            {
              "batter": "MS Silva",
              "bowler": "KTH Ratnayake",
              "non_striker": "U Lakshan",
              "runs": {
                "batter": 2,
                "extras": 0,
                "total": 2
              }
            },
            {
              "batter": "MS Silva",
              "bowler": "KTH Ratnayake",
              "non_striker": "U Lakshan",
              "runs": {
                "batter": 0,
                "extras": 0,
                "total": 0
              }
            }
          ]
        },
        {
          "over": 9,
          "deliveries": [
            {
              "batter": "U Lakshan",
              "bowler": "M Wickramage",
              "non_striker": "MS Silva",
              "runs": {
                "batter": 1,
                "extras": 0,
                "total": 1
              }
            },
            {
              "batter": "MS Silva",
              "bowler": "M Wickramage",
              "non_striker": "U Lakshan",
              "runs": {
                "batter": 1,
                "extras": 0,
                "total": 1
              }
            },
            {
              "batter": "U Lakshan",
              "bowler": "M Wickramage",
              "non_striker": "MS Silva",
              "runs": {
                "batter": 1,
                "extras": 0,
                "total": 1
              }
            },
            {
              "batter": "MS Silva",
              "bowler": "M Wickramage",
              "extras": {
                "wides": 1
              },
              "non_striker": "U Lakshan",
              "runs": {
                "batter": 0,
                "extras": 1,
                "total": 1
              }
            },
            {
              "batter": "MS Silva",
              "bowler": "M Wickramage",
              "non_striker": "U Lakshan",
              "runs": {
                "batter": 1,
                "extras": 0,
                "total": 1
              }
            },
            {
              "batter": "U Lakshan",
              "bowler": "M Wickramage",
              "non_striker": "MS Silva",
              "runs": {
                "batter": 1,
                "extras": 0,
                "total": 1
              }
            },
            {
              "batter": "MS Silva",
              "bowler": "M Wickramage",
              "non_striker": "U Lakshan",
              "runs": {
                "batter": 2,
                "extras": 0,
                "total": 2
              }
            }
          ]
        },
        {
          "over": 10,
          "deliveries": [
            {
              "batter": "U Lakshan",
              "bowler": "A Siriwardhana",
              "non_striker": "MS Silva",
              "runs": {
                "batter": 1,
                "extras": 0,
                "total": 1
              }
            },
            {
              "batter": "MS Silva",
              "bowler": "A Siriwardhana",
              "non_striker": "U Lakshan",
              "runs": {
                "batter": 0,
                "extras": 0,
                "total": 0
              }
            },
            {
              "batter": "MS Silva",
              "bowler": "A Siriwardhana",
              "non_striker": "U Lakshan",
              "runs": {
                "batter": 1,
                "extras": 0,
                "total": 1
              }
            },
            {
              "batter": "U Lakshan",
              "bowler": "A Siriwardhana",
              "non_striker": "MS Silva",
              "runs": {
                "batter": 1,
                "extras": 0,
                "total": 1
              }
            },
            {
              "batter": "MS Silva",
              "bowler": "A Siriwardhana",
              "non_striker": "U Lakshan",
              "runs": {
                "batter": 0,
                "extras": 0,
                "total": 0
              },
              "wickets": [
                {
                  "player_out": "MS Silva",
                  "kind": "bowled"
                }
              ]
            },
            {
              "batter": "PSU Fernando",
              "bowler": "A Siriwardhana",
              "non_striker": "U Lakshan",
              "runs": {
                "batter": 0,
                "extras": 0,
                "total": 0
              }
            }
          ]
        },
        {
          "over": 11,
          "deliveries": [
            {
              "batter": "U Lakshan",
              "bowler": "M Wickramage",
              "non_striker": "PSU Fernando",
              "runs": {
                "batter": 0,
                "extras": 0,
                "total": 0
              }
            },
            {
              "batter": "U Lakshan",
              "bowler": "M Wickramage",
              "non_striker": "PSU Fernando",
              "runs": {
                "batter": 0,
                "extras": 0,
                "total": 0
              }
            },
            {
              "batter": "U Lakshan",
              "bowler": "M Wickramage",
              "non_striker": "PSU Fernando",
              "runs": {
                "batter": 1,
                "extras": 0,
                "total": 1
              }
            },
            {
              "batter": "PSU Fernando",
              "bowler": "M Wickramage",
              "non_striker": "U Lakshan",
              "runs": {
                "batter": 1,
                "extras": 0,
                "total": 1
              }
            },
            {
              "batter": "U Lakshan",
              "bowler": "M Wickramage",
              "non_striker": "PSU Fernando",
              "runs": {
                "batter": 1,
                "extras": 0,
                "total": 1
              }
            },
            {
              "batter": "PSU Fernando",
              "bowler": "M Wickramage",
              "non_striker": "U Lakshan",
              "runs": {
                "batter": 1,
                "extras": 0,
                "total": 1
              }
            }
          ]
        },
        {
          "over": 12,
          "deliveries": [
            {
              "batter": "PSU Fernando",
              "bowler": "T Vithushan",
              "non_striker": "U Lakshan",
              "runs": {
                "batter": 4,
                "extras": 0,
                "total": 4
              }
            },
            {
              "batter": "PSU Fernando",
              "bowler": "T Vithushan",
              "non_striker": "U Lakshan",
              "runs": {
                "batter": 1,
                "extras": 0,
                "total": 1
              }
            },
            {
              "batter": "U Lakshan",
              "bowler": "T Vithushan",
              "non_striker": "PSU Fernando",
              "runs": {
                "batter": 1,
                "extras": 0,
                "total": 1
              }
            },
            {
              "batter": "PSU Fernando",
              "bowler": "T Vithushan",
              "non_striker": "U Lakshan",
              "runs": {
                "batter": 0,
                "extras": 0,
                "total": 0
              }
            },
            {
              "batter": "PSU Fernando",
              "bowler": "T Vithushan",
              "non_striker": "U Lakshan",
              "runs": {
                "batter": 1,
                "extras": 0,
                "total": 1
              }
            },
            {
              "batter": "U Lakshan",
              "bowler": "T Vithushan",
              "non_striker": "PSU Fernando",
              "runs": {
                "batter": 0,
                "extras": 0,
                "total": 0
              },
              "wickets": [
                {
                  "player_out": "U Lakshan",
                  "fielders": [
                    {
                      "name": "M Wickramage"
                    }
                  ],
                  "kind": "caught"
                }
              ]
            }
          ]
        },
        {
          "over": 13,
          "deliveries": [
            {
              "batter": "PSU Fernando",
              "bowler": "Amshi de Silva",
              "non_striker": "KN Peiris",
              "runs": {
                "batter": 1,
                "extras": 0,
                "total": 1
              }
            },
            {
              "batter": "KN Peiris",
              "bowler": "Amshi de Silva",
              "non_striker": "PSU Fernando",
              "runs": {
                "batter": 1,
                "extras": 0,
                "total": 1
              }
            },
            {
              "batter": "PSU Fernando",
              "bowler": "Amshi de Silva",
              "non_striker": "KN Peiris",
              "runs": {
                "batter": 1,
                "extras": 0,
                "total": 1
              }
            },
            {
              "batter": "KN Peiris",
              "bowler": "Amshi de Silva",
              "non_striker": "PSU Fernando",
              "runs": {
                "batter": 0,
                "extras": 0,
                "total": 0
              },
              "wickets": [
                {
                  "player_out": "KN Peiris",
                  "fielders": [
                    {
                      "name": "SMLD Samarakoon"
                    }
                  ],
                  "kind": "caught"
                }
              ]
            },
            {
              "batter": "P Ushettige",
              "bowler": "Amshi de Silva",
              "non_striker": "PSU Fernando",
              "runs": {
                "batter": 1,
                "extras": 0,
                "total": 1
              }
            },
            {
              "batter": "PSU Fernando",
              "bowler": "Amshi de Silva",
              "extras": {
                "wides": 1
              },
              "non_striker": "P Ushettige",
              "runs": {
                "batter": 0,
                "extras": 1,
                "total": 1
              }
            },
            {
              "batter": "PSU Fernando",
              "bowler": "Amshi de Silva",
              "non_striker": "P Ushettige",
              "runs": {
                "batter": 1,
                "extras": 0,
                "total": 1
              }
            }
          ]
        },
        {
          "over": 14,
          "deliveries": [
            {
              "batter": "PSU Fernando",
              "bowler": "T Vithushan",
              "non_striker": "P Ushettige",
              "runs": {
                "batter": 0,
                "extras": 0,
                "total": 0
              }
            },
            {
              "batter": "PSU Fernando",
              "bowler": "T Vithushan",
              "non_striker": "P Ushettige",
              "runs": {
                "batter": 1,
                "extras": 0,
                "total": 1
              }
            },
            {
              "batter": "P Ushettige",
              "bowler": "T Vithushan",
              "non_striker": "PSU Fernando",
              "runs": {
                "batter": 2,
                "extras": 0,
                "total": 2
              }
            },
            {
              "batter": "P Ushettige",
              "bowler": "T Vithushan",
              "non_striker": "PSU Fernando",
              "runs": {
                "batter": 0,
                "extras": 0,
                "total": 0
              }
            },
            {
              "batter": "P Ushettige",
              "bowler": "T Vithushan",
              "extras": {
                "legbyes": 1
              },
              "non_striker": "PSU Fernando",
              "runs": {
                "batter": 0,
                "extras": 1,
                "total": 1
              }
            },
            {
              "batter": "PSU Fernando",
              "bowler": "T Vithushan",
              "non_striker": "P Ushettige",
              "runs": {
                "batter": 0,
                "extras": 0,
                "total": 0
              },
              "wickets": [
                {
                  "player_out": "PSU Fernando",
                  "fielders": [
                    {
                      "name": "STS Senarathne"
                    }
                  ],
                  "kind": "caught"
                }
              ]
            }
          ]
        },
        {
          "over": 15,
          "deliveries": [
            {
              "batter": "P Ushettige",
              "bowler": "M Wickramage",
              "non_striker": "WRC Fernando",
              "runs": {
                "batter": 0,
                "extras": 0,
                "total": 0
              }
            },
            {
              "batter": "P Ushettige",
              "bowler": "M Wickramage",
              "non_striker": "WRC Fernando",
              "runs": {
                "batter": 2,
                "extras": 0,
                "total": 2
              }
            },
            {
              "batter": "P Ushettige",
              "bowler": "M Wickramage",
              "non_striker": "WRC Fernando",
              "runs": {
                "batter": 1,
                "extras": 0,
                "total": 1
              }
            },
            {
              "batter": "WRC Fernando",
              "bowler": "M Wickramage",
              "non_striker": "P Ushettige",
              "runs": {
                "batter": 0,
                "extras": 0,
                "total": 0
              }
            },
            {
              "batter": "WRC Fernando",
              "bowler": "M Wickramage",
              "non_striker": "P Ushettige",
              "runs": {
                "batter": 0,
                "extras": 0,
                "total": 0
              },
              "wickets": [
                {
                  "player_out": "WRC Fernando",
                  "fielders": [
                    {
                      "name": "A Siriwardhana"
                    }
                  ],
                  "kind": "caught"
                }
              ]
            }
          ]
        }
      ],
      "powerplays": [
        {
          "from": 0.1,
          "to": 5.6,
          "type": "mandatory"
        }
      ],
      "target": {
        "overs": 20,
        "runs": 148
      }
    }
  ]
}