{
  "meta": {
    "data_version": "1.1.0",
    "created": "2025-07-17",
    "revision": 1
  },
  "info": {
    "balls_per_over": 6,
    "city": "Colombo",
    "dates": [
      "2024-06-26"
    ],
    "event": {
      "name": "Major Clubs T20 Tournament",
      "stage": "Semi Final"
    },
    "gender": "male",
    "match_type": "T20",
    "officials": {
      "match_referees": [
        "M Jayasena"
      ],
      "reserve_umpires": [
        "ID Gunawardene"
      ],
      "umpires": [
        "BSP Fernando",
        "PSR Fonseka"
      ]
    },
    "outcome": {
      "winner": "Bloomfield Cricket and Athletic Club",
      "by": {
        "wickets": 4
      }
    },
    "overs": 20,
    "players": {
      "Moors Sports Club": [
        "S de Livera",
        "S Samarawickrama",
        "J Perera",
        "RTM Mendis",
        "DPS Sooriyabandara",
        "T Prashan",
        "M Tharupathi",
        "MD Dilshan",
        "SA Fernando",
        "RMMP Rathnayake",
        "G Sanketh"
      ],
      "Bloomfield Cricket and Athletic Club": [
        "H Amarasinghe",
        "H Boyagoda",
        "RK Chandraguptha",
        "ALKL Abeyrathne",
        "RS Fernando",
        "LD Madushanka",
        "S Jayathilake",
        "KPNM Karunanayake",
        "S Nanayakkare",
        "I Wijesundera",
        "JDF Vandersay"
      ]
    },
    "registry": {
      "people": {
        "ALKL Abeyrathne": "ee3a3a7f",
        "BSP Fernando": "8a49883f",
        "DPS Sooriyabandara": "cc17536f",
        "G Sanketh": "40db4769",
        "H Amarasinghe": "4dac55a7",
        "H Boyagoda": "648e673c",
        "I Wijesundera": "be620896",
        "ID Gunawardene": "63841782",
        "J Perera": "0e0d4577",
        "JDF Vandersay": "aceb7654",
        "KPNM Karunanayake": "532cc5b8",
        "LD Madushanka": "de063a39",
        "M Jayasena": "fa87f32f",
        "M Tharupathi": "ec0b9258",
        "MD Dilshan": "8a76604b",
        "PSR Fonseka": "8fd2cea5",
        "RK Chandraguptha": "f51ed6ad",
        "RMMP Rathnayake": "afe830a2",
        "RS Fernando": "24d72446",
        "RTM Mendis": "1be67d37",
        "S Jayathilake": "6ba6ca1f",
        "S Nanayakkare": "1b2016bc",
        "S Samarawickrama": "9ab2914d",
        "S de Livera": "77708937",
        "SA Fernando": "49fb57d4",
        "T Prashan": "b6b6221b"
      }
    },
    "season": "2024",
    "team_type": "club",
    "teams": [
      "Moors Sports Club",
      "Bloomfield Cricket and Athletic Club"
    ],
    "toss": {
      "decision": "field",
      "winner": "Bloomfield Cricket and Athletic Club"
    },
    "venue": "P Sara Oval, Colombo"
  },
  "innings": [
    {
      "team": "Moors Sports Club",
      "overs": [
        {
          "over": 0,
          "deliveries": [
            {
              "batter": "S de Livera",
              "bowler": "LD Madushanka",
              "non_striker": "S Samarawickrama",
              "runs": {
                "batter": 0,
                "extras": 0,
                "total": 0
              }
            },
            {
              "batter": "S de Livera",
              "bowler": "LD Madushanka",
              "non_striker": "S Samarawickrama",
              "runs": {
                "batter": 4,
                "extras": 0,
                "total": 4
              }
            },
            {
              "batter": "S de Livera",
              "bowler": "LD Madushanka",
              "non_striker": "S Samarawickrama",
              "runs": {
                "batter": 6,
                "extras": 0,
                "total": 6
              }
            },
            {
              "batter": "S de Livera",
              "bowler": "LD Madushanka",
              "non_striker": "S Samarawickrama",
              "runs": {
                "batter": 2,
                "extras": 0,
                "total": 2
              }
            },
            {
              "batter": "S de Livera",
              "bowler": "LD Madushanka",
              "non_striker": "S Samarawickrama",
              "runs": {
                "batter": 4,
                "extras": 0,
                "total": 4
              }
            },
            {
              "batter": "S de Livera",
              "bowler": "LD Madushanka",
              "non_striker": "S Samarawickrama",
              "runs": {
                "batter": 0,
                "extras": 0,
                "total": 0
              }
            }
          ]
        },
        {
          "over": 1,
          "deliveries": [
            {
              "batter": "S Samarawickrama",
              "bowler": "I Wijesundera",
              "non_striker": "S de Livera",
              "runs": {
                "batter": 1,
                "extras": 0,
                "total": 1
              }
            },
            {
              "batter": "S de Livera",
              "bowler": "I Wijesundera",
              "non_striker": "S Samarawickrama",
              "runs": {
                "batter": 1,
                "extras": 0,
                "total": 1
              }
            },
            {
              "batter": "S Samarawickrama",
              "bowler": "I Wijesundera",
              "non_striker": "S de Livera",
              "runs": {
                "batter": 0,
                "extras": 0,
                "total": 0
              },
              "wickets": [
                {
                  "player_out": "S Samarawickrama",
                  "fielders": [
                    {
                      "name": "ALKL Abeyrathne"
                    }
                  ],
                  "kind": "caught"
                }
              ]
            },
            {
              "batter": "J Perera",
              "bowler": "I Wijesundera",
              "non_striker": "S de Livera",
              "runs": {
                "batter": 1,
                "extras": 0,
                "total": 1
              }
            },
            {
              "batter": "S de Livera",
              "bowler": "I Wijesundera",
              "non_striker": "J Perera",
              "runs": {
                "batter": 4,
                "extras": 0,
                "total": 4
              }
            },
            {
              "batter": "S de Livera",
              "bowler": "I Wijesundera",
              "non_striker": "J Perera",
              "runs": {
                "batter": 0,
                "extras": 0,
                "total": 0
              }
            }
          ]
        },
        {
          "over": 2,
          "deliveries": [
            {
              "batter": "J Perera",
              "bowler": "S Jayathilake",
              "non_striker": "S de Livera",
              "runs": {
                "batter": 2,
                "extras": 0,
                "total": 2
              }
            },
            {
              "batter": "J Perera",
              "bowler": "S Jayathilake",
              "non_striker": "S de Livera",
              "runs": {
                "batter": 1,
                "extras": 0,
                "total": 1
              }
            },
            {
              "batter": "S de Livera",
              "bowler": "S Jayathilake",
              "non_striker": "J Perera",
              "runs": {
                "batter": 0,
                "extras": 0,
                "total": 0
              },
              "wickets": [
                {
                  "player_out": "S de Livera",
                  "kind": "caught and bowled"
                }
              ]
            },
            {
              "batter": "RTM Mendis",
              "bowler": "S Jayathilake",
              "non_striker": "J Perera",
              "runs": {
                "batter": 0,
                "extras": 0,
                "total": 0
              }
            },
            {
              "batter": "RTM Mendis",
              "bowler": "S Jayathilake",
              "non_striker": "J Perera",
              "runs": {
                "batter": 6,
                "extras": 0,
                "total": 6
              }
            },
            {
              "batter": "RTM Mendis",
              "bowler": "S Jayathilake",
              "non_striker": "J Perera",
              "runs": {
                "batter": 4,
                "extras": 0,
                "total": 4
              }
            }
          ]
        },
        {
          "over": 3,
          "deliveries": [
            {
              "batter": "J Perera",
              "bowler": "S Nanayakkare",
              "non_striker": "RTM Mendis",
              "runs": {
                "batter": 1,
                "extras": 0,
                "total": 1
              }
            },
            {
              "batter": "RTM Mendis",
              "bowler": "S Nanayakkare",
              "non_striker": "J Perera",
              "runs": {
                "batter": 0,
                "extras": 0,
                "total": 0
              },
              "wickets": [
                {
                  "player_out": "RTM Mendis",
                  "kind": "lbw"
                }
              ]
            },
            {
              "batter": "DPS Sooriyabandara",
              "bowler": "S Nanayakkare",
              "extras": {
                "wides": 2
              },
              "non_striker": "J Perera",
              "runs": {
                "batter": 0,
                "extras": 2,
                "total": 2
              }
            },
            {
              "batter": "J Perera",
              "bowler": "S Nanayakkare",
              "non_striker": "DPS Sooriyabandara",
              "runs": {
                "batter": 1,
                "extras": 0,
                "total": 1
              }
            },
            {
              "batter": "DPS Sooriyabandara",
              "bowler": "S Nanayakkare",
              "non_striker": "J Perera",
              "runs": {
                "batter": 4,
                "extras": 0,
                "total": 4
              }
            },
            {
              "batter": "DPS Sooriyabandara",
              "bowler": "S Nanayakkare",
              "non_striker": "J Perera",
              "runs": {
                "batter": 0,
                "extras": 0,
                "total": 0
              },
              "wickets": [
                {
                  "player_out": "DPS Sooriyabandara",
                  "fielders": [
                    {
                      "name": "H Amarasinghe"
                    }
                  ],
                  "kind": "caught"
                }
              ]
            },
            {
              "batter": "T Prashan",
              "bowler": "S Nanayakkare",
              "non_striker": "J Perera",
              "runs": {
                "batter": 0,
                "extras": 0,
                "total": 0
              }
            }
          ]
        },
        {
          "over": 4,
          "deliveries": [
            {
              "batter": "J Perera",
              "bowler": "JDF Vandersay",
              "non_striker": "T Prashan",
              "runs": {
                "batter": 1,
                "extras": 0,
                "total": 1
              }
            },
            {
              "batter": "T Prashan",
              "bowler": "JDF Vandersay",
              "non_striker": "J Perera",
              "runs": {
                "batter": 1,
                "extras": 0,
                "total": 1
              }
            },
            {
              "batter": "J Perera",
              "bowler": "JDF Vandersay",
              "non_striker": "T Prashan",
              "runs": {
                "batter": 1,
                "extras": 0,
                "total": 1
              }
            },
            {
              "batter": "T Prashan",
              "bowler": "JDF Vandersay",
              "non_striker": "J Perera",
              "runs": {
                "batter": 0,
                "extras": 0,
                "total": 0
              }
            },
            {
              "batter": "T Prashan",
              "bowler": "JDF Vandersay",
              "non_striker": "J Perera",
              "runs": {
                "batter": 0,
                "extras": 0,
                "total": 0
              }
            },
            {
              "batter": "T Prashan",
              "bowler": "JDF Vandersay",
              "non_striker": "J Perera",
              "runs": {
                "batter": 1,
                "extras": 0,
                "total": 1
              }
            }
          ]
        },
        {
          "over": 5,
          "deliveries": [
            {
              "batter": "T Prashan",
              "bowler": "S Nanayakkare",
              "non_striker": "J Perera",
              "runs": {
                "batter": 1,
                "extras": 0,
                "total": 1
              }
            },
            {
              "batter": "J Perera",
              "bowler": "S Nanayakkare",
              "non_striker": "T Prashan",
              "runs": {
                "batter": 4,
                "extras": 0,
                "total": 4
              }
            },
            {
              "batter": "J Perera",
              "bowler": "S Nanayakkare",
              "non_striker": "T Prashan",
              "runs": {
                "batter": 0,
                "extras": 0,
                "total": 0
              },
              "wickets": [
                {
                  "player_out": "J Perera",
                  "kind": "lbw"
                }
              ]
            },
            {
              "batter": "M Tharupathi",
              "bowler": "S Nanayakkare",
              "non_striker": "T Prashan",
              "runs": {
                "batter": 0,
                "extras": 0,
                "total": 0
              },
              "wickets": [
                {
                  "player_out": "M Tharupathi",
                  "fielders": [
                    {
                      "name": "H Boyagoda"
                    }
                  ],
                  "kind": "caught"
                }
              ]
            },
            {
              "batter": "MD Dilshan",
              "bowler": "S Nanayakkare",
              "non_striker": "T Prashan",
              "runs": {
                "batter": 0,
                "extras": 0,
                "total": 0
              }
            },
            {
              "batter": "MD Dilshan",
              "bowler": "S Nanayakkare",
              "non_striker": "T Prashan",
              "runs": {
                "batter": 0,
                "extras": 0,
                "total": 0
              }
            }
          ]
        },
        {
          "over": 6,
          "deliveries": [
            {
              "batter": "T Prashan",
              "bowler": "JDF Vandersay",
              "non_striker": "MD Dilshan",
              "runs": {
                "batter": 0,
                "extras": 0,
                "total": 0
              },
              "wickets": [
                {
                  "player_out": "T Prashan",
                  "fielders": [
                    {
                      "name": "RS Fernando"
                    }
                  ],
                  "kind": "caught"
                }
              ]
            },
            {
              "batter": "SA Fernando",
              "bowler": "JDF Vandersay",
              "non_striker": "MD Dilshan",
              "runs": {
                "batter": 1,
                "extras": 0,
                "total": 1
              }
            },
            {
              "batter": "MD Dilshan",
              "bowler": "JDF Vandersay",
              "extras": {
                "wides": 1
              },
              "non_striker": "SA Fernando",
              "runs": {
                "batter": 0,
                "extras": 1,
                "total": 1
              }
            },
            {
              "batter": "MD Dilshan",
              "bowler": "JDF Vandersay",
              "extras": {
                "wides": 2
              },
              "non_striker": "SA Fernando",
              "runs": {
                "batter": 0,
                "extras": 2,
                "total": 2
              }
            },
            {
              "batter": "SA Fernando",
              "bowler": "JDF Vandersay",
              "non_striker": "MD Dilshan",
              "runs": {
                "batter": 0,
                "extras": 0,
                "total": 0
              }
            },
            {
              "batter": "SA Fernando",
              "bowler": "JDF Vandersay",
              "non_striker": "MD Dilshan",
              "runs": {
                "batter": 0,
                "extras": 0,
                "total": 0
              },
              "wickets": [
                {
                  "player_out": "SA Fernando",
                  "fielders": [
                    {
                      "name": "RS Fernando"
                    }
                  ],
                  "kind": "caught"
                }
              ]
            },
            {
              "batter": "RMMP Rathnayake",
              "bowler": "JDF Vandersay",
              "non_striker": "MD Dilshan",
              "runs": {
                "batter": 1,
                "extras": 0,
                "total": 1
              }
            },
            {
              "batter": "MD Dilshan",
              "bowler": "JDF Vandersay",
              "non_striker": "RMMP Rathnayake",
              "runs": {
                "batter": 1,
                "extras": 0,
                "total": 1
              }
            }
          ]
        },
        {
          "over": 7,
          "deliveries": [
            {
              "batter": "MD Dilshan",
              "bowler": "I Wijesundera",
              "non_striker": "RMMP Rathnayake",
              "runs": {
                "batter": 2,
                "extras": 0,
                "total": 2
              }
            },
            {
              "batter": "MD Dilshan",
              "bowler": "I Wijesundera",
              "non_striker": "RMMP Rathnayake",
              "runs": {
                "batter": 6,
                "extras": 0,
                "total": 6
              }
            },
            {
              "batter": "MD Dilshan",
              "bowler": "I Wijesundera",
              "non_striker": "RMMP Rathnayake",
              "runs": {
                "batter": 1,
                "extras": 0,
                "total": 1
              }
            },
            {
              "batter": "RMMP Rathnayake",
              "bowler": "I Wijesundera",
              "non_striker": "MD Dilshan",
              "runs": {
                "batter": 0,
                "extras": 0,
                "total": 0
              }
            },
            {
              "batter": "RMMP Rathnayake",
              "bowler": "I Wijesundera",
              "non_striker": "MD Dilshan",
              "runs": {
                "batter": 1,
                "extras": 0,
                "total": 1
              }
            },
            {
              "batter": "MD Dilshan",
              "bowler": "I Wijesundera",
              "non_striker": "RMMP Rathnayake",
              "runs": {
                "batter": 1,
                "extras": 0,
                "total": 1
              },
              "wickets": [
                {
                  "player_out": "MD Dilshan",
                  "fielders": [
                    {
                      "name": "ALKL Abeyrathne"
                    },
                    {
                      "name": "RS Fernando"
                    }
                  ],
                  "kind": "run out"
                }
              ]
            }
          ]
        }
      ],
      "powerplays": [
        {
          "from": 0.1,
          "to": 1.6,
          "type": "mandatory"
        }
      ]
    },
    {
      "team": "Bloomfield Cricket and Athletic Club",
      "overs": [
        {
          "over": 0,
          "deliveries": [
            {
              "batter": "H Amarasinghe",
              "bowler": "MD Dilshan",
              "non_striker": "H Boyagoda",
              "runs": {
                "batter": 4,
                "extras": 0,
                "total": 4
              }
            },
            {
              "batter": "H Amarasinghe",
              "bowler": "MD Dilshan",
              "non_striker": "H Boyagoda",
              "runs": {
                "batter": 0,
                "extras": 0,
                "total": 0
              }
            },
            {
              "batter": "H Amarasinghe",
              "bowler": "MD Dilshan",
              "non_striker": "H Boyagoda",
              "runs": {
                "batter": 2,
                "extras": 0,
                "total": 2
              }
            },
            {
              "batter": "H Amarasinghe",
              "bowler": "MD Dilshan",
              "non_striker": "H Boyagoda",
              "runs": {
                "batter": 0,
                "extras": 0,
                "total": 0
              },
              "wickets": [
                {
                  "player_out": "H Amarasinghe",
                  "fielders": [
                    {
                      "name": "M Tharupathi"
                    }
                  ],
                  "kind": "caught"
                }
              ]
            },
            {
              "batter": "RK Chandraguptha",
              "bowler": "MD Dilshan",
              "non_striker": "H Boyagoda",
              "runs": {
                "batter": 0,
                "extras": 0,
                "total": 0
              }
            },
            {
              "batter": "RK Chandraguptha",
              "bowler": "MD Dilshan",
              "non_striker": "H Boyagoda",
              "runs": {
                "batter": 0,
                "extras": 0,
                "total": 0
              }
            }
          ]
        },
        {
          "over": 1,
          "deliveries": [
            {
              "batter": "H Boyagoda",
              "bowler": "RMMP Rathnayake",
              "non_striker": "RK Chandraguptha",
              "runs": {
                "batter": 6,
                "extras": 0,
                "total": 6
              }
            },
            {
              "batter": "H Boyagoda",
              "bowler": "RMMP Rathnayake",
              "non_striker": "RK Chandraguptha",
              "runs": {
                "batter": 0,
                "extras": 0,
                "total": 0
              }
            },
            {
              "batter": "H Boyagoda",
              "bowler": "RMMP Rathnayake",
              "non_striker": "RK Chandraguptha",
              "runs": {
                "batter": 0,
                "extras": 0,
                "total": 0
              },
              "wickets": [
                {
                  "player_out": "H Boyagoda",
                  "kind": "bowled"
                }
              ]
            },
            {
              "batter": "ALKL Abeyrathne",
              "bowler": "RMMP Rathnayake",
              "non_striker": "RK Chandraguptha",
              "runs": {
                "batter": 0,
                "extras": 0,
                "total": 0
              }
            },
            {
              "batter": "ALKL Abeyrathne",
              "bowler": "RMMP Rathnayake",
              "non_striker": "RK Chandraguptha",
              "runs": {
                "batter": 1,
                "extras": 0,
                "total": 1
              }
            },
            {
              "batter": "RK Chandraguptha",
              "bowler": "RMMP Rathnayake",
              "non_striker": "ALKL Abeyrathne",
              "runs": {
                "batter": 4,
                "extras": 0,
                "total": 4
              }
            }
          ]
        },
        {
          "over": 2,
          "deliveries": [
            {
              "batter": "ALKL Abeyrathne",
              "bowler": "MD Dilshan",
              "non_striker": "RK Chandraguptha",
              "runs": {
                "batter": 0,
                "extras": 0,
                "total": 0
              },
              "wickets": [
                {
                  "player_out": "ALKL Abeyrathne",
                  "fielders": [
                    {
                      "name": "RTM Mendis"
                    }
                  ],
                  "kind": "caught"
                }
              ]
            },
            {
              "batter": "RS Fernando",
              "bowler": "MD Dilshan",
              "non_striker": "RK Chandraguptha",
              "runs": {
                "batter": 0,
                "extras": 0,
                "total": 0
              }
            },
            {
              "batter": "RS Fernando",
              "bowler": "MD Dilshan",
              "non_striker": "RK Chandraguptha",
              "runs": {
                "batter": 1,
                "extras": 0,
                "total": 1
              }
            },
            {
              "batter": "RK Chandraguptha",
              "bowler": "MD Dilshan",
              "non_striker": "RS Fernando",
              "runs": {
                "batter": 0,
                "extras": 0,
                "total": 0
              }
            },
            {
              "batter": "RK Chandraguptha",
              "bowler": "MD Dilshan",
              "non_striker": "RS Fernando",
              "runs": {
                "batter": 0,
                "extras": 0,
                "total": 0
              },
              "wickets": [
                {
                  "player_out": "RK Chandraguptha",
                  "kind": "bowled"
                }
              ]
            },
            {
              "batter": "LD Madushanka",
              "bowler": "MD Dilshan",
              "non_striker": "RS Fernando",
              "runs": {
                "batter": 1,
                "extras": 0,
                "total": 1
              }
            }
          ]
        },
        {
          "over": 3,
          "deliveries": [
            {
              "batter": "LD Madushanka",
              "bowler": "G Sanketh",
              "non_striker": "RS Fernando",
              "runs": {
                "batter": 4,
                "extras": 0,
                "total": 4
              }
            },
            {
              "batter": "LD Madushanka",
              "bowler": "G Sanketh",
              "non_striker": "RS Fernando",
              "runs": {
                "batter": 1,
                "extras": 0,
                "total": 1
              }
            },
            {
              "batter": "RS Fernando",
              "bowler": "G Sanketh",
              "non_striker": "LD Madushanka",
              "runs": {
                "batter": 0,
                "extras": 0,
                "total": 0
              }
            },
            {
              "batter": "RS Fernando",
              "bowler": "G Sanketh",
              "non_striker": "LD Madushanka",
              "runs": {
                "batter": 0,
                "extras": 0,
                "total": 0
              }
            },
            {
              "batter": "RS Fernando",
              "bowler": "G Sanketh",
              "non_striker": "LD Madushanka",
              "runs": {
                "batter": 0,
                "extras": 0,
                "total": 0
              }
            },
            {
              "batter": "RS Fernando",
              "bowler": "G Sanketh",
              "non_striker": "LD Madushanka",
              "runs": {
                "batter": 1,
                "extras": 0,
                "total": 1
              }
            }
          ]
        },
        {
          "over": 4,
          "deliveries": [
            {
              "batter": "RS Fernando",
              "bowler": "SA Fernando",
              "non_striker": "LD Madushanka",
              "runs": {
                "batter": 6,
                "extras": 0,
                "total": 6
              }
            },
            {
              "batter": "RS Fernando",
              "bowler": "SA Fernando",
              "non_striker": "LD Madushanka",
              "runs": {
                "batter": 0,
                "extras": 0,
                "total": 0
              }
            },
            {
              "batter": "RS Fernando",
              "bowler": "SA Fernando",
              "non_striker": "LD Madushanka",
              "runs": {
                "batter": 0,
                "extras": 0,
                "total": 0
              },
              "wickets": [
                {
                  "player_out": "RS Fernando",
                  "fielders": [
                    {
                      "name": "RTM Mendis"
                    }
                  ],
                  "kind": "caught"
                }
              ]
            },
            {
              "batter": "S Jayathilake",
              "bowler": "SA Fernando",
              "non_striker": "LD Madushanka",
              "runs": {
                "batter": 0,
                "extras": 0,
                "total": 0
              },
              "wickets": [
                {
                  "player_out": "S Jayathilake",
                  "kind": "bowled"
                }
              ]
            },
            {
              "batter": "KPNM Karunanayake",
              "bowler": "SA Fernando",
              "non_striker": "LD Madushanka",
              "runs": {
                "batter": 0,
                "extras": 0,
                "total": 0
              }
            },
            {
              "batter": "KPNM Karunanayake",
              "bowler": "SA Fernando",
              "non_striker": "LD Madushanka",
              "runs": {
                "batter": 2,
                "extras": 0,
                "total": 2
              }
            }
          ]
        },
        {
          "over": 5,
          "deliveries": [
            {
              "batter": "LD Madushanka",
              "bowler": "RMMP Rathnayake",
              "non_striker": "KPNM Karunanayake",
              "runs": {
                "batter": 6,
                "extras": 0,
                "total": 6
              }
            },
            {
              "batter": "LD Madushanka",
              "bowler": "RMMP Rathnayake",
              "extras": {
                "wides": 1
              },
              "non_striker": "KPNM Karunanayake",
              "runs": {
                "batter": 0,
                "extras": 1,
                "total": 1
              }
            },
            {
              "batter": "LD Madushanka",
              "bowler": "RMMP Rathnayake",
              "non_striker": "KPNM Karunanayake",
              "runs": {
                "batter": 1,
                "extras": 0,
                "total": 1
              }
            },
            {
              "batter": "KPNM Karunanayake",
              "bowler": "RMMP Rathnayake",
              "non_striker": "LD Madushanka",
              "runs": {
                "batter": 1,
                "extras": 0,
                "total": 1
              }
            },
            {
              "batter": "LD Madushanka",
              "bowler": "RMMP Rathnayake",
              "non_striker": "KPNM Karunanayake",
              "runs": {
                "batter": 1,
                "extras": 0,
                "total": 1
              }
            },
            {
              "batter": "KPNM Karunanayake",
              "bowler": "RMMP Rathnayake",
              "non_striker": "LD Madushanka",
              "runs": {
                "batter": 6,
                "extras": 0,
                "total": 6
              }
            },
            {
              "batter": "KPNM Karunanayake",
              "bowler": "RMMP Rathnayake",
              "non_striker": "LD Madushanka",
              "runs": {
                "batter": 6,
                "extras": 0,
                "total": 6
              }
            }
          ]
        },
        {
          "over": 6,
          "deliveries": [
            {
              "batter": "LD Madushanka",
              "bowler": "G Sanketh",
              "non_striker": "KPNM Karunanayake",
              "runs": {
                "batter": 1,
                "extras": 0,
                "total": 1
              }
            },
            {
              "batter": "KPNM Karunanayake",
              "bowler": "G Sanketh",
              "non_striker": "LD Madushanka",
              "runs": {
                "batter": 1,
                "extras": 0,
                "total": 1
              }
            },
            {
              "batter": "LD Madushanka",
              "bowler": "G Sanketh",
              "non_striker": "KPNM Karunanayake",
              "runs": {
                "batter": 1,
                "extras": 0,
                "total": 1
              }
            },
            {
              "batter": "KPNM Karunanayake",
              "bowler": "G Sanketh",
              "non_striker": "LD Madushanka",
              "runs": {
                "batter": 1,
                "extras": 0,
                "total": 1
              }
            },
            {
              "batter": "LD Madushanka",
              "bowler": "G Sanketh",
              "non_striker": "KPNM Karunanayake",
              "runs": {
                "batter": 6,
                "extras": 0,
                "total": 6
              }
            },
            {
              "batter": "LD Madushanka",
              "bowler": "G Sanketh",
              "non_striker": "KPNM Karunanayake",
              "runs": {
                "batter": 1,
                "extras": 0,
                "total": 1
              }
            }
          ]
        },
        {
          "over": 7,
          "deliveries": [
            {
              "batter": "LD Madushanka",
              "bowler": "RTM Mendis",
              "non_striker": "KPNM Karunanayake",
              "runs": {
                "batter": 2,
                "extras": 0,
                "total": 2
              }
            },
            {
              "batter": "LD Madushanka",
              "bowler": "RTM Mendis",
              "non_striker": "KPNM Karunanayake",
              "runs": {
                "batter": 1,
                "extras": 0,
                "total": 1
              }
            },
            {
              "batter": "KPNM Karunanayake",
              "bowler": "RTM Mendis",
              "non_striker": "LD Madushanka",
              "runs": {
                "batter": 4,
                "extras": 0,
                "total": 4
              }
            }
          ]
        }
      ],
      "powerplays": [
        {
          "from": 0.1,
          "to": 1.6,
          "type": "mandatory"
        }
      ],
      "target": {
        "overs": 8,
        "runs": 71
      }
    }
  ]
}