{
  "meta": {
    "data_version": "1.1.0",
    "created": "2025-07-17",
    "revision": 1
  },
  "info": {
    "balls_per_over": 6,
    "city": "Colombo",
    "dates": [
      "2024-05-16"
    ],
    "event": {
      "name": "Major Clubs T20 Tournament",
      "group": "D"
    },
    "gender": "male",
    "match_type": "T20",
    "officials": {
      "match_referees": [
        "OAP Udayaratne"
      ],
      "reserve_umpires": [
        "RP Massalage"
      ],
      "umpires": [
        "RR Wimalasiri",
        "V Prasad"
      ]
    },
    "outcome": {
      "winner": "Panadura Sports Club",
      "by": {
        "wickets": 4
      }
    },
    "overs": 20,
    "players": {
      "Kandy Customs Cricket Club": [
        "T Dickwella",
        "S Manuranga",
        "S Jayawardena",
        "S Kosala",
        "N Dilshan",
        "L Attanayake",
        "SU Ishak",
        "Y Maddege",
        "RK Induwara",
        "YT Gunawardena",
        "Asjath Khan"
      ],
      "Panadura Sports Club": [
        "HM Kapurubandara",
        "BOP Fernando",
        "VS Halambage",
        "L Dawatage",
        "Kanchana de Livera",
        "R Nimantha",
        "N Vimukthi",
        "MI Slaza",
        "V Lahiru",
        "Y Avishka",
        "P Asanka"
      ]
    },
    "registry": {
      "people": {
        "Asjath Khan": "bf8d8fda",
        "BOP Fernando": "1d048deb",
        "HM Kapurubandara": "64c88fab",
        "Kanchana de Livera": "05464bcd",
        "L Attanayake": "ed470edb",
        "L Dawatage": "75e72109",
        "MI Slaza": "df6e41bc",
        "N Dilshan": "5b61fb92",
        "N Vimukthi": "b215a7be",
        "OAP Udayaratne": "51a932c9",
        "P Asanka": "9c6ad3ac",
        "R Nimantha": "f8d4f714",
        "RK Induwara": "d9cae3f8",
        "RP Massalage": "6ffbe2e2",
        "RR Wimalasiri": "4950c8db",
        "S Jayawardena": "b2eeaae7",
        "S Kosala": "b4411c29",
        "S Manuranga": "7023aeed",
        "SU Ishak": "ce005284",
        "T Dickwella": "c773fd89",
        "V Lahiru": "26cd5968",
        "V Prasad": "6ea27248",
        "VS Halambage": "9531d48f",
        "Y Avishka": "c226b4b6",
        "Y Maddege": "db3fe21b",
        "YT Gunawardena": "48cfa3fd"
      }
    },
    "season": "2024",
    "team_type": "club",
    "teams": [
      "Kandy Customs Cricket Club",
      "Panadura Sports Club"
    ],
    "toss": {
      "decision": "field",
      "winner": "Panadura Sports Club"
    },
    "venue": "Nondescripts Cricket Club Ground, Colombo"
  },
  "innings": [
    {
      "team": "Kandy Customs Cricket Club",
      "overs": [
        {
          "over": 0,
          "deliveries": [
            {
              "batter": "T Dickwella",
              "bowler": "P Asanka",
              "extras": {
                "wides": 1
              },
              "non_striker": "S Manuranga",
              "runs": {
                "batter": 0,
                "extras": 1,
                "total": 1
              }
            },
            {
              "batter": "T Dickwella",
              "bowler": "P Asanka",
              "extras": {
                "wides": 1
              },
              "non_striker": "S Manuranga",
              "runs": {
                "batter": 0,
                "extras": 1,
                "total": 1
              }
            },
            {
              "batter": "T Dickwella",
              "bowler": "P Asanka",
              "non_striker": "S Manuranga",
              "runs": {
                "batter": 1,
                "extras": 0,
                "total": 1
              }
            },
            {
              "batter": "S Manuranga",
              "bowler": "P Asanka",
              "extras": {
                "wides": 1
              },
              "non_striker": "T Dickwella",
              "runs": {
                "batter": 0,
                "extras": 1,
                "total": 1
              }
            },
            {
              "batter": "S Manuranga",
              "bowler": "P Asanka",
              "extras": {
                "wides": 1
              },
              "non_striker": "T Dickwella",
              "runs": {
                "batter": 0,
                "extras": 1,
                "total": 1
              }
            },
            {
              "batter": "S Manuranga",
              "bowler": "P Asanka",
              "non_striker": "T Dickwella",
              "runs": {
                "batter": 1,
                "extras": 0,
                "total": 1
              }
            },
            {
              "batter": "T Dickwella",
              "bowler": "P Asanka",
              "non_striker": "S Manuranga",
              "runs": {
                "batter": 1,
                "extras": 0,
                "total": 1
              }
            },
            {
              "batter": "S Manuranga",
              "bowler": "P Asanka",
              "non_striker": "T Dickwella",
              "runs": {
                "batter": 0,
                "extras": 0,
                "total": 0
              }
            },
            {
              "batter": "S Manuranga",
              "bowler": "P Asanka",
              "extras": {
                "wides": 1
              },
              "non_striker": "T Dickwella",
              "runs": {
                "batter": 0,
                "extras": 1,
                "total": 1
              }
            },
            {
              "batter": "S Manuranga",
              "bowler": "P Asanka",
              "non_striker": "T Dickwella",
              "runs": {
                "batter": 0,
                "extras": 0,
                "total": 0
              },
              "wickets": [
                {
                  "player_out": "S Manuranga",
                  "fielders": [
                    {
                      "name": "BOP Fernando"
                    }
                  ],
                  "kind": "caught"
                }
              ]
            },
            {
              "batter": "S Jayawardena",
              "bowler": "P Asanka",
              "non_striker": "T Dickwella",
              "runs": {
                "batter": 0,
                "extras": 0,
                "total": 0
              }
            }
          ]
        },
        {
          "over": 1,
          "deliveries": [
            {
              "batter": "T Dickwella",
              "bowler": "N Vimukthi",
              "non_striker": "S Jayawardena",
              "runs": {
                "batter": 1,
                "extras": 0,
                "total": 1
              }
            },
            {
              "batter": "S Jayawardena",
              "bowler": "N Vimukthi",
              "non_striker": "T Dickwella",
              "runs": {
                "batter": 0,
                "extras": 0,
                "total": 0
              }
            },
            {
              "batter": "S Jayawardena",
              "bowler": "N Vimukthi",
              "non_striker": "T Dickwella",
              "runs": {
                "batter": 0,
                "extras": 0,
                "total": 0
              }
            },
            {
              "batter": "S Jayawardena",
              "bowler": "N Vimukthi",
              "non_striker": "T Dickwella",
              "runs": {
                "batter": 0,
                "extras": 0,
                "total": 0
              }
            },
            {
              "batter": "S Jayawardena",
              "bowler": "N Vimukthi",
              "non_striker": "T Dickwella",
              "runs": {
                "batter": 0,
                "extras": 0,
                "total": 0
              },
              "wickets": [
                {
                  "player_out": "S Jayawardena",
                  "kind": "caught and bowled"
                }
              ]
            },
            {
              "batter": "S Kosala",
              "bowler": "N Vimukthi",
              "non_striker": "T Dickwella",
              "runs": {
                "batter": 0,
                "extras": 0,
                "total": 0
              }
            }
          ]
        },
        {
          "over": 2,
          "deliveries": [
            {
              "batter": "T Dickwella",
              "bowler": "Y Avishka",
              "non_striker": "S Kosala",
              "runs": {
                "batter": 1,
                "extras": 0,
                "total": 1
              }
            },
            {
              "batter": "S Kosala",
              "bowler": "Y Avishka",
              "non_striker": "T Dickwella",
              "runs": {
                "batter": 1,
                "extras": 0,
                "total": 1
              }
            },
            {
              "batter": "T Dickwella",
              "bowler": "Y Avishka",
              "non_striker": "S Kosala",
              "runs": {
                "batter": 2,
                "extras": 0,
                "total": 2
              }
            },
            {
              "batter": "T Dickwella",
              "bowler": "Y Avishka",
              "non_striker": "S Kosala",
              "runs": {
                "batter": 1,
                "extras": 0,
                "total": 1
              }
            },
            {
              "batter": "S Kosala",
              "bowler": "Y Avishka",
              "non_striker": "T Dickwella",
              "runs": {
                "batter": 2,
                "extras": 0,
                "total": 2
              }
            },
            {
              "batter": "S Kosala",
              "bowler": "Y Avishka",
              "non_striker": "T Dickwella",
              "runs": {
                "batter": 0,
                "extras": 0,
                "total": 0
              }
            }
          ]
        },
        {
          "over": 3,
          "deliveries": [
            {
              "batter": "T Dickwella",
              "bowler": "N Vimukthi",
              "non_striker": "S Kosala",
              "runs": {
                "batter": 1,
                "extras": 0,
                "total": 1
              }
            },
            {
              "batter": "S Kosala",
              "bowler": "N Vimukthi",
              "non_striker": "T Dickwella",
              "runs": {
                "batter": 1,
                "extras": 0,
                "total": 1
              }
            },
            {
              "batter": "T Dickwella",
              "bowler": "N Vimukthi",
              "non_striker": "S Kosala",
              "runs": {
                "batter": 0,
                "extras": 0,
                "total": 0
              }
            },
            {
              "batter": "T Dickwella",
              "bowler": "N Vimukthi",
              "non_striker": "S Kosala",
              "runs": {
                "batter": 2,
                "extras": 0,
                "total": 2
              }
            },
            {
              "batter": "T Dickwella",
              "bowler": "N Vimukthi",
              "non_striker": "S Kosala",
              "runs": {
                "batter": 1,
                "extras": 0,
                "total": 1
              }
            },
            {
              "batter": "S Kosala",
              "bowler": "N Vimukthi",
              "non_striker": "T Dickwella",
              "runs": {
                "batter": 0,
                "extras": 0,
                "total": 0
              }
            }
          ]
        },
        {
          "over": 4,
          "deliveries": [
            {
              "batter": "T Dickwella",
              "bowler": "Y Avishka",
              "non_striker": "S Kosala",
              "runs": {
                "batter": 0,
                "extras": 0,
                "total": 0
              }
            },
            {
              "batter": "T Dickwella",
              "bowler": "Y Avishka",
              "non_striker": "S Kosala",
              "runs": {
                "batter": 4,
                "extras": 0,
                "total": 4
              }
            },
            {
              "batter": "T Dickwella",
              "bowler": "Y Avishka",
              "non_striker": "S Kosala",
              "runs": {
                "batter": 0,
                "extras": 0,
                "total": 0
              }
            },
            {
              "batter": "T Dickwella",
              "bowler": "Y Avishka",
              "non_striker": "S Kosala",
              "runs": {
                "batter": 0,
                "extras": 0,
                "total": 0
              }
            },
            {
              "batter": "T Dickwella",
              "bowler": "Y Avishka",
              "non_striker": "S Kosala",
              "runs": {
                "batter": 0,
                "extras": 0,
                "total": 0
              }
            },
            {
              "batter": "T Dickwella",
              "bowler": "Y Avishka",
              "non_striker": "S Kosala",
              "runs": {
                "batter": 1,
                "extras": 0,
                "total": 1
              }
            }
          ]
        },
        {
          "over": 5,
          "deliveries": [
            {
              "batter": "T Dickwella",
              "bowler": "MI Slaza",
              "non_striker": "S Kosala",
              "runs": {
                "batter": 4,
                "extras": 0,
                "total": 4
              }
            },
            {
              "batter": "T Dickwella",
              "bowler": "MI Slaza",
              "non_striker": "S Kosala",
              "runs": {
                "batter": 4,
                "extras": 0,
                "total": 4
              }
            },
            {
              "batter": "T Dickwella",
              "bowler": "MI Slaza",
              "non_striker": "S Kosala",
              "runs": {
                "batter": 0,
                "extras": 0,
                "total": 0
              }
            },
            {
              "batter": "T Dickwella",
              "bowler": "MI Slaza",
              "non_striker": "S Kosala",
              "runs": {
                "batter": 0,
                "extras": 0,
                "total": 0
              },
              "wickets": [
                {
                  "player_out": "T Dickwella",
                  "fielders": [
                    {
                      "name": "R Nimantha"
                    }
                  ],
                  "kind": "caught"
                }
              ]
            },
            {
              "batter": "N Dilshan",
              "bowler": "MI Slaza",
              "non_striker": "S Kosala",
              "runs": {
                "batter": 0,
                "extras": 0,
                "total": 0
              }
            },
            {
              "batter": "N Dilshan",
              "bowler": "MI Slaza",
              "non_striker": "S Kosala",
              "runs": {
                "batter": 0,
                "extras": 0,
                "total": 0
              }
            }
          ]
        },
        {
          "over": 6,
          "deliveries": [
            {
              "batter": "S Kosala",
              "bowler": "P Asanka",
              "non_striker": "N Dilshan",
              "runs": {
                "batter": 0,
                "extras": 0,
                "total": 0
              }
            },
            {
              "batter": "S Kosala",
              "bowler": "P Asanka",
              "non_striker": "N Dilshan",
              "runs": {
                "batter": 1,
                "extras": 0,
                "total": 1
              }
            },
            {
              "batter": "N Dilshan",
              "bowler": "P Asanka",
              "non_striker": "S Kosala",
              "runs": {
                "batter": 0,
                "extras": 0,
                "total": 0
              }
            },
            {
              "batter": "N Dilshan",
              "bowler": "P Asanka",
              "non_striker": "S Kosala",
              "runs": {
                "batter": 1,
                "extras": 0,
                "total": 1
              }
            },
            {
              "batter": "S Kosala",
              "bowler": "P Asanka",
              "non_striker": "N Dilshan",
              "runs": {
                "batter": 1,
                "extras": 0,
                "total": 1
              }
            },
            {
              "batter": "N Dilshan",
              "bowler": "P Asanka",
              "non_striker": "S Kosala",
              "runs": {
                "batter": 0,
                "extras": 0,
                "total": 0
              }
            }
          ]
        },
        {
          "over": 7,
          "deliveries": [
            {
              "batter": "S Kosala",
              "bowler": "MI Slaza",
              "non_striker": "N Dilshan",
              "runs": {
                "batter": 2,
                "extras": 0,
                "total": 2
              }
            },
            {
              "batter": "S Kosala",
              "bowler": "MI Slaza",
              "non_striker": "N Dilshan",
              "runs": {
                "batter": 0,
                "extras": 0,
                "total": 0
              }
            },
            {
              "batter": "S Kosala",
              "bowler": "MI Slaza",
              "non_striker": "N Dilshan",
              "runs": {
                "batter": 1,
                "extras": 0,
                "total": 1
              }
            },
            {
              "batter": "N Dilshan",
              "bowler": "MI Slaza",
              "non_striker": "S Kosala",
              "runs": {
                "batter": 0,
                "extras": 0,
                "total": 0
              }
            },
            {
              "batter": "N Dilshan",
              "bowler": "MI Slaza",
              "non_striker": "S Kosala",
              "runs": {
                "batter": 1,
                "extras": 0,
                "total": 1
              }
            },
            {
              "batter": "S Kosala",
              "bowler": "MI Slaza",
              "non_striker": "N Dilshan",
              "runs": {
                "batter": 0,
                "extras": 0,
                "total": 0
              }
            }
          ]
        },
        {
          "over": 8,
          "deliveries": [
            {
              "batter": "N Dilshan",
              "bowler": "P Asanka",
              "non_striker": "S Kosala",
              "runs": {
                "batter": 1,
                "extras": 0,
                "total": 1
              }
            },
            {
              "batter": "S Kosala",
              "bowler": "P Asanka",
              "non_striker": "N Dilshan",
              "runs": {
                "batter": 4,
                "extras": 0,
                "total": 4
              }
            },
            {
              "batter": "S Kosala",
              "bowler": "P Asanka",
              "non_striker": "N Dilshan",
              "runs": {
                "batter": 0,
                "extras": 0,
                "total": 0
              }
            },
            {
              "batter": "S Kosala",
              "bowler": "P Asanka",
              "non_striker": "N Dilshan",
              "runs": {
                "batter": 0,
                "extras": 0,
                "total": 0
              }
            },
            {
              "batter": "S Kosala",
              "bowler": "P Asanka",
              "non_striker": "N Dilshan",
              "runs": {
                "batter": 1,
                "extras": 0,
                "total": 1
              }
            },
            {
              "batter": "N Dilshan",
              "bowler": "P Asanka",
              "non_striker": "S Kosala",
              "runs": {
                "batter": 1,
                "extras": 0,
                "total": 1
              }
            }
          ]
        },
        {
          "over": 9,
          "deliveries": [
            {
              "batter": "N Dilshan",
              "bowler": "V Lahiru",
              "non_striker": "S Kosala",
              "runs": {
                "batter": 1,
                "extras": 0,
                "total": 1
              }
            },
            {
              "batter": "S Kosala",
              "bowler": "V Lahiru",
              "non_striker": "N Dilshan",
              "runs": {
                "batter": 1,
                "extras": 0,
                "total": 1
              }
            },
            {
              "batter": "N Dilshan",
              "bowler": "V Lahiru",
              "non_striker": "S Kosala",
              "runs": {
                "batter": 1,
                "extras": 0,
                "total": 1
              }
            },
            {
              "batter": "S Kosala",
              "bowler": "V Lahiru",
              "non_striker": "N Dilshan",
              "runs": {
                "batter": 0,
                "extras": 0,
                "total": 0
              }
            },
            {
              "batter": "S Kosala",
              "bowler": "V Lahiru",
              "non_striker": "N Dilshan",
              "runs": {
                "batter": 0,
                "extras": 0,
                "total": 0
              }
            },
            {
              "batter": "S Kosala",
              "bowler": "V Lahiru",
              "non_striker": "N Dilshan",
              "runs": {
                "batter": 1,
                "extras": 0,
                "total": 1
              }
            }
          ]
        },
        {
          "over": 10,
          "deliveries": [
            {
              "batter": "S Kosala",
              "bowler": "VS Halambage",
              "non_striker": "N Dilshan",
              "runs": {
                "batter": 1,
                "extras": 0,
                "total": 1
              }
            },
            {
              "batter": "N Dilshan",
              "bowler": "VS Halambage",
              "non_striker": "S Kosala",
              "runs": {
                "batter": 1,
                "extras": 0,
                "total": 1
              }
            },
            {
              "batter": "S Kosala",
              "bowler": "VS Halambage",
              "non_striker": "N Dilshan",
              "runs": {
                "batter": 1,
                "extras": 0,
                "total": 1
              }
            },
            {
              "batter": "N Dilshan",
              "bowler": "VS Halambage",
              "non_striker": "S Kosala",
              "runs": {
                "batter": 1,
                "extras": 0,
                "total": 1
              }
            },
            {
              "batter": "S Kosala",
              "bowler": "VS Halambage",
              "non_striker": "N Dilshan",
              "runs": {
                "batter": 0,
                "extras": 0,
                "total": 0
              }
            },
            {
              "batter": "S Kosala",
              "bowler": "VS Halambage",
              "non_striker": "N Dilshan",
              "runs": {
                "batter": 0,
                "extras": 0,
                "total": 0
              }
            }
          ]
        },
        {
          "over": 11,
          "deliveries": [
            {
              "batter": "N Dilshan",
              "bowler": "V Lahiru",
              "non_striker": "S Kosala",
              "runs": {
                "batter": 1,
                "extras": 0,
                "total": 1
              }
            },
            {
              "batter": "S Kosala",
              "bowler": "V Lahiru",
              "non_striker": "N Dilshan",
              "runs": {
                "batter": 1,
                "extras": 0,
                "total": 1
              }
            },
            {
              "batter": "N Dilshan",
              "bowler": "V Lahiru",
              "non_striker": "S Kosala",
              "runs": {
                "batter": 1,
                "extras": 0,
                "total": 1
              }
            },
            {
              "batter": "S Kosala",
              "bowler": "V Lahiru",
              "non_striker": "N Dilshan",
              "runs": {
                "batter": 4,
                "extras": 0,
                "total": 4
              }
            },
            {
              "batter": "S Kosala",
              "bowler": "V Lahiru",
              "non_striker": "N Dilshan",
              "runs": {
                "batter": 1,
                "extras": 0,
                "total": 1
              }
            },
            {
              "batter": "N Dilshan",
              "bowler": "V Lahiru",
              "non_striker": "S Kosala",
              "runs": {
                "batter": 1,
                "extras": 0,
                "total": 1
              }
            }
          ]
        },
        {
          "over": 12,
          "deliveries": [
            {
              "batter": "N Dilshan",
              "bowler": "VS Halambage",
              "non_striker": "S Kosala",
              "runs": {
                "batter": 1,
                "extras": 0,
                "total": 1
              }
            },
            {
              "batter": "S Kosala",
              "bowler": "VS Halambage",
              "non_striker": "N Dilshan",
              "runs": {
                "batter": 1,
                "extras": 0,
                "total": 1
              }
            },
            {
              "batter": "N Dilshan",
              "bowler": "VS Halambage",
              "non_striker": "S Kosala",
              "runs": {
                "batter": 1,
                "extras": 0,
                "total": 1
              }
            },
            {
              "batter": "S Kosala",
              "bowler": "VS Halambage",
              "non_striker": "N Dilshan",
              "runs": {
                "batter": 0,
                "extras": 0,
                "total": 0
              },
              "wickets": [
                {
                  "player_out": "S Kosala",
                  "kind": "lbw"
                }
              ]
            },
            {
              "batter": "L Attanayake",
              "bowler": "VS Halambage",
              "non_striker": "N Dilshan",
              "runs": {
                "batter": 0,
                "extras": 0,
                "total": 0
              }
            },
            {
              "batter": "L Attanayake",
              "bowler": "VS Halambage",
              "non_striker": "N Dilshan",
              "runs": {
                "batter": 1,
                "extras": 0,
                "total": 1
              }
            }
          ]
        },
        {
          "over": 13,
          "deliveries": [
            {
              "batter": "L Attanayake",
              "bowler": "V Lahiru",
              "non_striker": "N Dilshan",
              "runs": {
                "batter": 1,
                "extras": 0,
                "total": 1
              }
            },
            {
              "batter": "N Dilshan",
              "bowler": "V Lahiru",
              "non_striker": "L Attanayake",
              "runs": {
                "batter": 2,
                "extras": 0,
                "total": 2
              }
            },
            {
              "batter": "N Dilshan",
              "bowler": "V Lahiru",
              "non_striker": "L Attanayake",
              "runs": {
                "batter": 1,
                "extras": 0,
                "total": 1
              }
            },
            {
              "batter": "L Attanayake",
              "bowler": "V Lahiru",
              "non_striker": "N Dilshan",
              "runs": {
                "batter": 0,
                "extras": 0,
                "total": 0
              }
            },
            {
              "batter": "L Attanayake",
              "bowler": "V Lahiru",
              "non_striker": "N Dilshan",
              "runs": {
                "batter": 0,
                "extras": 0,
                "total": 0
              }
            },
            {
              "batter": "L Attanayake",
              "bowler": "V Lahiru",
              "non_striker": "N Dilshan",
              "runs": {
                "batter": 0,
                "extras": 0,
                "total": 0
              }
            }
          ]
        },
        {
          "over": 14,
          "deliveries": [
            {
              "batter": "N Dilshan",
              "bowler": "VS Halambage",
              "non_striker": "L Attanayake",
              "runs": {
                "batter": 1,
                "extras": 0,
                "total": 1
              }
            },
            {
              "batter": "L Attanayake",
              "bowler": "VS Halambage",
              "non_striker": "N Dilshan",
              "runs": {
                "batter": 1,
                "extras": 0,
                "total": 1
              }
            },
            {
              "batter": "N Dilshan",
              "bowler": "VS Halambage",
              "non_striker": "L Attanayake",
              "runs": {
                "batter": 1,
                "extras": 0,
                "total": 1
              }
            },
            {
              "batter": "L Attanayake",
              "bowler": "VS Halambage",
              "non_striker": "N Dilshan",
              "runs": {
                "batter": 4,
                "extras": 0,
                "total": 4
              }
            },
            {
              "batter": "L Attanayake",
              "bowler": "VS Halambage",
              "non_striker": "N Dilshan",
              "runs": {
                "batter": 0,
                "extras": 0,
                "total": 0
              }
            },
            {
              "batter": "L Attanayake",
              "bowler": "VS Halambage",
              "non_striker": "N Dilshan",
              "runs": {
                "batter": 0,
                "extras": 0,
                "total": 0
              }
            }
          ]
        },
        {
          "over": 15,
          "deliveries": [
            {
              "batter": "N Dilshan",
              "bowler": "MI Slaza",
              "non_striker": "L Attanayake",
              "runs": {
                "batter": 1,
                "extras": 0,
                "total": 1
              }
            },
            {
              "batter": "L Attanayake",
              "bowler": "MI Slaza",
              "non_striker": "N Dilshan",
              "runs": {
                "batter": 0,
                "extras": 0,
                "total": 0
              }
            },
            {
              "batter": "L Attanayake",
              "bowler": "MI Slaza",
              "non_striker": "N Dilshan",
              "runs": {
                "batter": 1,
                "extras": 0,
                "total": 1
              }
            },
            {
              "batter": "L Attanayake",
              "bowler": "MI Slaza",
              "non_striker": "N Dilshan",
              "runs": {
                "batter": 0,
                "extras": 0,
                "total": 0
              }
            },
            {
              "batter": "L Attanayake",
              "bowler": "MI Slaza",
              "non_striker": "N Dilshan",
              "runs": {
                "batter": 1,
                "extras": 0,
                "total": 1
              }
            },
            {
              "batter": "N Dilshan",
              "bowler": "MI Slaza",
              "non_striker": "L Attanayake",
              "runs": {
                "batter": 0,
                "extras": 0,
                "total": 0
              }
            }
          ]
        },
        {
          "over": 16,
          "deliveries": [
            {
              "batter": "L Attanayake",
              "bowler": "N Vimukthi",
              "non_striker": "N Dilshan",
              "runs": {
                "batter": 1,
                "extras": 0,
                "total": 1
              }
            },
            {
              "batter": "N Dilshan",
              "bowler": "N Vimukthi",
              "non_striker": "L Attanayake",
              "runs": {
                "batter": 1,
                "extras": 0,
                "total": 1
              }
            },
            {
              "batter": "L Attanayake",
              "bowler": "N Vimukthi",
              "non_striker": "N Dilshan",
              "runs": {
                "batter": 1,
                "extras": 0,
                "total": 1
              }
            },
            {
              "batter": "N Dilshan",
              "bowler": "N Vimukthi",
              "non_striker": "L Attanayake",
              "runs": {
                "batter": 0,
                "extras": 0,
                "total": 0
              },
              "wickets": [
                {
                  "player_out": "N Dilshan",
                  "fielders": [
                    {
                      "name": "L Dawatage"
                    }
                  ],
                  "kind": "stumped"
                }
              ]
            },
            {
              "batter": "SU Ishak",
              "bowler": "N Vimukthi",
              "non_striker": "L Attanayake",
              "runs": {
                "batter": 1,
                "extras": 0,
                "total": 1
              }
            },
            {
              "batter": "L Attanayake",
              "bowler": "N Vimukthi",
              "non_striker": "SU Ishak",
              "runs": {
                "batter": 0,
                "extras": 0,
                "total": 0
              },
              "wickets": [
                {
                  "player_out": "L Attanayake",
                  "kind": "bowled"
                }
              ]
            }
          ]
        },
        {
          "over": 17,
          "deliveries": [
            {
              "batter": "SU Ishak",
              "bowler": "MI Slaza",
              "non_striker": "Y Maddege",
              "runs": {
                "batter": 1,
                "extras": 0,
                "total": 1
              }
            },
            {
              "batter": "Y Maddege",
              "bowler": "MI Slaza",
              "non_striker": "SU Ishak",
              "runs": {
                "batter": 1,
                "extras": 0,
                "total": 1
              }
            },
            {
              "batter": "SU Ishak",
              "bowler": "MI Slaza",
              "non_striker": "Y Maddege",
              "runs": {
                "batter": 0,
                "extras": 0,
                "total": 0
              },
              "wickets": [
                {
                  "player_out": "SU Ishak",
                  "fielders": [
                    {
                      "name": "V Lahiru"
                    }
                  ],
                  "kind": "caught"
                }
              ]
            },
            {
              "batter": "RK Induwara",
              "bowler": "MI Slaza",
              "non_striker": "Y Maddege",
              "runs": {
                "batter": 0,
                "extras": 0,
                "total": 0
              },
              "wickets": [
                {
                  "player_out": "RK Induwara",
                  "kind": "lbw"
                }
              ]
            },
            {
              "batter": "YT Gunawardena",
              "bowler": "MI Slaza",
              "non_striker": "Y Maddege",
              "runs": {
                "batter": 0,
                "extras": 0,
                "total": 0
              }
            },
            {
              "batter": "YT Gunawardena",
              "bowler": "MI Slaza",
              "non_striker": "Y Maddege",
              "runs": {
                "batter": 0,
                "extras": 0,
                "total": 0
              }
            }
          ]
        },
        {
          "over": 18,
          "deliveries": [
            {
              "batter": "Y Maddege",
              "bowler": "N Vimukthi",
              "non_striker": "YT Gunawardena",
              "runs": {
                "batter": 0,
                "extras": 0,
                "total": 0
              }
            },
            {
              "batter": "Y Maddege",
              "bowler": "N Vimukthi",
              "extras": {
                "legbyes": 1
              },
              "non_striker": "YT Gunawardena",
              "runs": {
                "batter": 0,
                "extras": 1,
                "total": 1
              }
            },
            {
              "batter": "YT Gunawardena",
              "bowler": "N Vimukthi",
              "non_striker": "Y Maddege",
              "runs": {
                "batter": 0,
                "extras": 0,
                "total": 0
              }
            },
            {
              "batter": "YT Gunawardena",
              "bowler": "N Vimukthi",
              "non_striker": "Y Maddege",
              "runs": {
                "batter": 0,
                "extras": 0,
                "total": 0
              }
            },
            {
              "batter": "YT Gunawardena",
              "bowler": "N Vimukthi",
              "extras": {
                "legbyes": 1
              },
              "non_striker": "Y Maddege",
              "runs": {
                "batter": 0,
                "extras": 1,
                "total": 1
              }
            },
            {
              "batter": "Y Maddege",
              "bowler": "N Vimukthi",
              "non_striker": "YT Gunawardena",
              "runs": {
                "batter": 0,
                "extras": 0,
                "total": 0
              }
            }
          ]
        },
        {
          "over": 19,
          "deliveries": [
            {
              "batter": "YT Gunawardena",
              "bowler": "V Lahiru",
              "non_striker": "Y Maddege",
              "runs": {
                "batter": 0,
                "extras": 0,
                "total": 0
              },
              "wickets": [
                {
                  "player_out": "YT Gunawardena",
                  "fielders": [
                    {
                      "name": "Kanchana de Livera"
                    }
                  ],
                  "kind": "caught"
                }
              ]
            },
            {
              "batter": "Asjath Khan",
              "bowler": "V Lahiru",
              "non_striker": "Y Maddege",
              "runs": {
                "batter": 1,
                "extras": 0,
                "total": 1
              }
            },
            {
              "batter": "Y Maddege",
              "bowler": "V Lahiru",
              "non_striker": "Asjath Khan",
              "runs": {
                "batter": 6,
                "extras": 0,
                "total": 6
              }
            },
            {
              "batter": "Y Maddege",
              "bowler": "V Lahiru",
              "non_striker": "Asjath Khan",
              "runs": {
                "batter": 0,
                "extras": 0,
                "total": 0
              },
              "wickets": [
                {
                  "player_out": "Asjath Khan",
                  "fielders": [
                    {
                      "name": "R Nimantha"
                    },
                    {
                      "name": "V Lahiru"
                    }
                  ],
                  "kind": "run out"
                }
              ]
            }
          ]
        }
      ],
      "powerplays": [
        {
          "from": 0.1,
          "to": 5.6,
          "type": "mandatory"
        }
      ]
    },
    {
      "team": "Panadura Sports Club",
      "overs": [
        {
          "over": 0,
          "deliveries": [
            {
              "batter": "HM Kapurubandara",
              "bowler": "RK Induwara",
              "non_striker": "BOP Fernando",
              "runs": {
                "batter": 1,
                "extras": 0,
                "total": 1
              }
            },
            {
              "batter": "BOP Fernando",
              "bowler": "RK Induwara",
              "non_striker": "HM Kapurubandara",
              "runs": {
                "batter": 1,
                "extras": 0,
                "total": 1
              }
            },
            {
              "batter": "HM Kapurubandara",
              "bowler": "RK Induwara",
              "non_striker": "BOP Fernando",
              "runs": {
                "batter": 0,
                "extras": 0,
                "total": 0
              },
              "wickets": [
                {
                  "player_out": "HM Kapurubandara",
                  "kind": "lbw"
                }
              ]
            },
            {
              "batter": "VS Halambage",
              "bowler": "RK Induwara",
              "non_striker": "BOP Fernando",
              "runs": {
                "batter": 0,
                "extras": 0,
                "total": 0
              }
            },
            {
              "batter": "VS Halambage",
              "bowler": "RK Induwara",
              "non_striker": "BOP Fernando",
              "runs": {
                "batter": 0,
                "extras": 0,
                "total": 0
              }
            },
            {
              "batter": "VS Halambage",
              "bowler": "RK Induwara",
              "non_striker": "BOP Fernando",
              "runs": {
                "batter": 1,
                "extras": 0,
                "total": 1
              }
            }
          ]
        },
        {
          "over": 1,
          "deliveries": [
            {
              "batter": "VS Halambage",
              "bowler": "Asjath Khan",
              "non_striker": "BOP Fernando",
              "runs": {
                "batter": 4,
                "extras": 0,
                "total": 4
              }
            },
            {
              "batter": "VS Halambage",
              "bowler": "Asjath Khan",
              "non_striker": "BOP Fernando",
              "runs": {
                "batter": 4,
                "extras": 0,
                "total": 4
              }
            },
            {
              "batter": "VS Halambage",
              "bowler": "Asjath Khan",
              "non_striker": "BOP Fernando",
              "runs": {
                "batter": 1,
                "extras": 0,
                "total": 1
              }
            },
            {
              "batter": "BOP Fernando",
              "bowler": "Asjath Khan",
              "non_striker": "VS Halambage",
              "runs": {
                "batter": 1,
                "extras": 0,
                "total": 1
              }
            },
            {
              "batter": "VS Halambage",
              "bowler": "Asjath Khan",
              "non_striker": "BOP Fernando",
              "runs": {
                "batter": 1,
                "extras": 0,
                "total": 1
              }
            },
            {
              "batter": "BOP Fernando",
              "bowler": "Asjath Khan",
              "non_striker": "VS Halambage",
              "runs": {
                "batter": 1,
                "extras": 0,
                "total": 1
              }
            }
          ]
        },
        {
          "over": 2,
          "deliveries": [
            {
              "batter": "BOP Fernando",
              "bowler": "RK Induwara",
              "non_striker": "VS Halambage",
              "runs": {
                "batter": 4,
                "extras": 0,
                "total": 4
              }
            },
            {
              "batter": "BOP Fernando",
              "bowler": "RK Induwara",
              "non_striker": "VS Halambage",
              "runs": {
                "batter": 4,
                "extras": 0,
                "total": 4
              }
            },
            {
              "batter": "BOP Fernando",
              "bowler": "RK Induwara",
              "non_striker": "VS Halambage",
              "runs": {
                "batter": 1,
                "extras": 0,
                "total": 1
              }
            },
            {
              "batter": "VS Halambage",
              "bowler": "RK Induwara",
              "non_striker": "BOP Fernando",
              "runs": {
                "batter": 2,
                "extras": 0,
                "total": 2
              }
            },
            {
              "batter": "VS Halambage",
              "bowler": "RK Induwara",
              "non_striker": "BOP Fernando",
              "runs": {
                "batter": 1,
                "extras": 0,
                "total": 1
              }
            },
            {
              "batter": "BOP Fernando",
              "bowler": "RK Induwara",
              "non_striker": "VS Halambage",
              "runs": {
                "batter": 1,
                "extras": 0,
                "total": 1
              }
            }
          ]
        },
        {
          "over": 3,
          "deliveries": [
            {
              "batter": "BOP Fernando",
              "bowler": "SU Ishak",
              "non_striker": "VS Halambage",
              "runs": {
                "batter": 0,
                "extras": 0,
                "total": 0
              }
            },
            {
              "batter": "BOP Fernando",
              "bowler": "SU Ishak",
              "non_striker": "VS Halambage",
              "runs": {
                "batter": 0,
                "extras": 0,
                "total": 0
              },
              "wickets": [
                {
                  "player_out": "BOP Fernando",
                  "kind": "bowled"
                }
              ]
            },
            {
              "batter": "L Dawatage",
              "bowler": "SU Ishak",
              "non_striker": "VS Halambage",
              "runs": {
                "batter": 1,
                "extras": 0,
                "total": 1
              }
            },
            {
              "batter": "VS Halambage",
              "bowler": "SU Ishak",
              "non_striker": "L Dawatage",
              "runs": {
                "batter": 4,
                "extras": 0,
                "total": 4
              }
            },
            {
              "batter": "VS Halambage",
              "bowler": "SU Ishak",
              "non_striker": "L Dawatage",
              "runs": {
                "batter": 6,
                "extras": 0,
                "total": 6
              }
            },
            {
              "batter": "VS Halambage",
              "bowler": "SU Ishak",
              "non_striker": "L Dawatage",
              "runs": {
                "batter": 1,
                "extras": 0,
                "total": 1
              }
            }
          ]
        },
        {
          "over": 4,
          "deliveries": [
            {
              "batter": "VS Halambage",
              "bowler": "RK Induwara",
              "non_striker": "L Dawatage",
              "runs": {
                "batter": 6,
                "extras": 0,
                "total": 6
              }
            },
            {
              "batter": "VS Halambage",
              "bowler": "RK Induwara",
              "non_striker": "L Dawatage",
              "runs": {
                "batter": 1,
                "extras": 0,
                "total": 1
              }
            },
            {
              "batter": "L Dawatage",
              "bowler": "RK Induwara",
              "non_striker": "VS Halambage",
              "runs": {
                "batter": 2,
                "extras": 0,
                "total": 2
              }
            },
            {
              "batter": "L Dawatage",
              "bowler": "RK Induwara",
              "non_striker": "VS Halambage",
              "runs": {
                "batter": 1,
                "extras": 0,
                "total": 1
              }
            },
            {
              "batter": "VS Halambage",
              "bowler": "RK Induwara",
              "non_striker": "L Dawatage",
              "runs": {
                "batter": 1,
                "extras": 0,
                "total": 1
              }
            },
            {
              "batter": "L Dawatage",
              "bowler": "RK Induwara",
              "non_striker": "VS Halambage",
              "runs": {
                "batter": 0,
                "extras": 0,
                "total": 0
              }
            }
          ]
        },
        {
          "over": 5,
          "deliveries": [
            {
              "batter": "VS Halambage",
              "bowler": "Y Maddege",
              "non_striker": "L Dawatage",
              "runs": {
                "batter": 0,
                "extras": 0,
                "total": 0
              }
            },
            {
              "batter": "VS Halambage",
              "bowler": "Y Maddege",
              "non_striker": "L Dawatage",
              "runs": {
                "batter": 0,
                "extras": 0,
                "total": 0
              }
            },
            {
              "batter": "VS Halambage",
              "bowler": "Y Maddege",
              "non_striker": "L Dawatage",
              "runs": {
                "batter": 1,
                "extras": 0,
                "total": 1
              }
            },
            {
              "batter": "L Dawatage",
              "bowler": "Y Maddege",
              "non_striker": "VS Halambage",
              "runs": {
                "batter": 0,
                "extras": 0,
                "total": 0
              }
            },
            {
              "batter": "L Dawatage",
              "bowler": "Y Maddege",
              "non_striker": "VS Halambage",
              "runs": {
                "batter": 6,
                "extras": 0,
                "total": 6
              }
            },
            {
              "batter": "L Dawatage",
              "bowler": "Y Maddege",
              "non_striker": "VS Halambage",
              "runs": {
                "batter": 0,
                "extras": 0,
                "total": 0
              },
              "wickets": [
                {
                  "player_out": "L Dawatage",
                  "fielders": [
                    {
                      "name": "YT Gunawardena"
                    }
                  ],
                  "kind": "caught"
                }
              ]
            }
          ]
        },
        {
          "over": 6,
          "deliveries": [
            {
              "batter": "VS Halambage",
              "bowler": "RK Induwara",
              "non_striker": "Kanchana de Livera",
              "runs": {
                "batter": 0,
                "extras": 0,
                "total": 0
              }
            },
            {
              "batter": "VS Halambage",
              "bowler": "RK Induwara",
              "non_striker": "Kanchana de Livera",
              "runs": {
                "batter": 0,
                "extras": 0,
                "total": 0
              }
            },
            {
              "batter": "VS Halambage",
              "bowler": "RK Induwara",
              "non_striker": "Kanchana de Livera",
              "runs": {
                "batter": 1,
                "extras": 0,
                "total": 1
              },
              "wickets": [
                {
                  "player_out": "VS Halambage",
                  "fielders": [
                    {
                      "name": "S Jayawardena"
                    },
                    {
                      "name": "SU Ishak"
                    }
                  ],
                  "kind": "run out"
                }
              ]
            },
            {
              "batter": "R Nimantha",
              "bowler": "RK Induwara",
              "non_striker": "Kanchana de Livera",
              "runs": {
                "batter": 1,
                "extras": 0,
                "total": 1
              }
            },
            {
              "batter": "Kanchana de Livera",
              "bowler": "RK Induwara",
              "non_striker": "R Nimantha",
              "runs": {
                "batter": 0,
                "extras": 0,
                "total": 0
              }
            },
            {
              "batter": "Kanchana de Livera",
              "bowler": "RK Induwara",
              "non_striker": "R Nimantha",
              "runs": {
                "batter": 0,
                "extras": 0,
                "total": 0
              }
            }
          ]
        },
        {
          "over": 7,
          "deliveries": [
            {
              "batter": "R Nimantha",
              "bowler": "Y Maddege",
              "non_striker": "Kanchana de Livera",
              "runs": {
                "batter": 1,
                "extras": 0,
                "total": 1
              }
            },
            {
              "batter": "Kanchana de Livera",
              "bowler": "Y Maddege",
              "non_striker": "R Nimantha",
              "runs": {
                "batter": 1,
                "extras": 0,
                "total": 1
              }
            },
            {
              "batter": "R Nimantha",
              "bowler": "Y Maddege",
              "non_striker": "Kanchana de Livera",
              "runs": {
                "batter": 0,
                "extras": 0,
                "total": 0
              }
            },
            {
              "batter": "R Nimantha",
              "bowler": "Y Maddege",
              "non_striker": "Kanchana de Livera",
              "runs": {
                "batter": 1,
                "extras": 0,
                "total": 1
              }
            },
            {
              "batter": "Kanchana de Livera",
              "bowler": "Y Maddege",
              "extras": {
                "wides": 1
              },
              "non_striker": "R Nimantha",
              "runs": {
                "batter": 0,
                "extras": 1,
                "total": 1
              }
            },
            {
              "batter": "Kanchana de Livera",
              "bowler": "Y Maddege",
              "non_striker": "R Nimantha",
              "runs": {
                "batter": 0,
                "extras": 0,
                "total": 0
              }
            },
            {
              "batter": "Kanchana de Livera",
              "bowler": "Y Maddege",
              "non_striker": "R Nimantha",
              "runs": {
                "batter": 0,
                "extras": 0,
                "total": 0
              }
            }
          ]
        },
        {
          "over": 8,
          "deliveries": [
            {
              "batter": "R Nimantha",
              "bowler": "S Manuranga",
              "non_striker": "Kanchana de Livera",
              "runs": {
                "batter": 1,
                "extras": 0,
                "total": 1
              }
            },
            {
              "batter": "Kanchana de Livera",
              "bowler": "S Manuranga",
              "non_striker": "R Nimantha",
              "runs": {
                "batter": 0,
                "extras": 0,
                "total": 0
              }
            },
            {
              "batter": "Kanchana de Livera",
              "bowler": "S Manuranga",
              "non_striker": "R Nimantha",
              "runs": {
                "batter": 1,
                "extras": 0,
                "total": 1
              }
            },
            {
              "batter": "R Nimantha",
              "bowler": "S Manuranga",
              "non_striker": "Kanchana de Livera",
              "runs": {
                "batter": 1,
                "extras": 0,
                "total": 1
              }
            },
            {
              "batter": "Kanchana de Livera",
              "bowler": "S Manuranga",
              "non_striker": "R Nimantha",
              "runs": {
                "batter": 0,
                "extras": 0,
                "total": 0
              }
            },
            {
              "batter": "Kanchana de Livera",
              "bowler": "S Manuranga",
              "non_striker": "R Nimantha",
              "runs": {
                "batter": 1,
                "extras": 0,
                "total": 1
              }
            }
          ]
        },
        {
          "over": 9,
          "deliveries": [
            {
              "batter": "Kanchana de Livera",
              "bowler": "Y Maddege",
              "non_striker": "R Nimantha",
              "runs": {
                "batter": 2,
                "extras": 0,
                "total": 2
              }
            },
            {
              "batter": "Kanchana de Livera",
              "bowler": "Y Maddege",
              "non_striker": "R Nimantha",
              "runs": {
                "batter": 2,
                "extras": 0,
                "total": 2
              }
            },
            {
              "batter": "Kanchana de Livera",
              "bowler": "Y Maddege",
              "non_striker": "R Nimantha",
              "runs": {
                "batter": 2,
                "extras": 0,
                "total": 2
              }
            },
            {
              "batter": "Kanchana de Livera",
              "bowler": "Y Maddege",
              "non_striker": "R Nimantha",
              "runs": {
                "batter": 0,
                "extras": 0,
                "total": 0
              }
            },
            {
              "batter": "Kanchana de Livera",
              "bowler": "Y Maddege",
              "non_striker": "R Nimantha",
              "runs": {
                "batter": 1,
                "extras": 0,
                "total": 1
              }
            },
            {
              "batter": "R Nimantha",
              "bowler": "Y Maddege",
              "non_striker": "Kanchana de Livera",
              "runs": {
                "batter": 1,
                "extras": 0,
                "total": 1
              }
            }
          ]
        },
        {
          "over": 10,
          "deliveries": [
            {
              "batter": "R Nimantha",
              "bowler": "S Manuranga",
              "non_striker": "Kanchana de Livera",
              "runs": {
                "batter": 0,
                "extras": 0,
                "total": 0
              }
            },
            {
              "batter": "R Nimantha",
              "bowler": "S Manuranga",
              "non_striker": "Kanchana de Livera",
              "runs": {
                "batter": 0,
                "extras": 0,
                "total": 0
              }
            },
            {
              "batter": "R Nimantha",
              "bowler": "S Manuranga",
              "non_striker": "Kanchana de Livera",
              "runs": {
                "batter": 0,
                "extras": 0,
                "total": 0
              }
            },
            {
              "batter": "R Nimantha",
              "bowler": "S Manuranga",
              "non_striker": "Kanchana de Livera",
              "runs": {
                "batter": 0,
                "extras": 0,
                "total": 0
              }
            },
            {
              "batter": "R Nimantha",
              "bowler": "S Manuranga",
              "non_striker": "Kanchana de Livera",
              "runs": {
                "batter": 0,
                "extras": 0,
                "total": 0
              }
            },
            {
              "batter": "R Nimantha",
              "bowler": "S Manuranga",
              "non_striker": "Kanchana de Livera",
              "runs": {
                "batter": 0,
                "extras": 0,
                "total": 0
              }
            }
          ]
        },
        {
          "over": 11,
          "deliveries": [
            {
              "batter": "Kanchana de Livera",
              "bowler": "Y Maddege",
              "non_striker": "R Nimantha",
              "runs": {
                "batter": 0,
                "extras": 0,
                "total": 0
              }
            },
            {
              "batter": "Kanchana de Livera",
              "bowler": "Y Maddege",
              "non_striker": "R Nimantha",
              "runs": {
                "batter": 4,
                "extras": 0,
                "total": 4
              }
            },
            {
              "batter": "Kanchana de Livera",
              "bowler": "Y Maddege",
              "non_striker": "R Nimantha",
              "runs": {
                "batter": 0,
                "extras": 0,
                "total": 0
              }
            },
            {
              "batter": "Kanchana de Livera",
              "bowler": "Y Maddege",
              "non_striker": "R Nimantha",
              "runs": {
                "batter": 1,
                "extras": 0,
                "total": 1
              }
            },
            {
              "batter": "R Nimantha",
              "bowler": "Y Maddege",
              "non_striker": "Kanchana de Livera",
              "runs": {
                "batter": 1,
                "extras": 0,
                "total": 1
              }
            },
            {
              "batter": "Kanchana de Livera",
              "bowler": "Y Maddege",
              "non_striker": "R Nimantha",
              "runs": {
                "batter": 0,
                "extras": 0,
                "total": 0
              }
            }
          ]
        },
        {
          "over": 12,
          "deliveries": [
            {
              "batter": "R Nimantha",
              "bowler": "S Manuranga",
              "non_striker": "Kanchana de Livera",
              "runs": {
                "batter": 1,
                "extras": 0,
                "total": 1
              }
            },
            {
              "batter": "Kanchana de Livera",
              "bowler": "S Manuranga",
              "non_striker": "R Nimantha",
              "runs": {
                "batter": 1,
                "extras": 0,
                "total": 1
              }
            },
            {
              "batter": "R Nimantha",
              "bowler": "S Manuranga",
              "non_striker": "Kanchana de Livera",
              "runs": {
                "batter": 0,
                "extras": 0,
                "total": 0
              }
            },
            {
              "batter": "R Nimantha",
              "bowler": "S Manuranga",
              "non_striker": "Kanchana de Livera",
              "runs": {
                "batter": 0,
                "extras": 0,
                "total": 0
              },
              "wickets": [
                {
                  "player_out": "R Nimantha",
                  "fielders": [
                    {
                      "name": "S Jayawardena"
                    }
                  ],
                  "kind": "stumped"
                }
              ]
            },
            {
              "batter": "N Vimukthi",
              "bowler": "S Manuranga",
              "non_striker": "Kanchana de Livera",
              "runs": {
                "batter": 0,
                "extras": 0,
                "total": 0
              }
            },
            {
              "batter": "N Vimukthi",
              "bowler": "S Manuranga",
              "non_striker": "Kanchana de Livera",
              "runs": {
                "batter": 0,
                "extras": 0,
                "total": 0
              }
            }
          ]
        },
        {
          "over": 13,
          "deliveries": [
            {
              "batter": "Kanchana de Livera",
              "bowler": "T Dickwella",
              "non_striker": "N Vimukthi",
              "runs": {
                "batter": 0,
                "extras": 0,
                "total": 0
              }
            },
            {
              "batter": "Kanchana de Livera",
              "bowler": "T Dickwella",
              "non_striker": "N Vimukthi",
              "runs": {
                "batter": 2,
                "extras": 0,
                "total": 2
              }
            },
            {
              "batter": "Kanchana de Livera",
              "bowler": "T Dickwella",
              "non_striker": "N Vimukthi",
              "runs": {
                "batter": 0,
                "extras": 0,
                "total": 0
              },
              "wickets": [
                {
                  "player_out": "Kanchana de Livera",
                  "kind": "lbw"
                }
              ]
            },
            {
              "batter": "MI Slaza",
              "bowler": "T Dickwella",
              "non_striker": "N Vimukthi",
              "runs": {
                "batter": 1,
                "extras": 0,
                "total": 1
              }
            },
            {
              "batter": "N Vimukthi",
              "bowler": "T Dickwella",
              "non_striker": "MI Slaza",
              "runs": {
                "batter": 0,
                "extras": 0,
                "total": 0
              }
            },
            {
              "batter": "N Vimukthi",
              "bowler": "T Dickwella",
              "non_striker": "MI Slaza",
              "runs": {
                "batter": 6,
                "extras": 0,
                "total": 6
              }
            }
          ]
        },
        {
          "over": 14,
          "deliveries": [
            {
              "batter": "MI Slaza",
              "bowler": "S Manuranga",
              "non_striker": "N Vimukthi",
              "runs": {
                "batter": 1,
                "extras": 0,
                "total": 1
              }
            },
            {
              "batter": "N Vimukthi",
              "bowler": "S Manuranga",
              "non_striker": "MI Slaza",
              "runs": {
                "batter": 1,
                "extras": 0,
                "total": 1
              }
            },
            {
              "batter": "MI Slaza",
              "bowler": "S Manuranga",
              "non_striker": "N Vimukthi",
              "runs": {
                "batter": 1,
                "extras": 0,
                "total": 1
              }
            },
            {
              "batter": "N Vimukthi",
              "bowler": "S Manuranga",
              "non_striker": "MI Slaza",
              "runs": {
                "batter": 1,
                "extras": 0,
                "total": 1
              }
            },
            {
              "batter": "MI Slaza",
              "bowler": "S Manuranga",
              "non_striker": "N Vimukthi",
              "runs": {
                "batter": 1,
                "extras": 0,
                "total": 1
              }
            },
            {
              "batter": "N Vimukthi",
              "bowler": "S Manuranga",
              "non_striker": "MI Slaza",
              "runs": {
                "batter": 4,
                "extras": 0,
                "total": 4
              }
            }
          ]
        }
      ],
      "powerplays": [
        {
          "from": 0.1,
          "to": 5.6,
          "type": "mandatory"
        }
      ],
      "target": {
        "overs": 20,
        "runs": 99
      }
    }
  ]
}