{
  "meta": {
    "data_version": "1.1.0",
    "created": "2025-07-17",
    "revision": 1
  },
  "info": {
    "balls_per_over": 6,
    "city": "Colombo",
    "dates": [
      "2024-05-14"
    ],
    "event": {
      "name": "Major Clubs T20 Tournament",
      "group": "A"
    },
    "gender": "male",
    "match_type": "T20",
    "officials": {
      "match_referees": [
        "R Punchihewa"
      ],
      "reserve_umpires": [
        "REJ Martinesz"
      ],
      "umpires": [
        "WN de Silva",
        "RMPJ Rambukwella"
      ]
    },
    "outcome": {
      "winner": "Colombo Cricket Club",
      "by": {
        "runs": 46
      }
    },
    "overs": 20,
    "players": {
      "Colombo Cricket Club": [
        "KNM Fernando",
        "L Croospulle",
        "P Pathiraja",
        "Pawan Sandesh",
        "C Wijesinghe",
        "PC de Silva",
        "I Udana",
        "SMA Priyanjan",
        "D Ranatunga",
        "MVT Fernando",
        "PADLR Sandakan"
      ],
      "Police Sports Club": [
        "HMCB Jayathilake",
        "MDKJ Perera",
        "D Induwara",
        "H Dhanushka",
        "LPC Silva",
        "N Balasooriya",
        "PHS Madushanka",
        "HH Ramanayake",
        "DS Thilakaratne",
        "RPN Priyadarshana",
        "N Pradeep"
      ]
    },
    "registry": {
      "people": {
        "C Wijesinghe": "0a2d45b0",
        "D Induwara": "7f280989",
        "D Ranatunga": "09b4d92f",
        "DS Thilakaratne": "a2198010",
        "H Dhanushka": "9fd08e6d",
        "HH Ramanayake": "e279fceb",
        "HMCB Jayathilake": "f8fa8b1c",
        "I Udana": "ac5ae4af",
        "KNM Fernando": "d2a2bb1a",
        "L Croospulle": "e30c9b2d",
        "LPC Silva": "1be70c88",
        "MDKJ Perera": "f21043a5",
        "MVT Fernando": "5eef2118",
        "N Balasooriya": "e57312fb",
        "N Pradeep": "2af838ee",
        "P Pathiraja": "6c32daf0",
        "PADLR Sandakan": "79aad751",
        "PC de Silva": "b40ee8a8",
        "PHS Madushanka": "e3bf9d6c",
        "Pawan Sandesh": "6ed543ed",
        "R Punchihewa": "dd7477cb",
        "REJ Martinesz": "140cdf29",
        "RMPJ Rambukwella": "13fa6ffc",
        "RPN Priyadarshana": "e5ebe166",
        "SMA Priyanjan": "fec50c96",
        "WN de Silva": "53e20e1c"
      }
    },
    "season": "2024",
    "team_type": "club",
    "teams": [
      "Colombo Cricket Club",
      "Police Sports Club"
    ],
    "toss": {
      "decision": "field",
      "winner": "Police Sports Club"
    },
    "venue": "Sinhalese Sports Club Ground, Colombo"
  },
  "innings": [
    {
      "team": "Colombo Cricket Club",
      "overs": [
        {
          "over": 0,
          "deliveries": [
            {
              "batter": "KNM Fernando",
              "bowler": "N Pradeep",
              "non_striker": "L Croospulle",
              "runs": {
                "batter": 4,
                "extras": 0,
                "total": 4
              }
            },
            {
              "batter": "KNM Fernando",
              "bowler": "N Pradeep",
              "non_striker": "L Croospulle",
              "runs": {
                "batter": 1,
                "extras": 0,
                "total": 1
              }
            },
            {
              "batter": "L Croospulle",
              "bowler": "N Pradeep",
              "non_striker": "KNM Fernando",
              "runs": {
                "batter": 1,
                "extras": 0,
                "total": 1
              }
            },
            {
              "batter": "KNM Fernando",
              "bowler": "N Pradeep",
              "non_striker": "L Croospulle",
              "runs": {
                "batter": 0,
                "extras": 0,
                "total": 0
              }
            },
            {
              "batter": "KNM Fernando",
              "bowler": "N Pradeep",
              "non_striker": "L Croospulle",
              "runs": {
                "batter": 4,
                "extras": 0,
                "total": 4
              }
            },
            {
              "batter": "KNM Fernando",
              "bowler": "N Pradeep",
              "non_striker": "L Croospulle",
              "runs": {
                "batter": 1,
                "extras": 0,
                "total": 1
              }
            }
          ]
        },
        {
          "over": 1,
          "deliveries": [
            {
              "batter": "KNM Fernando",
              "bowler": "HH Ramanayake",
              "non_striker": "L Croospulle",
              "runs": {
                "batter": 4,
                "extras": 0,
                "total": 4
              }
            },
            {
              "batter": "KNM Fernando",
              "bowler": "HH Ramanayake",
              "non_striker": "L Croospulle",
              "runs": {
                "batter": 0,
                "extras": 0,
                "total": 0
              }
            },
            {
              "batter": "KNM Fernando",
              "bowler": "HH Ramanayake",
              "non_striker": "L Croospulle",
              "runs": {
                "batter": 1,
                "extras": 0,
                "total": 1
              }
            },
            {
              "batter": "L Croospulle",
              "bowler": "HH Ramanayake",
              "non_striker": "KNM Fernando",
              "runs": {
                "batter": 0,
                "extras": 0,
                "total": 0
              }
            },
            {
              "batter": "L Croospulle",
              "bowler": "HH Ramanayake",
              "non_striker": "KNM Fernando",
              "runs": {
                "batter": 1,
                "extras": 0,
                "total": 1
              }
            },
            {
              "batter": "KNM Fernando",
              "bowler": "HH Ramanayake",
              "extras": {
                "legbyes": 1
              },
              "non_striker": "L Croospulle",
              "runs": {
                "batter": 0,
                "extras": 1,
                "total": 1
              }
            }
          ]
        },
        {
          "over": 2,
          "deliveries": [
            {
              "batter": "KNM Fernando",
              "bowler": "DS Thilakaratne",
              "non_striker": "L Croospulle",
              "runs": {
                "batter": 0,
                "extras": 0,
                "total": 0
              }
            },
            {
              "batter": "KNM Fernando",
              "bowler": "DS Thilakaratne",
              "non_striker": "L Croospulle",
              "runs": {
                "batter": 0,
                "extras": 0,
                "total": 0
              }
            },
            {
              "batter": "KNM Fernando",
              "bowler": "DS Thilakaratne",
              "non_striker": "L Croospulle",
              "runs": {
                "batter": 0,
                "extras": 0,
                "total": 0
              }
            },
            {
              "batter": "KNM Fernando",
              "bowler": "DS Thilakaratne",
              "non_striker": "L Croospulle",
              "runs": {
                "batter": 1,
                "extras": 0,
                "total": 1
              }
            },
            {
              "batter": "L Croospulle",
              "bowler": "DS Thilakaratne",
              "non_striker": "KNM Fernando",
              "runs": {
                "batter": 1,
                "extras": 0,
                "total": 1
              }
            },
            {
              "batter": "KNM Fernando",
              "bowler": "DS Thilakaratne",
              "non_striker": "L Croospulle",
              "runs": {
                "batter": 1,
                "extras": 0,
                "total": 1
              }
            }
          ]
        },
        {
          "over": 3,
          "deliveries": [
            {
              "batter": "KNM Fernando",
              "bowler": "HH Ramanayake",
              "non_striker": "L Croospulle",
              "runs": {
                "batter": 2,
                "extras": 0,
                "total": 2
              }
            },
            {
              "batter": "KNM Fernando",
              "bowler": "HH Ramanayake",
              "non_striker": "L Croospulle",
              "runs": {
                "batter": 4,
                "extras": 0,
                "total": 4
              }
            },
            {
              "batter": "KNM Fernando",
              "bowler": "HH Ramanayake",
              "non_striker": "L Croospulle",
              "runs": {
                "batter": 6,
                "extras": 0,
                "total": 6
              }
            },
            {
              "batter": "KNM Fernando",
              "bowler": "HH Ramanayake",
              "non_striker": "L Croospulle",
              "runs": {
                "batter": 6,
                "extras": 0,
                "total": 6
              }
            },
            {
              "batter": "KNM Fernando",
              "bowler": "HH Ramanayake",
              "non_striker": "L Croospulle",
              "runs": {
                "batter": 1,
                "extras": 0,
                "total": 1
              }
            },
            {
              "batter": "L Croospulle",
              "bowler": "HH Ramanayake",
              "non_striker": "KNM Fernando",
              "runs": {
                "batter": 0,
                "extras": 0,
                "total": 0
              }
            }
          ]
        },
        {
          "over": 4,
          "deliveries": [
            {
              "batter": "KNM Fernando",
              "bowler": "DS Thilakaratne",
              "non_striker": "L Croospulle",
              "runs": {
                "batter": 0,
                "extras": 0,
                "total": 0
              },
              "wickets": [
                {
                  "player_out": "KNM Fernando",
                  "fielders": [
                    {
                      "name": "HMCB Jayathilake"
                    }
                  ],
                  "kind": "caught"
                }
              ]
            },
            {
              "batter": "P Pathiraja",
              "bowler": "DS Thilakaratne",
              "non_striker": "L Croospulle",
              "runs": {
                "batter": 0,
                "extras": 0,
                "total": 0
              }
            },
            {
              "batter": "P Pathiraja",
              "bowler": "DS Thilakaratne",
              "non_striker": "L Croospulle",
              "runs": {
                "batter": 0,
                "extras": 0,
                "total": 0
              }
            },
            {
              "batter": "P Pathiraja",
              "bowler": "DS Thilakaratne",
              "non_striker": "L Croospulle",
              "runs": {
                "batter": 0,
                "extras": 0,
                "total": 0
              }
            },
            {
              "batter": "P Pathiraja",
              "bowler": "DS Thilakaratne",
              "non_striker": "L Croospulle",
              "runs": {
                "batter": 0,
                "extras": 0,
                "total": 0
              }
            },
            {
              "batter": "P Pathiraja",
              "bowler": "DS Thilakaratne",
              "non_striker": "L Croospulle",
              "runs": {
                "batter": 4,
                "extras": 0,
                "total": 4
              }
            }
          ]
        },
        {
          "over": 5,
          "deliveries": [
            {
              "batter": "L Croospulle",
              "bowler": "RPN Priyadarshana",
              "non_striker": "P Pathiraja",
              "runs": {
                "batter": 1,
                "extras": 0,
                "total": 1
              }
            },
            {
              "batter": "P Pathiraja",
              "bowler": "RPN Priyadarshana",
              "non_striker": "L Croospulle",
              "runs": {
                "batter": 1,
                "extras": 0,
                "total": 1
              }
            },
            {
              "batter": "L Croospulle",
              "bowler": "RPN Priyadarshana",
              "non_striker": "P Pathiraja",
              "runs": {
                "batter": 4,
                "extras": 0,
                "total": 4
              }
            },
            {
              "batter": "L Croospulle",
              "bowler": "RPN Priyadarshana",
              "non_striker": "P Pathiraja",
              "runs": {
                "batter": 1,
                "extras": 0,
                "total": 1
              }
            },
            {
              "batter": "P Pathiraja",
              "bowler": "RPN Priyadarshana",
              "non_striker": "L Croospulle",
              "runs": {
                "batter": 0,
                "extras": 0,
                "total": 0
              }
            },
            {
              "batter": "P Pathiraja",
              "bowler": "RPN Priyadarshana",
              "non_striker": "L Croospulle",
              "runs": {
                "batter": 1,
                "extras": 0,
                "total": 1
              }
            }
          ]
        },
        {
          "over": 6,
          "deliveries": [
            {
              "batter": "P Pathiraja",
              "bowler": "D Induwara",
              "non_striker": "L Croospulle",
              "runs": {
                "batter": 2,
                "extras": 0,
                "total": 2
              }
            },
            {
              "batter": "P Pathiraja",
              "bowler": "D Induwara",
              "extras": {
                "wides": 1
              },
              "non_striker": "L Croospulle",
              "runs": {
                "batter": 0,
                "extras": 1,
                "total": 1
              }
            },
            {
              "batter": "P Pathiraja",
              "bowler": "D Induwara",
              "non_striker": "L Croospulle",
              "runs": {
                "batter": 4,
                "extras": 0,
                "total": 4
              }
            },
            {
              "batter": "P Pathiraja",
              "bowler": "D Induwara",
              "extras": {
                "noballs": 1
              },
              "non_striker": "L Croospulle",
              "runs": {
                "batter": 1,
                "extras": 1,
                "total": 2
              }
            },
            {
              "batter": "L Croospulle",
              "bowler": "D Induwara",
              "non_striker": "P Pathiraja",
              "runs": {
                "batter": 1,
                "extras": 0,
                "total": 1
              }
            },
            {
              "batter": "P Pathiraja",
              "bowler": "D Induwara",
              "non_striker": "L Croospulle",
              "runs": {
                "batter": 1,
                "extras": 0,
                "total": 1
              }
            },
            {
              "batter": "L Croospulle",
              "bowler": "D Induwara",
              "non_striker": "P Pathiraja",
              "runs": {
                "batter": 1,
                "extras": 0,
                "total": 1
              }
            },
            {
              "batter": "P Pathiraja",
              "bowler": "D Induwara",
              "non_striker": "L Croospulle",
              "runs": {
                "batter": 0,
                "extras": 0,
                "total": 0
              }
            }
          ]
        },
        {
          "over": 7,
          "deliveries": [
            {
              "batter": "L Croospulle",
              "bowler": "RPN Priyadarshana",
              "non_striker": "P Pathiraja",
              "runs": {
                "batter": 1,
                "extras": 0,
                "total": 1
              }
            },
            {
              "batter": "P Pathiraja",
              "bowler": "RPN Priyadarshana",
              "non_striker": "L Croospulle",
              "runs": {
                "batter": 1,
                "extras": 0,
                "total": 1
              }
            },
            {
              "batter": "L Croospulle",
              "bowler": "RPN Priyadarshana",
              "non_striker": "P Pathiraja",
              "runs": {
                "batter": 1,
                "extras": 0,
                "total": 1
              }
            },
            {
              "batter": "P Pathiraja",
              "bowler": "RPN Priyadarshana",
              "non_striker": "L Croospulle",
              "runs": {
                "batter": 0,
                "extras": 0,
                "total": 0
              }
            },
            {
              "batter": "P Pathiraja",
              "bowler": "RPN Priyadarshana",
              "non_striker": "L Croospulle",
              "runs": {
                "batter": 4,
                "extras": 0,
                "total": 4
              }
            },
            {
              "batter": "P Pathiraja",
              "bowler": "RPN Priyadarshana",
              "non_striker": "L Croospulle",
              "runs": {
                "batter": 0,
                "extras": 0,
                "total": 0
              }
            }
          ]
        },
        {
          "over": 8,
          "deliveries": [
            {
              "batter": "L Croospulle",
              "bowler": "N Pradeep",
              "non_striker": "P Pathiraja",
              "runs": {
                "batter": 0,
                "extras": 0,
                "total": 0
              }
            },
            {
              "batter": "L Croospulle",
              "bowler": "N Pradeep",
              "non_striker": "P Pathiraja",
              "runs": {
                "batter": 4,
                "extras": 0,
                "total": 4
              }
            },
            {
              "batter": "L Croospulle",
              "bowler": "N Pradeep",
              "non_striker": "P Pathiraja",
              "runs": {
                "batter": 1,
                "extras": 0,
                "total": 1
              }
            },
            {
              "batter": "P Pathiraja",
              "bowler": "N Pradeep",
              "non_striker": "L Croospulle",
              "runs": {
                "batter": 1,
                "extras": 0,
                "total": 1
              }
            },
            {
              "batter": "L Croospulle",
              "bowler": "N Pradeep",
              "non_striker": "P Pathiraja",
              "runs": {
                "batter": 1,
                "extras": 0,
                "total": 1
              }
            },
            {
              "batter": "P Pathiraja",
              "bowler": "N Pradeep",
              "non_striker": "L Croospulle",
              "runs": {
                "batter": 1,
                "extras": 0,
                "total": 1
              }
            }
          ]
        },
        {
          "over": 9,
          "deliveries": [
            {
              "batter": "P Pathiraja",
              "bowler": "PHS Madushanka",
              "non_striker": "L Croospulle",
              "runs": {
                "batter": 1,
                "extras": 0,
                "total": 1
              }
            },
            {
              "batter": "L Croospulle",
              "bowler": "PHS Madushanka",
              "non_striker": "P Pathiraja",
              "runs": {
                "batter": 1,
                "extras": 0,
                "total": 1
              }
            },
            {
              "batter": "P Pathiraja",
              "bowler": "PHS Madushanka",
              "non_striker": "L Croospulle",
              "runs": {
                "batter": 1,
                "extras": 0,
                "total": 1
              }
            },
            {
              "batter": "L Croospulle",
              "bowler": "PHS Madushanka",
              "non_striker": "P Pathiraja",
              "runs": {
                "batter": 4,
                "extras": 0,
                "total": 4
              }
            },
            {
              "batter": "L Croospulle",
              "bowler": "PHS Madushanka",
              "non_striker": "P Pathiraja",
              "runs": {
                "batter": 0,
                "extras": 0,
                "total": 0
              }
            },
            {
              "batter": "L Croospulle",
              "bowler": "PHS Madushanka",
              "non_striker": "P Pathiraja",
              "runs": {
                "batter": 0,
                "extras": 0,
                "total": 0
              }
            }
          ]
        },
        {
          "over": 10,
          "deliveries": [
            {
              "batter": "P Pathiraja",
              "bowler": "DS Thilakaratne",
              "non_striker": "L Croospulle",
              "runs": {
                "batter": 0,
                "extras": 0,
                "total": 0
              }
            },
            {
              "batter": "P Pathiraja",
              "bowler": "DS Thilakaratne",
              "non_striker": "L Croospulle",
              "runs": {
                "batter": 0,
                "extras": 0,
                "total": 0
              }
            },
            {
              "batter": "P Pathiraja",
              "bowler": "DS Thilakaratne",
              "non_striker": "L Croospulle",
              "runs": {
                "batter": 1,
                "extras": 0,
                "total": 1
              }
            },
            {
              "batter": "L Croospulle",
              "bowler": "DS Thilakaratne",
              "non_striker": "P Pathiraja",
              "runs": {
                "batter": 1,
                "extras": 0,
                "total": 1
              }
            },
            {
              "batter": "P Pathiraja",
              "bowler": "DS Thilakaratne",
              "non_striker": "L Croospulle",
              "runs": {
                "batter": 4,
                "extras": 0,
                "total": 4
              }
            },
            {
              "batter": "P Pathiraja",
              "bowler": "DS Thilakaratne",
              "non_striker": "L Croospulle",
              "runs": {
                "batter": 0,
                "extras": 0,
                "total": 0
              }
            }
          ]
        },
        {
          "over": 11,
          "deliveries": [
            {
              "batter": "L Croospulle",
              "bowler": "RPN Priyadarshana",
              "non_striker": "P Pathiraja",
              "runs": {
                "batter": 1,
                "extras": 0,
                "total": 1
              }
            },
            {
              "batter": "P Pathiraja",
              "bowler": "RPN Priyadarshana",
              "non_striker": "L Croospulle",
              "runs": {
                "batter": 1,
                "extras": 0,
                "total": 1
              }
            },
            {
              "batter": "L Croospulle",
              "bowler": "RPN Priyadarshana",
              "non_striker": "P Pathiraja",
              "runs": {
                "batter": 4,
                "extras": 0,
                "total": 4
              }
            },
            {
              "batter": "L Croospulle",
              "bowler": "RPN Priyadarshana",
              "non_striker": "P Pathiraja",
              "runs": {
                "batter": 6,
                "extras": 0,
                "total": 6
              }
            },
            {
              "batter": "L Croospulle",
              "bowler": "RPN Priyadarshana",
              "non_striker": "P Pathiraja",
              "runs": {
                "batter": 0,
                "extras": 0,
                "total": 0
              }
            },
            {
              "batter": "L Croospulle",
              "bowler": "RPN Priyadarshana",
              "non_striker": "P Pathiraja",
              "runs": {
                "batter": 2,
                "extras": 0,
                "total": 2
              }
            }
          ]
        },
        {
          "over": 12,
          "deliveries": [
            {
              "batter": "P Pathiraja",
              "bowler": "PHS Madushanka",
              "non_striker": "L Croospulle",
              "runs": {
                "batter": 1,
                "extras": 0,
                "total": 1
              }
            },
            {
              "batter": "L Croospulle",
              "bowler": "PHS Madushanka",
              "non_striker": "P Pathiraja",
              "runs": {
                "batter": 2,
                "extras": 0,
                "total": 2
              }
            },
            {
              "batter": "L Croospulle",
              "bowler": "PHS Madushanka",
              "non_striker": "P Pathiraja",
              "runs": {
                "batter": 0,
                "extras": 0,
                "total": 0
              }
            },
            {
              "batter": "L Croospulle",
              "bowler": "PHS Madushanka",
              "non_striker": "P Pathiraja",
              "runs": {
                "batter": 1,
                "extras": 0,
                "total": 1
              }
            },
            {
              "batter": "P Pathiraja",
              "bowler": "PHS Madushanka",
              "non_striker": "L Croospulle",
              "runs": {
                "batter": 1,
                "extras": 0,
                "total": 1
              }
            },
            {
              "batter": "L Croospulle",
              "bowler": "PHS Madushanka",
              "non_striker": "P Pathiraja",
              "runs": {
                "batter": 6,
                "extras": 0,
                "total": 6
              }
            }
          ]
        },
        {
          "over": 13,
          "deliveries": [
            {
              "batter": "P Pathiraja",
              "bowler": "HH Ramanayake",
              "non_striker": "L Croospulle",
              "runs": {
                "batter": 0,
                "extras": 0,
                "total": 0
              }
            },
            {
              "batter": "P Pathiraja",
              "bowler": "HH Ramanayake",
              "extras": {
                "wides": 1
              },
              "non_striker": "L Croospulle",
              "runs": {
                "batter": 0,
                "extras": 1,
                "total": 1
              }
            },
            {
              "batter": "P Pathiraja",
              "bowler": "HH Ramanayake",
              "non_striker": "L Croospulle",
              "runs": {
                "batter": 4,
                "extras": 0,
                "total": 4
              }
            },
            {
              "batter": "P Pathiraja",
              "bowler": "HH Ramanayake",
              "non_striker": "L Croospulle",
              "runs": {
                "batter": 0,
                "extras": 0,
                "total": 0
              }
            },
            {
              "batter": "P Pathiraja",
              "bowler": "HH Ramanayake",
              "non_striker": "L Croospulle",
              "runs": {
                "batter": 4,
                "extras": 0,
                "total": 4
              }
            },
            {
              "batter": "P Pathiraja",
              "bowler": "HH Ramanayake",
              "non_striker": "L Croospulle",
              "runs": {
                "batter": 2,
                "extras": 0,
                "total": 2
              }
            },
            {
              "batter": "P Pathiraja",
              "bowler": "HH Ramanayake",
              "non_striker": "L Croospulle",
              "runs": {
                "batter": 1,
                "extras": 0,
                "total": 1
              }
            }
          ]
        },
        {
          "over": 14,
          "deliveries": [
            {
              "batter": "P Pathiraja",
              "bowler": "PHS Madushanka",
              "extras": {
                "wides": 1
              },
              "non_striker": "L Croospulle",
              "runs": {
                "batter": 0,
                "extras": 1,
                "total": 1
              }
            },
            {
              "batter": "P Pathiraja",
              "bowler": "PHS Madushanka",
              "non_striker": "L Croospulle",
              "runs": {
                "batter": 1,
                "extras": 0,
                "total": 1
              }
            },
            {
              "batter": "L Croospulle",
              "bowler": "PHS Madushanka",
              "non_striker": "P Pathiraja",
              "runs": {
                "batter": 1,
                "extras": 0,
                "total": 1
              }
            },
            {
              "batter": "P Pathiraja",
              "bowler": "PHS Madushanka",
              "non_striker": "L Croospulle",
              "runs": {
                "batter": 1,
                "extras": 0,
                "total": 1
              }
            },
            {
              "batter": "L Croospulle",
              "bowler": "PHS Madushanka",
              "non_striker": "P Pathiraja",
              "runs": {
                "batter": 0,
                "extras": 0,
                "total": 0
              },
              "wickets": [
                {
                  "player_out": "L Croospulle",
                  "fielders": [
                    {
                      "name": "HMCB Jayathilake"
                    }
                  ],
                  "kind": "caught"
                }
              ]
            },
            {
              "batter": "Pawan Sandesh",
              "bowler": "PHS Madushanka",
              "non_striker": "P Pathiraja",
              "runs": {
                "batter": 0,
                "extras": 0,
                "total": 0
              }
            },
            {
              "batter": "Pawan Sandesh",
              "bowler": "PHS Madushanka",
              "non_striker": "P Pathiraja",
              "runs": {
                "batter": 1,
                "extras": 0,
                "total": 1
              }
            }
          ]
        },
        {
          "over": 15,
          "deliveries": [
            {
              "batter": "Pawan Sandesh",
              "bowler": "RPN Priyadarshana",
              "extras": {
                "wides": 1
              },
              "non_striker": "P Pathiraja",
              "runs": {
                "batter": 0,
                "extras": 1,
                "total": 1
              }
            },
            {
              "batter": "Pawan Sandesh",
              "bowler": "RPN Priyadarshana",
              "non_striker": "P Pathiraja",
              "runs": {
                "batter": 0,
                "extras": 0,
                "total": 0
              },
              "wickets": [
                {
                  "player_out": "Pawan Sandesh",
                  "fielders": [
                    {
                      "name": "N Balasooriya"
                    }
                  ],
                  "kind": "caught"
                }
              ]
            },
            {
              "batter": "C Wijesinghe",
              "bowler": "RPN Priyadarshana",
              "non_striker": "P Pathiraja",
              "runs": {
                "batter": 1,
                "extras": 0,
                "total": 1
              }
            },
            {
              "batter": "P Pathiraja",
              "bowler": "RPN Priyadarshana",
              "non_striker": "C Wijesinghe",
              "runs": {
                "batter": 1,
                "extras": 0,
                "total": 1
              }
            },
            {
              "batter": "C Wijesinghe",
              "bowler": "RPN Priyadarshana",
              "non_striker": "P Pathiraja",
              "runs": {
                "batter": 1,
                "extras": 0,
                "total": 1
              }
            },
            {
              "batter": "P Pathiraja",
              "bowler": "RPN Priyadarshana",
              "non_striker": "C Wijesinghe",
              "runs": {
                "batter": 1,
                "extras": 0,
                "total": 1
              }
            },
            {
              "batter": "C Wijesinghe",
              "bowler": "RPN Priyadarshana",
              "non_striker": "P Pathiraja",
              "runs": {
                "batter": 2,
                "extras": 0,
                "total": 2
              }
            }
          ]
        },
        {
          "over": 16,
          "deliveries": [
            {
              "batter": "P Pathiraja",
              "bowler": "PHS Madushanka",
              "non_striker": "C Wijesinghe",
              "runs": {
                "batter": 0,
                "extras": 0,
                "total": 0
              }
            },
            {
              "batter": "P Pathiraja",
              "bowler": "PHS Madushanka",
              "non_striker": "C Wijesinghe",
              "runs": {
                "batter": 0,
                "extras": 0,
                "total": 0
              },
              "wickets": [
                {
                  "player_out": "P Pathiraja",
                  "fielders": [
                    {
                      "name": "MDKJ Perera"
                    }
                  ],
                  "kind": "stumped"
                }
              ]
            },
            {
              "batter": "PC de Silva",
              "bowler": "PHS Madushanka",
              "non_striker": "C Wijesinghe",
              "runs": {
                "batter": 0,
                "extras": 0,
                "total": 0
              },
              "wickets": [
                {
                  "player_out": "PC de Silva",
                  "fielders": [
                    {
                      "name": "MDKJ Perera"
                    }
                  ],
                  "kind": "stumped"
                }
              ]
            },
            {
              "batter": "I Udana",
              "bowler": "PHS Madushanka",
              "non_striker": "C Wijesinghe",
              "runs": {
                "batter": 0,
                "extras": 0,
                "total": 0
              },
              "wickets": [
                {
                  "player_out": "I Udana",
                  "kind": "lbw"
                }
              ]
            },
            {
              "batter": "SMA Priyanjan",
              "bowler": "PHS Madushanka",
              "non_striker": "C Wijesinghe",
              "runs": {
                "batter": 0,
                "extras": 0,
                "total": 0
              }
            },
            {
              "batter": "SMA Priyanjan",
              "bowler": "PHS Madushanka",
              "non_striker": "C Wijesinghe",
              "runs": {
                "batter": 1,
                "extras": 0,
                "total": 1
              }
            }
          ]
        },
        {
          "over": 17,
          "deliveries": [
            {
              "batter": "SMA Priyanjan",
              "bowler": "N Pradeep",
              "non_striker": "C Wijesinghe",
              "runs": {
                "batter": 2,
                "extras": 0,
                "total": 2
              }
            },
            {
              "batter": "SMA Priyanjan",
              "bowler": "N Pradeep",
              "non_striker": "C Wijesinghe",
              "runs": {
                "batter": 1,
                "extras": 0,
                "total": 1
              }
            },
            {
              "batter": "C Wijesinghe",
              "bowler": "N Pradeep",
              "non_striker": "SMA Priyanjan",
              "runs": {
                "batter": 2,
                "extras": 0,
                "total": 2
              }
            },
            {
              "batter": "C Wijesinghe",
              "bowler": "N Pradeep",
              "non_striker": "SMA Priyanjan",
              "runs": {
                "batter": 1,
                "extras": 0,
                "total": 1
              }
            },
            {
              "batter": "SMA Priyanjan",
              "bowler": "N Pradeep",
              "non_striker": "C Wijesinghe",
              "runs": {
                "batter": 0,
                "extras": 0,
                "total": 0
              },
              "wickets": [
                {
                  "player_out": "SMA Priyanjan",
                  "fielders": [
                    {
                      "name": "N Balasooriya"
                    }
                  ],
                  "kind": "caught"
                }
              ]
            },
            {
              "batter": "D Ranatunga",
              "bowler": "N Pradeep",
              "non_striker": "C Wijesinghe",
              "runs": {
                "batter": 1,
                "extras": 0,
                "total": 1
              }
            }
          ]
        },
        {
          "over": 18,
          "deliveries": [
            {
              "batter": "D Ranatunga",
              "bowler": "DS Thilakaratne",
              "non_striker": "C Wijesinghe",
              "runs": {
                "batter": 1,
                "extras": 0,
                "total": 1
              }
            },
            {
              "batter": "C Wijesinghe",
              "bowler": "DS Thilakaratne",
              "non_striker": "D Ranatunga",
              "runs": {
                "batter": 1,
                "extras": 0,
                "total": 1
              }
            },
            {
              "batter": "D Ranatunga",
              "bowler": "DS Thilakaratne",
              "non_striker": "C Wijesinghe",
              "runs": {
                "batter": 0,
                "extras": 0,
                "total": 0
              }
            },
            {
              "batter": "D Ranatunga",
              "bowler": "DS Thilakaratne",
              "non_striker": "C Wijesinghe",
              "runs": {
                "batter": 0,
                "extras": 0,
                "total": 0
              }
            },
            {
              "batter": "D Ranatunga",
              "bowler": "DS Thilakaratne",
              "non_striker": "C Wijesinghe",
              "runs": {
                "batter": 1,
                "extras": 0,
                "total": 1
              }
            },
            {
              "batter": "C Wijesinghe",
              "bowler": "DS Thilakaratne",
              "non_striker": "D Ranatunga",
              "runs": {
                "batter": 1,
                "extras": 0,
                "total": 1
              }
            }
          ]
        },
        {
          "over": 19,
          "deliveries": [
            {
              "batter": "C Wijesinghe",
              "bowler": "N Pradeep",
              "non_striker": "D Ranatunga",
              "runs": {
                "batter": 2,
                "extras": 0,
                "total": 2
              }
            },
            {
              "batter": "C Wijesinghe",
              "bowler": "N Pradeep",
              "non_striker": "D Ranatunga",
              "runs": {
                "batter": 0,
                "extras": 0,
                "total": 0
              }
            },
            {
              "batter": "C Wijesinghe",
              "bowler": "N Pradeep",
              "non_striker": "D Ranatunga",
              "runs": {
                "batter": 6,
                "extras": 0,
                "total": 6
              }
            },
            {
              "batter": "C Wijesinghe",
              "bowler": "N Pradeep",
              "non_striker": "D Ranatunga",
              "runs": {
                "batter": 4,
                "extras": 0,
                "total": 4
              }
            },
            {
              "batter": "C Wijesinghe",
              "bowler": "N Pradeep",
              "non_striker": "D Ranatunga",
              "runs": {
                "batter": 6,
                "extras": 0,
                "total": 6
              }
            },
            {
              "batter": "C Wijesinghe",
              "bowler": "N Pradeep",
              "extras": {
                "wides": 1
              },
              "non_striker": "D Ranatunga",
              "runs": {
                "batter": 0,
                "extras": 1,
                "total": 1
              }
            },
            {
              "batter": "C Wijesinghe",
              "bowler": "N Pradeep",
              "extras": {
                "wides": 1
              },
              "non_striker": "D Ranatunga",
              "runs": {
                "batter": 0,
                "extras": 1,
                "total": 1
              }
            },
            {
              "batter": "C Wijesinghe",
              "bowler": "N Pradeep",
              "non_striker": "D Ranatunga",
              "runs": {
                "batter": 2,
                "extras": 0,
                "total": 2
              }
            }
          ]
        }
      ],
      "powerplays": [
        {
          "from": 0.1,
          "to": 5.6,
          "type": "mandatory"
        }
      ]
    },
    {
      "team": "Police Sports Club",
      "overs": [
        {
          "over": 0,
          "deliveries": [
            {
              "batter": "HMCB Jayathilake",
              "bowler": "I Udana",
              "non_striker": "MDKJ Perera",
              "runs": {
                "batter": 0,
                "extras": 0,
                "total": 0
              }
            },
            {
              "batter": "HMCB Jayathilake",
              "bowler": "I Udana",
              "non_striker": "MDKJ Perera",
              "runs": {
                "batter": 4,
                "extras": 0,
                "total": 4
              }
            },
            {
              "batter": "HMCB Jayathilake",
              "bowler": "I Udana",
              "non_striker": "MDKJ Perera",
              "runs": {
                "batter": 0,
                "extras": 0,
                "total": 0
              }
            },
            {
              "batter": "HMCB Jayathilake",
              "bowler": "I Udana",
              "non_striker": "MDKJ Perera",
              "runs": {
                "batter": 4,
                "extras": 0,
                "total": 4
              }
            },
            {
              "batter": "HMCB Jayathilake",
              "bowler": "I Udana",
              "non_striker": "MDKJ Perera",
              "runs": {
                "batter": 0,
                "extras": 0,
                "total": 0
              }
            },
            {
              "batter": "HMCB Jayathilake",
              "bowler": "I Udana",
              "extras": {
                "wides": 1
              },
              "non_striker": "MDKJ Perera",
              "runs": {
                "batter": 0,
                "extras": 1,
                "total": 1
              }
            },
            {
              "batter": "HMCB Jayathilake",
              "bowler": "I Udana",
              "non_striker": "MDKJ Perera",
              "runs": {
                "batter": 4,
                "extras": 0,
                "total": 4
              }
            }
          ]
        },
        {
          "over": 1,
          "deliveries": [
            {
              "batter": "MDKJ Perera",
              "bowler": "SMA Priyanjan",
              "non_striker": "HMCB Jayathilake",
              "runs": {
                "batter": 0,
                "extras": 0,
                "total": 0
              }
            },
            {
              "batter": "MDKJ Perera",
              "bowler": "SMA Priyanjan",
              "non_striker": "HMCB Jayathilake",
              "runs": {
                "batter": 0,
                "extras": 0,
                "total": 0
              }
            },
            {
              "batter": "MDKJ Perera",
              "bowler": "SMA Priyanjan",
              "non_striker": "HMCB Jayathilake",
              "runs": {
                "batter": 0,
                "extras": 0,
                "total": 0
              }
            },
            {
              "batter": "MDKJ Perera",
              "bowler": "SMA Priyanjan",
              "non_striker": "HMCB Jayathilake",
              "runs": {
                "batter": 1,
                "extras": 0,
                "total": 1
              }
            },
            {
              "batter": "HMCB Jayathilake",
              "bowler": "SMA Priyanjan",
              "non_striker": "MDKJ Perera",
              "runs": {
                "batter": 1,
                "extras": 0,
                "total": 1
              }
            },
            {
              "batter": "MDKJ Perera",
              "bowler": "SMA Priyanjan",
              "non_striker": "HMCB Jayathilake",
              "runs": {
                "batter": 0,
                "extras": 0,
                "total": 0
              }
            }
          ]
        },
        {
          "over": 2,
          "deliveries": [
            {
              "batter": "HMCB Jayathilake",
              "bowler": "MVT Fernando",
              "extras": {
                "wides": 1
              },
              "non_striker": "MDKJ Perera",
              "runs": {
                "batter": 0,
                "extras": 1,
                "total": 1
              }
            },
            {
              "batter": "HMCB Jayathilake",
              "bowler": "MVT Fernando",
              "non_striker": "MDKJ Perera",
              "runs": {
                "batter": 0,
                "extras": 0,
                "total": 0
              }
            },
            {
              "batter": "HMCB Jayathilake",
              "bowler": "MVT Fernando",
              "extras": {
                "wides": 1
              },
              "non_striker": "MDKJ Perera",
              "runs": {
                "batter": 0,
                "extras": 1,
                "total": 1
              }
            },
            {
              "batter": "HMCB Jayathilake",
              "bowler": "MVT Fernando",
              "non_striker": "MDKJ Perera",
              "runs": {
                "batter": 0,
                "extras": 0,
                "total": 0
              }
            },
            {
              "batter": "HMCB Jayathilake",
              "bowler": "MVT Fernando",
              "non_striker": "MDKJ Perera",
              "runs": {
                "batter": 4,
                "extras": 0,
                "total": 4
              }
            },
            {
              "batter": "HMCB Jayathilake",
              "bowler": "MVT Fernando",
              "non_striker": "MDKJ Perera",
              "runs": {
                "batter": 0,
                "extras": 0,
                "total": 0
              }
            },
            {
              "batter": "HMCB Jayathilake",
              "bowler": "MVT Fernando",
              "non_striker": "MDKJ Perera",
              "runs": {
                "batter": 4,
                "extras": 0,
                "total": 4
              }
            },
            {
              "batter": "HMCB Jayathilake",
              "bowler": "MVT Fernando",
              "non_striker": "MDKJ Perera",
              "runs": {
                "batter": 4,
                "extras": 0,
                "total": 4
              }
            }
          ]
        },
        {
          "over": 3,
          "deliveries": [
            {
              "batter": "MDKJ Perera",
              "bowler": "SMA Priyanjan",
              "non_striker": "HMCB Jayathilake",
              "runs": {
                "batter": 4,
                "extras": 0,
                "total": 4
              }
            },
            {
              "batter": "MDKJ Perera",
              "bowler": "SMA Priyanjan",
              "non_striker": "HMCB Jayathilake",
              "runs": {
                "batter": 6,
                "extras": 0,
                "total": 6
              }
            },
            {
              "batter": "MDKJ Perera",
              "bowler": "SMA Priyanjan",
              "non_striker": "HMCB Jayathilake",
              "runs": {
                "batter": 1,
                "extras": 0,
                "total": 1
              }
            },
            {
              "batter": "HMCB Jayathilake",
              "bowler": "SMA Priyanjan",
              "non_striker": "MDKJ Perera",
              "runs": {
                "batter": 0,
                "extras": 0,
                "total": 0
              },
              "wickets": [
                {
                  "player_out": "HMCB Jayathilake",
                  "kind": "lbw"
                }
              ]
            },
            {
              "batter": "D Induwara",
              "bowler": "SMA Priyanjan",
              "non_striker": "MDKJ Perera",
              "runs": {
                "batter": 0,
                "extras": 0,
                "total": 0
              },
              "wickets": [
                {
                  "player_out": "D Induwara",
                  "kind": "lbw"
                }
              ]
            },
            {
              "batter": "H Dhanushka",
              "bowler": "SMA Priyanjan",
              "non_striker": "MDKJ Perera",
              "runs": {
                "batter": 0,
                "extras": 0,
                "total": 0
              }
            }
          ]
        },
        {
          "over": 4,
          "deliveries": [
            {
              "batter": "MDKJ Perera",
              "bowler": "MVT Fernando",
              "non_striker": "H Dhanushka",
              "runs": {
                "batter": 0,
                "extras": 0,
                "total": 0
              }
            },
            {
              "batter": "MDKJ Perera",
              "bowler": "MVT Fernando",
              "non_striker": "H Dhanushka",
              "runs": {
                "batter": 0,
                "extras": 0,
                "total": 0
              },
              "wickets": [
                {
                  "player_out": "MDKJ Perera",
                  "fielders": [
                    {
                      "name": "D Ranatunga"
                    }
                  ],
                  "kind": "caught"
                }
              ]
            },
            {
              "batter": "LPC Silva",
              "bowler": "MVT Fernando",
              "non_striker": "H Dhanushka",
              "runs": {
                "batter": 0,
                "extras": 0,
                "total": 0
              }
            },
            {
              "batter": "LPC Silva",
              "bowler": "MVT Fernando",
              "non_striker": "H Dhanushka",
              "runs": {
                "batter": 0,
                "extras": 0,
                "total": 0
              }
            },
            {
              "batter": "LPC Silva",
              "bowler": "MVT Fernando",
              "non_striker": "H Dhanushka",
              "runs": {
                "batter": 0,
                "extras": 0,
                "total": 0
              }
            },
            {
              "batter": "LPC Silva",
              "bowler": "MVT Fernando",
              "extras": {
                "wides": 1
              },
              "non_striker": "H Dhanushka",
              "runs": {
                "batter": 0,
                "extras": 1,
                "total": 1
              }
            },
            {
              "batter": "LPC Silva",
              "bowler": "MVT Fernando",
              "non_striker": "H Dhanushka",
              "runs": {
                "batter": 1,
                "extras": 0,
                "total": 1
              }
            }
          ]
        },
        {
          "over": 5,
          "deliveries": [
            {
              "batter": "LPC Silva",
              "bowler": "C Wijesinghe",
              "non_striker": "H Dhanushka",
              "runs": {
                "batter": 4,
                "extras": 0,
                "total": 4
              }
            },
            {
              "batter": "LPC Silva",
              "bowler": "C Wijesinghe",
              "non_striker": "H Dhanushka",
              "runs": {
                "batter": 4,
                "extras": 0,
                "total": 4
              }
            },
            {
              "batter": "LPC Silva",
              "bowler": "C Wijesinghe",
              "non_striker": "H Dhanushka",
              "runs": {
                "batter": 0,
                "extras": 0,
                "total": 0
              }
            },
            {
              "batter": "LPC Silva",
              "bowler": "C Wijesinghe",
              "non_striker": "H Dhanushka",
              "runs": {
                "batter": 0,
                "extras": 0,
                "total": 0
              }
            },
            {
              "batter": "LPC Silva",
              "bowler": "C Wijesinghe",
              "extras": {
                "wides": 1
              },
              "non_striker": "H Dhanushka",
              "runs": {
                "batter": 0,
                "extras": 1,
                "total": 1
              }
            },
            {
              "batter": "LPC Silva",
              "bowler": "C Wijesinghe",
              "non_striker": "H Dhanushka",
              "runs": {
                "batter": 0,
                "extras": 0,
                "total": 0
              }
            },
            {
              "batter": "LPC Silva",
              "bowler": "C Wijesinghe",
              "non_striker": "H Dhanushka",
              "runs": {
                "batter": 4,
                "extras": 0,
                "total": 4
              }
            }
          ]
        },
        {
          "over": 6,
          "deliveries": [
            {
              "batter": "H Dhanushka",
              "bowler": "I Udana",
              "non_striker": "LPC Silva",
              "runs": {
                "batter": 1,
                "extras": 0,
                "total": 1
              }
            },
            {
              "batter": "LPC Silva",
              "bowler": "I Udana",
              "non_striker": "H Dhanushka",
              "runs": {
                "batter": 1,
                "extras": 0,
                "total": 1
              }
            },
            {
              "batter": "H Dhanushka",
              "bowler": "I Udana",
              "non_striker": "LPC Silva",
              "runs": {
                "batter": 0,
                "extras": 0,
                "total": 0
              }
            },
            {
              "batter": "H Dhanushka",
              "bowler": "I Udana",
              "non_striker": "LPC Silva",
              "runs": {
                "batter": 0,
                "extras": 0,
                "total": 0
              }
            },
            {
              "batter": "H Dhanushka",
              "bowler": "I Udana",
              "non_striker": "LPC Silva",
              "runs": {
                "batter": 1,
                "extras": 0,
                "total": 1
              }
            },
            {
              "batter": "LPC Silva",
              "bowler": "I Udana",
              "non_striker": "H Dhanushka",
              "runs": {
                "batter": 1,
                "extras": 0,
                "total": 1
              }
            }
          ]
        },
        {
          "over": 7,
          "deliveries": [
            {
              "batter": "LPC Silva",
              "bowler": "PADLR Sandakan",
              "non_striker": "H Dhanushka",
              "runs": {
                "batter": 1,
                "extras": 0,
                "total": 1
              }
            },
            {
              "batter": "H Dhanushka",
              "bowler": "PADLR Sandakan",
              "non_striker": "LPC Silva",
              "runs": {
                "batter": 0,
                "extras": 0,
                "total": 0
              }
            },
            {
              "batter": "H Dhanushka",
              "bowler": "PADLR Sandakan",
              "non_striker": "LPC Silva",
              "runs": {
                "batter": 1,
                "extras": 0,
                "total": 1
              }
            },
            {
              "batter": "LPC Silva",
              "bowler": "PADLR Sandakan",
              "non_striker": "H Dhanushka",
              "runs": {
                "batter": 1,
                "extras": 0,
                "total": 1
              }
            },
            {
              "batter": "H Dhanushka",
              "bowler": "PADLR Sandakan",
              "non_striker": "LPC Silva",
              "runs": {
                "batter": 0,
                "extras": 0,
                "total": 0
              }
            },
            {
              "batter": "H Dhanushka",
              "bowler": "PADLR Sandakan",
              "non_striker": "LPC Silva",
              "runs": {
                "batter": 0,
                "extras": 0,
                "total": 0
              }
            }
          ]
        },
        {
          "over": 8,
          "deliveries": [
            {
              "batter": "LPC Silva",
              "bowler": "PC de Silva",
              "extras": {
                "legbyes": 1
              },
              "non_striker": "H Dhanushka",
              "runs": {
                "batter": 0,
                "extras": 1,
                "total": 1
              }
            },
            {
              "batter": "H Dhanushka",
              "bowler": "PC de Silva",
              "non_striker": "LPC Silva",
              "runs": {
                "batter": 0,
                "extras": 0,
                "total": 0
              }
            },
            {
              "batter": "H Dhanushka",
              "bowler": "PC de Silva",
              "non_striker": "LPC Silva",
              "runs": {
                "batter": 1,
                "extras": 0,
                "total": 1
              }
            },
            {
              "batter": "LPC Silva",
              "bowler": "PC de Silva",
              "non_striker": "H Dhanushka",
              "runs": {
                "batter": 1,
                "extras": 0,
                "total": 1
              }
            },
            {
              "batter": "H Dhanushka",
              "bowler": "PC de Silva",
              "non_striker": "LPC Silva",
              "runs": {
                "batter": 1,
                "extras": 0,
                "total": 1
              }
            },
            {
              "batter": "LPC Silva",
              "bowler": "PC de Silva",
              "non_striker": "H Dhanushka",
              "runs": {
                "batter": 0,
                "extras": 0,
                "total": 0
              }
            }
          ]
        },
        {
          "over": 9,
          "deliveries": [
            {
              "batter": "H Dhanushka",
              "bowler": "PADLR Sandakan",
              "non_striker": "LPC Silva",
              "runs": {
                "batter": 1,
                "extras": 0,
                "total": 1
              }
            },
            {
              "batter": "LPC Silva",
              "bowler": "PADLR Sandakan",
              "non_striker": "H Dhanushka",
              "runs": {
                "batter": 0,
                "extras": 0,
                "total": 0
              },
              "wickets": [
                {
                  "player_out": "LPC Silva",
                  "fielders": [
                    {
                      "name": "MVT Fernando"
                    }
                  ],
                  "kind": "caught"
                }
              ]
            },
            {
              "batter": "N Balasooriya",
              "bowler": "PADLR Sandakan",
              "non_striker": "H Dhanushka",
              "runs": {
                "batter": 1,
                "extras": 0,
                "total": 1
              }
            },
            {
              "batter": "H Dhanushka",
              "bowler": "PADLR Sandakan",
              "non_striker": "N Balasooriya",
              "runs": {
                "batter": 0,
                "extras": 0,
                "total": 0
              }
            },
            {
              "batter": "H Dhanushka",
              "bowler": "PADLR Sandakan",
              "non_striker": "N Balasooriya",
              "runs": {
                "batter": 0,
                "extras": 0,
                "total": 0
              }
            },
            {
              "batter": "H Dhanushka",
              "bowler": "PADLR Sandakan",
              "non_striker": "N Balasooriya",
              "runs": {
                "batter": 4,
                "extras": 0,
                "total": 4
              }
            }
          ]
        },
        {
          "over": 10,
          "deliveries": [
            {
              "batter": "N Balasooriya",
              "bowler": "PC de Silva",
              "non_striker": "H Dhanushka",
              "runs": {
                "batter": 0,
                "extras": 0,
                "total": 0
              }
            },
            {
              "batter": "N Balasooriya",
              "bowler": "PC de Silva",
              "non_striker": "H Dhanushka",
              "runs": {
                "batter": 0,
                "extras": 0,
                "total": 0
              }
            },
            {
              "batter": "N Balasooriya",
              "bowler": "PC de Silva",
              "non_striker": "H Dhanushka",
              "runs": {
                "batter": 4,
                "extras": 0,
                "total": 4
              }
            },
            {
              "batter": "N Balasooriya",
              "bowler": "PC de Silva",
              "non_striker": "H Dhanushka",
              "runs": {
                "batter": 2,
                "extras": 0,
                "total": 2
              }
            },
            {
              "batter": "N Balasooriya",
              "bowler": "PC de Silva",
              "non_striker": "H Dhanushka",
              "runs": {
                "batter": 0,
                "extras": 0,
                "total": 0
              },
              "wickets": [
                {
                  "player_out": "N Balasooriya",
                  "fielders": [
                    {
                      "name": "PADLR Sandakan"
                    }
                  ],
                  "kind": "caught"
                }
              ]
            },
            {
              "batter": "PHS Madushanka",
              "bowler": "PC de Silva",
              "non_striker": "H Dhanushka",
              "runs": {
                "batter": 1,
                "extras": 0,
                "total": 1
              }
            }
          ]
        },
        {
          "over": 11,
          "deliveries": [
            {
              "batter": "PHS Madushanka",
              "bowler": "PADLR Sandakan",
              "non_striker": "H Dhanushka",
              "runs": {
                "batter": 1,
                "extras": 0,
                "total": 1
              }
            },
            {
              "batter": "H Dhanushka",
              "bowler": "PADLR Sandakan",
              "non_striker": "PHS Madushanka",
              "runs": {
                "batter": 0,
                "extras": 0,
                "total": 0
              }
            },
            {
              "batter": "H Dhanushka",
              "bowler": "PADLR Sandakan",
              "non_striker": "PHS Madushanka",
              "runs": {
                "batter": 4,
                "extras": 0,
                "total": 4
              }
            },
            {
              "batter": "H Dhanushka",
              "bowler": "PADLR Sandakan",
              "non_striker": "PHS Madushanka",
              "runs": {
                "batter": 0,
                "extras": 0,
                "total": 0
              }
            },
            {
              "batter": "H Dhanushka",
              "bowler": "PADLR Sandakan",
              "non_striker": "PHS Madushanka",
              "runs": {
                "batter": 1,
                "extras": 0,
                "total": 1
              }
            },
            {
              "batter": "PHS Madushanka",
              "bowler": "PADLR Sandakan",
              "non_striker": "H Dhanushka",
              "runs": {
                "batter": 0,
                "extras": 0,
                "total": 0
              }
            }
          ]
        },
        {
          "over": 12,
          "deliveries": [
            {
              "batter": "H Dhanushka",
              "bowler": "SMA Priyanjan",
              "non_striker": "PHS Madushanka",
              "runs": {
                "batter": 4,
                "extras": 0,
                "total": 4
              }
            },
            {
              "batter": "H Dhanushka",
              "bowler": "SMA Priyanjan",
              "non_striker": "PHS Madushanka",
              "runs": {
                "batter": 0,
                "extras": 0,
                "total": 0
              }
            },
            {
              "batter": "H Dhanushka",
              "bowler": "SMA Priyanjan",
              "non_striker": "PHS Madushanka",
              "runs": {
                "batter": 1,
                "extras": 0,
                "total": 1
              }
            },
            {
              "batter": "PHS Madushanka",
              "bowler": "SMA Priyanjan",
              "non_striker": "H Dhanushka",
              "runs": {
                "batter": 0,
                "extras": 0,
                "total": 0
              }
            },
            {
              "batter": "PHS Madushanka",
              "bowler": "SMA Priyanjan",
              "non_striker": "H Dhanushka",
              "runs": {
                "batter": 1,
                "extras": 0,
                "total": 1
              }
            },
            {
              "batter": "H Dhanushka",
              "bowler": "SMA Priyanjan",
              "non_striker": "PHS Madushanka",
              "runs": {
                "batter": 1,
                "extras": 0,
                "total": 1
              }
            }
          ]
        },
        {
          "over": 13,
          "deliveries": [
            {
              "batter": "H Dhanushka",
              "bowler": "D Ranatunga",
              "non_striker": "PHS Madushanka",
              "runs": {
                "batter": 2,
                "extras": 0,
                "total": 2
              }
            },
            {
              "batter": "H Dhanushka",
              "bowler": "D Ranatunga",
              "non_striker": "PHS Madushanka",
              "runs": {
                "batter": 1,
                "extras": 0,
                "total": 1
              }
            },
            {
              "batter": "PHS Madushanka",
              "bowler": "D Ranatunga",
              "non_striker": "H Dhanushka",
              "runs": {
                "batter": 1,
                "extras": 0,
                "total": 1
              }
            },
            {
              "batter": "H Dhanushka",
              "bowler": "D Ranatunga",
              "non_striker": "PHS Madushanka",
              "runs": {
                "batter": 6,
                "extras": 0,
                "total": 6
              }
            },
            {
              "batter": "H Dhanushka",
              "bowler": "D Ranatunga",
              "non_striker": "PHS Madushanka",
              "runs": {
                "batter": 1,
                "extras": 0,
                "total": 1
              }
            },
            {
              "batter": "PHS Madushanka",
              "bowler": "D Ranatunga",
              "non_striker": "H Dhanushka",
              "runs": {
                "batter": 4,
                "extras": 0,
                "total": 4
              }
            }
          ]
        },
        {
          "over": 14,
          "deliveries": [
            {
              "batter": "H Dhanushka",
              "bowler": "SMA Priyanjan",
              "non_striker": "PHS Madushanka",
              "runs": {
                "batter": 1,
                "extras": 0,
                "total": 1
              }
            },
            {
              "batter": "PHS Madushanka",
              "bowler": "SMA Priyanjan",
              "non_striker": "H Dhanushka",
              "runs": {
                "batter": 1,
                "extras": 0,
                "total": 1
              }
            },
            {
              "batter": "H Dhanushka",
              "bowler": "SMA Priyanjan",
              "non_striker": "PHS Madushanka",
              "runs": {
                "batter": 1,
                "extras": 0,
                "total": 1
              }
            },
            {
              "batter": "PHS Madushanka",
              "bowler": "SMA Priyanjan",
              "non_striker": "H Dhanushka",
              "runs": {
                "batter": 1,
                "extras": 0,
                "total": 1
              }
            },
            {
              "batter": "H Dhanushka",
              "bowler": "SMA Priyanjan",
              "non_striker": "PHS Madushanka",
              "runs": {
                "batter": 4,
                "extras": 0,
                "total": 4
              }
            },
            {
              "batter": "H Dhanushka",
              "bowler": "SMA Priyanjan",
              "non_striker": "PHS Madushanka",
              "runs": {
                "batter": 0,
                "extras": 0,
                "total": 0
              }
            }
          ]
        },
        {
          "over": 15,
          "deliveries": [
            {
              "batter": "PHS Madushanka",
              "bowler": "PADLR Sandakan",
              "non_striker": "H Dhanushka",
              "runs": {
                "batter": 0,
                "extras": 0,
                "total": 0
              },
              "wickets": [
                {
                  "player_out": "PHS Madushanka",
                  "fielders": [
                    {
                      "name": "MVT Fernando"
                    }
                  ],
                  "kind": "caught"
                }
              ]
            },
            {
              "batter": "HH Ramanayake",
              "bowler": "PADLR Sandakan",
              "non_striker": "H Dhanushka",
              "runs": {
                "batter": 0,
                "extras": 0,
                "total": 0
              }
            },
            {
              "batter": "HH Ramanayake",
              "bowler": "PADLR Sandakan",
              "non_striker": "H Dhanushka",
              "runs": {
                "batter": 0,
                "extras": 0,
                "total": 0
              }
            },
            {
              "batter": "HH Ramanayake",
              "bowler": "PADLR Sandakan",
              "extras": {
                "legbyes": 1
              },
              "non_striker": "H Dhanushka",
              "runs": {
                "batter": 0,
                "extras": 1,
                "total": 1
              }
            },
            {
              "batter": "H Dhanushka",
              "bowler": "PADLR Sandakan",
              "non_striker": "HH Ramanayake",
              "runs": {
                "batter": 0,
                "extras": 0,
                "total": 0
              }
            },
            {
              "batter": "H Dhanushka",
              "bowler": "PADLR Sandakan",
              "non_striker": "HH Ramanayake",
              "runs": {
                "batter": 0,
                "extras": 0,
                "total": 0
              }
            }
          ]
        },
        {
          "over": 16,
          "deliveries": [
            {
              "batter": "HH Ramanayake",
              "bowler": "PC de Silva",
              "non_striker": "H Dhanushka",
              "runs": {
                "batter": 0,
                "extras": 0,
                "total": 0
              }
            },
            {
              "batter": "HH Ramanayake",
              "bowler": "PC de Silva",
              "non_striker": "H Dhanushka",
              "runs": {
                "batter": 0,
                "extras": 0,
                "total": 0
              },
              "wickets": [
                {
                  "player_out": "HH Ramanayake",
                  "fielders": [
                    {
                      "name": "P Pathiraja"
                    }
                  ],
                  "kind": "caught"
                }
              ]
            },
            {
              "batter": "DS Thilakaratne",
              "bowler": "PC de Silva",
              "non_striker": "H Dhanushka",
              "runs": {
                "batter": 0,
                "extras": 0,
                "total": 0
              }
            },
            {
              "batter": "DS Thilakaratne",
              "bowler": "PC de Silva",
              "non_striker": "H Dhanushka",
              "runs": {
                "batter": 1,
                "extras": 0,
                "total": 1
              }
            },
            {
              "batter": "H Dhanushka",
              "bowler": "PC de Silva",
              "non_striker": "DS Thilakaratne",
              "runs": {
                "batter": 1,
                "extras": 0,
                "total": 1
              }
            },
            {
              "batter": "DS Thilakaratne",
              "bowler": "PC de Silva",
              "non_striker": "H Dhanushka",
              "runs": {
                "batter": 1,
                "extras": 0,
                "total": 1
              }
            }
          ]
        },
        {
          "over": 17,
          "deliveries": [
            {
              "batter": "DS Thilakaratne",
              "bowler": "I Udana",
              "non_striker": "H Dhanushka",
              "runs": {
                "batter": 0,
                "extras": 0,
                "total": 0
              },
              "wickets": [
                {
                  "player_out": "DS Thilakaratne",
                  "fielders": [
                    {
                      "name": "L Croospulle"
                    }
                  ],
                  "kind": "run out"
                }
              ]
            },
            {
              "batter": "H Dhanushka",
              "bowler": "I Udana",
              "non_striker": "RPN Priyadarshana",
              "runs": {
                "batter": 1,
                "extras": 0,
                "total": 1
              }
            },
            {
              "batter": "RPN Priyadarshana",
              "bowler": "I Udana",
              "non_striker": "H Dhanushka",
              "runs": {
                "batter": 0,
                "extras": 0,
                "total": 0
              },
              "wickets": [
                {
                  "player_out": "RPN Priyadarshana",
                  "fielders": [
                    {
                      "name": "PADLR Sandakan"
                    }
                  ],
                  "kind": "caught"
                }
              ]
            },
            {
              "batter": "N Pradeep",
              "bowler": "I Udana",
              "non_striker": "H Dhanushka",
              "runs": {
                "batter": 0,
                "extras": 0,
                "total": 0
              }
            },
            {
              "batter": "N Pradeep",
              "bowler": "I Udana",
              "non_striker": "H Dhanushka",
              "runs": {
                "batter": 0,
                "extras": 0,
                "total": 0
              }
            },
            {
              "batter": "N Pradeep",
              "bowler": "I Udana",
              "non_striker": "H Dhanushka",
              "runs": {
                "batter": 0,
                "extras": 0,
                "total": 0
              }
            }
          ]
        },
        {
          "over": 18,
          "deliveries": [
            {
              "batter": "H Dhanushka",
              "bowler": "PC de Silva",
              "non_striker": "N Pradeep",
              "runs": {
                "batter": 6,
                "extras": 0,
                "total": 6
              }
            },
            {
              "batter": "H Dhanushka",
              "bowler": "PC de Silva",
              "non_striker": "N Pradeep",
              "runs": {
                "batter": 0,
                "extras": 0,
                "total": 0
              }
            },
            {
              "batter": "H Dhanushka",
              "bowler": "PC de Silva",
              "non_striker": "N Pradeep",
              "runs": {
                "batter": 0,
                "extras": 0,
                "total": 0
              }
            },
            {
              "batter": "H Dhanushka",
              "bowler": "PC de Silva",
              "non_striker": "N Pradeep",
              "runs": {
                "batter": 0,
                "extras": 0,
                "total": 0
              }
            },
            {
              "batter": "H Dhanushka",
              "bowler": "PC de Silva",
              "non_striker": "N Pradeep",
              "runs": {
                "batter": 1,
                "extras": 0,
                "total": 1
              }
            },
            {
              "batter": "N Pradeep",
              "bowler": "PC de Silva",
              "non_striker": "H Dhanushka",
              "runs": {
                "batter": 0,
                "extras": 0,
                "total": 0
              }
            }
          ]
        },
        {
          "over": 19,
          "deliveries": [
            {
              "batter": "H Dhanushka",
              "bowler": "I Udana",
              "non_striker": "N Pradeep",
              "runs": {
                "batter": 0,
                "extras": 0,
                "total": 0
              }
            },
            {
              "batter": "H Dhanushka",
              "bowler": "I Udana",
              "non_striker": "N Pradeep",
              "runs": {
                "batter": 2,
                "extras": 0,
                "total": 2
              }
            },
            {
              "batter": "H Dhanushka",
              "bowler": "I Udana",
              "non_striker": "N Pradeep",
              "runs": {
                "batter": 0,
                "extras": 0,
                "total": 0
              }
            },
            {
              "batter": "H Dhanushka",
              "bowler": "I Udana",
              "non_striker": "N Pradeep",
              "runs": {
                "batter": 0,
                "extras": 0,
                "total": 0
              },
              "wickets": [
                {
                  "player_out": "H Dhanushka",
                  "fielders": [
                    {
                      "name": "D Ranatunga"
                    }
                  ],
                  "kind": "caught"
                }
              ]
            }
          ]
        }
      ],
      "powerplays": [
        {
          "from": 0.1,
          "to": 5.7,
          "type": "mandatory"
        }
      ],
      "target": {
        "overs": 20,
        "runs": 176
      }
    }
  ]
}