{
  "meta": {
    "data_version": "1.1.0",
    "created": "2025-07-17",
    "revision": 1
  },
  "info": {
    "balls_per_over": 6,
    "city": "Colombo",
    "dates": [
      "2024-05-14"
    ],
    "event": {
      "name": "Major Clubs T20 Tournament",
      "group": "A"
    },
    "gender": "male",
    "match_type": "T20",
    "officials": {
      "match_referees": [
        "GLS de Silva"
      ],
      "reserve_umpires": [
        "V Prasad"
      ],
      "umpires": [
        "JWHD Boteju",
        "BSP Fernando"
      ]
    },
    "outcome": {
      "winner": "Nondescripts Cricket Club",
      "by": {
        "wickets": 7
      }
    },
    "overs": 20,
    "players": {
      "Nugegoda Sports Welfare Club": [
        "Tillakaratne Sampath",
        "Pulindu Perera",
        "DM Jayalath",
        "AK Perera",
        "Kevin Perera",
        "NR Gunasekera",
        "P Pathum",
        "I Siriwardene",
        "MARP Seneviratne",
        "Ruvishan Perera",
        "AMCD Abeysinghe"
      ],
      "Nondescripts Cricket Club": [
        "N Dickwella",
        "K Mishara",
        "TA Kahaduwaarachchi",
        "SSD Arachchige",
        "VR Rubasinghe",
        "Kaveen Bandara",
        "WAN Ransika",
        "C Karunaratne",
        "RS Sayer",
        "L Embuldeniya",
        "CBRLS Kumara"
      ]
    },
    "registry": {
      "people": {
        "AK Perera": "c8ad0749",
        "AMCD Abeysinghe": "49c271b5",
        "BSP Fernando": "8a49883f",
        "C Karunaratne": "fb3e0d39",
        "CBRLS Kumara": "4751caa3",
        "D Pathmanathan": "0caf8005",
        "DM Jayalath": "6ff084b4",
        "GLS de Silva": "9eda8cca",
        "I Siriwardene": "1b200b19",
        "JWHD Boteju": "7934d6fb",
        "K Mishara": "65cebd5d",
        "Kaveen Bandara": "fccb94c3",
        "Kevin Perera": "e88e6a14",
        "L Embuldeniya": "b54b66b3",
        "MARP Seneviratne": "8978fd26",
        "N Dickwella": "45963d9e",
        "NR Gunasekera": "88781812",
        "P Pathum": "461bde69",
        "Pulindu Perera": "d33740d9",
        "RS Sayer": "b01544ff",
        "Ruvishan Perera": "44ce5cb8",
        "SSD Arachchige": "c05f9d20",
        "TA Kahaduwaarachchi": "924bd6ac",
        "Tillakaratne Sampath": "dc002962",
        "V Prasad": "6ea27248",
        "VR Rubasinghe": "a686942a",
        "WAN Ransika": "edeba8c3"
      }
    },
    "season": "2024",
    "team_type": "club",
    "teams": [
      "Nugegoda Sports Welfare Club",
      "Nondescripts Cricket Club"
    ],
    "toss": {
      "decision": "field",
      "winner": "Nondescripts Cricket Club"
    },
    "venue": "Bloomfield Cricket and Athletic Club Ground, Colombo"
  },
  "innings": [
    {
      "team": "Nugegoda Sports Welfare Club",
      "overs": [
        {
          "over": 0,
          "deliveries": [
            {
              "batter": "Tillakaratne Sampath",
              "bowler": "C Karunaratne",
              "extras": {
                "wides": 1
              },
              "non_striker": "Pulindu Perera",
              "runs": {
                "batter": 0,
                "extras": 1,
                "total": 1
              }
            },
            {
              "batter": "Tillakaratne Sampath",
              "bowler": "C Karunaratne",
              "non_striker": "Pulindu Perera",
              "runs": {
                "batter": 0,
                "extras": 0,
                "total": 0
              }
            },
            {
              "batter": "Tillakaratne Sampath",
              "bowler": "C Karunaratne",
              "non_striker": "Pulindu Perera",
              "runs": {
                "batter": 0,
                "extras": 0,
                "total": 0
              }
            },
            {
              "batter": "Tillakaratne Sampath",
              "bowler": "C Karunaratne",
              "non_striker": "Pulindu Perera",
              "runs": {
                "batter": 0,
                "extras": 0,
                "total": 0
              }
            },
            {
              "batter": "Tillakaratne Sampath",
              "bowler": "C Karunaratne",
              "non_striker": "Pulindu Perera",
              "runs": {
                "batter": 0,
                "extras": 0,
                "total": 0
              }
            },
            {
              "batter": "Tillakaratne Sampath",
              "bowler": "C Karunaratne",
              "extras": {
                "legbyes": 1
              },
              "non_striker": "Pulindu Perera",
              "runs": {
                "batter": 0,
                "extras": 1,
                "total": 1
              }
            },
            {
              "batter": "Pulindu Perera",
              "bowler": "C Karunaratne",
              "non_striker": "Tillakaratne Sampath",
              "runs": {
                "batter": 0,
                "extras": 0,
                "total": 0
              }
            }
          ]
        },
        {
          "over": 1,
          "deliveries": [
            {
              "batter": "Tillakaratne Sampath",
              "bowler": "CBRLS Kumara",
              "non_striker": "Pulindu Perera",
              "runs": {
                "batter": 4,
                "extras": 0,
                "total": 4
              }
            },
            {
              "batter": "Tillakaratne Sampath",
              "bowler": "CBRLS Kumara",
              "non_striker": "Pulindu Perera",
              "runs": {
                "batter": 6,
                "extras": 0,
                "total": 6
              }
            },
            {
              "batter": "Tillakaratne Sampath",
              "bowler": "CBRLS Kumara",
              "non_striker": "Pulindu Perera",
              "runs": {
                "batter": 1,
                "extras": 0,
                "total": 1
              }
            },
            {
              "batter": "Pulindu Perera",
              "bowler": "CBRLS Kumara",
              "non_striker": "Tillakaratne Sampath",
              "runs": {
                "batter": 1,
                "extras": 0,
                "total": 1
              }
            },
            {
              "batter": "Tillakaratne Sampath",
              "bowler": "CBRLS Kumara",
              "non_striker": "Pulindu Perera",
              "runs": {
                "batter": 1,
                "extras": 0,
                "total": 1
              }
            },
            {
              "batter": "Pulindu Perera",
              "bowler": "CBRLS Kumara",
              "non_striker": "Tillakaratne Sampath",
              "runs": {
                "batter": 0,
                "extras": 0,
                "total": 0
              }
            }
          ]
        },
        {
          "over": 2,
          "deliveries": [
            {
              "batter": "Tillakaratne Sampath",
              "bowler": "C Karunaratne",
              "non_striker": "Pulindu Perera",
              "runs": {
                "batter": 1,
                "extras": 0,
                "total": 1
              }
            },
            {
              "batter": "Pulindu Perera",
              "bowler": "C Karunaratne",
              "non_striker": "Tillakaratne Sampath",
              "runs": {
                "batter": 0,
                "extras": 0,
                "total": 0
              }
            },
            {
              "batter": "Pulindu Perera",
              "bowler": "C Karunaratne",
              "non_striker": "Tillakaratne Sampath",
              "runs": {
                "batter": 0,
                "extras": 0,
                "total": 0
              }
            },
            {
              "batter": "Pulindu Perera",
              "bowler": "C Karunaratne",
              "non_striker": "Tillakaratne Sampath",
              "runs": {
                "batter": 0,
                "extras": 0,
                "total": 0
              }
            },
            {
              "batter": "Pulindu Perera",
              "bowler": "C Karunaratne",
              "non_striker": "Tillakaratne Sampath",
              "runs": {
                "batter": 0,
                "extras": 0,
                "total": 0
              }
            },
            {
              "batter": "Pulindu Perera",
              "bowler": "C Karunaratne",
              "non_striker": "Tillakaratne Sampath",
              "runs": {
                "batter": 1,
                "extras": 0,
                "total": 1
              }
            }
          ]
        },
        {
          "over": 3,
          "deliveries": [
            {
              "batter": "Pulindu Perera",
              "bowler": "CBRLS Kumara",
              "non_striker": "Tillakaratne Sampath",
              "runs": {
                "batter": 0,
                "extras": 0,
                "total": 0
              }
            },
            {
              "batter": "Pulindu Perera",
              "bowler": "CBRLS Kumara",
              "non_striker": "Tillakaratne Sampath",
              "runs": {
                "batter": 0,
                "extras": 0,
                "total": 0
              }
            },
            {
              "batter": "Pulindu Perera",
              "bowler": "CBRLS Kumara",
              "non_striker": "Tillakaratne Sampath",
              "runs": {
                "batter": 1,
                "extras": 0,
                "total": 1
              }
            },
            {
              "batter": "Tillakaratne Sampath",
              "bowler": "CBRLS Kumara",
              "non_striker": "Pulindu Perera",
              "runs": {
                "batter": 1,
                "extras": 0,
                "total": 1
              }
            },
            {
              "batter": "Pulindu Perera",
              "bowler": "CBRLS Kumara",
              "non_striker": "Tillakaratne Sampath",
              "runs": {
                "batter": 0,
                "extras": 0,
                "total": 0
              }
            },
            {
              "batter": "Pulindu Perera",
              "bowler": "CBRLS Kumara",
              "non_striker": "Tillakaratne Sampath",
              "runs": {
                "batter": 4,
                "extras": 0,
                "total": 4
              }
            }
          ]
        },
        {
          "over": 4,
          "deliveries": [
            {
              "batter": "Tillakaratne Sampath",
              "bowler": "L Embuldeniya",
              "non_striker": "Pulindu Perera",
              "runs": {
                "batter": 0,
                "extras": 0,
                "total": 0
              }
            },
            {
              "batter": "Tillakaratne Sampath",
              "bowler": "L Embuldeniya",
              "non_striker": "Pulindu Perera",
              "runs": {
                "batter": 0,
                "extras": 0,
                "total": 0
              }
            },
            {
              "batter": "Tillakaratne Sampath",
              "bowler": "L Embuldeniya",
              "non_striker": "Pulindu Perera",
              "runs": {
                "batter": 2,
                "extras": 0,
                "total": 2
              }
            },
            {
              "batter": "Tillakaratne Sampath",
              "bowler": "L Embuldeniya",
              "non_striker": "Pulindu Perera",
              "runs": {
                "batter": 1,
                "extras": 0,
                "total": 1
              }
            },
            {
              "batter": "Pulindu Perera",
              "bowler": "L Embuldeniya",
              "non_striker": "Tillakaratne Sampath",
              "runs": {
                "batter": 1,
                "extras": 0,
                "total": 1
              }
            },
            {
              "batter": "Tillakaratne Sampath",
              "bowler": "L Embuldeniya",
              "non_striker": "Pulindu Perera",
              "runs": {
                "batter": 1,
                "extras": 0,
                "total": 1
              }
            }
          ]
        },
        {
          "over": 5,
          "deliveries": [
            {
              "batter": "Tillakaratne Sampath",
              "bowler": "K Mishara",
              "non_striker": "Pulindu Perera",
              "runs": {
                "batter": 0,
                "extras": 0,
                "total": 0
              }
            },
            {
              "batter": "Tillakaratne Sampath",
              "bowler": "K Mishara",
              "non_striker": "Pulindu Perera",
              "runs": {
                "batter": 4,
                "extras": 0,
                "total": 4
              }
            },
            {
              "batter": "Tillakaratne Sampath",
              "bowler": "K Mishara",
              "non_striker": "Pulindu Perera",
              "runs": {
                "batter": 1,
                "extras": 0,
                "total": 1
              }
            },
            {
              "batter": "Pulindu Perera",
              "bowler": "K Mishara",
              "non_striker": "Tillakaratne Sampath",
              "runs": {
                "batter": 4,
                "extras": 0,
                "total": 4
              }
            },
            {
              "batter": "Pulindu Perera",
              "bowler": "K Mishara",
              "non_striker": "Tillakaratne Sampath",
              "runs": {
                "batter": 0,
                "extras": 0,
                "total": 0
              }
            },
            {
              "batter": "Pulindu Perera",
              "bowler": "K Mishara",
              "non_striker": "Tillakaratne Sampath",
              "runs": {
                "batter": 0,
                "extras": 0,
                "total": 0
              }
            }
          ]
        },
        {
          "over": 6,
          "deliveries": [
            {
              "batter": "Tillakaratne Sampath",
              "bowler": "L Embuldeniya",
              "extras": {
                "wides": 1
              },
              "non_striker": "Pulindu Perera",
              "runs": {
                "batter": 0,
                "extras": 1,
                "total": 1
              }
            },
            {
              "batter": "Tillakaratne Sampath",
              "bowler": "L Embuldeniya",
              "non_striker": "Pulindu Perera",
              "runs": {
                "batter": 0,
                "extras": 0,
                "total": 0
              },
              "wickets": [
                {
                  "player_out": "Tillakaratne Sampath",
                  "fielders": [
                    {
                      "name": "K Mishara"
                    }
                  ],
                  "kind": "caught"
                }
              ]
            },
            {
              "batter": "DM Jayalath",
              "bowler": "L Embuldeniya",
              "non_striker": "Pulindu Perera",
              "runs": {
                "batter": 0,
                "extras": 0,
                "total": 0
              }
            },
            {
              "batter": "DM Jayalath",
              "bowler": "L Embuldeniya",
              "non_striker": "Pulindu Perera",
              "runs": {
                "batter": 1,
                "extras": 0,
                "total": 1
              }
            },
            {
              "batter": "Pulindu Perera",
              "bowler": "L Embuldeniya",
              "non_striker": "DM Jayalath",
              "runs": {
                "batter": 6,
                "extras": 0,
                "total": 6
              }
            },
            {
              "batter": "Pulindu Perera",
              "bowler": "L Embuldeniya",
              "non_striker": "DM Jayalath",
              "runs": {
                "batter": 0,
                "extras": 0,
                "total": 0
              },
              "wickets": [
                {
                  "player_out": "Pulindu Perera",
                  "fielders": [
                    {
                      "name": "RS Sayer"
                    }
                  ],
                  "kind": "caught"
                }
              ]
            },
            {
              "batter": "AK Perera",
              "bowler": "L Embuldeniya",
              "non_striker": "DM Jayalath",
              "runs": {
                "batter": 1,
                "extras": 0,
                "total": 1
              }
            }
          ]
        },
        {
          "over": 7,
          "deliveries": [
            {
              "batter": "AK Perera",
              "bowler": "CBRLS Kumara",
              "non_striker": "DM Jayalath",
              "runs": {
                "batter": 1,
                "extras": 0,
                "total": 1
              }
            },
            {
              "batter": "DM Jayalath",
              "bowler": "CBRLS Kumara",
              "non_striker": "AK Perera",
              "runs": {
                "batter": 1,
                "extras": 0,
                "total": 1
              }
            },
            {
              "batter": "AK Perera",
              "bowler": "CBRLS Kumara",
              "non_striker": "DM Jayalath",
              "runs": {
                "batter": 1,
                "extras": 0,
                "total": 1
              }
            },
            {
              "batter": "DM Jayalath",
              "bowler": "CBRLS Kumara",
              "non_striker": "AK Perera",
              "runs": {
                "batter": 0,
                "extras": 0,
                "total": 0
              }
            },
            {
              "batter": "DM Jayalath",
              "bowler": "CBRLS Kumara",
              "non_striker": "AK Perera",
              "runs": {
                "batter": 0,
                "extras": 0,
                "total": 0
              },
              "wickets": [
                {
                  "player_out": "DM Jayalath",
                  "fielders": [
                    {
                      "name": "Kaveen Bandara"
                    }
                  ],
                  "kind": "run out"
                }
              ]
            },
            {
              "batter": "Kevin Perera",
              "bowler": "CBRLS Kumara",
              "non_striker": "AK Perera",
              "runs": {
                "batter": 0,
                "extras": 0,
                "total": 0
              }
            }
          ]
        },
        {
          "over": 8,
          "deliveries": [
            {
              "batter": "AK Perera",
              "bowler": "L Embuldeniya",
              "non_striker": "Kevin Perera",
              "runs": {
                "batter": 6,
                "extras": 0,
                "total": 6
              }
            },
            {
              "batter": "AK Perera",
              "bowler": "L Embuldeniya",
              "non_striker": "Kevin Perera",
              "runs": {
                "batter": 6,
                "extras": 0,
                "total": 6
              }
            },
            {
              "batter": "AK Perera",
              "bowler": "L Embuldeniya",
              "non_striker": "Kevin Perera",
              "runs": {
                "batter": 0,
                "extras": 0,
                "total": 0
              }
            },
            {
              "batter": "AK Perera",
              "bowler": "L Embuldeniya",
              "non_striker": "Kevin Perera",
              "runs": {
                "batter": 0,
                "extras": 0,
                "total": 0
              }
            },
            {
              "batter": "AK Perera",
              "bowler": "L Embuldeniya",
              "non_striker": "Kevin Perera",
              "runs": {
                "batter": 1,
                "extras": 0,
                "total": 1
              }
            },
            {
              "batter": "Kevin Perera",
              "bowler": "L Embuldeniya",
              "non_striker": "AK Perera",
              "runs": {
                "batter": 0,
                "extras": 0,
                "total": 0
              }
            }
          ]
        },
        {
          "over": 9,
          "deliveries": [
            {
              "batter": "AK Perera",
              "bowler": "SSD Arachchige",
              "non_striker": "Kevin Perera",
              "runs": {
                "batter": 4,
                "extras": 0,
                "total": 4
              }
            },
            {
              "batter": "AK Perera",
              "bowler": "SSD Arachchige",
              "non_striker": "Kevin Perera",
              "runs": {
                "batter": 1,
                "extras": 0,
                "total": 1
              }
            },
            {
              "batter": "Kevin Perera",
              "bowler": "SSD Arachchige",
              "non_striker": "AK Perera",
              "runs": {
                "batter": 1,
                "extras": 0,
                "total": 1
              }
            },
            {
              "batter": "AK Perera",
              "bowler": "SSD Arachchige",
              "non_striker": "Kevin Perera",
              "runs": {
                "batter": 6,
                "extras": 0,
                "total": 6
              }
            },
            {
              "batter": "AK Perera",
              "bowler": "SSD Arachchige",
              "non_striker": "Kevin Perera",
              "runs": {
                "batter": 1,
                "extras": 0,
                "total": 1
              }
            },
            {
              "batter": "Kevin Perera",
              "bowler": "SSD Arachchige",
              "non_striker": "AK Perera",
              "runs": {
                "batter": 1,
                "extras": 0,
                "total": 1
              }
            }
          ]
        },
        {
          "over": 10,
          "deliveries": [
            {
              "batter": "Kevin Perera",
              "bowler": "WAN Ransika",
              "non_striker": "AK Perera",
              "runs": {
                "batter": 1,
                "extras": 0,
                "total": 1
              }
            },
            {
              "batter": "AK Perera",
              "bowler": "WAN Ransika",
              "non_striker": "Kevin Perera",
              "runs": {
                "batter": 1,
                "extras": 0,
                "total": 1
              }
            },
            {
              "batter": "Kevin Perera",
              "bowler": "WAN Ransika",
              "non_striker": "AK Perera",
              "runs": {
                "batter": 0,
                "extras": 0,
                "total": 0
              }
            },
            {
              "batter": "Kevin Perera",
              "bowler": "WAN Ransika",
              "non_striker": "AK Perera",
              "runs": {
                "batter": 1,
                "extras": 0,
                "total": 1
              }
            },
            {
              "batter": "AK Perera",
              "bowler": "WAN Ransika",
              "non_striker": "Kevin Perera",
              "runs": {
                "batter": 4,
                "extras": 0,
                "total": 4
              }
            },
            {
              "batter": "AK Perera",
              "bowler": "WAN Ransika",
              "non_striker": "Kevin Perera",
              "runs": {
                "batter": 1,
                "extras": 0,
                "total": 1
              }
            }
          ]
        },
        {
          "over": 11,
          "deliveries": [
            {
              "batter": "AK Perera",
              "bowler": "L Embuldeniya",
              "non_striker": "Kevin Perera",
              "runs": {
                "batter": 0,
                "extras": 0,
                "total": 0
              },
              "wickets": [
                {
                  "player_out": "AK Perera",
                  "fielders": [
                    {
                      "name": "Kaveen Bandara"
                    }
                  ],
                  "kind": "caught"
                }
              ]
            },
            {
              "batter": "NR Gunasekera",
              "bowler": "L Embuldeniya",
              "non_striker": "Kevin Perera",
              "runs": {
                "batter": 1,
                "extras": 0,
                "total": 1
              }
            },
            {
              "batter": "Kevin Perera",
              "bowler": "L Embuldeniya",
              "non_striker": "NR Gunasekera",
              "runs": {
                "batter": 1,
                "extras": 0,
                "total": 1
              }
            },
            {
              "batter": "NR Gunasekera",
              "bowler": "L Embuldeniya",
              "non_striker": "Kevin Perera",
              "runs": {
                "batter": 1,
                "extras": 0,
                "total": 1
              }
            },
            {
              "batter": "Kevin Perera",
              "bowler": "L Embuldeniya",
              "non_striker": "NR Gunasekera",
              "runs": {
                "batter": 0,
                "extras": 0,
                "total": 0
              }
            },
            {
              "batter": "Kevin Perera",
              "bowler": "L Embuldeniya",
              "non_striker": "NR Gunasekera",
              "runs": {
                "batter": 0,
                "extras": 0,
                "total": 0
              }
            }
          ]
        },
        {
          "over": 12,
          "deliveries": [
            {
              "batter": "NR Gunasekera",
              "bowler": "WAN Ransika",
              "non_striker": "Kevin Perera",
              "runs": {
                "batter": 1,
                "extras": 0,
                "total": 1
              }
            },
            {
              "batter": "Kevin Perera",
              "bowler": "WAN Ransika",
              "non_striker": "NR Gunasekera",
              "runs": {
                "batter": 1,
                "extras": 0,
                "total": 1
              }
            },
            {
              "batter": "NR Gunasekera",
              "bowler": "WAN Ransika",
              "non_striker": "Kevin Perera",
              "runs": {
                "batter": 1,
                "extras": 0,
                "total": 1
              }
            },
            {
              "batter": "Kevin Perera",
              "bowler": "WAN Ransika",
              "non_striker": "NR Gunasekera",
              "runs": {
                "batter": 1,
                "extras": 0,
                "total": 1
              }
            },
            {
              "batter": "NR Gunasekera",
              "bowler": "WAN Ransika",
              "non_striker": "Kevin Perera",
              "runs": {
                "batter": 1,
                "extras": 0,
                "total": 1
              }
            },
            {
              "batter": "Kevin Perera",
              "bowler": "WAN Ransika",
              "non_striker": "NR Gunasekera",
              "runs": {
                "batter": 1,
                "extras": 0,
                "total": 1
              }
            }
          ]
        },
        {
          "over": 13,
          "deliveries": [
            {
              "batter": "Kevin Perera",
              "bowler": "SSD Arachchige",
              "non_striker": "NR Gunasekera",
              "runs": {
                "batter": 1,
                "extras": 0,
                "total": 1
              }
            },
            {
              "batter": "NR Gunasekera",
              "bowler": "SSD Arachchige",
              "non_striker": "Kevin Perera",
              "runs": {
                "batter": 1,
                "extras": 0,
                "total": 1
              }
            },
            {
              "batter": "Kevin Perera",
              "bowler": "SSD Arachchige",
              "non_striker": "NR Gunasekera",
              "runs": {
                "batter": 0,
                "extras": 0,
                "total": 0
              },
              "wickets": [
                {
                  "player_out": "Kevin Perera",
                  "kind": "bowled"
                }
              ]
            },
            {
              "batter": "P Pathum",
              "bowler": "SSD Arachchige",
              "non_striker": "NR Gunasekera",
              "runs": {
                "batter": 1,
                "extras": 0,
                "total": 1
              }
            },
            {
              "batter": "NR Gunasekera",
              "bowler": "SSD Arachchige",
              "non_striker": "P Pathum",
              "runs": {
                "batter": 4,
                "extras": 0,
                "total": 4
              }
            },
            {
              "batter": "NR Gunasekera",
              "bowler": "SSD Arachchige",
              "non_striker": "P Pathum",
              "runs": {
                "batter": 1,
                "extras": 0,
                "total": 1
              }
            }
          ]
        },
        {
          "over": 14,
          "deliveries": [
            {
              "batter": "NR Gunasekera",
              "bowler": "CBRLS Kumara",
              "non_striker": "P Pathum",
              "runs": {
                "batter": 0,
                "extras": 0,
                "total": 0
              }
            },
            {
              "batter": "NR Gunasekera",
              "bowler": "CBRLS Kumara",
              "non_striker": "P Pathum",
              "runs": {
                "batter": 1,
                "extras": 0,
                "total": 1
              }
            },
            {
              "batter": "P Pathum",
              "bowler": "CBRLS Kumara",
              "non_striker": "NR Gunasekera",
              "runs": {
                "batter": 1,
                "extras": 0,
                "total": 1
              }
            },
            {
              "batter": "NR Gunasekera",
              "bowler": "CBRLS Kumara",
              "non_striker": "P Pathum",
              "runs": {
                "batter": 0,
                "extras": 0,
                "total": 0
              }
            },
            {
              "batter": "NR Gunasekera",
              "bowler": "CBRLS Kumara",
              "non_striker": "P Pathum",
              "runs": {
                "batter": 0,
                "extras": 0,
                "total": 0
              }
            },
            {
              "batter": "NR Gunasekera",
              "bowler": "CBRLS Kumara",
              "non_striker": "P Pathum",
              "runs": {
                "batter": 2,
                "extras": 0,
                "total": 2
              }
            }
          ]
        },
        {
          "over": 15,
          "deliveries": [
            {
              "batter": "P Pathum",
              "bowler": "SSD Arachchige",
              "non_striker": "NR Gunasekera",
              "runs": {
                "batter": 1,
                "extras": 0,
                "total": 1
              }
            },
            {
              "batter": "NR Gunasekera",
              "bowler": "SSD Arachchige",
              "non_striker": "P Pathum",
              "runs": {
                "batter": 4,
                "extras": 0,
                "total": 4
              }
            },
            {
              "batter": "NR Gunasekera",
              "bowler": "SSD Arachchige",
              "non_striker": "P Pathum",
              "runs": {
                "batter": 2,
                "extras": 0,
                "total": 2
              }
            },
            {
              "batter": "NR Gunasekera",
              "bowler": "SSD Arachchige",
              "non_striker": "P Pathum",
              "runs": {
                "batter": 1,
                "extras": 0,
                "total": 1
              }
            },
            {
              "batter": "P Pathum",
              "bowler": "SSD Arachchige",
              "non_striker": "NR Gunasekera",
              "runs": {
                "batter": 0,
                "extras": 0,
                "total": 0
              },
              "wickets": [
                {
                  "player_out": "P Pathum",
                  "fielders": [
                    {
                      "name": "K Mishara"
                    }
                  ],
                  "kind": "caught"
                }
              ]
            },
            {
              "batter": "I Siriwardene",
              "bowler": "SSD Arachchige",
              "non_striker": "NR Gunasekera",
              "runs": {
                "batter": 0,
                "extras": 0,
                "total": 0
              }
            }
          ]
        },
        {
          "over": 16,
          "deliveries": [
            {
              "batter": "NR Gunasekera",
              "bowler": "C Karunaratne",
              "non_striker": "I Siriwardene",
              "runs": {
                "batter": 1,
                "extras": 0,
                "total": 1
              }
            },
            {
              "batter": "I Siriwardene",
              "bowler": "C Karunaratne",
              "non_striker": "NR Gunasekera",
              "runs": {
                "batter": 4,
                "extras": 0,
                "total": 4
              }
            },
            {
              "batter": "I Siriwardene",
              "bowler": "C Karunaratne",
              "non_striker": "NR Gunasekera",
              "runs": {
                "batter": 1,
                "extras": 0,
                "total": 1
              }
            },
            {
              "batter": "NR Gunasekera",
              "bowler": "C Karunaratne",
              "non_striker": "I Siriwardene",
              "runs": {
                "batter": 0,
                "extras": 0,
                "total": 0
              }
            },
            {
              "batter": "NR Gunasekera",
              "bowler": "C Karunaratne",
              "non_striker": "I Siriwardene",
              "runs": {
                "batter": 1,
                "extras": 0,
                "total": 1
              }
            },
            {
              "batter": "I Siriwardene",
              "bowler": "C Karunaratne",
              "non_striker": "NR Gunasekera",
              "runs": {
                "batter": 0,
                "extras": 0,
                "total": 0
              },
              "wickets": [
                {
                  "player_out": "I Siriwardene",
                  "fielders": [
                    {
                      "name": "Kaveen Bandara"
                    }
                  ],
                  "kind": "caught"
                }
              ]
            }
          ]
        },
        {
          "over": 17,
          "deliveries": [
            {
              "batter": "NR Gunasekera",
              "bowler": "WAN Ransika",
              "non_striker": "MARP Seneviratne",
              "runs": {
                "batter": 0,
                "extras": 0,
                "total": 0
              }
            },
            {
              "batter": "NR Gunasekera",
              "bowler": "WAN Ransika",
              "non_striker": "MARP Seneviratne",
              "runs": {
                "batter": 1,
                "extras": 0,
                "total": 1
              }
            },
            {
              "batter": "MARP Seneviratne",
              "bowler": "WAN Ransika",
              "non_striker": "NR Gunasekera",
              "runs": {
                "batter": 2,
                "extras": 0,
                "total": 2
              }
            },
            {
              "batter": "MARP Seneviratne",
              "bowler": "WAN Ransika",
              "extras": {
                "legbyes": 1
              },
              "non_striker": "NR Gunasekera",
              "runs": {
                "batter": 0,
                "extras": 1,
                "total": 1
              }
            },
            {
              "batter": "NR Gunasekera",
              "bowler": "WAN Ransika",
              "non_striker": "MARP Seneviratne",
              "runs": {
                "batter": 0,
                "extras": 0,
                "total": 0
              }
            },
            {
              "batter": "NR Gunasekera",
              "bowler": "WAN Ransika",
              "extras": {
                "legbyes": 1
              },
              "non_striker": "MARP Seneviratne",
              "runs": {
                "batter": 0,
                "extras": 1,
                "total": 1
              }
            }
          ]
        },
        {
          "over": 18,
          "deliveries": [
            {
              "batter": "NR Gunasekera",
              "bowler": "C Karunaratne",
              "non_striker": "MARP Seneviratne",
              "runs": {
                "batter": 2,
                "extras": 0,
                "total": 2
              }
            },
            {
              "batter": "NR Gunasekera",
              "bowler": "C Karunaratne",
              "non_striker": "MARP Seneviratne",
              "runs": {
                "batter": 0,
                "extras": 0,
                "total": 0
              }
            },
            {
              "batter": "NR Gunasekera",
              "bowler": "C Karunaratne",
              "non_striker": "MARP Seneviratne",
              "runs": {
                "batter": 1,
                "extras": 0,
                "total": 1
              }
            },
            {
              "batter": "MARP Seneviratne",
              "bowler": "C Karunaratne",
              "non_striker": "NR Gunasekera",
              "runs": {
                "batter": 4,
                "extras": 0,
                "total": 4
              }
            },
            {
              "batter": "MARP Seneviratne",
              "bowler": "C Karunaratne",
              "non_striker": "NR Gunasekera",
              "runs": {
                "batter": 0,
                "extras": 0,
                "total": 0
              },
              "wickets": [
                {
                  "player_out": "MARP Seneviratne",
                  "kind": "bowled"
                }
              ]
            },
            {
              "batter": "Ruvishan Perera",
              "bowler": "C Karunaratne",
              "non_striker": "NR Gunasekera",
              "runs": {
                "batter": 0,
                "extras": 0,
                "total": 0
              },
              "wickets": [
                {
                  "player_out": "Ruvishan Perera",
                  "fielders": [
                    {
                      "name": "SSD Arachchige"
                    }
                  ],
                  "kind": "caught"
                }
              ]
            }
          ]
        },
        {
          "over": 19,
          "deliveries": [
            {
              "batter": "NR Gunasekera",
              "bowler": "WAN Ransika",
              "non_striker": "AMCD Abeysinghe",
              "runs": {
                "batter": 0,
                "extras": 0,
                "total": 0
              },
              "wickets": [
                {
                  "player_out": "NR Gunasekera",
                  "kind": "caught and bowled"
                }
              ]
            }
          ]
        }
      ],
      "powerplays": [
        {
          "from": 0.1,
          "to": 5.6,
          "type": "mandatory"
        }
      ]
    },
    {
      "team": "Nondescripts Cricket Club",
      "overs": [
        {
          "over": 0,
          "deliveries": [
            {
              "batter": "N Dickwella",
              "bowler": "Tillakaratne Sampath",
              "non_striker": "K Mishara",
              "runs": {
                "batter": 0,
                "extras": 0,
                "total": 0
              }
            },
            {
              "batter": "N Dickwella",
              "bowler": "Tillakaratne Sampath",
              "non_striker": "K Mishara",
              "runs": {
                "batter": 0,
                "extras": 0,
                "total": 0
              }
            },
            {
              "batter": "N Dickwella",
              "bowler": "Tillakaratne Sampath",
              "extras": {
                "wides": 1
              },
              "non_striker": "K Mishara",
              "runs": {
                "batter": 0,
                "extras": 1,
                "total": 1
              }
            },
            {
              "batter": "N Dickwella",
              "bowler": "Tillakaratne Sampath",
              "non_striker": "K Mishara",
              "runs": {
                "batter": 4,
                "extras": 0,
                "total": 4
              }
            },
            {
              "batter": "N Dickwella",
              "bowler": "Tillakaratne Sampath",
              "non_striker": "K Mishara",
              "runs": {
                "batter": 6,
                "extras": 0,
                "total": 6
              }
            },
            {
              "batter": "N Dickwella",
              "bowler": "Tillakaratne Sampath",
              "non_striker": "K Mishara",
              "runs": {
                "batter": 2,
                "extras": 0,
                "total": 2
              }
            },
            {
              "batter": "N Dickwella",
              "bowler": "Tillakaratne Sampath",
              "non_striker": "K Mishara",
              "runs": {
                "batter": 0,
                "extras": 0,
                "total": 0
              }
            }
          ]
        },
        {
          "over": 1,
          "deliveries": [
            {
              "batter": "K Mishara",
              "bowler": "MARP Seneviratne",
              "non_striker": "N Dickwella",
              "runs": {
                "batter": 6,
                "extras": 0,
                "total": 6
              }
            },
            {
              "batter": "K Mishara",
              "bowler": "MARP Seneviratne",
              "non_striker": "N Dickwella",
              "runs": {
                "batter": 0,
                "extras": 0,
                "total": 0
              }
            },
            {
              "batter": "K Mishara",
              "bowler": "MARP Seneviratne",
              "non_striker": "N Dickwella",
              "runs": {
                "batter": 1,
                "extras": 0,
                "total": 1
              }
            },
            {
              "batter": "N Dickwella",
              "bowler": "MARP Seneviratne",
              "non_striker": "K Mishara",
              "runs": {
                "batter": 6,
                "extras": 0,
                "total": 6
              }
            },
            {
              "batter": "N Dickwella",
              "bowler": "MARP Seneviratne",
              "non_striker": "K Mishara",
              "runs": {
                "batter": 4,
                "extras": 0,
                "total": 4
              }
            },
            {
              "batter": "N Dickwella",
              "bowler": "MARP Seneviratne",
              "non_striker": "K Mishara",
              "runs": {
                "batter": 6,
                "extras": 0,
                "total": 6
              }
            }
          ]
        },
        {
          "over": 2,
          "deliveries": [
            {
              "batter": "K Mishara",
              "bowler": "Tillakaratne Sampath",
              "non_striker": "N Dickwella",
              "runs": {
                "batter": 1,
                "extras": 0,
                "total": 1
              }
            },
            {
              "batter": "N Dickwella",
              "bowler": "Tillakaratne Sampath",
              "non_striker": "K Mishara",
              "runs": {
                "batter": 1,
                "extras": 0,
                "total": 1
              }
            },
            {
              "batter": "K Mishara",
              "bowler": "Tillakaratne Sampath",
              "non_striker": "N Dickwella",
              "runs": {
                "batter": 6,
                "extras": 0,
                "total": 6
              }
            },
            {
              "batter": "K Mishara",
              "bowler": "Tillakaratne Sampath",
              "non_striker": "N Dickwella",
              "runs": {
                "batter": 4,
                "extras": 0,
                "total": 4
              }
            },
            {
              "batter": "K Mishara",
              "bowler": "Tillakaratne Sampath",
              "non_striker": "N Dickwella",
              "runs": {
                "batter": 0,
                "extras": 0,
                "total": 0
              }
            },
            {
              "batter": "K Mishara",
              "bowler": "Tillakaratne Sampath",
              "non_striker": "N Dickwella",
              "runs": {
                "batter": 1,
                "extras": 0,
                "total": 1
              }
            }
          ]
        },
        {
          "over": 3,
          "deliveries": [
            {
              "batter": "K Mishara",
              "bowler": "AMCD Abeysinghe",
              "non_striker": "N Dickwella",
              "runs": {
                "batter": 0,
                "extras": 0,
                "total": 0
              }
            },
            {
              "batter": "K Mishara",
              "bowler": "AMCD Abeysinghe",
              "non_striker": "N Dickwella",
              "runs": {
                "batter": 1,
                "extras": 0,
                "total": 1
              }
            },
            {
              "batter": "N Dickwella",
              "bowler": "AMCD Abeysinghe",
              "non_striker": "K Mishara",
              "runs": {
                "batter": 4,
                "extras": 0,
                "total": 4
              }
            },
            {
              "batter": "N Dickwella",
              "bowler": "AMCD Abeysinghe",
              "non_striker": "K Mishara",
              "runs": {
                "batter": 0,
                "extras": 0,
                "total": 0
              }
            },
            {
              "batter": "N Dickwella",
              "bowler": "AMCD Abeysinghe",
              "non_striker": "K Mishara",
              "runs": {
                "batter": 4,
                "extras": 0,
                "total": 4
              }
            },
            {
              "batter": "N Dickwella",
              "bowler": "AMCD Abeysinghe",
              "non_striker": "K Mishara",
              "runs": {
                "batter": 4,
                "extras": 0,
                "total": 4
              }
            }
          ]
        },
        {
          "over": 4,
          "deliveries": [
            {
              "batter": "K Mishara",
              "bowler": "Tillakaratne Sampath",
              "non_striker": "N Dickwella",
              "runs": {
                "batter": 4,
                "extras": 0,
                "total": 4
              }
            },
            {
              "batter": "K Mishara",
              "bowler": "Tillakaratne Sampath",
              "non_striker": "N Dickwella",
              "runs": {
                "batter": 0,
                "extras": 0,
                "total": 0
              }
            },
            {
              "batter": "K Mishara",
              "bowler": "Tillakaratne Sampath",
              "non_striker": "N Dickwella",
              "runs": {
                "batter": 4,
                "extras": 0,
                "total": 4
              }
            },
            {
              "batter": "K Mishara",
              "bowler": "Tillakaratne Sampath",
              "non_striker": "N Dickwella",
              "runs": {
                "batter": 4,
                "extras": 0,
                "total": 4
              }
            },
            {
              "batter": "K Mishara",
              "bowler": "Tillakaratne Sampath",
              "non_striker": "N Dickwella",
              "runs": {
                "batter": 0,
                "extras": 0,
                "total": 0
              }
            },
            {
              "batter": "K Mishara",
              "bowler": "Tillakaratne Sampath",
              "non_striker": "N Dickwella",
              "runs": {
                "batter": 0,
                "extras": 0,
                "total": 0
              }
            }
          ]
        },
        {
          "over": 5,
          "deliveries": [
            {
              "batter": "N Dickwella",
              "bowler": "MARP Seneviratne",
              "non_striker": "K Mishara",
              "runs": {
                "batter": 4,
                "extras": 0,
                "total": 4
              }
            },
            {
              "batter": "N Dickwella",
              "bowler": "MARP Seneviratne",
              "extras": {
                "wides": 1
              },
              "non_striker": "K Mishara",
              "runs": {
                "batter": 0,
                "extras": 1,
                "total": 1
              }
            },
            {
              "batter": "N Dickwella",
              "bowler": "MARP Seneviratne",
              "non_striker": "K Mishara",
              "runs": {
                "batter": 0,
                "extras": 0,
                "total": 0
              },
              "wickets": [
                {
                  "player_out": "N Dickwella",
                  "fielders": [
                    {
                      "name": "D Pathmanathan",
                      "substitute": true
                    }
                  ],
                  "kind": "caught"
                }
              ]
            },
            {
              "batter": "TA Kahaduwaarachchi",
              "bowler": "MARP Seneviratne",
              "non_striker": "K Mishara",
              "runs": {
                "batter": 0,
                "extras": 0,
                "total": 0
              }
            },
            {
              "batter": "TA Kahaduwaarachchi",
              "bowler": "MARP Seneviratne",
              "non_striker": "K Mishara",
              "runs": {
                "batter": 1,
                "extras": 0,
                "total": 1
              }
            },
            {
              "batter": "K Mishara",
              "bowler": "MARP Seneviratne",
              "non_striker": "TA Kahaduwaarachchi",
              "runs": {
                "batter": 0,
                "extras": 0,
                "total": 0
              }
            },
            {
              "batter": "K Mishara",
              "bowler": "MARP Seneviratne",
              "non_striker": "TA Kahaduwaarachchi",
              "runs": {
                "batter": 0,
                "extras": 0,
                "total": 0
              }
            }
          ]
        },
        {
          "over": 6,
          "deliveries": [
            {
              "batter": "TA Kahaduwaarachchi",
              "bowler": "Ruvishan Perera",
              "non_striker": "K Mishara",
              "runs": {
                "batter": 2,
                "extras": 0,
                "total": 2
              }
            },
            {
              "batter": "TA Kahaduwaarachchi",
              "bowler": "Ruvishan Perera",
              "extras": {
                "wides": 1
              },
              "non_striker": "K Mishara",
              "runs": {
                "batter": 0,
                "extras": 1,
                "total": 1
              }
            },
            {
              "batter": "TA Kahaduwaarachchi",
              "bowler": "Ruvishan Perera",
              "non_striker": "K Mishara",
              "runs": {
                "batter": 0,
                "extras": 0,
                "total": 0
              },
              "wickets": [
                {
                  "player_out": "TA Kahaduwaarachchi",
                  "fielders": [
                    {
                      "name": "Kevin Perera"
                    }
                  ],
                  "kind": "caught"
                }
              ]
            },
            {
              "batter": "SSD Arachchige",
              "bowler": "Ruvishan Perera",
              "non_striker": "K Mishara",
              "runs": {
                "batter": 0,
                "extras": 0,
                "total": 0
              }
            },
            {
              "batter": "SSD Arachchige",
              "bowler": "Ruvishan Perera",
              "non_striker": "K Mishara",
              "runs": {
                "batter": 0,
                "extras": 0,
                "total": 0
              }
            },
            {
              "batter": "SSD Arachchige",
              "bowler": "Ruvishan Perera",
              "non_striker": "K Mishara",
              "runs": {
                "batter": 2,
                "extras": 0,
                "total": 2
              }
            },
            {
              "batter": "SSD Arachchige",
              "bowler": "Ruvishan Perera",
              "non_striker": "K Mishara",
              "runs": {
                "batter": 0,
                "extras": 0,
                "total": 0
              }
            }
          ]
        },
        {
          "over": 7,
          "deliveries": [
            {
              "batter": "K Mishara",
              "bowler": "MARP Seneviratne",
              "non_striker": "SSD Arachchige",
              "runs": {
                "batter": 0,
                "extras": 0,
                "total": 0
              }
            },
            {
              "batter": "K Mishara",
              "bowler": "MARP Seneviratne",
              "non_striker": "SSD Arachchige",
              "runs": {
                "batter": 4,
                "extras": 0,
                "total": 4
              }
            },
            {
              "batter": "K Mishara",
              "bowler": "MARP Seneviratne",
              "non_striker": "SSD Arachchige",
              "runs": {
                "batter": 0,
                "extras": 0,
                "total": 0
              }
            },
            {
              "batter": "K Mishara",
              "bowler": "MARP Seneviratne",
              "non_striker": "SSD Arachchige",
              "runs": {
                "batter": 1,
                "extras": 0,
                "total": 1
              }
            },
            {
              "batter": "SSD Arachchige",
              "bowler": "MARP Seneviratne",
              "non_striker": "K Mishara",
              "runs": {
                "batter": 1,
                "extras": 0,
                "total": 1
              }
            },
            {
              "batter": "K Mishara",
              "bowler": "MARP Seneviratne",
              "non_striker": "SSD Arachchige",
              "runs": {
                "batter": 1,
                "extras": 0,
                "total": 1
              }
            }
          ]
        },
        {
          "over": 8,
          "deliveries": [
            {
              "batter": "K Mishara",
              "bowler": "Ruvishan Perera",
              "non_striker": "SSD Arachchige",
              "runs": {
                "batter": 0,
                "extras": 0,
                "total": 0
              }
            },
            {
              "batter": "K Mishara",
              "bowler": "Ruvishan Perera",
              "non_striker": "SSD Arachchige",
              "runs": {
                "batter": 0,
                "extras": 0,
                "total": 0
              }
            },
            {
              "batter": "K Mishara",
              "bowler": "Ruvishan Perera",
              "non_striker": "SSD Arachchige",
              "runs": {
                "batter": 2,
                "extras": 0,
                "total": 2
              }
            },
            {
              "batter": "K Mishara",
              "bowler": "Ruvishan Perera",
              "non_striker": "SSD Arachchige",
              "runs": {
                "batter": 4,
                "extras": 0,
                "total": 4
              }
            },
            {
              "batter": "K Mishara",
              "bowler": "Ruvishan Perera",
              "non_striker": "SSD Arachchige",
              "runs": {
                "batter": 4,
                "extras": 0,
                "total": 4
              }
            },
            {
              "batter": "K Mishara",
              "bowler": "Ruvishan Perera",
              "non_striker": "SSD Arachchige",
              "runs": {
                "batter": 1,
                "extras": 0,
                "total": 1
              }
            }
          ]
        },
        {
          "over": 9,
          "deliveries": [
            {
              "batter": "K Mishara",
              "bowler": "MARP Seneviratne",
              "non_striker": "SSD Arachchige",
              "runs": {
                "batter": 4,
                "extras": 0,
                "total": 4
              }
            },
            {
              "batter": "K Mishara",
              "bowler": "MARP Seneviratne",
              "non_striker": "SSD Arachchige",
              "runs": {
                "batter": 1,
                "extras": 0,
                "total": 1
              }
            },
            {
              "batter": "SSD Arachchige",
              "bowler": "MARP Seneviratne",
              "non_striker": "K Mishara",
              "runs": {
                "batter": 0,
                "extras": 0,
                "total": 0
              }
            },
            {
              "batter": "SSD Arachchige",
              "bowler": "MARP Seneviratne",
              "non_striker": "K Mishara",
              "runs": {
                "batter": 0,
                "extras": 0,
                "total": 0
              }
            },
            {
              "batter": "SSD Arachchige",
              "bowler": "MARP Seneviratne",
              "non_striker": "K Mishara",
              "runs": {
                "batter": 0,
                "extras": 0,
                "total": 0
              }
            },
            {
              "batter": "SSD Arachchige",
              "bowler": "MARP Seneviratne",
              "non_striker": "K Mishara",
              "runs": {
                "batter": 1,
                "extras": 0,
                "total": 1
              }
            }
          ]
        },
        {
          "over": 10,
          "deliveries": [
            {
              "batter": "SSD Arachchige",
              "bowler": "AMCD Abeysinghe",
              "non_striker": "K Mishara",
              "runs": {
                "batter": 4,
                "extras": 0,
                "total": 4
              }
            },
            {
              "batter": "SSD Arachchige",
              "bowler": "AMCD Abeysinghe",
              "non_striker": "K Mishara",
              "runs": {
                "batter": 1,
                "extras": 0,
                "total": 1
              }
            },
            {
              "batter": "K Mishara",
              "bowler": "AMCD Abeysinghe",
              "non_striker": "SSD Arachchige",
              "runs": {
                "batter": 6,
                "extras": 0,
                "total": 6
              }
            },
            {
              "batter": "K Mishara",
              "bowler": "AMCD Abeysinghe",
              "non_striker": "SSD Arachchige",
              "runs": {
                "batter": 2,
                "extras": 0,
                "total": 2
              }
            },
            {
              "batter": "K Mishara",
              "bowler": "AMCD Abeysinghe",
              "extras": {
                "legbyes": 1
              },
              "non_striker": "SSD Arachchige",
              "runs": {
                "batter": 0,
                "extras": 1,
                "total": 1
              }
            },
            {
              "batter": "SSD Arachchige",
              "bowler": "AMCD Abeysinghe",
              "non_striker": "K Mishara",
              "runs": {
                "batter": 0,
                "extras": 0,
                "total": 0
              }
            }
          ]
        },
        {
          "over": 11,
          "deliveries": [
            {
              "batter": "K Mishara",
              "bowler": "P Pathum",
              "non_striker": "SSD Arachchige",
              "runs": {
                "batter": 0,
                "extras": 0,
                "total": 0
              }
            },
            {
              "batter": "K Mishara",
              "bowler": "P Pathum",
              "non_striker": "SSD Arachchige",
              "runs": {
                "batter": 0,
                "extras": 0,
                "total": 0
              }
            },
            {
              "batter": "K Mishara",
              "bowler": "P Pathum",
              "non_striker": "SSD Arachchige",
              "runs": {
                "batter": 1,
                "extras": 0,
                "total": 1
              }
            },
            {
              "batter": "SSD Arachchige",
              "bowler": "P Pathum",
              "non_striker": "K Mishara",
              "runs": {
                "batter": 6,
                "extras": 0,
                "total": 6
              }
            },
            {
              "batter": "SSD Arachchige",
              "bowler": "P Pathum",
              "non_striker": "K Mishara",
              "runs": {
                "batter": 1,
                "extras": 0,
                "total": 1
              }
            },
            {
              "batter": "K Mishara",
              "bowler": "P Pathum",
              "non_striker": "SSD Arachchige",
              "runs": {
                "batter": 0,
                "extras": 0,
                "total": 0
              },
              "wickets": [
                {
                  "player_out": "K Mishara",
                  "fielders": [
                    {
                      "substitute": true
                    }
                  ],
                  "kind": "caught"
                }
              ]
            }
          ]
        },
        {
          "over": 12,
          "deliveries": [
            {
              "batter": "SSD Arachchige",
              "bowler": "AMCD Abeysinghe",
              "non_striker": "VR Rubasinghe",
              "runs": {
                "batter": 4,
                "extras": 0,
                "total": 4
              }
            }
          ]
        }
      ],
      "powerplays": [
        {
          "from": 0.1,
          "to": 5.7,
          "type": "mandatory"
        }
      ],
      "target": {
        "overs": 20,
        "runs": 133
      }
    }
  ]
}