{
  "meta": {
    "data_version": "1.1.0",
    "created": "2025-07-17",
    "revision": 1
  },
  "info": {
    "balls_per_over": 6,
    "city": "Colombo",
    "dates": [
      "2024-05-13"
    ],
    "event": {
      "name": "Major Clubs T20 Tournament",
      "group": "C"
    },
    "gender": "male",
    "match_type": "T20",
    "officials": {
      "match_referees": [
        "GF Labrooy"
      ],
      "reserve_umpires": [
        "PSR Fonseka"
      ],
      "umpires": [
        "BCN Amarasinghe",
        "Keerthi Bandara"
      ]
    },
    "outcome": {
      "winner": "Negombo Cricket Club",
      "by": {
        "runs": 17
      }
    },
    "overs": 20,
    "players": {
      "Negombo Cricket Club": [
        "EMDY Munaweera",
        "K Wanniarachchi",
        "HS Liyanage",
        "MS Warnapura",
        "U Lakshan",
        "MS Silva",
        "RAKA Ranasinghe",
        "PSU Fernando",
        "GWR Lakmal",
        "P Ushettige",
        "WRC Fernando"
      ],
      "Ace Capital Cricket Club": [
        "S Gimhan",
        "PTM Dabare",
        "K Amantha",
        "MPM Weerasinghe",
        "Sammu Ashan",
        "S Liyanage",
        "RMRDG Rathnayake",
        "R de Silva",
        "NH Atharagalla",
        "RJKTD Ranatunga",
        "S Disanayaka"
      ]
    },
    "registry": {
      "people": {
        "BCN Amarasinghe": "ccd560d6",
        "EMDY Munaweera": "5a22d91c",
        "GF Labrooy": "8e088dbc",
        "GWR Lakmal": "1514a0dd",
        "HS Liyanage": "8505bd55",
        "K Amantha": "792a3d5a",
        "K Wanniarachchi": "03244b87",
        "Keerthi Bandara": "8e856a81",
        "MPM Weerasinghe": "39571f64",
        "MS Silva": "04c73935",
        "MS Warnapura": "f2626fc9",
        "NH Atharagalla": "5250b33c",
        "P Ushettige": "afd3365a",
        "PSR Fonseka": "8fd2cea5",
        "PSU Fernando": "dd43dd57",
        "PTM Dabare": "a97fbc2c",
        "R de Silva": "0d6ab15a",
        "RAKA Ranasinghe": "9af36c22",
        "RJKTD Ranatunga": "dadb0634",
        "RMRDG Rathnayake": "f73c0c37",
        "S Disanayaka": "fbc17c95",
        "S Gimhan": "81acb5f5",
        "S Liyanage": "b47a39f9",
        "Sammu Ashan": "981b9303",
        "U Lakshan": "bc0554d7",
        "WRC Fernando": "d58358e9"
      }
    },
    "season": "2024",
    "team_type": "club",
    "teams": [
      "Negombo Cricket Club",
      "Ace Capital Cricket Club"
    ],
    "toss": {
      "decision": "field",
      "winner": "Ace Capital Cricket Club"
    },
    "venue": "Nondescripts Cricket Club Ground, Colombo"
  },
  "innings": [
    {
      "team": "Negombo Cricket Club",
      "overs": [
        {
          "over": 0,
          "deliveries": [
            {
              "batter": "EMDY Munaweera",
              "bowler": "S Disanayaka",
              "non_striker": "K Wanniarachchi",
              "runs": {
                "batter": 0,
                "extras": 0,
                "total": 0
              }
            },
            {
              "batter": "EMDY Munaweera",
              "bowler": "S Disanayaka",
              "non_striker": "K Wanniarachchi",
              "runs": {
                "batter": 0,
                "extras": 0,
                "total": 0
              }
            },
            {
              "batter": "EMDY Munaweera",
              "bowler": "S Disanayaka",
              "non_striker": "K Wanniarachchi",
              "runs": {
                "batter": 1,
                "extras": 0,
                "total": 1
              }
            },
            {
              "batter": "K Wanniarachchi",
              "bowler": "S Disanayaka",
              "non_striker": "EMDY Munaweera",
              "runs": {
                "batter": 0,
                "extras": 0,
                "total": 0
              }
            },
            {
              "batter": "K Wanniarachchi",
              "bowler": "S Disanayaka",
              "non_striker": "EMDY Munaweera",
              "runs": {
                "batter": 1,
                "extras": 0,
                "total": 1
              }
            },
            {
              "batter": "EMDY Munaweera",
              "bowler": "S Disanayaka",
              "non_striker": "K Wanniarachchi",
              "runs": {
                "batter": 1,
                "extras": 0,
                "total": 1
              }
            }
          ]
        },
        {
          "over": 1,
          "deliveries": [
            {
              "batter": "EMDY Munaweera",
              "bowler": "NH Atharagalla",
              "non_striker": "K Wanniarachchi",
              "runs": {
                "batter": 0,
                "extras": 0,
                "total": 0
              }
            },
            {
              "batter": "EMDY Munaweera",
              "bowler": "NH Atharagalla",
              "non_striker": "K Wanniarachchi",
              "runs": {
                "batter": 1,
                "extras": 0,
                "total": 1
              }
            },
            {
              "batter": "K Wanniarachchi",
              "bowler": "NH Atharagalla",
              "non_striker": "EMDY Munaweera",
              "runs": {
                "batter": 0,
                "extras": 0,
                "total": 0
              },
              "wickets": [
                {
                  "player_out": "K Wanniarachchi",
                  "fielders": [
                    {
                      "name": "K Amantha"
                    }
                  ],
                  "kind": "caught"
                }
              ]
            },
            {
              "batter": "HS Liyanage",
              "bowler": "NH Atharagalla",
              "non_striker": "EMDY Munaweera",
              "runs": {
                "batter": 4,
                "extras": 0,
                "total": 4
              }
            },
            {
              "batter": "HS Liyanage",
              "bowler": "NH Atharagalla",
              "non_striker": "EMDY Munaweera",
              "runs": {
                "batter": 0,
                "extras": 0,
                "total": 0
              }
            },
            {
              "batter": "HS Liyanage",
              "bowler": "NH Atharagalla",
              "non_striker": "EMDY Munaweera",
              "runs": {
                "batter": 0,
                "extras": 0,
                "total": 0
              }
            }
          ]
        },
        {
          "over": 2,
          "deliveries": [
            {
              "batter": "EMDY Munaweera",
              "bowler": "S Disanayaka",
              "non_striker": "HS Liyanage",
              "runs": {
                "batter": 0,
                "extras": 0,
                "total": 0
              }
            },
            {
              "batter": "EMDY Munaweera",
              "bowler": "S Disanayaka",
              "non_striker": "HS Liyanage",
              "runs": {
                "batter": 4,
                "extras": 0,
                "total": 4
              }
            },
            {
              "batter": "EMDY Munaweera",
              "bowler": "S Disanayaka",
              "non_striker": "HS Liyanage",
              "runs": {
                "batter": 0,
                "extras": 0,
                "total": 0
              }
            },
            {
              "batter": "EMDY Munaweera",
              "bowler": "S Disanayaka",
              "non_striker": "HS Liyanage",
              "runs": {
                "batter": 2,
                "extras": 0,
                "total": 2
              }
            },
            {
              "batter": "EMDY Munaweera",
              "bowler": "S Disanayaka",
              "non_striker": "HS Liyanage",
              "runs": {
                "batter": 1,
                "extras": 0,
                "total": 1
              }
            },
            {
              "batter": "HS Liyanage",
              "bowler": "S Disanayaka",
              "non_striker": "EMDY Munaweera",
              "runs": {
                "batter": 0,
                "extras": 0,
                "total": 0
              }
            }
          ]
        },
        {
          "over": 3,
          "deliveries": [
            {
              "batter": "EMDY Munaweera",
              "bowler": "NH Atharagalla",
              "non_striker": "HS Liyanage",
              "runs": {
                "batter": 2,
                "extras": 0,
                "total": 2
              }
            },
            {
              "batter": "EMDY Munaweera",
              "bowler": "NH Atharagalla",
              "non_striker": "HS Liyanage",
              "runs": {
                "batter": 6,
                "extras": 0,
                "total": 6
              }
            },
            {
              "batter": "EMDY Munaweera",
              "bowler": "NH Atharagalla",
              "non_striker": "HS Liyanage",
              "runs": {
                "batter": 4,
                "extras": 0,
                "total": 4
              }
            },
            {
              "batter": "EMDY Munaweera",
              "bowler": "NH Atharagalla",
              "non_striker": "HS Liyanage",
              "runs": {
                "batter": 0,
                "extras": 0,
                "total": 0
              }
            },
            {
              "batter": "EMDY Munaweera",
              "bowler": "NH Atharagalla",
              "non_striker": "HS Liyanage",
              "runs": {
                "batter": 6,
                "extras": 0,
                "total": 6
              }
            },
            {
              "batter": "EMDY Munaweera",
              "bowler": "NH Atharagalla",
              "non_striker": "HS Liyanage",
              "runs": {
                "batter": 6,
                "extras": 0,
                "total": 6
              }
            }
          ]
        },
        {
          "over": 4,
          "deliveries": [
            {
              "batter": "HS Liyanage",
              "bowler": "RMRDG Rathnayake",
              "non_striker": "EMDY Munaweera",
              "runs": {
                "batter": 4,
                "extras": 0,
                "total": 4
              }
            },
            {
              "batter": "HS Liyanage",
              "bowler": "RMRDG Rathnayake",
              "non_striker": "EMDY Munaweera",
              "runs": {
                "batter": 0,
                "extras": 0,
                "total": 0
              }
            },
            {
              "batter": "HS Liyanage",
              "bowler": "RMRDG Rathnayake",
              "non_striker": "EMDY Munaweera",
              "runs": {
                "batter": 1,
                "extras": 0,
                "total": 1
              }
            },
            {
              "batter": "EMDY Munaweera",
              "bowler": "RMRDG Rathnayake",
              "non_striker": "HS Liyanage",
              "runs": {
                "batter": 4,
                "extras": 0,
                "total": 4
              }
            },
            {
              "batter": "EMDY Munaweera",
              "bowler": "RMRDG Rathnayake",
              "extras": {
                "wides": 1
              },
              "non_striker": "HS Liyanage",
              "runs": {
                "batter": 0,
                "extras": 1,
                "total": 1
              }
            },
            {
              "batter": "EMDY Munaweera",
              "bowler": "RMRDG Rathnayake",
              "non_striker": "HS Liyanage",
              "runs": {
                "batter": 0,
                "extras": 0,
                "total": 0
              },
              "wickets": [
                {
                  "player_out": "EMDY Munaweera",
                  "fielders": [
                    {
                      "name": "PTM Dabare"
                    }
                  ],
                  "kind": "caught"
                }
              ]
            },
            {
              "batter": "MS Warnapura",
              "bowler": "RMRDG Rathnayake",
              "extras": {
                "legbyes": 1
              },
              "non_striker": "HS Liyanage",
              "runs": {
                "batter": 0,
                "extras": 1,
                "total": 1
              }
            }
          ]
        },
        {
          "over": 5,
          "deliveries": [
            {
              "batter": "MS Warnapura",
              "bowler": "Sammu Ashan",
              "non_striker": "HS Liyanage",
              "runs": {
                "batter": 1,
                "extras": 0,
                "total": 1
              }
            },
            {
              "batter": "HS Liyanage",
              "bowler": "Sammu Ashan",
              "non_striker": "MS Warnapura",
              "runs": {
                "batter": 0,
                "extras": 0,
                "total": 0
              }
            },
            {
              "batter": "HS Liyanage",
              "bowler": "Sammu Ashan",
              "non_striker": "MS Warnapura",
              "runs": {
                "batter": 0,
                "extras": 0,
                "total": 0
              }
            },
            {
              "batter": "HS Liyanage",
              "bowler": "Sammu Ashan",
              "non_striker": "MS Warnapura",
              "runs": {
                "batter": 0,
                "extras": 0,
                "total": 0
              }
            },
            {
              "batter": "HS Liyanage",
              "bowler": "Sammu Ashan",
              "non_striker": "MS Warnapura",
              "runs": {
                "batter": 4,
                "extras": 0,
                "total": 4
              }
            },
            {
              "batter": "HS Liyanage",
              "bowler": "Sammu Ashan",
              "non_striker": "MS Warnapura",
              "runs": {
                "batter": 0,
                "extras": 0,
                "total": 0
              }
            }
          ]
        },
        {
          "over": 6,
          "deliveries": [
            {
              "batter": "MS Warnapura",
              "bowler": "RMRDG Rathnayake",
              "non_striker": "HS Liyanage",
              "runs": {
                "batter": 1,
                "extras": 0,
                "total": 1
              }
            },
            {
              "batter": "HS Liyanage",
              "bowler": "RMRDG Rathnayake",
              "extras": {
                "wides": 1
              },
              "non_striker": "MS Warnapura",
              "runs": {
                "batter": 0,
                "extras": 1,
                "total": 1
              }
            },
            {
              "batter": "HS Liyanage",
              "bowler": "RMRDG Rathnayake",
              "non_striker": "MS Warnapura",
              "runs": {
                "batter": 1,
                "extras": 0,
                "total": 1
              }
            },
            {
              "batter": "MS Warnapura",
              "bowler": "RMRDG Rathnayake",
              "non_striker": "HS Liyanage",
              "runs": {
                "batter": 4,
                "extras": 0,
                "total": 4
              }
            },
            {
              "batter": "MS Warnapura",
              "bowler": "RMRDG Rathnayake",
              "non_striker": "HS Liyanage",
              "runs": {
                "batter": 0,
                "extras": 0,
                "total": 0
              }
            },
            {
              "batter": "MS Warnapura",
              "bowler": "RMRDG Rathnayake",
              "non_striker": "HS Liyanage",
              "runs": {
                "batter": 1,
                "extras": 0,
                "total": 1
              }
            },
            {
              "batter": "HS Liyanage",
              "bowler": "RMRDG Rathnayake",
              "non_striker": "MS Warnapura",
              "runs": {
                "batter": 1,
                "extras": 0,
                "total": 1
              }
            }
          ]
        },
        {
          "over": 7,
          "deliveries": [
            {
              "batter": "HS Liyanage",
              "bowler": "Sammu Ashan",
              "non_striker": "MS Warnapura",
              "runs": {
                "batter": 4,
                "extras": 0,
                "total": 4
              }
            },
            {
              "batter": "HS Liyanage",
              "bowler": "Sammu Ashan",
              "non_striker": "MS Warnapura",
              "runs": {
                "batter": 0,
                "extras": 0,
                "total": 0
              }
            },
            {
              "batter": "HS Liyanage",
              "bowler": "Sammu Ashan",
              "non_striker": "MS Warnapura",
              "runs": {
                "batter": 1,
                "extras": 0,
                "total": 1
              }
            },
            {
              "batter": "MS Warnapura",
              "bowler": "Sammu Ashan",
              "non_striker": "HS Liyanage",
              "runs": {
                "batter": 1,
                "extras": 0,
                "total": 1
              }
            },
            {
              "batter": "HS Liyanage",
              "bowler": "Sammu Ashan",
              "non_striker": "MS Warnapura",
              "runs": {
                "batter": 0,
                "extras": 0,
                "total": 0
              }
            },
            {
              "batter": "HS Liyanage",
              "bowler": "Sammu Ashan",
              "extras": {
                "wides": 1
              },
              "non_striker": "MS Warnapura",
              "runs": {
                "batter": 0,
                "extras": 1,
                "total": 1
              }
            },
            {
              "batter": "HS Liyanage",
              "bowler": "Sammu Ashan",
              "non_striker": "MS Warnapura",
              "runs": {
                "batter": 0,
                "extras": 0,
                "total": 0
              }
            }
          ]
        },
        {
          "over": 8,
          "deliveries": [
            {
              "batter": "MS Warnapura",
              "bowler": "PTM Dabare",
              "non_striker": "HS Liyanage",
              "runs": {
                "batter": 0,
                "extras": 0,
                "total": 0
              }
            },
            {
              "batter": "MS Warnapura",
              "bowler": "PTM Dabare",
              "non_striker": "HS Liyanage",
              "runs": {
                "batter": 1,
                "extras": 0,
                "total": 1
              }
            },
            {
              "batter": "HS Liyanage",
              "bowler": "PTM Dabare",
              "non_striker": "MS Warnapura",
              "runs": {
                "batter": 0,
                "extras": 0,
                "total": 0
              }
            },
            {
              "batter": "HS Liyanage",
              "bowler": "PTM Dabare",
              "non_striker": "MS Warnapura",
              "runs": {
                "batter": 1,
                "extras": 0,
                "total": 1
              }
            },
            {
              "batter": "MS Warnapura",
              "bowler": "PTM Dabare",
              "non_striker": "HS Liyanage",
              "runs": {
                "batter": 2,
                "extras": 0,
                "total": 2
              }
            },
            {
              "batter": "MS Warnapura",
              "bowler": "PTM Dabare",
              "non_striker": "HS Liyanage",
              "runs": {
                "batter": 1,
                "extras": 0,
                "total": 1
              }
            }
          ]
        },
        {
          "over": 9,
          "deliveries": [
            {
              "batter": "MS Warnapura",
              "bowler": "MPM Weerasinghe",
              "non_striker": "HS Liyanage",
              "runs": {
                "batter": 4,
                "extras": 0,
                "total": 4
              }
            },
            {
              "batter": "MS Warnapura",
              "bowler": "MPM Weerasinghe",
              "non_striker": "HS Liyanage",
              "runs": {
                "batter": 0,
                "extras": 0,
                "total": 0
              }
            },
            {
              "batter": "MS Warnapura",
              "bowler": "MPM Weerasinghe",
              "non_striker": "HS Liyanage",
              "runs": {
                "batter": 2,
                "extras": 0,
                "total": 2
              }
            },
            {
              "batter": "MS Warnapura",
              "bowler": "MPM Weerasinghe",
              "non_striker": "HS Liyanage",
              "runs": {
                "batter": 1,
                "extras": 0,
                "total": 1
              }
            },
            {
              "batter": "HS Liyanage",
              "bowler": "MPM Weerasinghe",
              "non_striker": "MS Warnapura",
              "runs": {
                "batter": 1,
                "extras": 0,
                "total": 1
              }
            },
            {
              "batter": "MS Warnapura",
              "bowler": "MPM Weerasinghe",
              "non_striker": "HS Liyanage",
              "runs": {
                "batter": 0,
                "extras": 0,
                "total": 0
              }
            }
          ]
        },
        {
          "over": 10,
          "deliveries": [
            {
              "batter": "HS Liyanage",
              "bowler": "R de Silva",
              "non_striker": "MS Warnapura",
              "runs": {
                "batter": 6,
                "extras": 0,
                "total": 6
              }
            },
            {
              "batter": "HS Liyanage",
              "bowler": "R de Silva",
              "non_striker": "MS Warnapura",
              "runs": {
                "batter": 0,
                "extras": 0,
                "total": 0
              }
            },
            {
              "batter": "HS Liyanage",
              "bowler": "R de Silva",
              "non_striker": "MS Warnapura",
              "runs": {
                "batter": 4,
                "extras": 0,
                "total": 4
              }
            },
            {
              "batter": "HS Liyanage",
              "bowler": "R de Silva",
              "non_striker": "MS Warnapura",
              "runs": {
                "batter": 1,
                "extras": 0,
                "total": 1
              }
            },
            {
              "batter": "MS Warnapura",
              "bowler": "R de Silva",
              "non_striker": "HS Liyanage",
              "runs": {
                "batter": 1,
                "extras": 0,
                "total": 1
              }
            },
            {
              "batter": "HS Liyanage",
              "bowler": "R de Silva",
              "non_striker": "MS Warnapura",
              "runs": {
                "batter": 1,
                "extras": 0,
                "total": 1
              }
            }
          ]
        },
        {
          "over": 11,
          "deliveries": [
            {
              "batter": "HS Liyanage",
              "bowler": "PTM Dabare",
              "non_striker": "MS Warnapura",
              "runs": {
                "batter": 6,
                "extras": 0,
                "total": 6
              }
            },
            {
              "batter": "HS Liyanage",
              "bowler": "PTM Dabare",
              "non_striker": "MS Warnapura",
              "runs": {
                "batter": 0,
                "extras": 0,
                "total": 0
              }
            },
            {
              "batter": "HS Liyanage",
              "bowler": "PTM Dabare",
              "non_striker": "MS Warnapura",
              "runs": {
                "batter": 2,
                "extras": 0,
                "total": 2
              }
            },
            {
              "batter": "HS Liyanage",
              "bowler": "PTM Dabare",
              "non_striker": "MS Warnapura",
              "runs": {
                "batter": 0,
                "extras": 0,
                "total": 0
              }
            },
            {
              "batter": "HS Liyanage",
              "bowler": "PTM Dabare",
              "non_striker": "MS Warnapura",
              "runs": {
                "batter": 2,
                "extras": 0,
                "total": 2
              }
            },
            {
              "batter": "HS Liyanage",
              "bowler": "PTM Dabare",
              "non_striker": "MS Warnapura",
              "runs": {
                "batter": 1,
                "extras": 0,
                "total": 1
              }
            }
          ]
        },
        {
          "over": 12,
          "deliveries": [
            {
              "batter": "HS Liyanage",
              "bowler": "NH Atharagalla",
              "non_striker": "MS Warnapura",
              "runs": {
                "batter": 0,
                "extras": 0,
                "total": 0
              }
            },
            {
              "batter": "HS Liyanage",
              "bowler": "NH Atharagalla",
              "non_striker": "MS Warnapura",
              "runs": {
                "batter": 0,
                "extras": 0,
                "total": 0
              },
              "wickets": [
                {
                  "player_out": "HS Liyanage",
                  "fielders": [
                    {
                      "name": "S Disanayaka"
                    }
                  ],
                  "kind": "caught"
                }
              ]
            },
            {
              "batter": "U Lakshan",
              "bowler": "NH Atharagalla",
              "non_striker": "MS Warnapura",
              "runs": {
                "batter": 0,
                "extras": 0,
                "total": 0
              }
            },
            {
              "batter": "U Lakshan",
              "bowler": "NH Atharagalla",
              "non_striker": "MS Warnapura",
              "runs": {
                "batter": 0,
                "extras": 0,
                "total": 0
              }
            },
            {
              "batter": "U Lakshan",
              "bowler": "NH Atharagalla",
              "non_striker": "MS Warnapura",
              "runs": {
                "batter": 1,
                "extras": 0,
                "total": 1
              }
            },
            {
              "batter": "MS Warnapura",
              "bowler": "NH Atharagalla",
              "non_striker": "U Lakshan",
              "runs": {
                "batter": 0,
                "extras": 0,
                "total": 0
              }
            }
          ]
        },
        {
          "over": 13,
          "deliveries": [
            {
              "batter": "U Lakshan",
              "bowler": "RJKTD Ranatunga",
              "non_striker": "MS Warnapura",
              "runs": {
                "batter": 1,
                "extras": 0,
                "total": 1
              }
            },
            {
              "batter": "MS Warnapura",
              "bowler": "RJKTD Ranatunga",
              "non_striker": "U Lakshan",
              "runs": {
                "batter": 1,
                "extras": 0,
                "total": 1
              }
            },
            {
              "batter": "U Lakshan",
              "bowler": "RJKTD Ranatunga",
              "non_striker": "MS Warnapura",
              "runs": {
                "batter": 0,
                "extras": 0,
                "total": 0
              }
            },
            {
              "batter": "U Lakshan",
              "bowler": "RJKTD Ranatunga",
              "non_striker": "MS Warnapura",
              "runs": {
                "batter": 1,
                "extras": 0,
                "total": 1
              }
            },
            {
              "batter": "MS Warnapura",
              "bowler": "RJKTD Ranatunga",
              "non_striker": "U Lakshan",
              "runs": {
                "batter": 0,
                "extras": 0,
                "total": 0
              }
            },
            {
              "batter": "MS Warnapura",
              "bowler": "RJKTD Ranatunga",
              "non_striker": "U Lakshan",
              "runs": {
                "batter": 1,
                "extras": 0,
                "total": 1
              }
            }
          ]
        },
        {
          "over": 14,
          "deliveries": [
            {
              "batter": "MS Warnapura",
              "bowler": "S Disanayaka",
              "non_striker": "U Lakshan",
              "runs": {
                "batter": 4,
                "extras": 0,
                "total": 4
              }
            },
            {
              "batter": "MS Warnapura",
              "bowler": "S Disanayaka",
              "non_striker": "U Lakshan",
              "runs": {
                "batter": 0,
                "extras": 0,
                "total": 0
              }
            },
            {
              "batter": "MS Warnapura",
              "bowler": "S Disanayaka",
              "non_striker": "U Lakshan",
              "runs": {
                "batter": 1,
                "extras": 0,
                "total": 1
              }
            },
            {
              "batter": "U Lakshan",
              "bowler": "S Disanayaka",
              "non_striker": "MS Warnapura",
              "runs": {
                "batter": 1,
                "extras": 0,
                "total": 1
              }
            },
            {
              "batter": "MS Warnapura",
              "bowler": "S Disanayaka",
              "non_striker": "U Lakshan",
              "runs": {
                "batter": 4,
                "extras": 0,
                "total": 4
              }
            },
            {
              "batter": "MS Warnapura",
              "bowler": "S Disanayaka",
              "non_striker": "U Lakshan",
              "runs": {
                "batter": 1,
                "extras": 0,
                "total": 1
              }
            }
          ]
        },
        {
          "over": 15,
          "deliveries": [
            {
              "batter": "MS Warnapura",
              "bowler": "RJKTD Ranatunga",
              "non_striker": "U Lakshan",
              "runs": {
                "batter": 1,
                "extras": 0,
                "total": 1
              }
            },
            {
              "batter": "U Lakshan",
              "bowler": "RJKTD Ranatunga",
              "non_striker": "MS Warnapura",
              "runs": {
                "batter": 0,
                "extras": 0,
                "total": 0
              },
              "wickets": [
                {
                  "player_out": "U Lakshan",
                  "kind": "bowled"
                }
              ]
            },
            {
              "batter": "MS Silva",
              "bowler": "RJKTD Ranatunga",
              "non_striker": "MS Warnapura",
              "runs": {
                "batter": 1,
                "extras": 0,
                "total": 1
              }
            },
            {
              "batter": "MS Warnapura",
              "bowler": "RJKTD Ranatunga",
              "non_striker": "MS Silva",
              "runs": {
                "batter": 6,
                "extras": 0,
                "total": 6
              }
            },
            {
              "batter": "MS Warnapura",
              "bowler": "RJKTD Ranatunga",
              "non_striker": "MS Silva",
              "runs": {
                "batter": 0,
                "extras": 0,
                "total": 0
              }
            },
            {
              "batter": "MS Warnapura",
              "bowler": "RJKTD Ranatunga",
              "non_striker": "MS Silva",
              "runs": {
                "batter": 1,
                "extras": 0,
                "total": 1
              }
            }
          ]
        },
        {
          "over": 16,
          "deliveries": [
            {
              "batter": "MS Warnapura",
              "bowler": "PTM Dabare",
              "non_striker": "MS Silva",
              "runs": {
                "batter": 1,
                "extras": 0,
                "total": 1
              }
            },
            {
              "batter": "MS Silva",
              "bowler": "PTM Dabare",
              "non_striker": "MS Warnapura",
              "runs": {
                "batter": 0,
                "extras": 0,
                "total": 0
              }
            },
            {
              "batter": "MS Silva",
              "bowler": "PTM Dabare",
              "non_striker": "MS Warnapura",
              "runs": {
                "batter": 2,
                "extras": 0,
                "total": 2
              }
            },
            {
              "batter": "MS Silva",
              "bowler": "PTM Dabare",
              "non_striker": "MS Warnapura",
              "runs": {
                "batter": 0,
                "extras": 0,
                "total": 0
              },
              "wickets": [
                {
                  "fielders": [
                    {
                      "name": "NH Atharagalla"
                    }
                  ],
                  "player_out": "MS Silva",
                  "kind": "caught"
                }
              ]
            },
            {
              "batter": "RAKA Ranasinghe",
              "bowler": "PTM Dabare",
              "non_striker": "MS Warnapura",
              "runs": {
                "batter": 0,
                "extras": 0,
                "total": 0
              },
              "wickets": [
                {
                  "player_out": "RAKA Ranasinghe",
                  "fielders": [
                    {
                      "name": "S Gimhan"
                    },
                    {
                      "name": "R de Silva"
                    }
                  ],
                  "kind": "run out"
                }
              ]
            },
            {
              "batter": "PSU Fernando",
              "bowler": "PTM Dabare",
              "non_striker": "MS Warnapura",
              "runs": {
                "batter": 1,
                "extras": 0,
                "total": 1
              }
            }
          ]
        },
        {
          "over": 17,
          "deliveries": [
            {
              "batter": "PSU Fernando",
              "bowler": "NH Atharagalla",
              "non_striker": "MS Warnapura",
              "runs": {
                "batter": 0,
                "extras": 0,
                "total": 0
              }
            },
            {
              "batter": "PSU Fernando",
              "bowler": "NH Atharagalla",
              "non_striker": "MS Warnapura",
              "runs": {
                "batter": 0,
                "extras": 0,
                "total": 0
              }
            },
            {
              "batter": "PSU Fernando",
              "bowler": "NH Atharagalla",
              "non_striker": "MS Warnapura",
              "runs": {
                "batter": 0,
                "extras": 0,
                "total": 0
              }
            },
            {
              "batter": "PSU Fernando",
              "bowler": "NH Atharagalla",
              "non_striker": "MS Warnapura",
              "runs": {
                "batter": 1,
                "extras": 0,
                "total": 1
              }
            },
            {
              "batter": "MS Warnapura",
              "bowler": "NH Atharagalla",
              "non_striker": "PSU Fernando",
              "runs": {
                "batter": 0,
                "extras": 0,
                "total": 0
              }
            },
            {
              "batter": "MS Warnapura",
              "bowler": "NH Atharagalla",
              "non_striker": "PSU Fernando",
              "runs": {
                "batter": 1,
                "extras": 0,
                "total": 1
              }
            }
          ]
        },
        {
          "over": 18,
          "deliveries": [
            {
              "batter": "MS Warnapura",
              "bowler": "PTM Dabare",
              "non_striker": "PSU Fernando",
              "runs": {
                "batter": 1,
                "extras": 0,
                "total": 1
              }
            },
            {
              "batter": "PSU Fernando",
              "bowler": "PTM Dabare",
              "non_striker": "MS Warnapura",
              "runs": {
                "batter": 0,
                "extras": 0,
                "total": 0
              },
              "wickets": [
                {
                  "player_out": "PSU Fernando",
                  "fielders": [
                    {
                      "name": "RMRDG Rathnayake"
                    }
                  ],
                  "kind": "caught"
                }
              ]
            },
            {
              "batter": "GWR Lakmal",
              "bowler": "PTM Dabare",
              "non_striker": "MS Warnapura",
              "runs": {
                "batter": 0,
                "extras": 0,
                "total": 0
              }
            },
            {
              "batter": "GWR Lakmal",
              "bowler": "PTM Dabare",
              "non_striker": "MS Warnapura",
              "runs": {
                "batter": 0,
                "extras": 0,
                "total": 0
              }
            },
            {
              "batter": "GWR Lakmal",
              "bowler": "PTM Dabare",
              "non_striker": "MS Warnapura",
              "runs": {
                "batter": 0,
                "extras": 0,
                "total": 0
              }
            },
            {
              "batter": "GWR Lakmal",
              "bowler": "PTM Dabare",
              "non_striker": "MS Warnapura",
              "runs": {
                "batter": 1,
                "extras": 0,
                "total": 1
              }
            }
          ]
        },
        {
          "over": 19,
          "deliveries": [
            {
              "batter": "GWR Lakmal",
              "bowler": "S Disanayaka",
              "non_striker": "MS Warnapura",
              "runs": {
                "batter": 0,
                "extras": 0,
                "total": 0
              },
              "wickets": [
                {
                  "player_out": "GWR Lakmal",
                  "fielders": [
                    {
                      "name": "RMRDG Rathnayake"
                    }
                  ],
                  "kind": "caught"
                }
              ]
            },
            {
              "batter": "P Ushettige",
              "bowler": "S Disanayaka",
              "non_striker": "MS Warnapura",
              "runs": {
                "batter": 1,
                "extras": 0,
                "total": 1
              }
            },
            {
              "batter": "MS Warnapura",
              "bowler": "S Disanayaka",
              "non_striker": "P Ushettige",
              "runs": {
                "batter": 2,
                "extras": 0,
                "total": 2
              }
            },
            {
              "batter": "MS Warnapura",
              "bowler": "S Disanayaka",
              "non_striker": "P Ushettige",
              "runs": {
                "batter": 6,
                "extras": 0,
                "total": 6
              }
            },
            {
              "batter": "MS Warnapura",
              "bowler": "S Disanayaka",
              "non_striker": "P Ushettige",
              "runs": {
                "batter": 1,
                "extras": 0,
                "total": 1
              }
            },
            {
              "batter": "P Ushettige",
              "bowler": "S Disanayaka",
              "non_striker": "MS Warnapura",
              "runs": {
                "batter": 1,
                "extras": 0,
                "total": 1
              },
              "wickets": [
                {
                  "player_out": "P Ushettige",
                  "fielders": [
                    {
                      "name": "S Gimhan"
                    },
                    {
                      "name": "R de Silva"
                    }
                  ],
                  "kind": "run out"
                }
              ]
            }
          ]
        }
      ],
      "powerplays": [
        {
          "from": 0.1,
          "to": 5.6,
          "type": "mandatory"
        }
      ]
    },
    {
      "team": "Ace Capital Cricket Club",
      "overs": [
        {
          "over": 0,
          "deliveries": [
            {
              "batter": "S Gimhan",
              "bowler": "EMDY Munaweera",
              "non_striker": "PTM Dabare",
              "runs": {
                "batter": 1,
                "extras": 0,
                "total": 1
              }
            },
            {
              "batter": "PTM Dabare",
              "bowler": "EMDY Munaweera",
              "non_striker": "S Gimhan",
              "runs": {
                "batter": 0,
                "extras": 0,
                "total": 0
              }
            },
            {
              "batter": "PTM Dabare",
              "bowler": "EMDY Munaweera",
              "non_striker": "S Gimhan",
              "runs": {
                "batter": 0,
                "extras": 0,
                "total": 0
              },
              "wickets": [
                {
                  "player_out": "PTM Dabare",
                  "fielders": [
                    {
                      "name": "RAKA Ranasinghe"
                    }
                  ],
                  "kind": "caught"
                }
              ]
            },
            {
              "batter": "K Amantha",
              "bowler": "EMDY Munaweera",
              "non_striker": "S Gimhan",
              "runs": {
                "batter": 0,
                "extras": 0,
                "total": 0
              }
            },
            {
              "batter": "K Amantha",
              "bowler": "EMDY Munaweera",
              "non_striker": "S Gimhan",
              "runs": {
                "batter": 1,
                "extras": 0,
                "total": 1
              }
            },
            {
              "batter": "S Gimhan",
              "bowler": "EMDY Munaweera",
              "non_striker": "K Amantha",
              "runs": {
                "batter": 4,
                "extras": 0,
                "total": 4
              }
            }
          ]
        },
        {
          "over": 1,
          "deliveries": [
            {
              "batter": "K Amantha",
              "bowler": "WRC Fernando",
              "non_striker": "S Gimhan",
              "runs": {
                "batter": 0,
                "extras": 0,
                "total": 0
              }
            },
            {
              "batter": "K Amantha",
              "bowler": "WRC Fernando",
              "non_striker": "S Gimhan",
              "runs": {
                "batter": 1,
                "extras": 0,
                "total": 1
              }
            },
            {
              "batter": "S Gimhan",
              "bowler": "WRC Fernando",
              "non_striker": "K Amantha",
              "runs": {
                "batter": 0,
                "extras": 0,
                "total": 0
              }
            },
            {
              "batter": "S Gimhan",
              "bowler": "WRC Fernando",
              "extras": {
                "wides": 1
              },
              "non_striker": "K Amantha",
              "runs": {
                "batter": 0,
                "extras": 1,
                "total": 1
              }
            },
            {
              "batter": "S Gimhan",
              "bowler": "WRC Fernando",
              "non_striker": "K Amantha",
              "runs": {
                "batter": 6,
                "extras": 0,
                "total": 6
              }
            },
            {
              "batter": "S Gimhan",
              "bowler": "WRC Fernando",
              "non_striker": "K Amantha",
              "runs": {
                "batter": 0,
                "extras": 0,
                "total": 0
              }
            },
            {
              "batter": "S Gimhan",
              "bowler": "WRC Fernando",
              "non_striker": "K Amantha",
              "runs": {
                "batter": 0,
                "extras": 0,
                "total": 0
              },
              "wickets": [
                {
                  "player_out": "S Gimhan",
                  "fielders": [
                    {
                      "name": "MS Warnapura"
                    }
                  ],
                  "kind": "caught"
                }
              ]
            }
          ]
        },
        {
          "over": 2,
          "deliveries": [
            {
              "batter": "K Amantha",
              "bowler": "EMDY Munaweera",
              "non_striker": "MPM Weerasinghe",
              "runs": {
                "batter": 0,
                "extras": 0,
                "total": 0
              }
            },
            {
              "batter": "K Amantha",
              "bowler": "EMDY Munaweera",
              "non_striker": "MPM Weerasinghe",
              "runs": {
                "batter": 0,
                "extras": 0,
                "total": 0
              }
            },
            {
              "batter": "K Amantha",
              "bowler": "EMDY Munaweera",
              "non_striker": "MPM Weerasinghe",
              "runs": {
                "batter": 2,
                "extras": 0,
                "total": 2
              }
            },
            {
              "batter": "K Amantha",
              "bowler": "EMDY Munaweera",
              "non_striker": "MPM Weerasinghe",
              "runs": {
                "batter": 4,
                "extras": 0,
                "total": 4
              }
            },
            {
              "batter": "K Amantha",
              "bowler": "EMDY Munaweera",
              "non_striker": "MPM Weerasinghe",
              "runs": {
                "batter": 1,
                "extras": 0,
                "total": 1
              }
            },
            {
              "batter": "MPM Weerasinghe",
              "bowler": "EMDY Munaweera",
              "non_striker": "K Amantha",
              "runs": {
                "batter": 0,
                "extras": 0,
                "total": 0
              }
            }
          ]
        },
        {
          "over": 3,
          "deliveries": [
            {
              "batter": "K Amantha",
              "bowler": "WRC Fernando",
              "non_striker": "MPM Weerasinghe",
              "runs": {
                "batter": 0,
                "extras": 0,
                "total": 0
              }
            },
            {
              "batter": "K Amantha",
              "bowler": "WRC Fernando",
              "extras": {
                "legbyes": 1
              },
              "non_striker": "MPM Weerasinghe",
              "runs": {
                "batter": 0,
                "extras": 1,
                "total": 1
              }
            },
            {
              "batter": "MPM Weerasinghe",
              "bowler": "WRC Fernando",
              "non_striker": "K Amantha",
              "runs": {
                "batter": 0,
                "extras": 0,
                "total": 0
              }
            },
            {
              "batter": "MPM Weerasinghe",
              "bowler": "WRC Fernando",
              "non_striker": "K Amantha",
              "runs": {
                "batter": 0,
                "extras": 0,
                "total": 0
              }
            },
            {
              "batter": "MPM Weerasinghe",
              "bowler": "WRC Fernando",
              "non_striker": "K Amantha",
              "runs": {
                "batter": 0,
                "extras": 0,
                "total": 0
              }
            },
            {
              "batter": "MPM Weerasinghe",
              "bowler": "WRC Fernando",
              "non_striker": "K Amantha",
              "runs": {
                "batter": 1,
                "extras": 0,
                "total": 1
              }
            }
          ]
        },
        {
          "over": 4,
          "deliveries": [
            {
              "batter": "MPM Weerasinghe",
              "bowler": "EMDY Munaweera",
              "non_striker": "K Amantha",
              "runs": {
                "batter": 1,
                "extras": 0,
                "total": 1
              }
            },
            {
              "batter": "K Amantha",
              "bowler": "EMDY Munaweera",
              "non_striker": "MPM Weerasinghe",
              "runs": {
                "batter": 0,
                "extras": 0,
                "total": 0
              }
            },
            {
              "batter": "K Amantha",
              "bowler": "EMDY Munaweera",
              "non_striker": "MPM Weerasinghe",
              "runs": {
                "batter": 0,
                "extras": 0,
                "total": 0
              },
              "wickets": [
                {
                  "player_out": "K Amantha",
                  "kind": "bowled"
                }
              ]
            },
            {
              "batter": "Sammu Ashan",
              "bowler": "EMDY Munaweera",
              "non_striker": "MPM Weerasinghe",
              "runs": {
                "batter": 0,
                "extras": 0,
                "total": 0
              }
            },
            {
              "batter": "Sammu Ashan",
              "bowler": "EMDY Munaweera",
              "non_striker": "MPM Weerasinghe",
              "runs": {
                "batter": 1,
                "extras": 0,
                "total": 1
              }
            },
            {
              "batter": "MPM Weerasinghe",
              "bowler": "EMDY Munaweera",
              "non_striker": "Sammu Ashan",
              "runs": {
                "batter": 1,
                "extras": 0,
                "total": 1
              }
            }
          ]
        },
        {
          "over": 5,
          "deliveries": [
            {
              "batter": "MPM Weerasinghe",
              "bowler": "PSU Fernando",
              "non_striker": "Sammu Ashan",
              "runs": {
                "batter": 4,
                "extras": 0,
                "total": 4
              }
            },
            {
              "batter": "MPM Weerasinghe",
              "bowler": "PSU Fernando",
              "non_striker": "Sammu Ashan",
              "runs": {
                "batter": 4,
                "extras": 0,
                "total": 4
              }
            },
            {
              "batter": "MPM Weerasinghe",
              "bowler": "PSU Fernando",
              "non_striker": "Sammu Ashan",
              "runs": {
                "batter": 4,
                "extras": 0,
                "total": 4
              }
            },
            {
              "batter": "MPM Weerasinghe",
              "bowler": "PSU Fernando",
              "extras": {
                "wides": 1
              },
              "non_striker": "Sammu Ashan",
              "runs": {
                "batter": 0,
                "extras": 1,
                "total": 1
              }
            },
            {
              "batter": "MPM Weerasinghe",
              "bowler": "PSU Fernando",
              "non_striker": "Sammu Ashan",
              "runs": {
                "batter": 1,
                "extras": 0,
                "total": 1
              }
            },
            {
              "batter": "Sammu Ashan",
              "bowler": "PSU Fernando",
              "non_striker": "MPM Weerasinghe",
              "runs": {
                "batter": 1,
                "extras": 0,
                "total": 1
              }
            },
            {
              "batter": "MPM Weerasinghe",
              "bowler": "PSU Fernando",
              "non_striker": "Sammu Ashan",
              "runs": {
                "batter": 6,
                "extras": 0,
                "total": 6
              }
            }
          ]
        },
        {
          "over": 6,
          "deliveries": [
            {
              "batter": "Sammu Ashan",
              "bowler": "MS Warnapura",
              "non_striker": "MPM Weerasinghe",
              "runs": {
                "batter": 1,
                "extras": 0,
                "total": 1
              }
            },
            {
              "batter": "MPM Weerasinghe",
              "bowler": "MS Warnapura",
              "non_striker": "Sammu Ashan",
              "runs": {
                "batter": 1,
                "extras": 0,
                "total": 1
              }
            },
            {
              "batter": "Sammu Ashan",
              "bowler": "MS Warnapura",
              "non_striker": "MPM Weerasinghe",
              "runs": {
                "batter": 0,
                "extras": 0,
                "total": 0
              }
            },
            {
              "batter": "Sammu Ashan",
              "bowler": "MS Warnapura",
              "non_striker": "MPM Weerasinghe",
              "runs": {
                "batter": 0,
                "extras": 0,
                "total": 0
              }
            },
            {
              "batter": "Sammu Ashan",
              "bowler": "MS Warnapura",
              "non_striker": "MPM Weerasinghe",
              "runs": {
                "batter": 2,
                "extras": 0,
                "total": 2
              }
            },
            {
              "batter": "Sammu Ashan",
              "bowler": "MS Warnapura",
              "non_striker": "MPM Weerasinghe",
              "runs": {
                "batter": 1,
                "extras": 0,
                "total": 1
              }
            }
          ]
        },
        {
          "over": 7,
          "deliveries": [
            {
              "batter": "Sammu Ashan",
              "bowler": "P Ushettige",
              "non_striker": "MPM Weerasinghe",
              "runs": {
                "batter": 0,
                "extras": 0,
                "total": 0
              }
            },
            {
              "batter": "Sammu Ashan",
              "bowler": "P Ushettige",
              "non_striker": "MPM Weerasinghe",
              "runs": {
                "batter": 1,
                "extras": 0,
                "total": 1
              }
            },
            {
              "batter": "MPM Weerasinghe",
              "bowler": "P Ushettige",
              "non_striker": "Sammu Ashan",
              "runs": {
                "batter": 1,
                "extras": 0,
                "total": 1
              }
            },
            {
              "batter": "Sammu Ashan",
              "bowler": "P Ushettige",
              "non_striker": "MPM Weerasinghe",
              "runs": {
                "batter": 0,
                "extras": 0,
                "total": 0
              }
            },
            {
              "batter": "Sammu Ashan",
              "bowler": "P Ushettige",
              "non_striker": "MPM Weerasinghe",
              "runs": {
                "batter": 0,
                "extras": 0,
                "total": 0
              },
              "wickets": [
                {
                  "player_out": "Sammu Ashan",
                  "fielders": [
                    {
                      "name": "GWR Lakmal"
                    }
                  ],
                  "kind": "caught"
                }
              ]
            },
            {
              "batter": "S Liyanage",
              "bowler": "P Ushettige",
              "non_striker": "MPM Weerasinghe",
              "runs": {
                "batter": 0,
                "extras": 0,
                "total": 0
              }
            }
          ]
        },
        {
          "over": 8,
          "deliveries": [
            {
              "batter": "MPM Weerasinghe",
              "bowler": "MS Warnapura",
              "non_striker": "S Liyanage",
              "runs": {
                "batter": 0,
                "extras": 0,
                "total": 0
              }
            },
            {
              "batter": "MPM Weerasinghe",
              "bowler": "MS Warnapura",
              "non_striker": "S Liyanage",
              "runs": {
                "batter": 4,
                "extras": 0,
                "total": 4
              }
            },
            {
              "batter": "MPM Weerasinghe",
              "bowler": "MS Warnapura",
              "non_striker": "S Liyanage",
              "runs": {
                "batter": 0,
                "extras": 0,
                "total": 0
              }
            },
            {
              "batter": "MPM Weerasinghe",
              "bowler": "MS Warnapura",
              "non_striker": "S Liyanage",
              "runs": {
                "batter": 1,
                "extras": 0,
                "total": 1
              }
            },
            {
              "batter": "S Liyanage",
              "bowler": "MS Warnapura",
              "non_striker": "MPM Weerasinghe",
              "runs": {
                "batter": 0,
                "extras": 0,
                "total": 0
              }
            },
            {
              "batter": "S Liyanage",
              "bowler": "MS Warnapura",
              "non_striker": "MPM Weerasinghe",
              "runs": {
                "batter": 2,
                "extras": 0,
                "total": 2
              }
            }
          ]
        },
        {
          "over": 9,
          "deliveries": [
            {
              "batter": "MPM Weerasinghe",
              "bowler": "P Ushettige",
              "non_striker": "S Liyanage",
              "runs": {
                "batter": 0,
                "extras": 0,
                "total": 0
              },
              "wickets": [
                {
                  "player_out": "MPM Weerasinghe",
                  "fielders": [
                    {
                      "name": "PSU Fernando"
                    }
                  ],
                  "kind": "caught"
                }
              ]
            },
            {
              "batter": "RMRDG Rathnayake",
              "bowler": "P Ushettige",
              "non_striker": "S Liyanage",
              "runs": {
                "batter": 1,
                "extras": 0,
                "total": 1
              }
            },
            {
              "batter": "S Liyanage",
              "bowler": "P Ushettige",
              "non_striker": "RMRDG Rathnayake",
              "runs": {
                "batter": 1,
                "extras": 0,
                "total": 1
              }
            },
            {
              "batter": "RMRDG Rathnayake",
              "bowler": "P Ushettige",
              "non_striker": "S Liyanage",
              "runs": {
                "batter": 1,
                "extras": 0,
                "total": 1
              }
            },
            {
              "batter": "S Liyanage",
              "bowler": "P Ushettige",
              "non_striker": "RMRDG Rathnayake",
              "runs": {
                "batter": 1,
                "extras": 0,
                "total": 1
              }
            },
            {
              "batter": "RMRDG Rathnayake",
              "bowler": "P Ushettige",
              "non_striker": "S Liyanage",
              "runs": {
                "batter": 1,
                "extras": 0,
                "total": 1
              }
            }
          ]
        },
        {
          "over": 10,
          "deliveries": [
            {
              "batter": "RMRDG Rathnayake",
              "bowler": "EMDY Munaweera",
              "non_striker": "S Liyanage",
              "runs": {
                "batter": 0,
                "extras": 0,
                "total": 0
              },
              "wickets": [
                {
                  "player_out": "RMRDG Rathnayake",
                  "kind": "bowled"
                }
              ]
            },
            {
              "batter": "R de Silva",
              "bowler": "EMDY Munaweera",
              "non_striker": "S Liyanage",
              "runs": {
                "batter": 0,
                "extras": 0,
                "total": 0
              }
            },
            {
              "batter": "R de Silva",
              "bowler": "EMDY Munaweera",
              "extras": {
                "wides": 1
              },
              "non_striker": "S Liyanage",
              "runs": {
                "batter": 0,
                "extras": 1,
                "total": 1
              }
            },
            {
              "batter": "R de Silva",
              "bowler": "EMDY Munaweera",
              "non_striker": "S Liyanage",
              "runs": {
                "batter": 1,
                "extras": 0,
                "total": 1
              }
            },
            {
              "batter": "S Liyanage",
              "bowler": "EMDY Munaweera",
              "extras": {
                "legbyes": 1
              },
              "non_striker": "R de Silva",
              "runs": {
                "batter": 0,
                "extras": 1,
                "total": 1
              }
            },
            {
              "batter": "R de Silva",
              "bowler": "EMDY Munaweera",
              "non_striker": "S Liyanage",
              "runs": {
                "batter": 2,
                "extras": 0,
                "total": 2
              }
            },
            {
              "batter": "R de Silva",
              "bowler": "EMDY Munaweera",
              "non_striker": "S Liyanage",
              "runs": {
                "batter": 0,
                "extras": 0,
                "total": 0
              }
            }
          ]
        },
        {
          "over": 11,
          "deliveries": [
            {
              "batter": "S Liyanage",
              "bowler": "MS Silva",
              "non_striker": "R de Silva",
              "runs": {
                "batter": 1,
                "extras": 0,
                "total": 1
              }
            },
            {
              "batter": "R de Silva",
              "bowler": "MS Silva",
              "non_striker": "S Liyanage",
              "runs": {
                "batter": 1,
                "extras": 0,
                "total": 1
              }
            },
            {
              "batter": "S Liyanage",
              "bowler": "MS Silva",
              "non_striker": "R de Silva",
              "runs": {
                "batter": 1,
                "extras": 0,
                "total": 1
              }
            },
            {
              "batter": "R de Silva",
              "bowler": "MS Silva",
              "non_striker": "S Liyanage",
              "runs": {
                "batter": 0,
                "extras": 0,
                "total": 0
              }
            },
            {
              "batter": "R de Silva",
              "bowler": "MS Silva",
              "non_striker": "S Liyanage",
              "runs": {
                "batter": 1,
                "extras": 0,
                "total": 1
              }
            },
            {
              "batter": "S Liyanage",
              "bowler": "MS Silva",
              "non_striker": "R de Silva",
              "runs": {
                "batter": 1,
                "extras": 0,
                "total": 1
              }
            }
          ]
        },
        {
          "over": 12,
          "deliveries": [
            {
              "batter": "S Liyanage",
              "bowler": "MS Warnapura",
              "non_striker": "R de Silva",
              "runs": {
                "batter": 2,
                "extras": 0,
                "total": 2
              }
            },
            {
              "batter": "S Liyanage",
              "bowler": "MS Warnapura",
              "non_striker": "R de Silva",
              "runs": {
                "batter": 2,
                "extras": 0,
                "total": 2
              }
            },
            {
              "batter": "S Liyanage",
              "bowler": "MS Warnapura",
              "non_striker": "R de Silva",
              "runs": {
                "batter": 0,
                "extras": 0,
                "total": 0
              }
            },
            {
              "batter": "S Liyanage",
              "bowler": "MS Warnapura",
              "non_striker": "R de Silva",
              "runs": {
                "batter": 0,
                "extras": 0,
                "total": 0
              }
            },
            {
              "batter": "S Liyanage",
              "bowler": "MS Warnapura",
              "non_striker": "R de Silva",
              "runs": {
                "batter": 1,
                "extras": 0,
                "total": 1
              }
            },
            {
              "batter": "R de Silva",
              "bowler": "MS Warnapura",
              "non_striker": "S Liyanage",
              "runs": {
                "batter": 1,
                "extras": 0,
                "total": 1
              }
            }
          ]
        },
        {
          "over": 13,
          "deliveries": [
            {
              "batter": "R de Silva",
              "bowler": "MS Silva",
              "non_striker": "S Liyanage",
              "runs": {
                "batter": 1,
                "extras": 0,
                "total": 1
              }
            },
            {
              "batter": "S Liyanage",
              "bowler": "MS Silva",
              "non_striker": "R de Silva",
              "runs": {
                "batter": 0,
                "extras": 0,
                "total": 0
              }
            },
            {
              "batter": "S Liyanage",
              "bowler": "MS Silva",
              "non_striker": "R de Silva",
              "runs": {
                "batter": 0,
                "extras": 0,
                "total": 0
              }
            },
            {
              "batter": "S Liyanage",
              "bowler": "MS Silva",
              "non_striker": "R de Silva",
              "runs": {
                "batter": 1,
                "extras": 0,
                "total": 1
              }
            },
            {
              "batter": "R de Silva",
              "bowler": "MS Silva",
              "non_striker": "S Liyanage",
              "runs": {
                "batter": 2,
                "extras": 0,
                "total": 2
              }
            },
            {
              "batter": "R de Silva",
              "bowler": "MS Silva",
              "non_striker": "S Liyanage",
              "runs": {
                "batter": 0,
                "extras": 0,
                "total": 0
              }
            }
          ]
        },
        {
          "over": 14,
          "deliveries": [
            {
              "batter": "S Liyanage",
              "bowler": "MS Warnapura",
              "non_striker": "R de Silva",
              "runs": {
                "batter": 1,
                "extras": 0,
                "total": 1
              }
            },
            {
              "batter": "R de Silva",
              "bowler": "MS Warnapura",
              "non_striker": "S Liyanage",
              "runs": {
                "batter": 1,
                "extras": 0,
                "total": 1
              }
            },
            {
              "batter": "S Liyanage",
              "bowler": "MS Warnapura",
              "non_striker": "R de Silva",
              "runs": {
                "batter": 0,
                "extras": 0,
                "total": 0
              },
              "wickets": [
                {
                  "player_out": "S Liyanage",
                  "kind": "bowled"
                }
              ]
            },
            {
              "batter": "NH Atharagalla",
              "bowler": "MS Warnapura",
              "non_striker": "R de Silva",
              "runs": {
                "batter": 1,
                "extras": 0,
                "total": 1
              }
            },
            {
              "batter": "R de Silva",
              "bowler": "MS Warnapura",
              "non_striker": "NH Atharagalla",
              "runs": {
                "batter": 4,
                "extras": 0,
                "total": 4
              }
            },
            {
              "batter": "R de Silva",
              "bowler": "MS Warnapura",
              "non_striker": "NH Atharagalla",
              "runs": {
                "batter": 1,
                "extras": 0,
                "total": 1
              }
            }
          ]
        },
        {
          "over": 15,
          "deliveries": [
            {
              "batter": "R de Silva",
              "bowler": "P Ushettige",
              "non_striker": "NH Atharagalla",
              "runs": {
                "batter": 0,
                "extras": 0,
                "total": 0
              }
            },
            {
              "batter": "R de Silva",
              "bowler": "P Ushettige",
              "non_striker": "NH Atharagalla",
              "runs": {
                "batter": 1,
                "extras": 0,
                "total": 1
              }
            },
            {
              "batter": "NH Atharagalla",
              "bowler": "P Ushettige",
              "non_striker": "R de Silva",
              "runs": {
                "batter": 0,
                "extras": 0,
                "total": 0
              },
              "wickets": [
                {
                  "player_out": "NH Atharagalla",
                  "kind": "bowled"
                }
              ]
            },
            {
              "batter": "RJKTD Ranatunga",
              "bowler": "P Ushettige",
              "non_striker": "R de Silva",
              "runs": {
                "batter": 1,
                "extras": 0,
                "total": 1
              }
            },
            {
              "batter": "R de Silva",
              "bowler": "P Ushettige",
              "non_striker": "RJKTD Ranatunga",
              "runs": {
                "batter": 1,
                "extras": 0,
                "total": 1
              }
            },
            {
              "batter": "RJKTD Ranatunga",
              "bowler": "P Ushettige",
              "non_striker": "R de Silva",
              "runs": {
                "batter": 0,
                "extras": 0,
                "total": 0
              }
            }
          ]
        },
        {
          "over": 16,
          "deliveries": [
            {
              "batter": "R de Silva",
              "bowler": "WRC Fernando",
              "non_striker": "RJKTD Ranatunga",
              "runs": {
                "batter": 1,
                "extras": 0,
                "total": 1
              }
            },
            {
              "batter": "RJKTD Ranatunga",
              "bowler": "WRC Fernando",
              "non_striker": "R de Silva",
              "runs": {
                "batter": 1,
                "extras": 0,
                "total": 1
              }
            },
            {
              "batter": "R de Silva",
              "bowler": "WRC Fernando",
              "non_striker": "RJKTD Ranatunga",
              "runs": {
                "batter": 0,
                "extras": 0,
                "total": 0
              }
            },
            {
              "batter": "R de Silva",
              "bowler": "WRC Fernando",
              "non_striker": "RJKTD Ranatunga",
              "runs": {
                "batter": 1,
                "extras": 0,
                "total": 1
              }
            },
            {
              "batter": "RJKTD Ranatunga",
              "bowler": "WRC Fernando",
              "non_striker": "R de Silva",
              "runs": {
                "batter": 0,
                "extras": 0,
                "total": 0
              }
            },
            {
              "batter": "RJKTD Ranatunga",
              "bowler": "WRC Fernando",
              "non_striker": "R de Silva",
              "runs": {
                "batter": 1,
                "extras": 0,
                "total": 1
              }
            }
          ]
        },
        {
          "over": 17,
          "deliveries": [
            {
              "batter": "RJKTD Ranatunga",
              "bowler": "P Ushettige",
              "non_striker": "R de Silva",
              "runs": {
                "batter": 6,
                "extras": 0,
                "total": 6
              }
            },
            {
              "batter": "RJKTD Ranatunga",
              "bowler": "P Ushettige",
              "non_striker": "R de Silva",
              "runs": {
                "batter": 1,
                "extras": 0,
                "total": 1
              }
            },
            {
              "batter": "R de Silva",
              "bowler": "P Ushettige",
              "non_striker": "RJKTD Ranatunga",
              "runs": {
                "batter": 1,
                "extras": 0,
                "total": 1
              }
            },
            {
              "batter": "RJKTD Ranatunga",
              "bowler": "P Ushettige",
              "non_striker": "R de Silva",
              "runs": {
                "batter": 1,
                "extras": 0,
                "total": 1
              }
            },
            {
              "batter": "R de Silva",
              "bowler": "P Ushettige",
              "non_striker": "RJKTD Ranatunga",
              "runs": {
                "batter": 6,
                "extras": 0,
                "total": 6
              }
            },
            {
              "batter": "R de Silva",
              "bowler": "P Ushettige",
              "non_striker": "RJKTD Ranatunga",
              "runs": {
                "batter": 1,
                "extras": 0,
                "total": 1
              }
            }
          ]
        },
        {
          "over": 18,
          "deliveries": [
            {
              "batter": "R de Silva",
              "bowler": "WRC Fernando",
              "non_striker": "RJKTD Ranatunga",
              "runs": {
                "batter": 1,
                "extras": 0,
                "total": 1
              }
            },
            {
              "batter": "RJKTD Ranatunga",
              "bowler": "WRC Fernando",
              "non_striker": "R de Silva",
              "runs": {
                "batter": 1,
                "extras": 0,
                "total": 1
              }
            },
            {
              "batter": "R de Silva",
              "bowler": "WRC Fernando",
              "non_striker": "RJKTD Ranatunga",
              "runs": {
                "batter": 1,
                "extras": 0,
                "total": 1
              }
            },
            {
              "batter": "RJKTD Ranatunga",
              "bowler": "WRC Fernando",
              "extras": {
                "wides": 1
              },
              "non_striker": "R de Silva",
              "runs": {
                "batter": 0,
                "extras": 1,
                "total": 1
              }
            },
            {
              "batter": "RJKTD Ranatunga",
              "bowler": "WRC Fernando",
              "extras": {
                "legbyes": 1
              },
              "non_striker": "R de Silva",
              "runs": {
                "batter": 0,
                "extras": 1,
                "total": 1
              }
            },
            {
              "batter": "R de Silva",
              "bowler": "WRC Fernando",
              "non_striker": "RJKTD Ranatunga",
              "runs": {
                "batter": 1,
                "extras": 0,
                "total": 1
              }
            },
            {
              "batter": "RJKTD Ranatunga",
              "bowler": "WRC Fernando",
              "non_striker": "R de Silva",
              "runs": {
                "batter": 0,
                "extras": 0,
                "total": 0
              }
            }
          ]
        },
        {
          "over": 19,
          "deliveries": [
            {
              "batter": "R de Silva",
              "bowler": "PSU Fernando",
              "non_striker": "RJKTD Ranatunga",
              "runs": {
                "batter": 0,
                "extras": 0,
                "total": 0
              }
            },
            {
              "batter": "R de Silva",
              "bowler": "PSU Fernando",
              "non_striker": "RJKTD Ranatunga",
              "runs": {
                "batter": 1,
                "extras": 0,
                "total": 1
              }
            },
            {
              "batter": "RJKTD Ranatunga",
              "bowler": "PSU Fernando",
              "non_striker": "R de Silva",
              "runs": {
                "batter": 2,
                "extras": 0,
                "total": 2
              }
            },
            {
              "batter": "RJKTD Ranatunga",
              "bowler": "PSU Fernando",
              "non_striker": "R de Silva",
              "runs": {
                "batter": 1,
                "extras": 0,
                "total": 1
              }
            },
            {
              "batter": "R de Silva",
              "bowler": "PSU Fernando",
              "non_striker": "RJKTD Ranatunga",
              "runs": {
                "batter": 6,
                "extras": 0,
                "total": 6
              }
            },
            {
              "batter": "R de Silva",
              "bowler": "PSU Fernando",
              "extras": {
                "wides": 1
              },
              "non_striker": "RJKTD Ranatunga",
              "runs": {
                "batter": 0,
                "extras": 1,
                "total": 1
              }
            },
            {
              "batter": "R de Silva",
              "bowler": "PSU Fernando",
              "non_striker": "RJKTD Ranatunga",
              "runs": {
                "batter": 1,
                "extras": 0,
                "total": 1
              }
            }
          ]
        }
      ],
      "powerplays": [
        {
          "from": 0.1,
          "to": 5.7,
          "type": "mandatory"
        }
      ],
      "target": {
        "overs": 20,
        "runs": 153
      }
    }
  ]
}