{
  "meta": {
    "data_version": "1.1.0",
    "created": "2025-07-17",
    "revision": 1
  },
  "info": {
    "balls_per_over": 6,
    "city": "Maggona",
    "dates": [
      "2024-05-15"
    ],
    "event": {
      "name": "Major Clubs T20 Tournament",
      "group": "C"
    },
    "gender": "male",
    "match_type": "T20",
    "officials": {
      "match_referees": [
        "THR Priyantha"
      ],
      "reserve_umpires": [
        "V Prasad"
      ],
      "umpires": [
        "EJAPAM Jayasooriya",
        "REJ Martinesz"
      ]
    },
    "outcome": {
      "winner": "Ace Capital Cricket Club",
      "by": {
        "runs": 46
      }
    },
    "overs": 20,
    "players": {
      "Ace Capital Cricket Club": [
        "PTM Dabare",
        "S Gimhan",
        "Sammu Ashan",
        "MPM Weerasinghe",
        "S Liyanage",
        "NH Atharagalla",
        "RMRDG Rathnayake",
        "W Sahan",
        "RJKTD Ranatunga",
        "R de Silva",
        "D Hemananda"
      ],
      "Sinhalese Sports Club": [
        "WIA Fernando",
        "MD Gunathilaka",
        "S Daniel",
        "Krishan Sanjula",
        "MNK Fernando",
        "ND Perera",
        "MALR Manasinghe",
        "D Kalupahana",
        "PM Liyanagamage",
        "CAK Rajitha",
        "G Balasooriya"
      ]
    },
    "registry": {
      "people": {
        "CAK Rajitha": "8012d0b8",
        "D Hemananda": "92189c3e",
        "D Kalupahana": "ec33ff92",
        "EJAPAM Jayasooriya": "edc9d57f",
        "G Balasooriya": "f3ded80f",
        "Krishan Sanjula": "ea11cb97",
        "MALR Manasinghe": "e8d697ad",
        "MD Gunathilaka": "509a7ca1",
        "MNK Fernando": "ba603555",
        "MPM Weerasinghe": "39571f64",
        "ND Perera": "f7928e6a",
        "NH Atharagalla": "5250b33c",
        "PM Liyanagamage": "3ee0050f",
        "PTM Dabare": "a97fbc2c",
        "R de Silva": "0d6ab15a",
        "REJ Martinesz": "140cdf29",
        "RJKTD Ranatunga": "dadb0634",
        "RMRDG Rathnayake": "f73c0c37",
        "S Daniel": "a38e7be7",
        "S Gimhan": "81acb5f5",
        "S Liyanage": "b47a39f9",
        "Sammu Ashan": "981b9303",
        "THR Priyantha": "33f2a901",
        "V Prasad": "6ea27248",
        "W Sahan": "d86d276e",
        "WIA Fernando": "9550470d"
      }
    },
    "season": "2024",
    "team_type": "club",
    "teams": [
      "Ace Capital Cricket Club",
      "Sinhalese Sports Club"
    ],
    "toss": {
      "decision": "bat",
      "winner": "Ace Capital Cricket Club"
    },
    "venue": "Surrey Village, Maggona"
  },
  "innings": [
    {
      "team": "Ace Capital Cricket Club",
      "overs": [
        {
          "over": 0,
          "deliveries": [
            {
              "batter": "PTM Dabare",
              "bowler": "MD Gunathilaka",
              "non_striker": "S Gimhan",
              "runs": {
                "batter": 0,
                "extras": 0,
                "total": 0
              }
            },
            {
              "batter": "PTM Dabare",
              "bowler": "MD Gunathilaka",
              "non_striker": "S Gimhan",
              "runs": {
                "batter": 0,
                "extras": 0,
                "total": 0
              }
            },
            {
              "batter": "PTM Dabare",
              "bowler": "MD Gunathilaka",
              "non_striker": "S Gimhan",
              "runs": {
                "batter": 0,
                "extras": 0,
                "total": 0
              }
            },
            {
              "batter": "PTM Dabare",
              "bowler": "MD Gunathilaka",
              "non_striker": "S Gimhan",
              "runs": {
                "batter": 0,
                "extras": 0,
                "total": 0
              }
            },
            {
              "batter": "PTM Dabare",
              "bowler": "MD Gunathilaka",
              "non_striker": "S Gimhan",
              "runs": {
                "batter": 0,
                "extras": 0,
                "total": 0
              }
            },
            {
              "batter": "PTM Dabare",
              "bowler": "MD Gunathilaka",
              "non_striker": "S Gimhan",
              "runs": {
                "batter": 1,
                "extras": 0,
                "total": 1
              }
            }
          ]
        },
        {
          "over": 1,
          "deliveries": [
            {
              "batter": "PTM Dabare",
              "bowler": "PM Liyanagamage",
              "non_striker": "S Gimhan",
              "runs": {
                "batter": 0,
                "extras": 0,
                "total": 0
              }
            },
            {
              "batter": "PTM Dabare",
              "bowler": "PM Liyanagamage",
              "non_striker": "S Gimhan",
              "runs": {
                "batter": 0,
                "extras": 0,
                "total": 0
              }
            },
            {
              "batter": "PTM Dabare",
              "bowler": "PM Liyanagamage",
              "extras": {
                "noballs": 1
              },
              "non_striker": "S Gimhan",
              "runs": {
                "batter": 0,
                "extras": 1,
                "total": 1
              }
            },
            {
              "batter": "PTM Dabare",
              "bowler": "PM Liyanagamage",
              "non_striker": "S Gimhan",
              "runs": {
                "batter": 0,
                "extras": 0,
                "total": 0
              }
            },
            {
              "batter": "PTM Dabare",
              "bowler": "PM Liyanagamage",
              "non_striker": "S Gimhan",
              "runs": {
                "batter": 1,
                "extras": 0,
                "total": 1
              }
            },
            {
              "batter": "S Gimhan",
              "bowler": "PM Liyanagamage",
              "extras": {
                "wides": 2
              },
              "non_striker": "PTM Dabare",
              "runs": {
                "batter": 0,
                "extras": 2,
                "total": 2
              }
            },
            {
              "batter": "PTM Dabare",
              "bowler": "PM Liyanagamage",
              "non_striker": "S Gimhan",
              "runs": {
                "batter": 4,
                "extras": 0,
                "total": 4
              }
            },
            {
              "batter": "PTM Dabare",
              "bowler": "PM Liyanagamage",
              "non_striker": "S Gimhan",
              "runs": {
                "batter": 4,
                "extras": 0,
                "total": 4
              }
            }
          ]
        },
        {
          "over": 2,
          "deliveries": [
            {
              "batter": "S Gimhan",
              "bowler": "MD Gunathilaka",
              "non_striker": "PTM Dabare",
              "runs": {
                "batter": 0,
                "extras": 0,
                "total": 0
              }
            },
            {
              "batter": "S Gimhan",
              "bowler": "MD Gunathilaka",
              "non_striker": "PTM Dabare",
              "runs": {
                "batter": 1,
                "extras": 0,
                "total": 1
              }
            },
            {
              "batter": "PTM Dabare",
              "bowler": "MD Gunathilaka",
              "non_striker": "S Gimhan",
              "runs": {
                "batter": 0,
                "extras": 0,
                "total": 0
              }
            },
            {
              "batter": "PTM Dabare",
              "bowler": "MD Gunathilaka",
              "non_striker": "S Gimhan",
              "runs": {
                "batter": 1,
                "extras": 0,
                "total": 1
              }
            },
            {
              "batter": "S Gimhan",
              "bowler": "MD Gunathilaka",
              "non_striker": "PTM Dabare",
              "runs": {
                "batter": 0,
                "extras": 0,
                "total": 0
              }
            },
            {
              "batter": "S Gimhan",
              "bowler": "MD Gunathilaka",
              "non_striker": "PTM Dabare",
              "runs": {
                "batter": 4,
                "extras": 0,
                "total": 4
              }
            }
          ]
        },
        {
          "over": 3,
          "deliveries": [
            {
              "batter": "PTM Dabare",
              "bowler": "CAK Rajitha",
              "non_striker": "S Gimhan",
              "runs": {
                "batter": 0,
                "extras": 0,
                "total": 0
              }
            },
            {
              "batter": "PTM Dabare",
              "bowler": "CAK Rajitha",
              "non_striker": "S Gimhan",
              "runs": {
                "batter": 6,
                "extras": 0,
                "total": 6
              }
            },
            {
              "batter": "PTM Dabare",
              "bowler": "CAK Rajitha",
              "non_striker": "S Gimhan",
              "runs": {
                "batter": 6,
                "extras": 0,
                "total": 6
              }
            },
            {
              "batter": "PTM Dabare",
              "bowler": "CAK Rajitha",
              "extras": {
                "noballs": 1
              },
              "non_striker": "S Gimhan",
              "runs": {
                "batter": 2,
                "extras": 1,
                "total": 3
              }
            },
            {
              "batter": "PTM Dabare",
              "bowler": "CAK Rajitha",
              "non_striker": "S Gimhan",
              "runs": {
                "batter": 6,
                "extras": 0,
                "total": 6
              }
            },
            {
              "batter": "PTM Dabare",
              "bowler": "CAK Rajitha",
              "extras": {
                "wides": 1
              },
              "non_striker": "S Gimhan",
              "runs": {
                "batter": 0,
                "extras": 1,
                "total": 1
              }
            },
            {
              "batter": "PTM Dabare",
              "bowler": "CAK Rajitha",
              "extras": {
                "wides": 1
              },
              "non_striker": "S Gimhan",
              "runs": {
                "batter": 0,
                "extras": 1,
                "total": 1
              }
            },
            {
              "batter": "PTM Dabare",
              "bowler": "CAK Rajitha",
              "non_striker": "S Gimhan",
              "runs": {
                "batter": 1,
                "extras": 0,
                "total": 1
              }
            },
            {
              "batter": "S Gimhan",
              "bowler": "CAK Rajitha",
              "non_striker": "PTM Dabare",
              "runs": {
                "batter": 0,
                "extras": 0,
                "total": 0
              }
            }
          ]
        },
        {
          "over": 4,
          "deliveries": [
            {
              "batter": "PTM Dabare",
              "bowler": "MD Gunathilaka",
              "non_striker": "S Gimhan",
              "runs": {
                "batter": 0,
                "extras": 0,
                "total": 0
              }
            },
            {
              "batter": "PTM Dabare",
              "bowler": "MD Gunathilaka",
              "non_striker": "S Gimhan",
              "runs": {
                "batter": 1,
                "extras": 0,
                "total": 1
              }
            },
            {
              "batter": "S Gimhan",
              "bowler": "MD Gunathilaka",
              "non_striker": "PTM Dabare",
              "runs": {
                "batter": 0,
                "extras": 0,
                "total": 0
              }
            },
            {
              "batter": "S Gimhan",
              "bowler": "MD Gunathilaka",
              "non_striker": "PTM Dabare",
              "runs": {
                "batter": 0,
                "extras": 0,
                "total": 0
              },
              "wickets": [
                {
                  "player_out": "S Gimhan",
                  "fielders": [
                    {
                      "name": "S Daniel"
                    }
                  ],
                  "kind": "caught"
                }
              ]
            },
            {
              "batter": "Sammu Ashan",
              "bowler": "MD Gunathilaka",
              "non_striker": "PTM Dabare",
              "runs": {
                "batter": 0,
                "extras": 0,
                "total": 0
              }
            },
            {
              "batter": "Sammu Ashan",
              "bowler": "MD Gunathilaka",
              "non_striker": "PTM Dabare",
              "runs": {
                "batter": 1,
                "extras": 0,
                "total": 1
              }
            }
          ]
        },
        {
          "over": 5,
          "deliveries": [
            {
              "batter": "Sammu Ashan",
              "bowler": "MNK Fernando",
              "non_striker": "PTM Dabare",
              "runs": {
                "batter": 0,
                "extras": 0,
                "total": 0
              }
            },
            {
              "batter": "Sammu Ashan",
              "bowler": "MNK Fernando",
              "non_striker": "PTM Dabare",
              "runs": {
                "batter": 6,
                "extras": 0,
                "total": 6
              }
            },
            {
              "batter": "Sammu Ashan",
              "bowler": "MNK Fernando",
              "non_striker": "PTM Dabare",
              "runs": {
                "batter": 0,
                "extras": 0,
                "total": 0
              }
            },
            {
              "batter": "Sammu Ashan",
              "bowler": "MNK Fernando",
              "non_striker": "PTM Dabare",
              "runs": {
                "batter": 1,
                "extras": 0,
                "total": 1
              }
            },
            {
              "batter": "PTM Dabare",
              "bowler": "MNK Fernando",
              "non_striker": "Sammu Ashan",
              "runs": {
                "batter": 6,
                "extras": 0,
                "total": 6
              }
            },
            {
              "batter": "PTM Dabare",
              "bowler": "MNK Fernando",
              "non_striker": "Sammu Ashan",
              "runs": {
                "batter": 0,
                "extras": 0,
                "total": 0
              }
            }
          ]
        },
        {
          "over": 6,
          "deliveries": [
            {
              "batter": "Sammu Ashan",
              "bowler": "MD Gunathilaka",
              "non_striker": "PTM Dabare",
              "runs": {
                "batter": 4,
                "extras": 0,
                "total": 4
              }
            },
            {
              "batter": "Sammu Ashan",
              "bowler": "MD Gunathilaka",
              "non_striker": "PTM Dabare",
              "runs": {
                "batter": 1,
                "extras": 0,
                "total": 1
              }
            },
            {
              "batter": "PTM Dabare",
              "bowler": "MD Gunathilaka",
              "non_striker": "Sammu Ashan",
              "runs": {
                "batter": 1,
                "extras": 0,
                "total": 1
              }
            },
            {
              "batter": "Sammu Ashan",
              "bowler": "MD Gunathilaka",
              "non_striker": "PTM Dabare",
              "runs": {
                "batter": 0,
                "extras": 0,
                "total": 0
              }
            },
            {
              "batter": "Sammu Ashan",
              "bowler": "MD Gunathilaka",
              "non_striker": "PTM Dabare",
              "runs": {
                "batter": 0,
                "extras": 0,
                "total": 0
              },
              "wickets": [
                {
                  "player_out": "Sammu Ashan",
                  "fielders": [
                    {
                      "name": "WIA Fernando"
                    }
                  ],
                  "kind": "caught"
                }
              ]
            },
            {
              "batter": "MPM Weerasinghe",
              "bowler": "MD Gunathilaka",
              "non_striker": "PTM Dabare",
              "runs": {
                "batter": 1,
                "extras": 0,
                "total": 1
              }
            }
          ]
        },
        {
          "over": 7,
          "deliveries": [
            {
              "batter": "MPM Weerasinghe",
              "bowler": "MALR Manasinghe",
              "non_striker": "PTM Dabare",
              "runs": {
                "batter": 0,
                "extras": 0,
                "total": 0
              }
            },
            {
              "batter": "MPM Weerasinghe",
              "bowler": "MALR Manasinghe",
              "non_striker": "PTM Dabare",
              "runs": {
                "batter": 1,
                "extras": 0,
                "total": 1
              }
            },
            {
              "batter": "PTM Dabare",
              "bowler": "MALR Manasinghe",
              "non_striker": "MPM Weerasinghe",
              "runs": {
                "batter": 0,
                "extras": 0,
                "total": 0
              },
              "wickets": [
                {
                  "player_out": "PTM Dabare",
                  "kind": "bowled"
                }
              ]
            },
            {
              "batter": "S Liyanage",
              "bowler": "MALR Manasinghe",
              "non_striker": "MPM Weerasinghe",
              "runs": {
                "batter": 1,
                "extras": 0,
                "total": 1
              }
            },
            {
              "batter": "MPM Weerasinghe",
              "bowler": "MALR Manasinghe",
              "non_striker": "S Liyanage",
              "runs": {
                "batter": 1,
                "extras": 0,
                "total": 1
              }
            },
            {
              "batter": "S Liyanage",
              "bowler": "MALR Manasinghe",
              "non_striker": "MPM Weerasinghe",
              "runs": {
                "batter": 1,
                "extras": 0,
                "total": 1
              }
            }
          ]
        },
        {
          "over": 8,
          "deliveries": [
            {
              "batter": "S Liyanage",
              "bowler": "ND Perera",
              "non_striker": "MPM Weerasinghe",
              "runs": {
                "batter": 1,
                "extras": 0,
                "total": 1
              }
            },
            {
              "batter": "MPM Weerasinghe",
              "bowler": "ND Perera",
              "non_striker": "S Liyanage",
              "runs": {
                "batter": 1,
                "extras": 0,
                "total": 1
              }
            },
            {
              "batter": "S Liyanage",
              "bowler": "ND Perera",
              "non_striker": "MPM Weerasinghe",
              "runs": {
                "batter": 4,
                "extras": 0,
                "total": 4
              }
            },
            {
              "batter": "S Liyanage",
              "bowler": "ND Perera",
              "non_striker": "MPM Weerasinghe",
              "runs": {
                "batter": 0,
                "extras": 0,
                "total": 0
              }
            },
            {
              "batter": "S Liyanage",
              "bowler": "ND Perera",
              "non_striker": "MPM Weerasinghe",
              "runs": {
                "batter": 1,
                "extras": 0,
                "total": 1
              }
            },
            {
              "batter": "MPM Weerasinghe",
              "bowler": "ND Perera",
              "non_striker": "S Liyanage",
              "runs": {
                "batter": 1,
                "extras": 0,
                "total": 1
              }
            }
          ]
        },
        {
          "over": 9,
          "deliveries": [
            {
              "batter": "MPM Weerasinghe",
              "bowler": "MALR Manasinghe",
              "non_striker": "S Liyanage",
              "runs": {
                "batter": 1,
                "extras": 0,
                "total": 1
              }
            },
            {
              "batter": "S Liyanage",
              "bowler": "MALR Manasinghe",
              "non_striker": "MPM Weerasinghe",
              "runs": {
                "batter": 0,
                "extras": 0,
                "total": 0
              }
            },
            {
              "batter": "S Liyanage",
              "bowler": "MALR Manasinghe",
              "non_striker": "MPM Weerasinghe",
              "runs": {
                "batter": 4,
                "extras": 0,
                "total": 4
              }
            },
            {
              "batter": "S Liyanage",
              "bowler": "MALR Manasinghe",
              "non_striker": "MPM Weerasinghe",
              "runs": {
                "batter": 1,
                "extras": 0,
                "total": 1
              }
            },
            {
              "batter": "MPM Weerasinghe",
              "bowler": "MALR Manasinghe",
              "non_striker": "S Liyanage",
              "runs": {
                "batter": 1,
                "extras": 0,
                "total": 1
              }
            },
            {
              "batter": "S Liyanage",
              "bowler": "MALR Manasinghe",
              "non_striker": "MPM Weerasinghe",
              "runs": {
                "batter": 1,
                "extras": 0,
                "total": 1
              }
            }
          ]
        },
        {
          "over": 10,
          "deliveries": [
            {
              "batter": "S Liyanage",
              "bowler": "ND Perera",
              "non_striker": "MPM Weerasinghe",
              "runs": {
                "batter": 1,
                "extras": 0,
                "total": 1
              }
            },
            {
              "batter": "MPM Weerasinghe",
              "bowler": "ND Perera",
              "extras": {
                "legbyes": 1
              },
              "non_striker": "S Liyanage",
              "runs": {
                "batter": 0,
                "extras": 1,
                "total": 1
              }
            },
            {
              "batter": "S Liyanage",
              "bowler": "ND Perera",
              "extras": {
                "legbyes": 2
              },
              "non_striker": "MPM Weerasinghe",
              "runs": {
                "batter": 0,
                "extras": 2,
                "total": 2
              }
            },
            {
              "batter": "S Liyanage",
              "bowler": "ND Perera",
              "non_striker": "MPM Weerasinghe",
              "runs": {
                "batter": 1,
                "extras": 0,
                "total": 1
              }
            },
            {
              "batter": "MPM Weerasinghe",
              "bowler": "ND Perera",
              "non_striker": "S Liyanage",
              "runs": {
                "batter": 0,
                "extras": 0,
                "total": 0
              }
            },
            {
              "batter": "MPM Weerasinghe",
              "bowler": "ND Perera",
              "non_striker": "S Liyanage",
              "runs": {
                "batter": 1,
                "extras": 0,
                "total": 1
              }
            }
          ]
        },
        {
          "over": 11,
          "deliveries": [
            {
              "batter": "MPM Weerasinghe",
              "bowler": "MALR Manasinghe",
              "non_striker": "S Liyanage",
              "runs": {
                "batter": 1,
                "extras": 0,
                "total": 1
              }
            },
            {
              "batter": "S Liyanage",
              "bowler": "MALR Manasinghe",
              "non_striker": "MPM Weerasinghe",
              "runs": {
                "batter": 4,
                "extras": 0,
                "non_boundary": true,
                "total": 4
              }
            },
            {
              "batter": "S Liyanage",
              "bowler": "MALR Manasinghe",
              "non_striker": "MPM Weerasinghe",
              "runs": {
                "batter": 0,
                "extras": 0,
                "total": 0
              }
            },
            {
              "batter": "S Liyanage",
              "bowler": "MALR Manasinghe",
              "non_striker": "MPM Weerasinghe",
              "runs": {
                "batter": 1,
                "extras": 0,
                "total": 1
              }
            },
            {
              "batter": "MPM Weerasinghe",
              "bowler": "MALR Manasinghe",
              "non_striker": "S Liyanage",
              "runs": {
                "batter": 1,
                "extras": 0,
                "total": 1
              }
            },
            {
              "batter": "S Liyanage",
              "bowler": "MALR Manasinghe",
              "non_striker": "MPM Weerasinghe",
              "runs": {
                "batter": 0,
                "extras": 0,
                "total": 0
              }
            }
          ]
        },
        {
          "over": 12,
          "deliveries": [
            {
              "batter": "MPM Weerasinghe",
              "bowler": "ND Perera",
              "non_striker": "S Liyanage",
              "runs": {
                "batter": 1,
                "extras": 0,
                "total": 1
              }
            },
            {
              "batter": "S Liyanage",
              "bowler": "ND Perera",
              "extras": {
                "byes": 1
              },
              "non_striker": "MPM Weerasinghe",
              "runs": {
                "batter": 0,
                "extras": 1,
                "total": 1
              }
            },
            {
              "batter": "MPM Weerasinghe",
              "bowler": "ND Perera",
              "non_striker": "S Liyanage",
              "runs": {
                "batter": 1,
                "extras": 0,
                "total": 1
              }
            },
            {
              "batter": "S Liyanage",
              "bowler": "ND Perera",
              "non_striker": "MPM Weerasinghe",
              "runs": {
                "batter": 4,
                "extras": 0,
                "total": 4
              }
            },
            {
              "batter": "S Liyanage",
              "bowler": "ND Perera",
              "non_striker": "MPM Weerasinghe",
              "runs": {
                "batter": 1,
                "extras": 0,
                "total": 1
              }
            },
            {
              "batter": "MPM Weerasinghe",
              "bowler": "ND Perera",
              "non_striker": "S Liyanage",
              "runs": {
                "batter": 1,
                "extras": 0,
                "total": 1
              }
            }
          ]
        },
        {
          "over": 13,
          "deliveries": [
            {
              "batter": "MPM Weerasinghe",
              "bowler": "MALR Manasinghe",
              "non_striker": "S Liyanage",
              "runs": {
                "batter": 4,
                "extras": 0,
                "total": 4
              }
            },
            {
              "batter": "MPM Weerasinghe",
              "bowler": "MALR Manasinghe",
              "extras": {
                "wides": 1
              },
              "non_striker": "S Liyanage",
              "runs": {
                "batter": 0,
                "extras": 1,
                "total": 1
              }
            },
            {
              "batter": "MPM Weerasinghe",
              "bowler": "MALR Manasinghe",
              "extras": {
                "wides": 1
              },
              "non_striker": "S Liyanage",
              "runs": {
                "batter": 0,
                "extras": 1,
                "total": 1
              }
            },
            {
              "batter": "MPM Weerasinghe",
              "bowler": "MALR Manasinghe",
              "non_striker": "S Liyanage",
              "runs": {
                "batter": 4,
                "extras": 0,
                "total": 4
              }
            },
            {
              "batter": "MPM Weerasinghe",
              "bowler": "MALR Manasinghe",
              "non_striker": "S Liyanage",
              "runs": {
                "batter": 1,
                "extras": 0,
                "total": 1
              }
            },
            {
              "batter": "S Liyanage",
              "bowler": "MALR Manasinghe",
              "extras": {
                "byes": 1
              },
              "non_striker": "MPM Weerasinghe",
              "runs": {
                "batter": 0,
                "extras": 1,
                "total": 1
              }
            },
            {
              "batter": "MPM Weerasinghe",
              "bowler": "MALR Manasinghe",
              "non_striker": "S Liyanage",
              "runs": {
                "batter": 1,
                "extras": 0,
                "total": 1
              }
            },
            {
              "batter": "S Liyanage",
              "bowler": "MALR Manasinghe",
              "non_striker": "MPM Weerasinghe",
              "runs": {
                "batter": 0,
                "extras": 0,
                "total": 0
              }
            }
          ]
        },
        {
          "over": 14,
          "deliveries": [
            {
              "batter": "MPM Weerasinghe",
              "bowler": "MNK Fernando",
              "non_striker": "S Liyanage",
              "runs": {
                "batter": 4,
                "extras": 0,
                "total": 4
              }
            },
            {
              "batter": "MPM Weerasinghe",
              "bowler": "MNK Fernando",
              "non_striker": "S Liyanage",
              "runs": {
                "batter": 1,
                "extras": 0,
                "total": 1
              }
            },
            {
              "batter": "S Liyanage",
              "bowler": "MNK Fernando",
              "non_striker": "MPM Weerasinghe",
              "runs": {
                "batter": 0,
                "extras": 0,
                "total": 0
              },
              "wickets": [
                {
                  "player_out": "S Liyanage",
                  "fielders": [
                    {
                      "name": "S Daniel"
                    }
                  ],
                  "kind": "caught"
                }
              ]
            },
            {
              "batter": "NH Atharagalla",
              "bowler": "MNK Fernando",
              "non_striker": "MPM Weerasinghe",
              "runs": {
                "batter": 0,
                "extras": 0,
                "total": 0
              }
            },
            {
              "batter": "NH Atharagalla",
              "bowler": "MNK Fernando",
              "extras": {
                "legbyes": 1
              },
              "non_striker": "MPM Weerasinghe",
              "runs": {
                "batter": 0,
                "extras": 1,
                "total": 1
              }
            },
            {
              "batter": "MPM Weerasinghe",
              "bowler": "MNK Fernando",
              "non_striker": "NH Atharagalla",
              "runs": {
                "batter": 1,
                "extras": 0,
                "total": 1
              }
            }
          ]
        },
        {
          "over": 15,
          "deliveries": [
            {
              "batter": "MPM Weerasinghe",
              "bowler": "PM Liyanagamage",
              "non_striker": "NH Atharagalla",
              "runs": {
                "batter": 1,
                "extras": 0,
                "total": 1
              }
            },
            {
              "batter": "NH Atharagalla",
              "bowler": "PM Liyanagamage",
              "non_striker": "MPM Weerasinghe",
              "runs": {
                "batter": 1,
                "extras": 0,
                "total": 1
              }
            },
            {
              "batter": "MPM Weerasinghe",
              "bowler": "PM Liyanagamage",
              "non_striker": "NH Atharagalla",
              "runs": {
                "batter": 0,
                "extras": 0,
                "total": 0
              }
            },
            {
              "batter": "MPM Weerasinghe",
              "bowler": "PM Liyanagamage",
              "non_striker": "NH Atharagalla",
              "runs": {
                "batter": 1,
                "extras": 0,
                "total": 1
              }
            },
            {
              "batter": "NH Atharagalla",
              "bowler": "PM Liyanagamage",
              "non_striker": "MPM Weerasinghe",
              "runs": {
                "batter": 1,
                "extras": 0,
                "total": 1
              }
            },
            {
              "batter": "MPM Weerasinghe",
              "bowler": "PM Liyanagamage",
              "extras": {
                "legbyes": 1
              },
              "non_striker": "NH Atharagalla",
              "runs": {
                "batter": 0,
                "extras": 1,
                "total": 1
              }
            }
          ]
        },
        {
          "over": 16,
          "deliveries": [
            {
              "batter": "MPM Weerasinghe",
              "bowler": "MNK Fernando",
              "non_striker": "NH Atharagalla",
              "runs": {
                "batter": 0,
                "extras": 0,
                "total": 0
              }
            },
            {
              "batter": "MPM Weerasinghe",
              "bowler": "MNK Fernando",
              "non_striker": "NH Atharagalla",
              "runs": {
                "batter": 4,
                "extras": 0,
                "total": 4
              }
            },
            {
              "batter": "MPM Weerasinghe",
              "bowler": "MNK Fernando",
              "non_striker": "NH Atharagalla",
              "runs": {
                "batter": 4,
                "extras": 0,
                "total": 4
              }
            },
            {
              "batter": "MPM Weerasinghe",
              "bowler": "MNK Fernando",
              "non_striker": "NH Atharagalla",
              "runs": {
                "batter": 4,
                "extras": 0,
                "total": 4
              }
            },
            {
              "batter": "MPM Weerasinghe",
              "bowler": "MNK Fernando",
              "non_striker": "NH Atharagalla",
              "runs": {
                "batter": 1,
                "extras": 0,
                "total": 1
              }
            },
            {
              "batter": "NH Atharagalla",
              "bowler": "MNK Fernando",
              "non_striker": "MPM Weerasinghe",
              "runs": {
                "batter": 6,
                "extras": 0,
                "total": 6
              }
            }
          ]
        },
        {
          "over": 17,
          "deliveries": [
            {
              "batter": "MPM Weerasinghe",
              "bowler": "PM Liyanagamage",
              "non_striker": "NH Atharagalla",
              "runs": {
                "batter": 1,
                "extras": 0,
                "total": 1
              }
            },
            {
              "batter": "NH Atharagalla",
              "bowler": "PM Liyanagamage",
              "non_striker": "MPM Weerasinghe",
              "runs": {
                "batter": 1,
                "extras": 0,
                "total": 1
              }
            },
            {
              "batter": "MPM Weerasinghe",
              "bowler": "PM Liyanagamage",
              "non_striker": "NH Atharagalla",
              "runs": {
                "batter": 2,
                "extras": 0,
                "total": 2
              }
            },
            {
              "batter": "MPM Weerasinghe",
              "bowler": "PM Liyanagamage",
              "non_striker": "NH Atharagalla",
              "runs": {
                "batter": 1,
                "extras": 0,
                "total": 1
              }
            },
            {
              "batter": "NH Atharagalla",
              "bowler": "PM Liyanagamage",
              "non_striker": "MPM Weerasinghe",
              "runs": {
                "batter": 0,
                "extras": 0,
                "total": 0
              }
            },
            {
              "batter": "NH Atharagalla",
              "bowler": "PM Liyanagamage",
              "non_striker": "MPM Weerasinghe",
              "runs": {
                "batter": 0,
                "extras": 0,
                "total": 0
              }
            }
          ]
        },
        {
          "over": 18,
          "deliveries": [
            {
              "batter": "MPM Weerasinghe",
              "bowler": "CAK Rajitha",
              "non_striker": "NH Atharagalla",
              "runs": {
                "batter": 4,
                "extras": 0,
                "total": 4
              }
            },
            {
              "batter": "MPM Weerasinghe",
              "bowler": "CAK Rajitha",
              "non_striker": "NH Atharagalla",
              "runs": {
                "batter": 1,
                "extras": 0,
                "total": 1
              }
            },
            {
              "batter": "NH Atharagalla",
              "bowler": "CAK Rajitha",
              "non_striker": "MPM Weerasinghe",
              "runs": {
                "batter": 1,
                "extras": 0,
                "total": 1
              }
            },
            {
              "batter": "MPM Weerasinghe",
              "bowler": "CAK Rajitha",
              "non_striker": "NH Atharagalla",
              "runs": {
                "batter": 0,
                "extras": 0,
                "total": 0
              }
            },
            {
              "batter": "MPM Weerasinghe",
              "bowler": "CAK Rajitha",
              "extras": {
                "byes": 1
              },
              "non_striker": "NH Atharagalla",
              "runs": {
                "batter": 0,
                "extras": 1,
                "total": 1
              }
            },
            {
              "batter": "NH Atharagalla",
              "bowler": "CAK Rajitha",
              "non_striker": "MPM Weerasinghe",
              "runs": {
                "batter": 2,
                "extras": 0,
                "total": 2
              },
              "wickets": [
                {
                  "player_out": "NH Atharagalla",
                  "kind": "retired out"
                }
              ]
            }
          ]
        },
        {
          "over": 19,
          "deliveries": [
            {
              "batter": "MPM Weerasinghe",
              "bowler": "PM Liyanagamage",
              "non_striker": "RMRDG Rathnayake",
              "runs": {
                "batter": 0,
                "extras": 0,
                "total": 0
              }
            },
            {
              "batter": "MPM Weerasinghe",
              "bowler": "PM Liyanagamage",
              "non_striker": "RMRDG Rathnayake",
              "runs": {
                "batter": 1,
                "extras": 0,
                "total": 1
              }
            },
            {
              "batter": "RMRDG Rathnayake",
              "bowler": "PM Liyanagamage",
              "non_striker": "MPM Weerasinghe",
              "runs": {
                "batter": 4,
                "extras": 0,
                "total": 4
              }
            },
            {
              "batter": "RMRDG Rathnayake",
              "bowler": "PM Liyanagamage",
              "extras": {
                "legbyes": 1
              },
              "non_striker": "MPM Weerasinghe",
              "runs": {
                "batter": 0,
                "extras": 1,
                "total": 1
              }
            },
            {
              "batter": "MPM Weerasinghe",
              "bowler": "PM Liyanagamage",
              "non_striker": "RMRDG Rathnayake",
              "runs": {
                "batter": 6,
                "extras": 0,
                "total": 6
              }
            },
            {
              "batter": "MPM Weerasinghe",
              "bowler": "PM Liyanagamage",
              "extras": {
                "byes": 1
              },
              "non_striker": "RMRDG Rathnayake",
              "runs": {
                "batter": 0,
                "extras": 1,
                "total": 1
              }
            }
          ]
        }
      ],
      "powerplays": [
        {
          "from": 0.1,
          "to": 5.6,
          "type": "mandatory"
        }
      ]
    },
    {
      "team": "Sinhalese Sports Club",
      "overs": [
        {
          "over": 0,
          "deliveries": [
            {
              "batter": "WIA Fernando",
              "bowler": "Sammu Ashan",
              "extras": {
                "wides": 1
              },
              "non_striker": "MD Gunathilaka",
              "runs": {
                "batter": 0,
                "extras": 1,
                "total": 1
              }
            },
            {
              "batter": "WIA Fernando",
              "bowler": "Sammu Ashan",
              "non_striker": "MD Gunathilaka",
              "runs": {
                "batter": 1,
                "extras": 0,
                "total": 1
              }
            },
            {
              "batter": "MD Gunathilaka",
              "bowler": "Sammu Ashan",
              "extras": {
                "legbyes": 1
              },
              "non_striker": "WIA Fernando",
              "runs": {
                "batter": 0,
                "extras": 1,
                "total": 1
              }
            },
            {
              "batter": "WIA Fernando",
              "bowler": "Sammu Ashan",
              "non_striker": "MD Gunathilaka",
              "runs": {
                "batter": 0,
                "extras": 0,
                "total": 0
              }
            },
            {
              "batter": "WIA Fernando",
              "bowler": "Sammu Ashan",
              "non_striker": "MD Gunathilaka",
              "runs": {
                "batter": 0,
                "extras": 0,
                "total": 0
              }
            },
            {
              "batter": "WIA Fernando",
              "bowler": "Sammu Ashan",
              "non_striker": "MD Gunathilaka",
              "runs": {
                "batter": 4,
                "extras": 0,
                "total": 4
              }
            },
            {
              "batter": "WIA Fernando",
              "bowler": "Sammu Ashan",
              "non_striker": "MD Gunathilaka",
              "runs": {
                "batter": 0,
                "extras": 0,
                "total": 0
              }
            }
          ]
        },
        {
          "over": 1,
          "deliveries": [
            {
              "batter": "MD Gunathilaka",
              "bowler": "W Sahan",
              "non_striker": "WIA Fernando",
              "runs": {
                "batter": 6,
                "extras": 0,
                "total": 6
              }
            },
            {
              "batter": "MD Gunathilaka",
              "bowler": "W Sahan",
              "non_striker": "WIA Fernando",
              "runs": {
                "batter": 0,
                "extras": 0,
                "total": 0
              }
            },
            {
              "batter": "MD Gunathilaka",
              "bowler": "W Sahan",
              "non_striker": "WIA Fernando",
              "runs": {
                "batter": 4,
                "extras": 0,
                "total": 4
              }
            },
            {
              "batter": "MD Gunathilaka",
              "bowler": "W Sahan",
              "non_striker": "WIA Fernando",
              "runs": {
                "batter": 0,
                "extras": 0,
                "total": 0
              }
            },
            {
              "batter": "MD Gunathilaka",
              "bowler": "W Sahan",
              "non_striker": "WIA Fernando",
              "runs": {
                "batter": 0,
                "extras": 0,
                "total": 0
              }
            },
            {
              "batter": "MD Gunathilaka",
              "bowler": "W Sahan",
              "non_striker": "WIA Fernando",
              "runs": {
                "batter": 0,
                "extras": 0,
                "total": 0
              }
            }
          ]
        },
        {
          "over": 2,
          "deliveries": [
            {
              "batter": "WIA Fernando",
              "bowler": "Sammu Ashan",
              "non_striker": "MD Gunathilaka",
              "runs": {
                "batter": 4,
                "extras": 0,
                "total": 4
              }
            },
            {
              "batter": "WIA Fernando",
              "bowler": "Sammu Ashan",
              "non_striker": "MD Gunathilaka",
              "runs": {
                "batter": 0,
                "extras": 0,
                "total": 0
              }
            },
            {
              "batter": "WIA Fernando",
              "bowler": "Sammu Ashan",
              "non_striker": "MD Gunathilaka",
              "runs": {
                "batter": 0,
                "extras": 0,
                "total": 0
              }
            },
            {
              "batter": "WIA Fernando",
              "bowler": "Sammu Ashan",
              "non_striker": "MD Gunathilaka",
              "runs": {
                "batter": 1,
                "extras": 0,
                "total": 1
              }
            },
            {
              "batter": "MD Gunathilaka",
              "bowler": "Sammu Ashan",
              "non_striker": "WIA Fernando",
              "runs": {
                "batter": 0,
                "extras": 0,
                "total": 0
              }
            },
            {
              "batter": "MD Gunathilaka",
              "bowler": "Sammu Ashan",
              "non_striker": "WIA Fernando",
              "runs": {
                "batter": 2,
                "extras": 0,
                "total": 2
              }
            }
          ]
        },
        {
          "over": 3,
          "deliveries": [
            {
              "batter": "WIA Fernando",
              "bowler": "W Sahan",
              "non_striker": "MD Gunathilaka",
              "runs": {
                "batter": 4,
                "extras": 0,
                "total": 4
              }
            },
            {
              "batter": "WIA Fernando",
              "bowler": "W Sahan",
              "non_striker": "MD Gunathilaka",
              "runs": {
                "batter": 1,
                "extras": 0,
                "total": 1
              }
            },
            {
              "batter": "MD Gunathilaka",
              "bowler": "W Sahan",
              "non_striker": "WIA Fernando",
              "runs": {
                "batter": 4,
                "extras": 0,
                "total": 4
              }
            },
            {
              "batter": "MD Gunathilaka",
              "bowler": "W Sahan",
              "non_striker": "WIA Fernando",
              "runs": {
                "batter": 0,
                "extras": 0,
                "total": 0
              }
            },
            {
              "batter": "MD Gunathilaka",
              "bowler": "W Sahan",
              "non_striker": "WIA Fernando",
              "runs": {
                "batter": 1,
                "extras": 0,
                "total": 1
              }
            },
            {
              "batter": "WIA Fernando",
              "bowler": "W Sahan",
              "non_striker": "MD Gunathilaka",
              "runs": {
                "batter": 0,
                "extras": 0,
                "total": 0
              }
            }
          ]
        },
        {
          "over": 4,
          "deliveries": [
            {
              "batter": "MD Gunathilaka",
              "bowler": "Sammu Ashan",
              "non_striker": "WIA Fernando",
              "runs": {
                "batter": 4,
                "extras": 0,
                "total": 4
              }
            },
            {
              "batter": "MD Gunathilaka",
              "bowler": "Sammu Ashan",
              "non_striker": "WIA Fernando",
              "runs": {
                "batter": 0,
                "extras": 0,
                "total": 0
              }
            },
            {
              "batter": "MD Gunathilaka",
              "bowler": "Sammu Ashan",
              "extras": {
                "wides": 1
              },
              "non_striker": "WIA Fernando",
              "runs": {
                "batter": 0,
                "extras": 1,
                "total": 1
              }
            },
            {
              "batter": "MD Gunathilaka",
              "bowler": "Sammu Ashan",
              "non_striker": "WIA Fernando",
              "runs": {
                "batter": 0,
                "extras": 0,
                "total": 0
              }
            },
            {
              "batter": "MD Gunathilaka",
              "bowler": "Sammu Ashan",
              "non_striker": "WIA Fernando",
              "runs": {
                "batter": 0,
                "extras": 0,
                "total": 0
              }
            },
            {
              "batter": "MD Gunathilaka",
              "bowler": "Sammu Ashan",
              "non_striker": "WIA Fernando",
              "runs": {
                "batter": 0,
                "extras": 0,
                "total": 0
              }
            },
            {
              "batter": "MD Gunathilaka",
              "bowler": "Sammu Ashan",
              "non_striker": "WIA Fernando",
              "runs": {
                "batter": 4,
                "extras": 0,
                "total": 4
              }
            }
          ]
        },
        {
          "over": 5,
          "deliveries": [
            {
              "batter": "WIA Fernando",
              "bowler": "D Hemananda",
              "non_striker": "MD Gunathilaka",
              "runs": {
                "batter": 1,
                "extras": 0,
                "total": 1
              }
            },
            {
              "batter": "MD Gunathilaka",
              "bowler": "D Hemananda",
              "non_striker": "WIA Fernando",
              "runs": {
                "batter": 0,
                "extras": 0,
                "total": 0
              },
              "wickets": [
                {
                  "player_out": "MD Gunathilaka",
                  "fielders": [
                    {
                      "name": "MPM Weerasinghe"
                    }
                  ],
                  "kind": "caught"
                }
              ]
            },
            {
              "batter": "S Daniel",
              "bowler": "D Hemananda",
              "extras": {
                "legbyes": 4
              },
              "non_striker": "WIA Fernando",
              "runs": {
                "batter": 0,
                "extras": 4,
                "total": 4
              }
            },
            {
              "batter": "S Daniel",
              "bowler": "D Hemananda",
              "extras": {
                "wides": 1
              },
              "non_striker": "WIA Fernando",
              "runs": {
                "batter": 0,
                "extras": 1,
                "total": 1
              }
            },
            {
              "batter": "S Daniel",
              "bowler": "D Hemananda",
              "non_striker": "WIA Fernando",
              "runs": {
                "batter": 0,
                "extras": 0,
                "total": 0
              }
            },
            {
              "batter": "S Daniel",
              "bowler": "D Hemananda",
              "non_striker": "WIA Fernando",
              "runs": {
                "batter": 1,
                "extras": 0,
                "total": 1
              }
            },
            {
              "batter": "WIA Fernando",
              "bowler": "D Hemananda",
              "non_striker": "S Daniel",
              "runs": {
                "batter": 1,
                "extras": 0,
                "total": 1
              }
            }
          ]
        },
        {
          "over": 6,
          "deliveries": [
            {
              "batter": "WIA Fernando",
              "bowler": "PTM Dabare",
              "non_striker": "S Daniel",
              "runs": {
                "batter": 1,
                "extras": 0,
                "total": 1
              }
            },
            {
              "batter": "S Daniel",
              "bowler": "PTM Dabare",
              "non_striker": "WIA Fernando",
              "runs": {
                "batter": 0,
                "extras": 0,
                "total": 0
              }
            },
            {
              "batter": "S Daniel",
              "bowler": "PTM Dabare",
              "non_striker": "WIA Fernando",
              "runs": {
                "batter": 1,
                "extras": 0,
                "total": 1
              }
            },
            {
              "batter": "WIA Fernando",
              "bowler": "PTM Dabare",
              "non_striker": "S Daniel",
              "runs": {
                "batter": 6,
                "extras": 0,
                "total": 6
              }
            },
            {
              "batter": "WIA Fernando",
              "bowler": "PTM Dabare",
              "non_striker": "S Daniel",
              "runs": {
                "batter": 1,
                "extras": 0,
                "total": 1
              }
            },
            {
              "batter": "S Daniel",
              "bowler": "PTM Dabare",
              "non_striker": "WIA Fernando",
              "runs": {
                "batter": 0,
                "extras": 0,
                "total": 0
              }
            }
          ]
        },
        {
          "over": 7,
          "deliveries": [
            {
              "batter": "WIA Fernando",
              "bowler": "D Hemananda",
              "non_striker": "S Daniel",
              "runs": {
                "batter": 1,
                "extras": 0,
                "total": 1
              }
            },
            {
              "batter": "S Daniel",
              "bowler": "D Hemananda",
              "non_striker": "WIA Fernando",
              "runs": {
                "batter": 1,
                "extras": 0,
                "total": 1
              }
            },
            {
              "batter": "WIA Fernando",
              "bowler": "D Hemananda",
              "non_striker": "S Daniel",
              "runs": {
                "batter": 1,
                "extras": 0,
                "total": 1
              }
            },
            {
              "batter": "S Daniel",
              "bowler": "D Hemananda",
              "non_striker": "WIA Fernando",
              "runs": {
                "batter": 1,
                "extras": 0,
                "total": 1
              }
            },
            {
              "batter": "WIA Fernando",
              "bowler": "D Hemananda",
              "non_striker": "S Daniel",
              "runs": {
                "batter": 0,
                "extras": 0,
                "total": 0
              },
              "wickets": [
                {
                  "player_out": "WIA Fernando",
                  "fielders": [
                    {
                      "name": "NH Atharagalla"
                    }
                  ],
                  "kind": "caught"
                }
              ]
            },
            {
              "batter": "Krishan Sanjula",
              "bowler": "D Hemananda",
              "non_striker": "S Daniel",
              "runs": {
                "batter": 0,
                "extras": 0,
                "total": 0
              }
            }
          ]
        },
        {
          "over": 8,
          "deliveries": [
            {
              "batter": "S Daniel",
              "bowler": "PTM Dabare",
              "non_striker": "Krishan Sanjula",
              "runs": {
                "batter": 0,
                "extras": 0,
                "total": 0
              }
            },
            {
              "batter": "S Daniel",
              "bowler": "PTM Dabare",
              "non_striker": "Krishan Sanjula",
              "runs": {
                "batter": 0,
                "extras": 0,
                "total": 0
              }
            },
            {
              "batter": "S Daniel",
              "bowler": "PTM Dabare",
              "non_striker": "Krishan Sanjula",
              "runs": {
                "batter": 1,
                "extras": 0,
                "total": 1
              }
            },
            {
              "batter": "Krishan Sanjula",
              "bowler": "PTM Dabare",
              "non_striker": "S Daniel",
              "runs": {
                "batter": 0,
                "extras": 0,
                "total": 0
              }
            },
            {
              "batter": "Krishan Sanjula",
              "bowler": "PTM Dabare",
              "non_striker": "S Daniel",
              "runs": {
                "batter": 0,
                "extras": 0,
                "total": 0
              }
            },
            {
              "batter": "Krishan Sanjula",
              "bowler": "PTM Dabare",
              "non_striker": "S Daniel",
              "runs": {
                "batter": 1,
                "extras": 0,
                "total": 1
              }
            }
          ]
        },
        {
          "over": 9,
          "deliveries": [
            {
              "batter": "Krishan Sanjula",
              "bowler": "NH Atharagalla",
              "extras": {
                "noballs": 1
              },
              "non_striker": "S Daniel",
              "runs": {
                "batter": 0,
                "extras": 1,
                "total": 1
              }
            },
            {
              "batter": "Krishan Sanjula",
              "bowler": "NH Atharagalla",
              "non_striker": "S Daniel",
              "runs": {
                "batter": 2,
                "extras": 0,
                "total": 2
              }
            },
            {
              "batter": "Krishan Sanjula",
              "bowler": "NH Atharagalla",
              "non_striker": "S Daniel",
              "runs": {
                "batter": 1,
                "extras": 0,
                "total": 1
              }
            },
            {
              "batter": "S Daniel",
              "bowler": "NH Atharagalla",
              "non_striker": "Krishan Sanjula",
              "runs": {
                "batter": 0,
                "extras": 0,
                "total": 0
              }
            },
            {
              "batter": "S Daniel",
              "bowler": "NH Atharagalla",
              "non_striker": "Krishan Sanjula",
              "runs": {
                "batter": 1,
                "extras": 0,
                "total": 1
              }
            },
            {
              "batter": "Krishan Sanjula",
              "bowler": "NH Atharagalla",
              "non_striker": "S Daniel",
              "runs": {
                "batter": 1,
                "extras": 0,
                "total": 1
              }
            },
            {
              "batter": "S Daniel",
              "bowler": "NH Atharagalla",
              "non_striker": "Krishan Sanjula",
              "runs": {
                "batter": 1,
                "extras": 0,
                "total": 1
              }
            }
          ]
        },
        {
          "over": 10,
          "deliveries": [
            {
              "batter": "S Daniel",
              "bowler": "PTM Dabare",
              "non_striker": "Krishan Sanjula",
              "runs": {
                "batter": 1,
                "extras": 0,
                "total": 1
              }
            },
            {
              "batter": "Krishan Sanjula",
              "bowler": "PTM Dabare",
              "non_striker": "S Daniel",
              "runs": {
                "batter": 0,
                "extras": 0,
                "total": 0
              }
            },
            {
              "batter": "Krishan Sanjula",
              "bowler": "PTM Dabare",
              "non_striker": "S Daniel",
              "runs": {
                "batter": 0,
                "extras": 0,
                "total": 0
              }
            },
            {
              "batter": "Krishan Sanjula",
              "bowler": "PTM Dabare",
              "non_striker": "S Daniel",
              "runs": {
                "batter": 2,
                "extras": 0,
                "total": 2
              }
            },
            {
              "batter": "Krishan Sanjula",
              "bowler": "PTM Dabare",
              "non_striker": "S Daniel",
              "runs": {
                "batter": 1,
                "extras": 0,
                "total": 1
              }
            },
            {
              "batter": "S Daniel",
              "bowler": "PTM Dabare",
              "non_striker": "Krishan Sanjula",
              "runs": {
                "batter": 1,
                "extras": 0,
                "total": 1
              }
            }
          ]
        },
        {
          "over": 11,
          "deliveries": [
            {
              "batter": "S Daniel",
              "bowler": "NH Atharagalla",
              "non_striker": "Krishan Sanjula",
              "runs": {
                "batter": 4,
                "extras": 0,
                "total": 4
              }
            },
            {
              "batter": "S Daniel",
              "bowler": "NH Atharagalla",
              "non_striker": "Krishan Sanjula",
              "runs": {
                "batter": 0,
                "extras": 0,
                "total": 0
              }
            },
            {
              "batter": "S Daniel",
              "bowler": "NH Atharagalla",
              "non_striker": "Krishan Sanjula",
              "runs": {
                "batter": 1,
                "extras": 0,
                "total": 1
              }
            },
            {
              "batter": "Krishan Sanjula",
              "bowler": "NH Atharagalla",
              "non_striker": "S Daniel",
              "runs": {
                "batter": 4,
                "extras": 0,
                "total": 4
              }
            },
            {
              "batter": "Krishan Sanjula",
              "bowler": "NH Atharagalla",
              "non_striker": "S Daniel",
              "runs": {
                "batter": 1,
                "extras": 0,
                "total": 1
              }
            },
            {
              "batter": "S Daniel",
              "bowler": "NH Atharagalla",
              "non_striker": "Krishan Sanjula",
              "runs": {
                "batter": 0,
                "extras": 0,
                "total": 0
              },
              "wickets": [
                {
                  "player_out": "S Daniel",
                  "fielders": [
                    {
                      "name": "R de Silva"
                    }
                  ],
                  "kind": "caught"
                }
              ]
            }
          ]
        },
        {
          "over": 12,
          "deliveries": [
            {
              "batter": "Krishan Sanjula",
              "bowler": "W Sahan",
              "non_striker": "MNK Fernando",
              "runs": {
                "batter": 1,
                "extras": 0,
                "total": 1
              }
            },
            {
              "batter": "MNK Fernando",
              "bowler": "W Sahan",
              "non_striker": "Krishan Sanjula",
              "runs": {
                "batter": 0,
                "extras": 0,
                "total": 0
              }
            },
            {
              "batter": "MNK Fernando",
              "bowler": "W Sahan",
              "non_striker": "Krishan Sanjula",
              "runs": {
                "batter": 1,
                "extras": 0,
                "total": 1
              }
            },
            {
              "batter": "Krishan Sanjula",
              "bowler": "W Sahan",
              "non_striker": "MNK Fernando",
              "runs": {
                "batter": 1,
                "extras": 0,
                "total": 1
              }
            },
            {
              "batter": "MNK Fernando",
              "bowler": "W Sahan",
              "non_striker": "Krishan Sanjula",
              "runs": {
                "batter": 6,
                "extras": 0,
                "total": 6
              }
            },
            {
              "batter": "MNK Fernando",
              "bowler": "W Sahan",
              "non_striker": "Krishan Sanjula",
              "runs": {
                "batter": 0,
                "extras": 0,
                "total": 0
              },
              "wickets": [
                {
                  "player_out": "MNK Fernando",
                  "fielders": [
                    {
                      "name": "S Liyanage"
                    }
                  ],
                  "kind": "caught"
                }
              ]
            }
          ]
        },
        {
          "over": 13,
          "deliveries": [
            {
              "batter": "Krishan Sanjula",
              "bowler": "PTM Dabare",
              "non_striker": "ND Perera",
              "runs": {
                "batter": 0,
                "extras": 0,
                "total": 0
              }
            },
            {
              "batter": "Krishan Sanjula",
              "bowler": "PTM Dabare",
              "non_striker": "ND Perera",
              "runs": {
                "batter": 0,
                "extras": 0,
                "total": 0
              },
              "wickets": [
                {
                  "player_out": "Krishan Sanjula",
                  "fielders": [
                    {
                      "name": "D Hemananda"
                    }
                  ],
                  "kind": "caught"
                }
              ]
            },
            {
              "batter": "MALR Manasinghe",
              "bowler": "PTM Dabare",
              "non_striker": "ND Perera",
              "runs": {
                "batter": 1,
                "extras": 0,
                "total": 1
              }
            },
            {
              "batter": "ND Perera",
              "bowler": "PTM Dabare",
              "non_striker": "MALR Manasinghe",
              "runs": {
                "batter": 1,
                "extras": 0,
                "total": 1
              }
            },
            {
              "batter": "MALR Manasinghe",
              "bowler": "PTM Dabare",
              "non_striker": "ND Perera",
              "runs": {
                "batter": 0,
                "extras": 0,
                "total": 0
              }
            },
            {
              "batter": "MALR Manasinghe",
              "bowler": "PTM Dabare",
              "non_striker": "ND Perera",
              "runs": {
                "batter": 1,
                "extras": 0,
                "total": 1
              }
            }
          ]
        },
        {
          "over": 14,
          "deliveries": [
            {
              "batter": "MALR Manasinghe",
              "bowler": "Sammu Ashan",
              "non_striker": "ND Perera",
              "runs": {
                "batter": 1,
                "extras": 0,
                "total": 1
              }
            },
            {
              "batter": "ND Perera",
              "bowler": "Sammu Ashan",
              "non_striker": "MALR Manasinghe",
              "runs": {
                "batter": 1,
                "extras": 0,
                "total": 1
              }
            },
            {
              "batter": "MALR Manasinghe",
              "bowler": "Sammu Ashan",
              "non_striker": "ND Perera",
              "runs": {
                "batter": 1,
                "extras": 0,
                "total": 1
              }
            },
            {
              "batter": "ND Perera",
              "bowler": "Sammu Ashan",
              "non_striker": "MALR Manasinghe",
              "runs": {
                "batter": 1,
                "extras": 0,
                "total": 1
              }
            },
            {
              "batter": "MALR Manasinghe",
              "bowler": "Sammu Ashan",
              "extras": {
                "wides": 2
              },
              "non_striker": "ND Perera",
              "runs": {
                "batter": 0,
                "extras": 2,
                "total": 2
              }
            },
            {
              "batter": "ND Perera",
              "bowler": "Sammu Ashan",
              "non_striker": "MALR Manasinghe",
              "runs": {
                "batter": 1,
                "extras": 0,
                "total": 1
              }
            },
            {
              "batter": "MALR Manasinghe",
              "bowler": "Sammu Ashan",
              "non_striker": "ND Perera",
              "runs": {
                "batter": 1,
                "extras": 0,
                "total": 1
              }
            }
          ]
        },
        {
          "over": 15,
          "deliveries": [
            {
              "batter": "MALR Manasinghe",
              "bowler": "MPM Weerasinghe",
              "non_striker": "ND Perera",
              "runs": {
                "batter": 0,
                "extras": 0,
                "total": 0
              }
            },
            {
              "batter": "MALR Manasinghe",
              "bowler": "MPM Weerasinghe",
              "non_striker": "ND Perera",
              "runs": {
                "batter": 1,
                "extras": 0,
                "total": 1
              }
            },
            {
              "batter": "ND Perera",
              "bowler": "MPM Weerasinghe",
              "non_striker": "MALR Manasinghe",
              "runs": {
                "batter": 1,
                "extras": 0,
                "total": 1
              }
            },
            {
              "batter": "MALR Manasinghe",
              "bowler": "MPM Weerasinghe",
              "non_striker": "ND Perera",
              "runs": {
                "batter": 1,
                "extras": 0,
                "total": 1
              }
            },
            {
              "batter": "ND Perera",
              "bowler": "MPM Weerasinghe",
              "non_striker": "MALR Manasinghe",
              "runs": {
                "batter": 0,
                "extras": 0,
                "total": 0
              }
            },
            {
              "batter": "ND Perera",
              "bowler": "MPM Weerasinghe",
              "non_striker": "MALR Manasinghe",
              "runs": {
                "batter": 1,
                "extras": 0,
                "total": 1
              }
            }
          ]
        },
        {
          "over": 16,
          "deliveries": [
            {
              "batter": "ND Perera",
              "bowler": "D Hemananda",
              "non_striker": "MALR Manasinghe",
              "runs": {
                "batter": 0,
                "extras": 0,
                "total": 0
              },
              "wickets": [
                {
                  "player_out": "ND Perera",
                  "fielders": [
                    {
                      "name": "Sammu Ashan"
                    }
                  ],
                  "kind": "caught"
                }
              ]
            },
            {
              "batter": "D Kalupahana",
              "bowler": "D Hemananda",
              "non_striker": "MALR Manasinghe",
              "runs": {
                "batter": 1,
                "extras": 0,
                "total": 1
              }
            },
            {
              "batter": "MALR Manasinghe",
              "bowler": "D Hemananda",
              "non_striker": "D Kalupahana",
              "runs": {
                "batter": 0,
                "extras": 0,
                "total": 0
              }
            },
            {
              "batter": "MALR Manasinghe",
              "bowler": "D Hemananda",
              "non_striker": "D Kalupahana",
              "runs": {
                "batter": 1,
                "extras": 0,
                "total": 1
              }
            },
            {
              "batter": "D Kalupahana",
              "bowler": "D Hemananda",
              "non_striker": "MALR Manasinghe",
              "runs": {
                "batter": 1,
                "extras": 0,
                "total": 1
              }
            },
            {
              "batter": "MALR Manasinghe",
              "bowler": "D Hemananda",
              "non_striker": "D Kalupahana",
              "runs": {
                "batter": 1,
                "extras": 0,
                "total": 1
              }
            }
          ]
        },
        {
          "over": 17,
          "deliveries": [
            {
              "batter": "MALR Manasinghe",
              "bowler": "MPM Weerasinghe",
              "non_striker": "D Kalupahana",
              "runs": {
                "batter": 0,
                "extras": 0,
                "total": 0
              },
              "wickets": [
                {
                  "player_out": "MALR Manasinghe",
                  "fielders": [
                    {
                      "name": "RJKTD Ranatunga"
                    }
                  ],
                  "kind": "caught"
                }
              ]
            },
            {
              "batter": "PM Liyanagamage",
              "bowler": "MPM Weerasinghe",
              "non_striker": "D Kalupahana",
              "runs": {
                "batter": 1,
                "extras": 0,
                "total": 1
              }
            },
            {
              "batter": "D Kalupahana",
              "bowler": "MPM Weerasinghe",
              "non_striker": "PM Liyanagamage",
              "runs": {
                "batter": 1,
                "extras": 0,
                "total": 1
              }
            },
            {
              "batter": "PM Liyanagamage",
              "bowler": "MPM Weerasinghe",
              "non_striker": "D Kalupahana",
              "runs": {
                "batter": 0,
                "extras": 0,
                "total": 0
              }
            },
            {
              "batter": "PM Liyanagamage",
              "bowler": "MPM Weerasinghe",
              "non_striker": "D Kalupahana",
              "runs": {
                "batter": 2,
                "extras": 0,
                "total": 2
              }
            },
            {
              "batter": "PM Liyanagamage",
              "bowler": "MPM Weerasinghe",
              "non_striker": "D Kalupahana",
              "runs": {
                "batter": 0,
                "extras": 0,
                "total": 0
              }
            }
          ]
        },
        {
          "over": 18,
          "deliveries": [
            {
              "batter": "D Kalupahana",
              "bowler": "D Hemananda",
              "extras": {
                "legbyes": 1
              },
              "non_striker": "PM Liyanagamage",
              "runs": {
                "batter": 0,
                "extras": 1,
                "total": 1
              }
            },
            {
              "batter": "PM Liyanagamage",
              "bowler": "D Hemananda",
              "non_striker": "D Kalupahana",
              "runs": {
                "batter": 1,
                "extras": 0,
                "total": 1
              }
            },
            {
              "batter": "D Kalupahana",
              "bowler": "D Hemananda",
              "non_striker": "PM Liyanagamage",
              "runs": {
                "batter": 0,
                "extras": 0,
                "total": 0
              },
              "wickets": [
                {
                  "player_out": "PM Liyanagamage",
                  "fielders": [
                    {
                      "name": "D Hemananda"
                    }
                  ],
                  "kind": "run out"
                }
              ]
            },
            {
              "batter": "CAK Rajitha",
              "bowler": "D Hemananda",
              "non_striker": "D Kalupahana",
              "runs": {
                "batter": 1,
                "extras": 0,
                "total": 1
              }
            },
            {
              "batter": "D Kalupahana",
              "bowler": "D Hemananda",
              "non_striker": "CAK Rajitha",
              "runs": {
                "batter": 6,
                "extras": 0,
                "total": 6
              }
            },
            {
              "batter": "D Kalupahana",
              "bowler": "D Hemananda",
              "non_striker": "CAK Rajitha",
              "runs": {
                "batter": 1,
                "extras": 0,
                "total": 1
              }
            }
          ]
        },
        {
          "over": 19,
          "deliveries": [
            {
              "batter": "D Kalupahana",
              "bowler": "NH Atharagalla",
              "non_striker": "CAK Rajitha",
              "runs": {
                "batter": 0,
                "extras": 0,
                "total": 0
              }
            },
            {
              "batter": "D Kalupahana",
              "bowler": "NH Atharagalla",
              "non_striker": "CAK Rajitha",
              "runs": {
                "batter": 2,
                "extras": 0,
                "total": 2
              }
            },
            {
              "batter": "D Kalupahana",
              "bowler": "NH Atharagalla",
              "non_striker": "CAK Rajitha",
              "runs": {
                "batter": 0,
                "extras": 0,
                "total": 0
              },
              "wickets": [
                {
                  "player_out": "D Kalupahana",
                  "fielders": [
                    {
                      "name": "R de Silva"
                    }
                  ],
                  "kind": "caught"
                }
              ]
            },
            {
              "batter": "G Balasooriya",
              "bowler": "NH Atharagalla",
              "non_striker": "CAK Rajitha",
              "runs": {
                "batter": 0,
                "extras": 0,
                "total": 0
              }
            },
            {
              "batter": "G Balasooriya",
              "bowler": "NH Atharagalla",
              "non_striker": "CAK Rajitha",
              "runs": {
                "batter": 0,
                "extras": 0,
                "total": 0
              }
            },
            {
              "batter": "G Balasooriya",
              "bowler": "NH Atharagalla",
              "non_striker": "CAK Rajitha",
              "runs": {
                "batter": 0,
                "extras": 0,
                "total": 0
              }
            }
          ]
        }
      ],
      "powerplays": [
        {
          "from": 0.1,
          "to": 5.7,
          "type": "mandatory"
        }
      ],
      "target": {
        "overs": 20,
        "runs": 179
      }
    }
  ]
}