{
  "meta": {
    "data_version": "1.1.0",
    "created": "2025-07-17",
    "revision": 1
  },
  "info": {
    "balls_per_over": 6,
    "city": "Colombo",
    "dates": [
      "2024-06-24"
    ],
    "event": {
      "name": "Major Clubs T20 Tournament",
      "stage": "Quarter Final"
    },
    "gender": "male",
    "match_type": "T20",
    "officials": {
      "match_referees": [
        "PS Jayaprakashdaran"
      ],
      "reserve_umpires": [
        "RD Kottahachchi"
      ],
      "umpires": [
        "D Sanjeewa",
        "BSP Fernando"
      ]
    },
    "outcome": {
      "winner": "Moors Sports Club",
      "by": {
        "wickets": 6
      }
    },
    "overs": 20,
    "players": {
      "Ace Capital Cricket Club": [
        "PTM Dabare",
        "S Gimhan",
        "MPM Weerasinghe",
        "RJKTD Ranatunga",
        "Sammu Ashan",
        "S Liyanage",
        "NH Atharagalla",
        "RMRDG Rathnayake",
        "W Sahan",
        "D Hemananda",
        "R de Silva"
      ],
      "Moors Sports Club": [
        "J Perera",
        "S de Livera",
        "MD Dilshan",
        "S Samarawickrama",
        "DPS Sooriyabandara",
        "RTM Mendis",
        "M Tharupathi",
        "RMMP Rathnayake",
        "HKT Udeshana",
        "P Jayawickrama",
        "G Sanketh"
      ]
    },
    "registry": {
      "people": {
        "BSP Fernando": "8a49883f",
        "D Hemananda": "92189c3e",
        "D Sanjeewa": "f7257752",
        "DPS Sooriyabandara": "cc17536f",
        "G Sanketh": "40db4769",
        "HKT Udeshana": "b4889110",
        "J Perera": "0e0d4577",
        "M Tharupathi": "ec0b9258",
        "MD Dilshan": "8a76604b",
        "MPM Weerasinghe": "39571f64",
        "NH Atharagalla": "5250b33c",
        "P Jayawickrama": "b7d1eadd",
        "PS Jayaprakashdaran": "5e6c7237",
        "PTM Dabare": "a97fbc2c",
        "R de Silva": "0d6ab15a",
        "RD Kottahachchi": "92e41d14",
        "RJKTD Ranatunga": "dadb0634",
        "RMMP Rathnayake": "afe830a2",
        "RMRDG Rathnayake": "f73c0c37",
        "RTM Mendis": "1be67d37",
        "S Gimhan": "81acb5f5",
        "S Liyanage": "b47a39f9",
        "S Samarawickrama": "9ab2914d",
        "S de Livera": "77708937",
        "Sammu Ashan": "981b9303",
        "W Sahan": "d86d276e"
      }
    },
    "season": "2024",
    "team_type": "club",
    "teams": [
      "Ace Capital Cricket Club",
      "Moors Sports Club"
    ],
    "toss": {
      "decision": "field",
      "winner": "Moors Sports Club"
    },
    "venue": "P Sara Oval, Colombo"
  },
  "innings": [
    {
      "team": "Ace Capital Cricket Club",
      "overs": [
        {
          "over": 0,
          "deliveries": [
            {
              "batter": "PTM Dabare",
              "bowler": "RMMP Rathnayake",
              "non_striker": "S Gimhan",
              "runs": {
                "batter": 4,
                "extras": 0,
                "total": 4
              }
            },
            {
              "batter": "PTM Dabare",
              "bowler": "RMMP Rathnayake",
              "non_striker": "S Gimhan",
              "runs": {
                "batter": 0,
                "extras": 0,
                "total": 0
              }
            },
            {
              "batter": "PTM Dabare",
              "bowler": "RMMP Rathnayake",
              "non_striker": "S Gimhan",
              "runs": {
                "batter": 0,
                "extras": 0,
                "total": 0
              }
            },
            {
              "batter": "PTM Dabare",
              "bowler": "RMMP Rathnayake",
              "non_striker": "S Gimhan",
              "runs": {
                "batter": 0,
                "extras": 0,
                "total": 0
              }
            },
            {
              "batter": "PTM Dabare",
              "bowler": "RMMP Rathnayake",
              "non_striker": "S Gimhan",
              "runs": {
                "batter": 0,
                "extras": 0,
                "total": 0
              }
            },
            {
              "batter": "PTM Dabare",
              "bowler": "RMMP Rathnayake",
              "non_striker": "S Gimhan",
              "runs": {
                "batter": 0,
                "extras": 0,
                "total": 0
              }
            }
          ]
        },
        {
          "over": 1,
          "deliveries": [
            {
              "batter": "S Gimhan",
              "bowler": "MD Dilshan",
              "non_striker": "PTM Dabare",
              "runs": {
                "batter": 1,
                "extras": 0,
                "total": 1
              }
            },
            {
              "batter": "PTM Dabare",
              "bowler": "MD Dilshan",
              "non_striker": "S Gimhan",
              "runs": {
                "batter": 0,
                "extras": 0,
                "total": 0
              }
            },
            {
              "batter": "PTM Dabare",
              "bowler": "MD Dilshan",
              "non_striker": "S Gimhan",
              "runs": {
                "batter": 0,
                "extras": 0,
                "total": 0
              }
            },
            {
              "batter": "PTM Dabare",
              "bowler": "MD Dilshan",
              "non_striker": "S Gimhan",
              "runs": {
                "batter": 0,
                "extras": 0,
                "total": 0
              }
            },
            {
              "batter": "PTM Dabare",
              "bowler": "MD Dilshan",
              "non_striker": "S Gimhan",
              "runs": {
                "batter": 0,
                "extras": 0,
                "total": 0
              },
              "wickets": [
                {
                  "player_out": "PTM Dabare",
                  "fielders": [
                    {
                      "name": "S Samarawickrama"
                    }
                  ],
                  "kind": "caught"
                }
              ]
            },
            {
              "batter": "MPM Weerasinghe",
              "bowler": "MD Dilshan",
              "non_striker": "S Gimhan",
              "runs": {
                "batter": 0,
                "extras": 0,
                "total": 0
              }
            }
          ]
        },
        {
          "over": 2,
          "deliveries": [
            {
              "batter": "S Gimhan",
              "bowler": "RMMP Rathnayake",
              "non_striker": "MPM Weerasinghe",
              "runs": {
                "batter": 0,
                "extras": 0,
                "total": 0
              },
              "wickets": [
                {
                  "player_out": "S Gimhan",
                  "fielders": [
                    {
                      "name": "RTM Mendis"
                    }
                  ],
                  "kind": "caught"
                }
              ]
            },
            {
              "batter": "RJKTD Ranatunga",
              "bowler": "RMMP Rathnayake",
              "non_striker": "MPM Weerasinghe",
              "runs": {
                "batter": 0,
                "extras": 0,
                "total": 0
              }
            },
            {
              "batter": "RJKTD Ranatunga",
              "bowler": "RMMP Rathnayake",
              "non_striker": "MPM Weerasinghe",
              "runs": {
                "batter": 0,
                "extras": 0,
                "total": 0
              }
            },
            {
              "batter": "RJKTD Ranatunga",
              "bowler": "RMMP Rathnayake",
              "non_striker": "MPM Weerasinghe",
              "runs": {
                "batter": 0,
                "extras": 0,
                "total": 0
              }
            },
            {
              "batter": "RJKTD Ranatunga",
              "bowler": "RMMP Rathnayake",
              "non_striker": "MPM Weerasinghe",
              "runs": {
                "batter": 0,
                "extras": 0,
                "total": 0
              }
            },
            {
              "batter": "RJKTD Ranatunga",
              "bowler": "RMMP Rathnayake",
              "non_striker": "MPM Weerasinghe",
              "runs": {
                "batter": 0,
                "extras": 0,
                "total": 0
              }
            }
          ]
        },
        {
          "over": 3,
          "deliveries": [
            {
              "batter": "MPM Weerasinghe",
              "bowler": "MD Dilshan",
              "non_striker": "RJKTD Ranatunga",
              "runs": {
                "batter": 0,
                "extras": 0,
                "total": 0
              }
            },
            {
              "batter": "MPM Weerasinghe",
              "bowler": "MD Dilshan",
              "non_striker": "RJKTD Ranatunga",
              "runs": {
                "batter": 0,
                "extras": 0,
                "total": 0
              }
            },
            {
              "batter": "MPM Weerasinghe",
              "bowler": "MD Dilshan",
              "non_striker": "RJKTD Ranatunga",
              "runs": {
                "batter": 0,
                "extras": 0,
                "total": 0
              }
            },
            {
              "batter": "MPM Weerasinghe",
              "bowler": "MD Dilshan",
              "non_striker": "RJKTD Ranatunga",
              "runs": {
                "batter": 1,
                "extras": 0,
                "total": 1
              }
            },
            {
              "batter": "RJKTD Ranatunga",
              "bowler": "MD Dilshan",
              "non_striker": "MPM Weerasinghe",
              "runs": {
                "batter": 1,
                "extras": 0,
                "total": 1
              }
            },
            {
              "batter": "MPM Weerasinghe",
              "bowler": "MD Dilshan",
              "non_striker": "RJKTD Ranatunga",
              "runs": {
                "batter": 1,
                "extras": 0,
                "total": 1
              }
            }
          ]
        },
        {
          "over": 4,
          "deliveries": [
            {
              "batter": "MPM Weerasinghe",
              "bowler": "RMMP Rathnayake",
              "non_striker": "RJKTD Ranatunga",
              "runs": {
                "batter": 0,
                "extras": 0,
                "total": 0
              }
            },
            {
              "batter": "MPM Weerasinghe",
              "bowler": "RMMP Rathnayake",
              "non_striker": "RJKTD Ranatunga",
              "runs": {
                "batter": 0,
                "extras": 0,
                "total": 0
              }
            },
            {
              "batter": "MPM Weerasinghe",
              "bowler": "RMMP Rathnayake",
              "non_striker": "RJKTD Ranatunga",
              "runs": {
                "batter": 2,
                "extras": 0,
                "total": 2
              }
            },
            {
              "batter": "MPM Weerasinghe",
              "bowler": "RMMP Rathnayake",
              "non_striker": "RJKTD Ranatunga",
              "runs": {
                "batter": 0,
                "extras": 0,
                "total": 0
              }
            },
            {
              "batter": "MPM Weerasinghe",
              "bowler": "RMMP Rathnayake",
              "non_striker": "RJKTD Ranatunga",
              "runs": {
                "batter": 4,
                "extras": 0,
                "total": 4
              }
            },
            {
              "batter": "MPM Weerasinghe",
              "bowler": "RMMP Rathnayake",
              "non_striker": "RJKTD Ranatunga",
              "runs": {
                "batter": 1,
                "extras": 0,
                "total": 1
              }
            }
          ]
        },
        {
          "over": 5,
          "deliveries": [
            {
              "batter": "MPM Weerasinghe",
              "bowler": "MD Dilshan",
              "non_striker": "RJKTD Ranatunga",
              "runs": {
                "batter": 0,
                "extras": 0,
                "total": 0
              }
            },
            {
              "batter": "MPM Weerasinghe",
              "bowler": "MD Dilshan",
              "non_striker": "RJKTD Ranatunga",
              "runs": {
                "batter": 1,
                "extras": 0,
                "total": 1
              }
            },
            {
              "batter": "RJKTD Ranatunga",
              "bowler": "MD Dilshan",
              "non_striker": "MPM Weerasinghe",
              "runs": {
                "batter": 0,
                "extras": 0,
                "total": 0
              }
            },
            {
              "batter": "RJKTD Ranatunga",
              "bowler": "MD Dilshan",
              "non_striker": "MPM Weerasinghe",
              "runs": {
                "batter": 0,
                "extras": 0,
                "total": 0
              }
            },
            {
              "batter": "RJKTD Ranatunga",
              "bowler": "MD Dilshan",
              "non_striker": "MPM Weerasinghe",
              "runs": {
                "batter": 0,
                "extras": 0,
                "total": 0
              },
              "wickets": [
                {
                  "player_out": "RJKTD Ranatunga",
                  "kind": "lbw"
                }
              ]
            },
            {
              "batter": "Sammu Ashan",
              "bowler": "MD Dilshan",
              "non_striker": "MPM Weerasinghe",
              "runs": {
                "batter": 0,
                "extras": 0,
                "total": 0
              }
            }
          ]
        },
        {
          "over": 6,
          "deliveries": [
            {
              "batter": "MPM Weerasinghe",
              "bowler": "RMMP Rathnayake",
              "non_striker": "Sammu Ashan",
              "runs": {
                "batter": 0,
                "extras": 0,
                "total": 0
              }
            },
            {
              "batter": "MPM Weerasinghe",
              "bowler": "RMMP Rathnayake",
              "non_striker": "Sammu Ashan",
              "runs": {
                "batter": 0,
                "extras": 0,
                "total": 0
              }
            },
            {
              "batter": "MPM Weerasinghe",
              "bowler": "RMMP Rathnayake",
              "non_striker": "Sammu Ashan",
              "runs": {
                "batter": 0,
                "extras": 0,
                "total": 0
              }
            },
            {
              "batter": "MPM Weerasinghe",
              "bowler": "RMMP Rathnayake",
              "non_striker": "Sammu Ashan",
              "runs": {
                "batter": 1,
                "extras": 0,
                "total": 1
              }
            },
            {
              "batter": "Sammu Ashan",
              "bowler": "RMMP Rathnayake",
              "non_striker": "MPM Weerasinghe",
              "runs": {
                "batter": 0,
                "extras": 0,
                "total": 0
              }
            },
            {
              "batter": "Sammu Ashan",
              "bowler": "RMMP Rathnayake",
              "non_striker": "MPM Weerasinghe",
              "runs": {
                "batter": 0,
                "extras": 0,
                "total": 0
              }
            }
          ]
        },
        {
          "over": 7,
          "deliveries": [
            {
              "batter": "MPM Weerasinghe",
              "bowler": "MD Dilshan",
              "non_striker": "Sammu Ashan",
              "runs": {
                "batter": 1,
                "extras": 0,
                "total": 1
              }
            },
            {
              "batter": "Sammu Ashan",
              "bowler": "MD Dilshan",
              "non_striker": "MPM Weerasinghe",
              "runs": {
                "batter": 0,
                "extras": 0,
                "total": 0
              },
              "wickets": [
                {
                  "player_out": "Sammu Ashan",
                  "fielders": [
                    {
                      "name": "S de Livera"
                    }
                  ],
                  "kind": "caught"
                }
              ]
            },
            {
              "batter": "S Liyanage",
              "bowler": "MD Dilshan",
              "non_striker": "MPM Weerasinghe",
              "runs": {
                "batter": 0,
                "extras": 0,
                "total": 0
              }
            },
            {
              "batter": "S Liyanage",
              "bowler": "MD Dilshan",
              "non_striker": "MPM Weerasinghe",
              "runs": {
                "batter": 0,
                "extras": 0,
                "total": 0
              }
            },
            {
              "batter": "S Liyanage",
              "bowler": "MD Dilshan",
              "non_striker": "MPM Weerasinghe",
              "runs": {
                "batter": 0,
                "extras": 0,
                "total": 0
              }
            },
            {
              "batter": "S Liyanage",
              "bowler": "MD Dilshan",
              "non_striker": "MPM Weerasinghe",
              "runs": {
                "batter": 0,
                "extras": 0,
                "total": 0
              }
            }
          ]
        },
        {
          "over": 8,
          "deliveries": [
            {
              "batter": "MPM Weerasinghe",
              "bowler": "HKT Udeshana",
              "non_striker": "S Liyanage",
              "runs": {
                "batter": 4,
                "extras": 0,
                "total": 4
              }
            },
            {
              "batter": "MPM Weerasinghe",
              "bowler": "HKT Udeshana",
              "non_striker": "S Liyanage",
              "runs": {
                "batter": 1,
                "extras": 0,
                "total": 1
              }
            },
            {
              "batter": "S Liyanage",
              "bowler": "HKT Udeshana",
              "non_striker": "MPM Weerasinghe",
              "runs": {
                "batter": 1,
                "extras": 0,
                "total": 1
              }
            },
            {
              "batter": "MPM Weerasinghe",
              "bowler": "HKT Udeshana",
              "non_striker": "S Liyanage",
              "runs": {
                "batter": 1,
                "extras": 0,
                "total": 1
              }
            },
            {
              "batter": "S Liyanage",
              "bowler": "HKT Udeshana",
              "non_striker": "MPM Weerasinghe",
              "runs": {
                "batter": 0,
                "extras": 0,
                "total": 0
              }
            },
            {
              "batter": "S Liyanage",
              "bowler": "HKT Udeshana",
              "non_striker": "MPM Weerasinghe",
              "runs": {
                "batter": 1,
                "extras": 0,
                "total": 1
              }
            }
          ]
        },
        {
          "over": 9,
          "deliveries": [
            {
              "batter": "S Liyanage",
              "bowler": "RTM Mendis",
              "non_striker": "MPM Weerasinghe",
              "runs": {
                "batter": 0,
                "extras": 0,
                "total": 0
              }
            },
            {
              "batter": "S Liyanage",
              "bowler": "RTM Mendis",
              "non_striker": "MPM Weerasinghe",
              "runs": {
                "batter": 1,
                "extras": 0,
                "total": 1
              }
            },
            {
              "batter": "MPM Weerasinghe",
              "bowler": "RTM Mendis",
              "non_striker": "S Liyanage",
              "runs": {
                "batter": 0,
                "extras": 0,
                "total": 0
              }
            },
            {
              "batter": "MPM Weerasinghe",
              "bowler": "RTM Mendis",
              "non_striker": "S Liyanage",
              "runs": {
                "batter": 0,
                "extras": 0,
                "total": 0
              }
            },
            {
              "batter": "MPM Weerasinghe",
              "bowler": "RTM Mendis",
              "non_striker": "S Liyanage",
              "runs": {
                "batter": 1,
                "extras": 0,
                "total": 1
              }
            },
            {
              "batter": "S Liyanage",
              "bowler": "RTM Mendis",
              "non_striker": "MPM Weerasinghe",
              "runs": {
                "batter": 1,
                "extras": 0,
                "total": 1
              }
            }
          ]
        },
        {
          "over": 10,
          "deliveries": [
            {
              "batter": "S Liyanage",
              "bowler": "HKT Udeshana",
              "non_striker": "MPM Weerasinghe",
              "runs": {
                "batter": 0,
                "extras": 0,
                "total": 0
              }
            },
            {
              "batter": "S Liyanage",
              "bowler": "HKT Udeshana",
              "non_striker": "MPM Weerasinghe",
              "runs": {
                "batter": 0,
                "extras": 0,
                "total": 0
              }
            },
            {
              "batter": "S Liyanage",
              "bowler": "HKT Udeshana",
              "non_striker": "MPM Weerasinghe",
              "runs": {
                "batter": 1,
                "extras": 0,
                "total": 1
              }
            },
            {
              "batter": "MPM Weerasinghe",
              "bowler": "HKT Udeshana",
              "extras": {
                "wides": 1
              },
              "non_striker": "S Liyanage",
              "runs": {
                "batter": 0,
                "extras": 1,
                "total": 1
              }
            },
            {
              "batter": "MPM Weerasinghe",
              "bowler": "HKT Udeshana",
              "non_striker": "S Liyanage",
              "runs": {
                "batter": 4,
                "extras": 0,
                "total": 4
              }
            },
            {
              "batter": "MPM Weerasinghe",
              "bowler": "HKT Udeshana",
              "non_striker": "S Liyanage",
              "runs": {
                "batter": 2,
                "extras": 0,
                "total": 2
              }
            },
            {
              "batter": "MPM Weerasinghe",
              "bowler": "HKT Udeshana",
              "non_striker": "S Liyanage",
              "runs": {
                "batter": 1,
                "extras": 0,
                "total": 1
              }
            }
          ]
        },
        {
          "over": 11,
          "deliveries": [
            {
              "batter": "MPM Weerasinghe",
              "bowler": "RTM Mendis",
              "non_striker": "S Liyanage",
              "runs": {
                "batter": 1,
                "extras": 0,
                "total": 1
              }
            },
            {
              "batter": "S Liyanage",
              "bowler": "RTM Mendis",
              "non_striker": "MPM Weerasinghe",
              "runs": {
                "batter": 0,
                "extras": 0,
                "total": 0
              }
            },
            {
              "batter": "S Liyanage",
              "bowler": "RTM Mendis",
              "non_striker": "MPM Weerasinghe",
              "runs": {
                "batter": 0,
                "extras": 0,
                "total": 0
              }
            },
            {
              "batter": "S Liyanage",
              "bowler": "RTM Mendis",
              "non_striker": "MPM Weerasinghe",
              "runs": {
                "batter": 0,
                "extras": 0,
                "total": 0
              }
            },
            {
              "batter": "S Liyanage",
              "bowler": "RTM Mendis",
              "non_striker": "MPM Weerasinghe",
              "runs": {
                "batter": 0,
                "extras": 0,
                "total": 0
              }
            },
            {
              "batter": "S Liyanage",
              "bowler": "RTM Mendis",
              "non_striker": "MPM Weerasinghe",
              "runs": {
                "batter": 0,
                "extras": 0,
                "total": 0
              },
              "wickets": [
                {
                  "player_out": "S Liyanage",
                  "fielders": [
                    {
                      "name": "MD Dilshan"
                    }
                  ],
                  "kind": "caught"
                }
              ]
            }
          ]
        },
        {
          "over": 12,
          "deliveries": [
            {
              "batter": "MPM Weerasinghe",
              "bowler": "G Sanketh",
              "non_striker": "NH Atharagalla",
              "runs": {
                "batter": 4,
                "extras": 0,
                "total": 4
              }
            },
            {
              "batter": "MPM Weerasinghe",
              "bowler": "G Sanketh",
              "non_striker": "NH Atharagalla",
              "runs": {
                "batter": 4,
                "extras": 0,
                "total": 4
              }
            },
            {
              "batter": "MPM Weerasinghe",
              "bowler": "G Sanketh",
              "non_striker": "NH Atharagalla",
              "runs": {
                "batter": 1,
                "extras": 0,
                "total": 1
              }
            },
            {
              "batter": "NH Atharagalla",
              "bowler": "G Sanketh",
              "non_striker": "MPM Weerasinghe",
              "runs": {
                "batter": 0,
                "extras": 0,
                "total": 0
              }
            },
            {
              "batter": "NH Atharagalla",
              "bowler": "G Sanketh",
              "non_striker": "MPM Weerasinghe",
              "runs": {
                "batter": 1,
                "extras": 0,
                "total": 1
              }
            },
            {
              "batter": "MPM Weerasinghe",
              "bowler": "G Sanketh",
              "non_striker": "NH Atharagalla",
              "runs": {
                "batter": 1,
                "extras": 0,
                "total": 1
              }
            }
          ]
        },
        {
          "over": 13,
          "deliveries": [
            {
              "batter": "MPM Weerasinghe",
              "bowler": "RTM Mendis",
              "non_striker": "NH Atharagalla",
              "runs": {
                "batter": 2,
                "extras": 0,
                "total": 2
              }
            },
            {
              "batter": "MPM Weerasinghe",
              "bowler": "RTM Mendis",
              "non_striker": "NH Atharagalla",
              "runs": {
                "batter": 0,
                "extras": 0,
                "total": 0
              }
            },
            {
              "batter": "MPM Weerasinghe",
              "bowler": "RTM Mendis",
              "non_striker": "NH Atharagalla",
              "runs": {
                "batter": 1,
                "extras": 0,
                "total": 1
              }
            },
            {
              "batter": "NH Atharagalla",
              "bowler": "RTM Mendis",
              "non_striker": "MPM Weerasinghe",
              "runs": {
                "batter": 2,
                "extras": 0,
                "total": 2
              }
            },
            {
              "batter": "NH Atharagalla",
              "bowler": "RTM Mendis",
              "non_striker": "MPM Weerasinghe",
              "runs": {
                "batter": 1,
                "extras": 0,
                "total": 1
              }
            },
            {
              "batter": "MPM Weerasinghe",
              "bowler": "RTM Mendis",
              "non_striker": "NH Atharagalla",
              "runs": {
                "batter": 0,
                "extras": 0,
                "total": 0
              }
            }
          ]
        },
        {
          "over": 14,
          "deliveries": [
            {
              "batter": "NH Atharagalla",
              "bowler": "G Sanketh",
              "non_striker": "MPM Weerasinghe",
              "runs": {
                "batter": 4,
                "extras": 0,
                "total": 4
              }
            },
            {
              "batter": "NH Atharagalla",
              "bowler": "G Sanketh",
              "non_striker": "MPM Weerasinghe",
              "runs": {
                "batter": 1,
                "extras": 0,
                "total": 1
              }
            },
            {
              "batter": "MPM Weerasinghe",
              "bowler": "G Sanketh",
              "non_striker": "NH Atharagalla",
              "runs": {
                "batter": 0,
                "extras": 0,
                "total": 0
              }
            },
            {
              "batter": "MPM Weerasinghe",
              "bowler": "G Sanketh",
              "non_striker": "NH Atharagalla",
              "runs": {
                "batter": 1,
                "extras": 0,
                "total": 1
              }
            },
            {
              "batter": "NH Atharagalla",
              "bowler": "G Sanketh",
              "non_striker": "MPM Weerasinghe",
              "runs": {
                "batter": 1,
                "extras": 0,
                "total": 1
              }
            },
            {
              "batter": "MPM Weerasinghe",
              "bowler": "G Sanketh",
              "non_striker": "NH Atharagalla",
              "runs": {
                "batter": 0,
                "extras": 0,
                "total": 0
              }
            }
          ]
        },
        {
          "over": 15,
          "deliveries": [
            {
              "batter": "NH Atharagalla",
              "bowler": "RTM Mendis",
              "non_striker": "MPM Weerasinghe",
              "runs": {
                "batter": 0,
                "extras": 0,
                "total": 0
              }
            },
            {
              "batter": "NH Atharagalla",
              "bowler": "RTM Mendis",
              "extras": {
                "wides": 1
              },
              "non_striker": "MPM Weerasinghe",
              "runs": {
                "batter": 0,
                "extras": 1,
                "total": 1
              }
            },
            {
              "batter": "NH Atharagalla",
              "bowler": "RTM Mendis",
              "non_striker": "MPM Weerasinghe",
              "runs": {
                "batter": 0,
                "extras": 0,
                "total": 0
              }
            },
            {
              "batter": "NH Atharagalla",
              "bowler": "RTM Mendis",
              "non_striker": "MPM Weerasinghe",
              "runs": {
                "batter": 0,
                "extras": 0,
                "total": 0
              },
              "wickets": [
                {
                  "player_out": "NH Atharagalla",
                  "fielders": [
                    {
                      "name": "S de Livera"
                    }
                  ],
                  "kind": "stumped"
                }
              ]
            },
            {
              "batter": "RMRDG Rathnayake",
              "bowler": "RTM Mendis",
              "non_striker": "MPM Weerasinghe",
              "runs": {
                "batter": 0,
                "extras": 0,
                "total": 0
              }
            },
            {
              "batter": "RMRDG Rathnayake",
              "bowler": "RTM Mendis",
              "non_striker": "MPM Weerasinghe",
              "runs": {
                "batter": 2,
                "extras": 0,
                "total": 2
              }
            },
            {
              "batter": "RMRDG Rathnayake",
              "bowler": "RTM Mendis",
              "non_striker": "MPM Weerasinghe",
              "runs": {
                "batter": 1,
                "extras": 0,
                "total": 1
              }
            }
          ]
        },
        {
          "over": 16,
          "deliveries": [
            {
              "batter": "RMRDG Rathnayake",
              "bowler": "HKT Udeshana",
              "non_striker": "MPM Weerasinghe",
              "runs": {
                "batter": 1,
                "extras": 0,
                "total": 1
              }
            },
            {
              "batter": "MPM Weerasinghe",
              "bowler": "HKT Udeshana",
              "non_striker": "RMRDG Rathnayake",
              "runs": {
                "batter": 1,
                "extras": 0,
                "total": 1
              }
            },
            {
              "batter": "RMRDG Rathnayake",
              "bowler": "HKT Udeshana",
              "non_striker": "MPM Weerasinghe",
              "runs": {
                "batter": 6,
                "extras": 0,
                "total": 6
              }
            },
            {
              "batter": "RMRDG Rathnayake",
              "bowler": "HKT Udeshana",
              "non_striker": "MPM Weerasinghe",
              "runs": {
                "batter": 1,
                "extras": 0,
                "total": 1
              }
            },
            {
              "batter": "MPM Weerasinghe",
              "bowler": "HKT Udeshana",
              "extras": {
                "wides": 1
              },
              "non_striker": "RMRDG Rathnayake",
              "runs": {
                "batter": 0,
                "extras": 1,
                "total": 1
              }
            },
            {
              "batter": "MPM Weerasinghe",
              "bowler": "HKT Udeshana",
              "non_striker": "RMRDG Rathnayake",
              "runs": {
                "batter": 4,
                "extras": 0,
                "total": 4
              }
            },
            {
              "batter": "MPM Weerasinghe",
              "bowler": "HKT Udeshana",
              "non_striker": "RMRDG Rathnayake",
              "runs": {
                "batter": 2,
                "extras": 0,
                "total": 2
              }
            }
          ]
        },
        {
          "over": 17,
          "deliveries": [
            {
              "batter": "RMRDG Rathnayake",
              "bowler": "G Sanketh",
              "non_striker": "MPM Weerasinghe",
              "runs": {
                "batter": 1,
                "extras": 0,
                "total": 1
              }
            },
            {
              "batter": "MPM Weerasinghe",
              "bowler": "G Sanketh",
              "non_striker": "RMRDG Rathnayake",
              "runs": {
                "batter": 0,
                "extras": 0,
                "total": 0
              },
              "wickets": [
                {
                  "player_out": "MPM Weerasinghe",
                  "kind": "lbw"
                }
              ]
            },
            {
              "batter": "W Sahan",
              "bowler": "G Sanketh",
              "non_striker": "RMRDG Rathnayake",
              "runs": {
                "batter": 2,
                "extras": 0,
                "total": 2
              }
            },
            {
              "batter": "W Sahan",
              "bowler": "G Sanketh",
              "extras": {
                "noballs": 1
              },
              "non_striker": "RMRDG Rathnayake",
              "runs": {
                "batter": 1,
                "extras": 1,
                "total": 2
              }
            },
            {
              "batter": "RMRDG Rathnayake",
              "bowler": "G Sanketh",
              "extras": {
                "noballs": 1
              },
              "non_striker": "W Sahan",
              "runs": {
                "batter": 0,
                "extras": 1,
                "total": 1
              }
            },
            {
              "batter": "RMRDG Rathnayake",
              "bowler": "G Sanketh",
              "non_striker": "W Sahan",
              "runs": {
                "batter": 4,
                "extras": 0,
                "total": 4
              }
            },
            {
              "batter": "RMRDG Rathnayake",
              "bowler": "G Sanketh",
              "extras": {
                "legbyes": 1
              },
              "non_striker": "W Sahan",
              "runs": {
                "batter": 0,
                "extras": 1,
                "total": 1
              }
            },
            {
              "batter": "W Sahan",
              "bowler": "G Sanketh",
              "non_striker": "RMRDG Rathnayake",
              "runs": {
                "batter": 1,
                "extras": 0,
                "total": 1
              },
              "wickets": [
                {
                  "player_out": "W Sahan",
                  "fielders": [
                    {
                      "name": "DPS Sooriyabandara"
                    }
                  ],
                  "kind": "run out"
                }
              ]
            }
          ]
        },
        {
          "over": 18,
          "deliveries": [
            {
              "batter": "RMRDG Rathnayake",
              "bowler": "HKT Udeshana",
              "non_striker": "D Hemananda",
              "runs": {
                "batter": 6,
                "extras": 0,
                "total": 6
              }
            },
            {
              "batter": "RMRDG Rathnayake",
              "bowler": "HKT Udeshana",
              "non_striker": "D Hemananda",
              "runs": {
                "batter": 0,
                "extras": 0,
                "total": 0
              }
            },
            {
              "batter": "RMRDG Rathnayake",
              "bowler": "HKT Udeshana",
              "non_striker": "D Hemananda",
              "runs": {
                "batter": 1,
                "extras": 0,
                "total": 1
              }
            },
            {
              "batter": "D Hemananda",
              "bowler": "HKT Udeshana",
              "non_striker": "RMRDG Rathnayake",
              "runs": {
                "batter": 0,
                "extras": 0,
                "total": 0
              },
              "wickets": [
                {
                  "player_out": "D Hemananda",
                  "fielders": [
                    {
                      "name": "S de Livera"
                    }
                  ],
                  "kind": "caught"
                }
              ]
            },
            {
              "batter": "R de Silva",
              "bowler": "HKT Udeshana",
              "non_striker": "RMRDG Rathnayake",
              "runs": {
                "batter": 1,
                "extras": 0,
                "total": 1
              }
            },
            {
              "batter": "RMRDG Rathnayake",
              "bowler": "HKT Udeshana",
              "non_striker": "R de Silva",
              "runs": {
                "batter": 1,
                "extras": 0,
                "total": 1
              }
            }
          ]
        },
        {
          "over": 19,
          "deliveries": [
            {
              "batter": "RMRDG Rathnayake",
              "bowler": "G Sanketh",
              "non_striker": "R de Silva",
              "runs": {
                "batter": 0,
                "extras": 0,
                "total": 0
              }
            },
            {
              "batter": "RMRDG Rathnayake",
              "bowler": "G Sanketh",
              "non_striker": "R de Silva",
              "runs": {
                "batter": 4,
                "extras": 0,
                "total": 4
              }
            },
            {
              "batter": "RMRDG Rathnayake",
              "bowler": "G Sanketh",
              "non_striker": "R de Silva",
              "runs": {
                "batter": 0,
                "extras": 0,
                "total": 0
              }
            },
            {
              "batter": "RMRDG Rathnayake",
              "bowler": "G Sanketh",
              "non_striker": "R de Silva",
              "runs": {
                "batter": 1,
                "extras": 0,
                "total": 1
              }
            },
            {
              "batter": "R de Silva",
              "bowler": "G Sanketh",
              "non_striker": "RMRDG Rathnayake",
              "runs": {
                "batter": 1,
                "extras": 0,
                "total": 1
              }
            },
            {
              "batter": "RMRDG Rathnayake",
              "bowler": "G Sanketh",
              "non_striker": "R de Silva",
              "runs": {
                "batter": 1,
                "extras": 0,
                "total": 1
              }
            }
          ]
        }
      ],
      "powerplays": [
        {
          "from": 0.1,
          "to": 5.6,
          "type": "mandatory"
        }
      ]
    },
    {
      "team": "Moors Sports Club",
      "overs": [
        {
          "over": 0,
          "deliveries": [
            {
              "batter": "J Perera",
              "bowler": "Sammu Ashan",
              "non_striker": "S de Livera",
              "runs": {
                "batter": 1,
                "extras": 0,
                "total": 1
              }
            },
            {
              "batter": "S de Livera",
              "bowler": "Sammu Ashan",
              "non_striker": "J Perera",
              "runs": {
                "batter": 0,
                "extras": 0,
                "total": 0
              }
            },
            {
              "batter": "S de Livera",
              "bowler": "Sammu Ashan",
              "non_striker": "J Perera",
              "runs": {
                "batter": 1,
                "extras": 0,
                "total": 1
              }
            },
            {
              "batter": "J Perera",
              "bowler": "Sammu Ashan",
              "non_striker": "S de Livera",
              "runs": {
                "batter": 0,
                "extras": 0,
                "total": 0
              }
            },
            {
              "batter": "J Perera",
              "bowler": "Sammu Ashan",
              "non_striker": "S de Livera",
              "runs": {
                "batter": 6,
                "extras": 0,
                "total": 6
              }
            },
            {
              "batter": "J Perera",
              "bowler": "Sammu Ashan",
              "non_striker": "S de Livera",
              "runs": {
                "batter": 1,
                "extras": 0,
                "total": 1
              }
            }
          ]
        },
        {
          "over": 1,
          "deliveries": [
            {
              "batter": "J Perera",
              "bowler": "D Hemananda",
              "non_striker": "S de Livera",
              "runs": {
                "batter": 0,
                "extras": 0,
                "total": 0
              }
            },
            {
              "batter": "J Perera",
              "bowler": "D Hemananda",
              "non_striker": "S de Livera",
              "runs": {
                "batter": 0,
                "extras": 0,
                "total": 0
              }
            },
            {
              "batter": "J Perera",
              "bowler": "D Hemananda",
              "non_striker": "S de Livera",
              "runs": {
                "batter": 0,
                "extras": 0,
                "total": 0
              },
              "wickets": [
                {
                  "player_out": "J Perera",
                  "kind": "lbw"
                }
              ]
            },
            {
              "batter": "MD Dilshan",
              "bowler": "D Hemananda",
              "non_striker": "S de Livera",
              "runs": {
                "batter": 0,
                "extras": 0,
                "total": 0
              }
            },
            {
              "batter": "MD Dilshan",
              "bowler": "D Hemananda",
              "non_striker": "S de Livera",
              "runs": {
                "batter": 4,
                "extras": 0,
                "total": 4
              }
            },
            {
              "batter": "MD Dilshan",
              "bowler": "D Hemananda",
              "non_striker": "S de Livera",
              "runs": {
                "batter": 1,
                "extras": 0,
                "total": 1
              }
            }
          ]
        },
        {
          "over": 2,
          "deliveries": [
            {
              "batter": "MD Dilshan",
              "bowler": "RMRDG Rathnayake",
              "non_striker": "S de Livera",
              "runs": {
                "batter": 4,
                "extras": 0,
                "total": 4
              }
            },
            {
              "batter": "MD Dilshan",
              "bowler": "RMRDG Rathnayake",
              "non_striker": "S de Livera",
              "runs": {
                "batter": 0,
                "extras": 0,
                "total": 0
              }
            },
            {
              "batter": "MD Dilshan",
              "bowler": "RMRDG Rathnayake",
              "non_striker": "S de Livera",
              "runs": {
                "batter": 1,
                "extras": 0,
                "total": 1
              }
            },
            {
              "batter": "S de Livera",
              "bowler": "RMRDG Rathnayake",
              "non_striker": "MD Dilshan",
              "runs": {
                "batter": 0,
                "extras": 0,
                "total": 0
              }
            },
            {
              "batter": "S de Livera",
              "bowler": "RMRDG Rathnayake",
              "non_striker": "MD Dilshan",
              "runs": {
                "batter": 4,
                "extras": 0,
                "total": 4
              }
            },
            {
              "batter": "S de Livera",
              "bowler": "RMRDG Rathnayake",
              "non_striker": "MD Dilshan",
              "runs": {
                "batter": 4,
                "extras": 0,
                "total": 4
              }
            }
          ]
        },
        {
          "over": 3,
          "deliveries": [
            {
              "batter": "MD Dilshan",
              "bowler": "D Hemananda",
              "non_striker": "S de Livera",
              "runs": {
                "batter": 4,
                "extras": 0,
                "total": 4
              }
            },
            {
              "batter": "MD Dilshan",
              "bowler": "D Hemananda",
              "non_striker": "S de Livera",
              "runs": {
                "batter": 1,
                "extras": 0,
                "total": 1
              }
            },
            {
              "batter": "S de Livera",
              "bowler": "D Hemananda",
              "non_striker": "MD Dilshan",
              "runs": {
                "batter": 4,
                "extras": 0,
                "total": 4
              }
            },
            {
              "batter": "S de Livera",
              "bowler": "D Hemananda",
              "non_striker": "MD Dilshan",
              "runs": {
                "batter": 0,
                "extras": 0,
                "total": 0
              }
            },
            {
              "batter": "S de Livera",
              "bowler": "D Hemananda",
              "non_striker": "MD Dilshan",
              "runs": {
                "batter": 1,
                "extras": 0,
                "total": 1
              }
            },
            {
              "batter": "MD Dilshan",
              "bowler": "D Hemananda",
              "non_striker": "S de Livera",
              "runs": {
                "batter": 4,
                "extras": 0,
                "total": 4
              }
            }
          ]
        },
        {
          "over": 4,
          "deliveries": [
            {
              "batter": "S de Livera",
              "bowler": "PTM Dabare",
              "non_striker": "MD Dilshan",
              "runs": {
                "batter": 0,
                "extras": 0,
                "total": 0
              },
              "wickets": [
                {
                  "player_out": "S de Livera",
                  "fielders": [
                    {
                      "name": "D Hemananda"
                    }
                  ],
                  "kind": "caught"
                }
              ]
            },
            {
              "batter": "S Samarawickrama",
              "bowler": "PTM Dabare",
              "non_striker": "MD Dilshan",
              "runs": {
                "batter": 0,
                "extras": 0,
                "total": 0
              }
            },
            {
              "batter": "S Samarawickrama",
              "bowler": "PTM Dabare",
              "non_striker": "MD Dilshan",
              "runs": {
                "batter": 0,
                "extras": 0,
                "total": 0
              }
            },
            {
              "batter": "S Samarawickrama",
              "bowler": "PTM Dabare",
              "extras": {
                "wides": 1
              },
              "non_striker": "MD Dilshan",
              "runs": {
                "batter": 0,
                "extras": 1,
                "total": 1
              }
            },
            {
              "batter": "S Samarawickrama",
              "bowler": "PTM Dabare",
              "non_striker": "MD Dilshan",
              "runs": {
                "batter": 0,
                "extras": 0,
                "total": 0
              }
            },
            {
              "batter": "S Samarawickrama",
              "bowler": "PTM Dabare",
              "non_striker": "MD Dilshan",
              "runs": {
                "batter": 0,
                "extras": 0,
                "total": 0
              }
            },
            {
              "batter": "S Samarawickrama",
              "bowler": "PTM Dabare",
              "non_striker": "MD Dilshan",
              "runs": {
                "batter": 1,
                "extras": 0,
                "total": 1
              }
            }
          ]
        },
        {
          "over": 5,
          "deliveries": [
            {
              "batter": "S Samarawickrama",
              "bowler": "W Sahan",
              "non_striker": "MD Dilshan",
              "runs": {
                "batter": 0,
                "extras": 0,
                "total": 0
              }
            },
            {
              "batter": "S Samarawickrama",
              "bowler": "W Sahan",
              "non_striker": "MD Dilshan",
              "runs": {
                "batter": 0,
                "extras": 0,
                "total": 0
              },
              "wickets": [
                {
                  "player_out": "S Samarawickrama",
                  "fielders": [
                    {
                      "name": "R de Silva"
                    }
                  ],
                  "kind": "caught"
                }
              ]
            },
            {
              "batter": "DPS Sooriyabandara",
              "bowler": "W Sahan",
              "non_striker": "MD Dilshan",
              "runs": {
                "batter": 0,
                "extras": 0,
                "total": 0
              }
            },
            {
              "batter": "DPS Sooriyabandara",
              "bowler": "W Sahan",
              "non_striker": "MD Dilshan",
              "runs": {
                "batter": 1,
                "extras": 0,
                "total": 1
              }
            },
            {
              "batter": "MD Dilshan",
              "bowler": "W Sahan",
              "non_striker": "DPS Sooriyabandara",
              "runs": {
                "batter": 1,
                "extras": 0,
                "total": 1
              }
            },
            {
              "batter": "DPS Sooriyabandara",
              "bowler": "W Sahan",
              "non_striker": "MD Dilshan",
              "runs": {
                "batter": 1,
                "extras": 0,
                "total": 1
              }
            }
          ]
        },
        {
          "over": 6,
          "deliveries": [
            {
              "batter": "DPS Sooriyabandara",
              "bowler": "PTM Dabare",
              "non_striker": "MD Dilshan",
              "runs": {
                "batter": 1,
                "extras": 0,
                "total": 1
              }
            },
            {
              "batter": "MD Dilshan",
              "bowler": "PTM Dabare",
              "non_striker": "DPS Sooriyabandara",
              "runs": {
                "batter": 1,
                "extras": 0,
                "total": 1
              }
            },
            {
              "batter": "DPS Sooriyabandara",
              "bowler": "PTM Dabare",
              "non_striker": "MD Dilshan",
              "runs": {
                "batter": 1,
                "extras": 0,
                "total": 1
              }
            },
            {
              "batter": "MD Dilshan",
              "bowler": "PTM Dabare",
              "non_striker": "DPS Sooriyabandara",
              "runs": {
                "batter": 1,
                "extras": 0,
                "total": 1
              }
            },
            {
              "batter": "DPS Sooriyabandara",
              "bowler": "PTM Dabare",
              "non_striker": "MD Dilshan",
              "runs": {
                "batter": 1,
                "extras": 0,
                "total": 1
              }
            },
            {
              "batter": "MD Dilshan",
              "bowler": "PTM Dabare",
              "non_striker": "DPS Sooriyabandara",
              "runs": {
                "batter": 0,
                "extras": 0,
                "total": 0
              }
            }
          ]
        },
        {
          "over": 7,
          "deliveries": [
            {
              "batter": "DPS Sooriyabandara",
              "bowler": "W Sahan",
              "non_striker": "MD Dilshan",
              "runs": {
                "batter": 0,
                "extras": 0,
                "total": 0
              }
            },
            {
              "batter": "DPS Sooriyabandara",
              "bowler": "W Sahan",
              "non_striker": "MD Dilshan",
              "runs": {
                "batter": 1,
                "extras": 0,
                "total": 1
              }
            },
            {
              "batter": "MD Dilshan",
              "bowler": "W Sahan",
              "non_striker": "DPS Sooriyabandara",
              "runs": {
                "batter": 0,
                "extras": 0,
                "total": 0
              }
            },
            {
              "batter": "MD Dilshan",
              "bowler": "W Sahan",
              "non_striker": "DPS Sooriyabandara",
              "runs": {
                "batter": 1,
                "extras": 0,
                "total": 1
              }
            },
            {
              "batter": "DPS Sooriyabandara",
              "bowler": "W Sahan",
              "non_striker": "MD Dilshan",
              "runs": {
                "batter": 4,
                "extras": 0,
                "total": 4
              }
            },
            {
              "batter": "DPS Sooriyabandara",
              "bowler": "W Sahan",
              "non_striker": "MD Dilshan",
              "runs": {
                "batter": 1,
                "extras": 0,
                "total": 1
              }
            }
          ]
        },
        {
          "over": 8,
          "deliveries": [
            {
              "batter": "DPS Sooriyabandara",
              "bowler": "R de Silva",
              "non_striker": "MD Dilshan",
              "runs": {
                "batter": 0,
                "extras": 0,
                "total": 0
              }
            },
            {
              "batter": "DPS Sooriyabandara",
              "bowler": "R de Silva",
              "non_striker": "MD Dilshan",
              "runs": {
                "batter": 1,
                "extras": 0,
                "total": 1
              }
            },
            {
              "batter": "MD Dilshan",
              "bowler": "R de Silva",
              "non_striker": "DPS Sooriyabandara",
              "runs": {
                "batter": 1,
                "extras": 0,
                "total": 1
              }
            },
            {
              "batter": "DPS Sooriyabandara",
              "bowler": "R de Silva",
              "non_striker": "MD Dilshan",
              "runs": {
                "batter": 1,
                "extras": 0,
                "total": 1
              }
            },
            {
              "batter": "MD Dilshan",
              "bowler": "R de Silva",
              "non_striker": "DPS Sooriyabandara",
              "runs": {
                "batter": 0,
                "extras": 0,
                "total": 0
              }
            },
            {
              "batter": "MD Dilshan",
              "bowler": "R de Silva",
              "non_striker": "DPS Sooriyabandara",
              "runs": {
                "batter": 0,
                "extras": 0,
                "total": 0
              },
              "wickets": [
                {
                  "player_out": "MD Dilshan",
                  "kind": "lbw"
                }
              ]
            }
          ]
        },
        {
          "over": 9,
          "deliveries": [
            {
              "batter": "DPS Sooriyabandara",
              "bowler": "W Sahan",
              "non_striker": "RTM Mendis",
              "runs": {
                "batter": 0,
                "extras": 0,
                "total": 0
              }
            },
            {
              "batter": "DPS Sooriyabandara",
              "bowler": "W Sahan",
              "non_striker": "RTM Mendis",
              "runs": {
                "batter": 0,
                "extras": 0,
                "total": 0
              }
            },
            {
              "batter": "DPS Sooriyabandara",
              "bowler": "W Sahan",
              "non_striker": "RTM Mendis",
              "runs": {
                "batter": 0,
                "extras": 0,
                "total": 0
              }
            },
            {
              "batter": "DPS Sooriyabandara",
              "bowler": "W Sahan",
              "non_striker": "RTM Mendis",
              "runs": {
                "batter": 1,
                "extras": 0,
                "total": 1
              }
            },
            {
              "batter": "RTM Mendis",
              "bowler": "W Sahan",
              "non_striker": "DPS Sooriyabandara",
              "runs": {
                "batter": 0,
                "extras": 0,
                "total": 0
              }
            },
            {
              "batter": "RTM Mendis",
              "bowler": "W Sahan",
              "non_striker": "DPS Sooriyabandara",
              "runs": {
                "batter": 0,
                "extras": 0,
                "total": 0
              }
            }
          ]
        },
        {
          "over": 10,
          "deliveries": [
            {
              "batter": "DPS Sooriyabandara",
              "bowler": "R de Silva",
              "non_striker": "RTM Mendis",
              "runs": {
                "batter": 0,
                "extras": 0,
                "total": 0
              }
            },
            {
              "batter": "DPS Sooriyabandara",
              "bowler": "R de Silva",
              "non_striker": "RTM Mendis",
              "runs": {
                "batter": 1,
                "extras": 0,
                "total": 1
              }
            },
            {
              "batter": "RTM Mendis",
              "bowler": "R de Silva",
              "non_striker": "DPS Sooriyabandara",
              "runs": {
                "batter": 1,
                "extras": 0,
                "total": 1
              }
            },
            {
              "batter": "DPS Sooriyabandara",
              "bowler": "R de Silva",
              "non_striker": "RTM Mendis",
              "runs": {
                "batter": 1,
                "extras": 0,
                "total": 1
              }
            },
            {
              "batter": "RTM Mendis",
              "bowler": "R de Silva",
              "non_striker": "DPS Sooriyabandara",
              "runs": {
                "batter": 1,
                "extras": 0,
                "total": 1
              }
            },
            {
              "batter": "DPS Sooriyabandara",
              "bowler": "R de Silva",
              "non_striker": "RTM Mendis",
              "runs": {
                "batter": 1,
                "extras": 0,
                "total": 1
              }
            }
          ]
        },
        {
          "over": 11,
          "deliveries": [
            {
              "batter": "DPS Sooriyabandara",
              "bowler": "RJKTD Ranatunga",
              "non_striker": "RTM Mendis",
              "runs": {
                "batter": 1,
                "extras": 0,
                "total": 1
              }
            },
            {
              "batter": "RTM Mendis",
              "bowler": "RJKTD Ranatunga",
              "non_striker": "DPS Sooriyabandara",
              "runs": {
                "batter": 0,
                "extras": 0,
                "total": 0
              }
            },
            {
              "batter": "RTM Mendis",
              "bowler": "RJKTD Ranatunga",
              "non_striker": "DPS Sooriyabandara",
              "runs": {
                "batter": 0,
                "extras": 0,
                "total": 0
              }
            },
            {
              "batter": "RTM Mendis",
              "bowler": "RJKTD Ranatunga",
              "non_striker": "DPS Sooriyabandara",
              "runs": {
                "batter": 1,
                "extras": 0,
                "total": 1
              }
            },
            {
              "batter": "DPS Sooriyabandara",
              "bowler": "RJKTD Ranatunga",
              "extras": {
                "wides": 2
              },
              "non_striker": "RTM Mendis",
              "runs": {
                "batter": 0,
                "extras": 2,
                "total": 2
              }
            },
            {
              "batter": "RTM Mendis",
              "bowler": "RJKTD Ranatunga",
              "non_striker": "DPS Sooriyabandara",
              "runs": {
                "batter": 0,
                "extras": 0,
                "total": 0
              }
            },
            {
              "batter": "RTM Mendis",
              "bowler": "RJKTD Ranatunga",
              "non_striker": "DPS Sooriyabandara",
              "runs": {
                "batter": 2,
                "extras": 0,
                "total": 2
              }
            }
          ]
        },
        {
          "over": 12,
          "deliveries": [
            {
              "batter": "DPS Sooriyabandara",
              "bowler": "R de Silva",
              "non_striker": "RTM Mendis",
              "runs": {
                "batter": 0,
                "extras": 0,
                "total": 0
              }
            },
            {
              "batter": "DPS Sooriyabandara",
              "bowler": "R de Silva",
              "non_striker": "RTM Mendis",
              "runs": {
                "batter": 1,
                "extras": 0,
                "total": 1
              }
            },
            {
              "batter": "RTM Mendis",
              "bowler": "R de Silva",
              "non_striker": "DPS Sooriyabandara",
              "runs": {
                "batter": 1,
                "extras": 0,
                "total": 1
              }
            },
            {
              "batter": "DPS Sooriyabandara",
              "bowler": "R de Silva",
              "non_striker": "RTM Mendis",
              "runs": {
                "batter": 1,
                "extras": 0,
                "total": 1
              }
            },
            {
              "batter": "RTM Mendis",
              "bowler": "R de Silva",
              "non_striker": "DPS Sooriyabandara",
              "runs": {
                "batter": 0,
                "extras": 0,
                "total": 0
              }
            },
            {
              "batter": "RTM Mendis",
              "bowler": "R de Silva",
              "non_striker": "DPS Sooriyabandara",
              "runs": {
                "batter": 1,
                "extras": 0,
                "total": 1
              }
            }
          ]
        },
        {
          "over": 13,
          "deliveries": [
            {
              "batter": "RTM Mendis",
              "bowler": "RJKTD Ranatunga",
              "non_striker": "DPS Sooriyabandara",
              "runs": {
                "batter": 0,
                "extras": 0,
                "total": 0
              }
            },
            {
              "batter": "RTM Mendis",
              "bowler": "RJKTD Ranatunga",
              "non_striker": "DPS Sooriyabandara",
              "runs": {
                "batter": 0,
                "extras": 0,
                "total": 0
              }
            },
            {
              "batter": "RTM Mendis",
              "bowler": "RJKTD Ranatunga",
              "non_striker": "DPS Sooriyabandara",
              "runs": {
                "batter": 0,
                "extras": 0,
                "total": 0
              }
            },
            {
              "batter": "RTM Mendis",
              "bowler": "RJKTD Ranatunga",
              "non_striker": "DPS Sooriyabandara",
              "runs": {
                "batter": 1,
                "extras": 0,
                "total": 1
              }
            },
            {
              "batter": "DPS Sooriyabandara",
              "bowler": "RJKTD Ranatunga",
              "non_striker": "RTM Mendis",
              "runs": {
                "batter": 0,
                "extras": 0,
                "total": 0
              }
            },
            {
              "batter": "DPS Sooriyabandara",
              "bowler": "RJKTD Ranatunga",
              "non_striker": "RTM Mendis",
              "runs": {
                "batter": 1,
                "extras": 0,
                "total": 1
              }
            }
          ]
        },
        {
          "over": 14,
          "deliveries": [
            {
              "batter": "DPS Sooriyabandara",
              "bowler": "R de Silva",
              "non_striker": "RTM Mendis",
              "runs": {
                "batter": 4,
                "extras": 0,
                "total": 4
              }
            },
            {
              "batter": "DPS Sooriyabandara",
              "bowler": "R de Silva",
              "non_striker": "RTM Mendis",
              "runs": {
                "batter": 0,
                "extras": 0,
                "total": 0
              }
            },
            {
              "batter": "DPS Sooriyabandara",
              "bowler": "R de Silva",
              "non_striker": "RTM Mendis",
              "runs": {
                "batter": 1,
                "extras": 0,
                "total": 1
              }
            },
            {
              "batter": "RTM Mendis",
              "bowler": "R de Silva",
              "non_striker": "DPS Sooriyabandara",
              "runs": {
                "batter": 1,
                "extras": 0,
                "total": 1
              }
            },
            {
              "batter": "DPS Sooriyabandara",
              "bowler": "R de Silva",
              "non_striker": "RTM Mendis",
              "runs": {
                "batter": 1,
                "extras": 0,
                "total": 1
              }
            },
            {
              "batter": "RTM Mendis",
              "bowler": "R de Silva",
              "extras": {
                "wides": 1
              },
              "non_striker": "DPS Sooriyabandara",
              "runs": {
                "batter": 0,
                "extras": 1,
                "total": 1
              }
            },
            {
              "batter": "RTM Mendis",
              "bowler": "R de Silva",
              "non_striker": "DPS Sooriyabandara",
              "runs": {
                "batter": 0,
                "extras": 0,
                "total": 0
              }
            }
          ]
        },
        {
          "over": 15,
          "deliveries": [
            {
              "batter": "DPS Sooriyabandara",
              "bowler": "W Sahan",
              "non_striker": "RTM Mendis",
              "runs": {
                "batter": 0,
                "extras": 0,
                "total": 0
              }
            },
            {
              "batter": "DPS Sooriyabandara",
              "bowler": "W Sahan",
              "non_striker": "RTM Mendis",
              "runs": {
                "batter": 1,
                "extras": 0,
                "total": 1
              }
            },
            {
              "batter": "RTM Mendis",
              "bowler": "W Sahan",
              "non_striker": "DPS Sooriyabandara",
              "runs": {
                "batter": 0,
                "extras": 0,
                "total": 0
              }
            },
            {
              "batter": "RTM Mendis",
              "bowler": "W Sahan",
              "non_striker": "DPS Sooriyabandara",
              "runs": {
                "batter": 1,
                "extras": 0,
                "total": 1
              }
            },
            {
              "batter": "DPS Sooriyabandara",
              "bowler": "W Sahan",
              "non_striker": "RTM Mendis",
              "runs": {
                "batter": 1,
                "extras": 0,
                "total": 1
              }
            },
            {
              "batter": "RTM Mendis",
              "bowler": "W Sahan",
              "non_striker": "DPS Sooriyabandara",
              "runs": {
                "batter": 1,
                "extras": 0,
                "total": 1
              }
            }
          ]
        },
        {
          "over": 16,
          "deliveries": [
            {
              "batter": "RTM Mendis",
              "bowler": "PTM Dabare",
              "non_striker": "DPS Sooriyabandara",
              "runs": {
                "batter": 1,
                "extras": 0,
                "total": 1
              }
            },
            {
              "batter": "DPS Sooriyabandara",
              "bowler": "PTM Dabare",
              "non_striker": "RTM Mendis",
              "runs": {
                "batter": 1,
                "extras": 0,
                "total": 1
              }
            },
            {
              "batter": "RTM Mendis",
              "bowler": "PTM Dabare",
              "non_striker": "DPS Sooriyabandara",
              "runs": {
                "batter": 0,
                "extras": 0,
                "total": 0
              }
            },
            {
              "batter": "RTM Mendis",
              "bowler": "PTM Dabare",
              "non_striker": "DPS Sooriyabandara",
              "runs": {
                "batter": 4,
                "extras": 0,
                "total": 4
              }
            },
            {
              "batter": "RTM Mendis",
              "bowler": "PTM Dabare",
              "non_striker": "DPS Sooriyabandara",
              "runs": {
                "batter": 0,
                "extras": 0,
                "total": 0
              }
            },
            {
              "batter": "RTM Mendis",
              "bowler": "PTM Dabare",
              "non_striker": "DPS Sooriyabandara",
              "runs": {
                "batter": 0,
                "extras": 0,
                "total": 0
              }
            }
          ]
        },
        {
          "over": 17,
          "deliveries": [
            {
              "batter": "DPS Sooriyabandara",
              "bowler": "RJKTD Ranatunga",
              "non_striker": "RTM Mendis",
              "runs": {
                "batter": 1,
                "extras": 0,
                "total": 1
              }
            },
            {
              "batter": "RTM Mendis",
              "bowler": "RJKTD Ranatunga",
              "non_striker": "DPS Sooriyabandara",
              "runs": {
                "batter": 4,
                "extras": 0,
                "total": 4
              }
            },
            {
              "batter": "RTM Mendis",
              "bowler": "RJKTD Ranatunga",
              "non_striker": "DPS Sooriyabandara",
              "runs": {
                "batter": 0,
                "extras": 0,
                "total": 0
              }
            },
            {
              "batter": "RTM Mendis",
              "bowler": "RJKTD Ranatunga",
              "non_striker": "DPS Sooriyabandara",
              "runs": {
                "batter": 1,
                "extras": 0,
                "total": 1
              }
            },
            {
              "batter": "DPS Sooriyabandara",
              "bowler": "RJKTD Ranatunga",
              "non_striker": "RTM Mendis",
              "runs": {
                "batter": 1,
                "extras": 0,
                "total": 1
              }
            },
            {
              "batter": "RTM Mendis",
              "bowler": "RJKTD Ranatunga",
              "non_striker": "DPS Sooriyabandara",
              "runs": {
                "batter": 1,
                "extras": 0,
                "total": 1
              }
            }
          ]
        },
        {
          "over": 18,
          "deliveries": [
            {
              "batter": "RTM Mendis",
              "bowler": "NH Atharagalla",
              "non_striker": "DPS Sooriyabandara",
              "runs": {
                "batter": 2,
                "extras": 0,
                "total": 2
              }
            },
            {
              "batter": "RTM Mendis",
              "bowler": "NH Atharagalla",
              "non_striker": "DPS Sooriyabandara",
              "runs": {
                "batter": 0,
                "extras": 0,
                "total": 0
              }
            },
            {
              "batter": "RTM Mendis",
              "bowler": "NH Atharagalla",
              "non_striker": "DPS Sooriyabandara",
              "runs": {
                "batter": 4,
                "extras": 0,
                "total": 4
              }
            },
            {
              "batter": "RTM Mendis",
              "bowler": "NH Atharagalla",
              "non_striker": "DPS Sooriyabandara",
              "runs": {
                "batter": 0,
                "extras": 0,
                "total": 0
              }
            },
            {
              "batter": "RTM Mendis",
              "bowler": "NH Atharagalla",
              "non_striker": "DPS Sooriyabandara",
              "runs": {
                "batter": 4,
                "extras": 0,
                "total": 4
              }
            }
          ]
        }
      ],
      "powerplays": [
        {
          "from": 0.1,
          "to": 5.6,
          "type": "mandatory"
        }
      ],
      "target": {
        "overs": 20,
        "runs": 112
      }
    }
  ]
}