{
  "meta": {
    "data_version": "1.1.0",
    "created": "2025-07-17",
    "revision": 1
  },
  "info": {
    "balls_per_over": 6,
    "city": "Colombo",
    "dates": [
      "2024-06-26"
    ],
    "event": {
      "name": "Major Clubs T20 Tournament",
      "stage": "Semi Final"
    },
    "gender": "male",
    "match_type": "T20",
    "officials": {
      "match_referees": [
        "M Jayasena"
      ],
      "reserve_umpires": [
        "V Prasad"
      ],
      "umpires": [
        "IC Soysa",
        "RA Kottahachchi"
      ]
    },
    "outcome": {
      "result": "no result"
    },
    "overs": 20,
    "players": {
      "Burgher Recreation Club": [
        "R Sandaruwan",
        "PBB Rajapaksa",
        "M Subasingha",
        "MADI Hemantha",
        "KMC Bandara",
        "GRL Weerasuriya",
        "L Subasinghe",
        "AA Pragasam",
        "M Shiraz",
        "M Abinash",
        "D Ashen"
      ],
      "Nondescripts Cricket Club": [
        "P Nissanka",
        "N Dickwella",
        "LU Igalagamage",
        "K Mishara",
        "SSD Arachchige",
        "C Karunaratne",
        "Kaveen Bandara",
        "C Gunasekara",
        "PVD Chameera",
        "L Embuldeniya",
        "M Pathirana"
      ]
    },
    "registry": {
      "people": {
        "AA Pragasam": "0b30bc8a",
        "C Gunasekara": "dff2050b",
        "C Karunaratne": "fb3e0d39",
        "D Ashen": "c07a7562",
        "GRL Weerasuriya": "29b67b4f",
        "IC Soysa": "717a7971",
        "K Mishara": "65cebd5d",
        "KMC Bandara": "2c997ad3",
        "Kaveen Bandara": "fccb94c3",
        "L Embuldeniya": "b54b66b3",
        "L Subasinghe": "cb331f53",
        "LU Igalagamage": "07b6c3c1",
        "M Abinash": "077f83bf",
        "M Jayasena": "fa87f32f",
        "M Pathirana": "64839cb3",
        "M Shiraz": "cdac5a3d",
        "M Subasingha": "5d499f67",
        "MADI Hemantha": "58431ca0",
        "N Dickwella": "45963d9e",
        "P Nissanka": "8ee36b18",
        "PBB Rajapaksa": "6c882e9a",
        "PVD Chameera": "327b58d3",
        "R Sandaruwan": "cf6acc0d",
        "RA Kottahachchi": "808f2939",
        "SSD Arachchige": "c05f9d20",
        "V Prasad": "6ea27248"
      }
    },
    "season": "2024",
    "team_type": "club",
    "teams": [
      "Burgher Recreation Club",
      "Nondescripts Cricket Club"
    ],
    "toss": {
      "decision": "field",
      "winner": "Nondescripts Cricket Club"
    },
    "venue": "P Sara Oval, Colombo"
  },
  "innings": [
    {
      "team": "Burgher Recreation Club",
      "overs": [
        {
          "over": 0,
          "deliveries": [
            {
              "batter": "R Sandaruwan",
              "bowler": "C Karunaratne",
              "non_striker": "PBB Rajapaksa",
              "runs": {
                "batter": 0,
                "extras": 0,
                "total": 0
              }
            },
            {
              "batter": "R Sandaruwan",
              "bowler": "C Karunaratne",
              "non_striker": "PBB Rajapaksa",
              "runs": {
                "batter": 6,
                "extras": 0,
                "total": 6
              }
            },
            {
              "batter": "R Sandaruwan",
              "bowler": "C Karunaratne",
              "non_striker": "PBB Rajapaksa",
              "runs": {
                "batter": 1,
                "extras": 0,
                "total": 1
              }
            },
            {
              "batter": "PBB Rajapaksa",
              "bowler": "C Karunaratne",
              "non_striker": "R Sandaruwan",
              "runs": {
                "batter": 4,
                "extras": 0,
                "total": 4
              }
            },
            {
              "batter": "PBB Rajapaksa",
              "bowler": "C Karunaratne",
              "non_striker": "R Sandaruwan",
              "runs": {
                "batter": 0,
                "extras": 0,
                "total": 0
              }
            },
            {
              "batter": "PBB Rajapaksa",
              "bowler": "C Karunaratne",
              "non_striker": "R Sandaruwan",
              "runs": {
                "batter": 0,
                "extras": 0,
                "total": 0
              }
            }
          ]
        },
        {
          "over": 1,
          "deliveries": [
            {
              "batter": "R Sandaruwan",
              "bowler": "M Pathirana",
              "non_striker": "PBB Rajapaksa",
              "runs": {
                "batter": 4,
                "extras": 0,
                "total": 4
              }
            },
            {
              "batter": "R Sandaruwan",
              "bowler": "M Pathirana",
              "non_striker": "PBB Rajapaksa",
              "runs": {
                "batter": 0,
                "extras": 0,
                "total": 0
              }
            },
            {
              "batter": "R Sandaruwan",
              "bowler": "M Pathirana",
              "non_striker": "PBB Rajapaksa",
              "runs": {
                "batter": 1,
                "extras": 0,
                "total": 1
              }
            },
            {
              "batter": "PBB Rajapaksa",
              "bowler": "M Pathirana",
              "non_striker": "R Sandaruwan",
              "runs": {
                "batter": 0,
                "extras": 0,
                "total": 0
              }
            },
            {
              "batter": "PBB Rajapaksa",
              "bowler": "M Pathirana",
              "non_striker": "R Sandaruwan",
              "runs": {
                "batter": 6,
                "extras": 0,
                "total": 6
              }
            },
            {
              "batter": "PBB Rajapaksa",
              "bowler": "M Pathirana",
              "non_striker": "R Sandaruwan",
              "runs": {
                "batter": 0,
                "extras": 0,
                "total": 0
              }
            }
          ]
        },
        {
          "over": 2,
          "deliveries": [
            {
              "batter": "R Sandaruwan",
              "bowler": "C Gunasekara",
              "non_striker": "PBB Rajapaksa",
              "runs": {
                "batter": 2,
                "extras": 0,
                "total": 2
              }
            },
            {
              "batter": "R Sandaruwan",
              "bowler": "C Gunasekara",
              "non_striker": "PBB Rajapaksa",
              "runs": {
                "batter": 0,
                "extras": 0,
                "total": 0
              }
            },
            {
              "batter": "R Sandaruwan",
              "bowler": "C Gunasekara",
              "non_striker": "PBB Rajapaksa",
              "runs": {
                "batter": 0,
                "extras": 0,
                "total": 0
              }
            },
            {
              "batter": "R Sandaruwan",
              "bowler": "C Gunasekara",
              "non_striker": "PBB Rajapaksa",
              "runs": {
                "batter": 0,
                "extras": 0,
                "total": 0
              }
            },
            {
              "batter": "R Sandaruwan",
              "bowler": "C Gunasekara",
              "non_striker": "PBB Rajapaksa",
              "runs": {
                "batter": 4,
                "extras": 0,
                "total": 4
              }
            },
            {
              "batter": "R Sandaruwan",
              "bowler": "C Gunasekara",
              "non_striker": "PBB Rajapaksa",
              "runs": {
                "batter": 6,
                "extras": 0,
                "total": 6
              }
            }
          ]
        },
        {
          "over": 3,
          "deliveries": [
            {
              "batter": "PBB Rajapaksa",
              "bowler": "PVD Chameera",
              "extras": {
                "legbyes": 1
              },
              "non_striker": "R Sandaruwan",
              "runs": {
                "batter": 0,
                "extras": 1,
                "total": 1
              }
            },
            {
              "batter": "R Sandaruwan",
              "bowler": "PVD Chameera",
              "non_striker": "PBB Rajapaksa",
              "runs": {
                "batter": 0,
                "extras": 0,
                "total": 0
              }
            },
            {
              "batter": "R Sandaruwan",
              "bowler": "PVD Chameera",
              "non_striker": "PBB Rajapaksa",
              "runs": {
                "batter": 1,
                "extras": 0,
                "total": 1
              }
            },
            {
              "batter": "PBB Rajapaksa",
              "bowler": "PVD Chameera",
              "non_striker": "R Sandaruwan",
              "runs": {
                "batter": 1,
                "extras": 0,
                "total": 1
              }
            },
            {
              "batter": "R Sandaruwan",
              "bowler": "PVD Chameera",
              "non_striker": "PBB Rajapaksa",
              "runs": {
                "batter": 0,
                "extras": 0,
                "total": 0
              }
            },
            {
              "batter": "R Sandaruwan",
              "bowler": "PVD Chameera",
              "non_striker": "PBB Rajapaksa",
              "runs": {
                "batter": 6,
                "extras": 0,
                "total": 6
              }
            }
          ]
        },
        {
          "over": 4,
          "deliveries": [
            {
              "batter": "PBB Rajapaksa",
              "bowler": "C Gunasekara",
              "non_striker": "R Sandaruwan",
              "runs": {
                "batter": 0,
                "extras": 0,
                "total": 0
              }
            },
            {
              "batter": "PBB Rajapaksa",
              "bowler": "C Gunasekara",
              "non_striker": "R Sandaruwan",
              "runs": {
                "batter": 6,
                "extras": 0,
                "total": 6
              }
            },
            {
              "batter": "PBB Rajapaksa",
              "bowler": "C Gunasekara",
              "non_striker": "R Sandaruwan",
              "runs": {
                "batter": 1,
                "extras": 0,
                "total": 1
              }
            },
            {
              "batter": "R Sandaruwan",
              "bowler": "C Gunasekara",
              "non_striker": "PBB Rajapaksa",
              "runs": {
                "batter": 6,
                "extras": 0,
                "total": 6
              }
            },
            {
              "batter": "R Sandaruwan",
              "bowler": "C Gunasekara",
              "non_striker": "PBB Rajapaksa",
              "runs": {
                "batter": 0,
                "extras": 0,
                "total": 0
              }
            },
            {
              "batter": "R Sandaruwan",
              "bowler": "C Gunasekara",
              "non_striker": "PBB Rajapaksa",
              "runs": {
                "batter": 1,
                "extras": 0,
                "total": 1
              }
            }
          ]
        },
        {
          "over": 5,
          "deliveries": [
            {
              "batter": "R Sandaruwan",
              "bowler": "PVD Chameera",
              "non_striker": "PBB Rajapaksa",
              "runs": {
                "batter": 0,
                "extras": 0,
                "total": 0
              }
            },
            {
              "batter": "R Sandaruwan",
              "bowler": "PVD Chameera",
              "non_striker": "PBB Rajapaksa",
              "runs": {
                "batter": 1,
                "extras": 0,
                "total": 1
              }
            },
            {
              "batter": "PBB Rajapaksa",
              "bowler": "PVD Chameera",
              "non_striker": "R Sandaruwan",
              "runs": {
                "batter": 1,
                "extras": 0,
                "total": 1
              }
            },
            {
              "batter": "R Sandaruwan",
              "bowler": "PVD Chameera",
              "non_striker": "PBB Rajapaksa",
              "runs": {
                "batter": 0,
                "extras": 0,
                "total": 0
              }
            },
            {
              "batter": "R Sandaruwan",
              "bowler": "PVD Chameera",
              "non_striker": "PBB Rajapaksa",
              "runs": {
                "batter": 0,
                "extras": 0,
                "total": 0
              },
              "wickets": [
                {
                  "player_out": "R Sandaruwan",
                  "fielders": [
                    {
                      "name": "M Pathirana"
                    }
                  ],
                  "kind": "caught"
                }
              ]
            },
            {
              "batter": "M Subasingha",
              "bowler": "PVD Chameera",
              "non_striker": "PBB Rajapaksa",
              "runs": {
                "batter": 1,
                "extras": 0,
                "total": 1
              }
            }
          ]
        },
        {
          "over": 6,
          "deliveries": [
            {
              "batter": "M Subasingha",
              "bowler": "M Pathirana",
              "non_striker": "PBB Rajapaksa",
              "runs": {
                "batter": 1,
                "extras": 0,
                "total": 1
              }
            },
            {
              "batter": "PBB Rajapaksa",
              "bowler": "M Pathirana",
              "non_striker": "M Subasingha",
              "runs": {
                "batter": 0,
                "extras": 0,
                "total": 0
              }
            }
          ]
        }
      ],
      "powerplays": [
        {
          "from": 0.1,
          "to": 2.6,
          "type": "mandatory"
        }
      ]
    }
  ]
}