{
  "meta": {
    "data_version": "1.1.0",
    "created": "2025-07-13",
    "revision": 1
  },
  "info": {
    "balls_per_over": 6,
    "city": "Colombo",
    "dates": [
      "2025-06-06"
    ],
    "event": {
      "name": "Major Clubs T20 Tournament",
      "group": "A"
    },
    "gender": "male",
    "match_type": "T20",
    "officials": {
      "match_referees": [
        "LJP Fernando"
      ],
      "reserve_umpires": [
        "KADA Nanayakkara"
      ],
      "umpires": [
        "Ranganath Prasanna",
        "BSP Fernando"
      ]
    },
    "outcome": {
      "winner": "Ace Capital Cricket Club",
      "by": {
        "wickets": 2
      }
    },
    "overs": 20,
    "players": {
      "Badureliya Sports Club": [
        "AAS Silva",
        "Y Dilruk",
        "DD de Soysa",
        "Shehan Madusanka",
        "S Prasanna",
        "K Nuwantha",
        "Y Dewthusa",
        "J Kaushal",
        "M Madubashana",
        "RP Thattil",
        "Senal de Silva"
      ],
      "Ace Capital Cricket Club": [
        "V Silva",
        "L Dawatage",
        "SN Gunasinghe",
        "A Wijewardhana",
        "W Sahan",
        "HS Liyanage",
        "RJKTD Ranatunga",
        "L Abeysinghe",
        "D Hemananda",
        "I Wijesundera",
        "C Battage"
      ]
    },
    "registry": {
      "people": {
        "A Wijewardhana": "fe504053",
        "AAS Silva": "94aa1697",
        "BSP Fernando": "8a49883f",
        "C Battage": "9a742f29",
        "D Hemananda": "92189c3e",
        "DD de Soysa": "c3e40574",
        "HS Liyanage": "8505bd55",
        "I Wijesundera": "be620896",
        "J Kaushal": "d017ecd5",
        "K Nuwantha": "7d8773b4",
        "KADA Nanayakkara": "9ee551f5",
        "L Abeysinghe": "fecf144d",
        "L Dawatage": "75e72109",
        "LJP Fernando": "9d1c0862",
        "M Madubashana": "ec75e72a",
        "RJKTD Ranatunga": "dadb0634",
        "RP Thattil": "673990db",
        "Ranganath Prasanna": "9fc85271",
        "S Prasanna": "f78e7113",
        "SN Gunasinghe": "45cd90b2",
        "Senal de Silva": "785f4264",
        "Shehan Madusanka": "d5464b57",
        "V Silva": "4f782bfb",
        "W Sahan": "d86d276e",
        "Y Dewthusa": "f7966437",
        "Y Dilruk": "3c9f8f5f"
      }
    },
    "season": "2025",
    "team_type": "club",
    "teams": [
      "Badureliya Sports Club",
      "Ace Capital Cricket Club"
    ],
    "toss": {
      "decision": "bat",
      "winner": "Badureliya Sports Club"
    },
    "venue": "Colts Cricket Club Ground, Colombo"
  },
  "innings": [
    {
      "team": "Badureliya Sports Club",
      "overs": [
        {
          "over": 0,
          "deliveries": [
            {
              "batter": "AAS Silva",
              "bowler": "I Wijesundera",
              "non_striker": "Y Dilruk",
              "runs": {
                "batter": 2,
                "extras": 0,
                "total": 2
              }
            },
            {
              "batter": "AAS Silva",
              "bowler": "I Wijesundera",
              "non_striker": "Y Dilruk",
              "runs": {
                "batter": 1,
                "extras": 0,
                "total": 1
              }
            },
            {
              "batter": "Y Dilruk",
              "bowler": "I Wijesundera",
              "non_striker": "AAS Silva",
              "runs": {
                "batter": 6,
                "extras": 0,
                "total": 6
              }
            },
            {
              "batter": "Y Dilruk",
              "bowler": "I Wijesundera",
              "non_striker": "AAS Silva",
              "runs": {
                "batter": 0,
                "extras": 0,
                "total": 0
              }
            },
            {
              "batter": "Y Dilruk",
              "bowler": "I Wijesundera",
              "extras": {
                "legbyes": 1
              },
              "non_striker": "AAS Silva",
              "runs": {
                "batter": 0,
                "extras": 1,
                "total": 1
              }
            },
            {
              "batter": "AAS Silva",
              "bowler": "I Wijesundera",
              "non_striker": "Y Dilruk",
              "runs": {
                "batter": 0,
                "extras": 0,
                "total": 0
              }
            }
          ]
        },
        {
          "over": 1,
          "deliveries": [
            {
              "batter": "Y Dilruk",
              "bowler": "C Battage",
              "non_striker": "AAS Silva",
              "runs": {
                "batter": 4,
                "extras": 0,
                "total": 4
              }
            },
            {
              "batter": "Y Dilruk",
              "bowler": "C Battage",
              "non_striker": "AAS Silva",
              "runs": {
                "batter": 6,
                "extras": 0,
                "total": 6
              }
            },
            {
              "batter": "Y Dilruk",
              "bowler": "C Battage",
              "non_striker": "AAS Silva",
              "runs": {
                "batter": 0,
                "extras": 0,
                "total": 0
              }
            },
            {
              "batter": "Y Dilruk",
              "bowler": "C Battage",
              "non_striker": "AAS Silva",
              "runs": {
                "batter": 1,
                "extras": 0,
                "total": 1
              }
            },
            {
              "batter": "AAS Silva",
              "bowler": "C Battage",
              "non_striker": "Y Dilruk",
              "runs": {
                "batter": 0,
                "extras": 0,
                "total": 0
              },
              "wickets": [
                {
                  "player_out": "AAS Silva",
                  "fielders": [
                    {
                      "name": "I Wijesundera"
                    }
                  ],
                  "kind": "caught"
                }
              ]
            },
            {
              "batter": "DD de Soysa",
              "bowler": "C Battage",
              "non_striker": "Y Dilruk",
              "runs": {
                "batter": 1,
                "extras": 0,
                "total": 1
              }
            }
          ]
        },
        {
          "over": 2,
          "deliveries": [
            {
              "batter": "DD de Soysa",
              "bowler": "I Wijesundera",
              "non_striker": "Y Dilruk",
              "runs": {
                "batter": 0,
                "extras": 0,
                "total": 0
              }
            },
            {
              "batter": "DD de Soysa",
              "bowler": "I Wijesundera",
              "non_striker": "Y Dilruk",
              "runs": {
                "batter": 1,
                "extras": 0,
                "total": 1
              }
            },
            {
              "batter": "Y Dilruk",
              "bowler": "I Wijesundera",
              "non_striker": "DD de Soysa",
              "runs": {
                "batter": 0,
                "extras": 0,
                "total": 0
              }
            },
            {
              "batter": "Y Dilruk",
              "bowler": "I Wijesundera",
              "non_striker": "DD de Soysa",
              "runs": {
                "batter": 1,
                "extras": 0,
                "total": 1
              }
            },
            {
              "batter": "DD de Soysa",
              "bowler": "I Wijesundera",
              "extras": {
                "legbyes": 1
              },
              "non_striker": "Y Dilruk",
              "runs": {
                "batter": 0,
                "extras": 1,
                "total": 1
              }
            },
            {
              "batter": "Y Dilruk",
              "bowler": "I Wijesundera",
              "non_striker": "DD de Soysa",
              "runs": {
                "batter": 1,
                "extras": 0,
                "total": 1
              }
            }
          ]
        },
        {
          "over": 3,
          "deliveries": [
            {
              "batter": "Y Dilruk",
              "bowler": "C Battage",
              "non_striker": "DD de Soysa",
              "runs": {
                "batter": 4,
                "extras": 0,
                "total": 4
              }
            },
            {
              "batter": "Y Dilruk",
              "bowler": "C Battage",
              "extras": {
                "wides": 1
              },
              "non_striker": "DD de Soysa",
              "runs": {
                "batter": 0,
                "extras": 1,
                "total": 1
              }
            },
            {
              "batter": "Y Dilruk",
              "bowler": "C Battage",
              "non_striker": "DD de Soysa",
              "runs": {
                "batter": 0,
                "extras": 0,
                "total": 0
              }
            },
            {
              "batter": "Y Dilruk",
              "bowler": "C Battage",
              "non_striker": "DD de Soysa",
              "runs": {
                "batter": 0,
                "extras": 0,
                "total": 0
              },
              "wickets": [
                {
                  "player_out": "Y Dilruk",
                  "fielders": [
                    {
                      "name": "RJKTD Ranatunga"
                    }
                  ],
                  "kind": "caught"
                }
              ]
            },
            {
              "batter": "Shehan Madusanka",
              "bowler": "C Battage",
              "non_striker": "DD de Soysa",
              "runs": {
                "batter": 0,
                "extras": 0,
                "total": 0
              }
            },
            {
              "batter": "Shehan Madusanka",
              "bowler": "C Battage",
              "non_striker": "DD de Soysa",
              "runs": {
                "batter": 1,
                "extras": 0,
                "total": 1
              }
            },
            {
              "batter": "DD de Soysa",
              "bowler": "C Battage",
              "non_striker": "Shehan Madusanka",
              "runs": {
                "batter": 1,
                "extras": 0,
                "total": 1
              }
            }
          ]
        },
        {
          "over": 4,
          "deliveries": [
            {
              "batter": "DD de Soysa",
              "bowler": "W Sahan",
              "non_striker": "Shehan Madusanka",
              "runs": {
                "batter": 1,
                "extras": 0,
                "total": 1
              }
            },
            {
              "batter": "Shehan Madusanka",
              "bowler": "W Sahan",
              "non_striker": "DD de Soysa",
              "runs": {
                "batter": 0,
                "extras": 0,
                "total": 0
              }
            },
            {
              "batter": "Shehan Madusanka",
              "bowler": "W Sahan",
              "non_striker": "DD de Soysa",
              "runs": {
                "batter": 4,
                "extras": 0,
                "total": 4
              }
            },
            {
              "batter": "Shehan Madusanka",
              "bowler": "W Sahan",
              "non_striker": "DD de Soysa",
              "runs": {
                "batter": 4,
                "extras": 0,
                "total": 4
              }
            },
            {
              "batter": "Shehan Madusanka",
              "bowler": "W Sahan",
              "non_striker": "DD de Soysa",
              "runs": {
                "batter": 1,
                "extras": 0,
                "total": 1
              }
            },
            {
              "batter": "DD de Soysa",
              "bowler": "W Sahan",
              "non_striker": "Shehan Madusanka",
              "runs": {
                "batter": 0,
                "extras": 0,
                "total": 0
              }
            }
          ]
        },
        {
          "over": 5,
          "deliveries": [
            {
              "batter": "Shehan Madusanka",
              "bowler": "D Hemananda",
              "non_striker": "DD de Soysa",
              "runs": {
                "batter": 1,
                "extras": 0,
                "total": 1
              }
            },
            {
              "batter": "DD de Soysa",
              "bowler": "D Hemananda",
              "non_striker": "Shehan Madusanka",
              "runs": {
                "batter": 0,
                "extras": 0,
                "total": 0
              }
            },
            {
              "batter": "DD de Soysa",
              "bowler": "D Hemananda",
              "non_striker": "Shehan Madusanka",
              "runs": {
                "batter": 1,
                "extras": 0,
                "total": 1
              }
            },
            {
              "batter": "Shehan Madusanka",
              "bowler": "D Hemananda",
              "non_striker": "DD de Soysa",
              "runs": {
                "batter": 1,
                "extras": 0,
                "total": 1
              }
            },
            {
              "batter": "DD de Soysa",
              "bowler": "D Hemananda",
              "non_striker": "Shehan Madusanka",
              "runs": {
                "batter": 1,
                "extras": 0,
                "total": 1
              }
            },
            {
              "batter": "Shehan Madusanka",
              "bowler": "D Hemananda",
              "non_striker": "DD de Soysa",
              "runs": {
                "batter": 0,
                "extras": 0,
                "total": 0
              }
            }
          ]
        },
        {
          "over": 6,
          "deliveries": [
            {
              "batter": "DD de Soysa",
              "bowler": "RJKTD Ranatunga",
              "non_striker": "Shehan Madusanka",
              "runs": {
                "batter": 1,
                "extras": 0,
                "total": 1
              }
            },
            {
              "batter": "Shehan Madusanka",
              "bowler": "RJKTD Ranatunga",
              "non_striker": "DD de Soysa",
              "runs": {
                "batter": 0,
                "extras": 0,
                "total": 0
              }
            },
            {
              "batter": "Shehan Madusanka",
              "bowler": "RJKTD Ranatunga",
              "non_striker": "DD de Soysa",
              "runs": {
                "batter": 1,
                "extras": 0,
                "total": 1
              }
            },
            {
              "batter": "DD de Soysa",
              "bowler": "RJKTD Ranatunga",
              "non_striker": "Shehan Madusanka",
              "runs": {
                "batter": 0,
                "extras": 0,
                "total": 0
              }
            },
            {
              "batter": "DD de Soysa",
              "bowler": "RJKTD Ranatunga",
              "non_striker": "Shehan Madusanka",
              "runs": {
                "batter": 1,
                "extras": 0,
                "total": 1
              }
            },
            {
              "batter": "Shehan Madusanka",
              "bowler": "RJKTD Ranatunga",
              "non_striker": "DD de Soysa",
              "runs": {
                "batter": 0,
                "extras": 0,
                "total": 0
              }
            }
          ]
        },
        {
          "over": 7,
          "deliveries": [
            {
              "batter": "DD de Soysa",
              "bowler": "D Hemananda",
              "extras": {
                "wides": 1
              },
              "non_striker": "Shehan Madusanka",
              "runs": {
                "batter": 0,
                "extras": 1,
                "total": 1
              }
            },
            {
              "batter": "DD de Soysa",
              "bowler": "D Hemananda",
              "non_striker": "Shehan Madusanka",
              "runs": {
                "batter": 1,
                "extras": 0,
                "total": 1
              }
            },
            {
              "batter": "Shehan Madusanka",
              "bowler": "D Hemananda",
              "non_striker": "DD de Soysa",
              "runs": {
                "batter": 0,
                "extras": 0,
                "total": 0
              }
            },
            {
              "batter": "Shehan Madusanka",
              "bowler": "D Hemananda",
              "non_striker": "DD de Soysa",
              "runs": {
                "batter": 0,
                "extras": 0,
                "total": 0
              }
            },
            {
              "batter": "Shehan Madusanka",
              "bowler": "D Hemananda",
              "non_striker": "DD de Soysa",
              "runs": {
                "batter": 4,
                "extras": 0,
                "total": 4
              }
            },
            {
              "batter": "Shehan Madusanka",
              "bowler": "D Hemananda",
              "non_striker": "DD de Soysa",
              "runs": {
                "batter": 2,
                "extras": 0,
                "total": 2
              }
            },
            {
              "batter": "Shehan Madusanka",
              "bowler": "D Hemananda",
              "non_striker": "DD de Soysa",
              "runs": {
                "batter": 1,
                "extras": 0,
                "total": 1
              }
            }
          ]
        },
        {
          "over": 8,
          "deliveries": [
            {
              "batter": "Shehan Madusanka",
              "bowler": "RJKTD Ranatunga",
              "non_striker": "DD de Soysa",
              "runs": {
                "batter": 0,
                "extras": 0,
                "total": 0
              }
            },
            {
              "batter": "Shehan Madusanka",
              "bowler": "RJKTD Ranatunga",
              "non_striker": "DD de Soysa",
              "runs": {
                "batter": 1,
                "extras": 0,
                "total": 1
              }
            },
            {
              "batter": "DD de Soysa",
              "bowler": "RJKTD Ranatunga",
              "non_striker": "Shehan Madusanka",
              "runs": {
                "batter": 1,
                "extras": 0,
                "total": 1
              }
            },
            {
              "batter": "Shehan Madusanka",
              "bowler": "RJKTD Ranatunga",
              "non_striker": "DD de Soysa",
              "runs": {
                "batter": 1,
                "extras": 0,
                "total": 1
              }
            },
            {
              "batter": "DD de Soysa",
              "bowler": "RJKTD Ranatunga",
              "non_striker": "Shehan Madusanka",
              "runs": {
                "batter": 1,
                "extras": 0,
                "total": 1
              }
            },
            {
              "batter": "Shehan Madusanka",
              "bowler": "RJKTD Ranatunga",
              "non_striker": "DD de Soysa",
              "runs": {
                "batter": 1,
                "extras": 0,
                "total": 1
              }
            }
          ]
        },
        {
          "over": 9,
          "deliveries": [
            {
              "batter": "Shehan Madusanka",
              "bowler": "W Sahan",
              "non_striker": "DD de Soysa",
              "runs": {
                "batter": 4,
                "extras": 0,
                "total": 4
              }
            },
            {
              "batter": "Shehan Madusanka",
              "bowler": "W Sahan",
              "non_striker": "DD de Soysa",
              "runs": {
                "batter": 0,
                "extras": 0,
                "total": 0
              }
            },
            {
              "batter": "Shehan Madusanka",
              "bowler": "W Sahan",
              "non_striker": "DD de Soysa",
              "runs": {
                "batter": 1,
                "extras": 0,
                "total": 1
              }
            },
            {
              "batter": "DD de Soysa",
              "bowler": "W Sahan",
              "non_striker": "Shehan Madusanka",
              "runs": {
                "batter": 0,
                "extras": 0,
                "total": 0
              }
            },
            {
              "batter": "DD de Soysa",
              "bowler": "W Sahan",
              "non_striker": "Shehan Madusanka",
              "runs": {
                "batter": 4,
                "extras": 0,
                "total": 4
              }
            },
            {
              "batter": "DD de Soysa",
              "bowler": "W Sahan",
              "non_striker": "Shehan Madusanka",
              "runs": {
                "batter": 1,
                "extras": 0,
                "total": 1
              }
            }
          ]
        },
        {
          "over": 10,
          "deliveries": [
            {
              "batter": "DD de Soysa",
              "bowler": "RJKTD Ranatunga",
              "non_striker": "Shehan Madusanka",
              "runs": {
                "batter": 0,
                "extras": 0,
                "total": 0
              },
              "wickets": [
                {
                  "player_out": "DD de Soysa",
                  "kind": "caught and bowled"
                }
              ]
            },
            {
              "batter": "S Prasanna",
              "bowler": "RJKTD Ranatunga",
              "non_striker": "Shehan Madusanka",
              "runs": {
                "batter": 1,
                "extras": 0,
                "total": 1
              }
            },
            {
              "batter": "Shehan Madusanka",
              "bowler": "RJKTD Ranatunga",
              "non_striker": "S Prasanna",
              "runs": {
                "batter": 0,
                "extras": 0,
                "total": 0
              }
            },
            {
              "batter": "Shehan Madusanka",
              "bowler": "RJKTD Ranatunga",
              "non_striker": "S Prasanna",
              "runs": {
                "batter": 1,
                "extras": 0,
                "total": 1
              }
            },
            {
              "batter": "S Prasanna",
              "bowler": "RJKTD Ranatunga",
              "non_striker": "Shehan Madusanka",
              "runs": {
                "batter": 6,
                "extras": 0,
                "total": 6
              }
            },
            {
              "batter": "S Prasanna",
              "bowler": "RJKTD Ranatunga",
              "non_striker": "Shehan Madusanka",
              "runs": {
                "batter": 1,
                "extras": 0,
                "total": 1
              }
            }
          ]
        },
        {
          "over": 11,
          "deliveries": [
            {
              "batter": "S Prasanna",
              "bowler": "W Sahan",
              "non_striker": "Shehan Madusanka",
              "runs": {
                "batter": 0,
                "extras": 0,
                "total": 0
              }
            },
            {
              "batter": "S Prasanna",
              "bowler": "W Sahan",
              "non_striker": "Shehan Madusanka",
              "runs": {
                "batter": 0,
                "extras": 0,
                "total": 0
              }
            },
            {
              "batter": "S Prasanna",
              "bowler": "W Sahan",
              "non_striker": "Shehan Madusanka",
              "runs": {
                "batter": 1,
                "extras": 0,
                "total": 1
              }
            },
            {
              "batter": "Shehan Madusanka",
              "bowler": "W Sahan",
              "non_striker": "S Prasanna",
              "runs": {
                "batter": 1,
                "extras": 0,
                "total": 1
              }
            },
            {
              "batter": "S Prasanna",
              "bowler": "W Sahan",
              "non_striker": "Shehan Madusanka",
              "runs": {
                "batter": 6,
                "extras": 0,
                "total": 6
              }
            },
            {
              "batter": "S Prasanna",
              "bowler": "W Sahan",
              "non_striker": "Shehan Madusanka",
              "runs": {
                "batter": 0,
                "extras": 0,
                "total": 0
              }
            }
          ]
        },
        {
          "over": 12,
          "deliveries": [
            {
              "batter": "Shehan Madusanka",
              "bowler": "C Battage",
              "non_striker": "S Prasanna",
              "runs": {
                "batter": 1,
                "extras": 0,
                "total": 1
              }
            },
            {
              "batter": "S Prasanna",
              "bowler": "C Battage",
              "non_striker": "Shehan Madusanka",
              "runs": {
                "batter": 6,
                "extras": 0,
                "total": 6
              }
            },
            {
              "batter": "S Prasanna",
              "bowler": "C Battage",
              "non_striker": "Shehan Madusanka",
              "runs": {
                "batter": 4,
                "extras": 0,
                "total": 4
              }
            },
            {
              "batter": "S Prasanna",
              "bowler": "C Battage",
              "non_striker": "Shehan Madusanka",
              "runs": {
                "batter": 6,
                "extras": 0,
                "total": 6
              }
            },
            {
              "batter": "S Prasanna",
              "bowler": "C Battage",
              "non_striker": "Shehan Madusanka",
              "runs": {
                "batter": 6,
                "extras": 0,
                "total": 6
              }
            },
            {
              "batter": "S Prasanna",
              "bowler": "C Battage",
              "non_striker": "Shehan Madusanka",
              "runs": {
                "batter": 4,
                "extras": 0,
                "total": 4
              }
            }
          ]
        },
        {
          "over": 13,
          "deliveries": [
            {
              "batter": "Shehan Madusanka",
              "bowler": "RJKTD Ranatunga",
              "non_striker": "S Prasanna",
              "runs": {
                "batter": 0,
                "extras": 0,
                "total": 0
              }
            },
            {
              "batter": "Shehan Madusanka",
              "bowler": "RJKTD Ranatunga",
              "non_striker": "S Prasanna",
              "runs": {
                "batter": 1,
                "extras": 0,
                "total": 1
              }
            },
            {
              "batter": "S Prasanna",
              "bowler": "RJKTD Ranatunga",
              "non_striker": "Shehan Madusanka",
              "runs": {
                "batter": 1,
                "extras": 0,
                "total": 1
              }
            },
            {
              "batter": "Shehan Madusanka",
              "bowler": "RJKTD Ranatunga",
              "non_striker": "S Prasanna",
              "runs": {
                "batter": 1,
                "extras": 0,
                "total": 1
              }
            },
            {
              "batter": "S Prasanna",
              "bowler": "RJKTD Ranatunga",
              "non_striker": "Shehan Madusanka",
              "runs": {
                "batter": 1,
                "extras": 0,
                "total": 1
              }
            },
            {
              "batter": "Shehan Madusanka",
              "bowler": "RJKTD Ranatunga",
              "non_striker": "S Prasanna",
              "runs": {
                "batter": 1,
                "extras": 0,
                "total": 1
              }
            }
          ]
        },
        {
          "over": 14,
          "deliveries": [
            {
              "batter": "Shehan Madusanka",
              "bowler": "A Wijewardhana",
              "non_striker": "S Prasanna",
              "runs": {
                "batter": 0,
                "extras": 0,
                "total": 0
              }
            },
            {
              "batter": "Shehan Madusanka",
              "bowler": "A Wijewardhana",
              "non_striker": "S Prasanna",
              "runs": {
                "batter": 2,
                "extras": 0,
                "total": 2
              }
            },
            {
              "batter": "Shehan Madusanka",
              "bowler": "A Wijewardhana",
              "non_striker": "S Prasanna",
              "runs": {
                "batter": 1,
                "extras": 0,
                "total": 1
              }
            },
            {
              "batter": "S Prasanna",
              "bowler": "A Wijewardhana",
              "non_striker": "Shehan Madusanka",
              "runs": {
                "batter": 6,
                "extras": 0,
                "total": 6
              }
            },
            {
              "batter": "S Prasanna",
              "bowler": "A Wijewardhana",
              "non_striker": "Shehan Madusanka",
              "runs": {
                "batter": 1,
                "extras": 0,
                "total": 1
              }
            },
            {
              "batter": "Shehan Madusanka",
              "bowler": "A Wijewardhana",
              "non_striker": "S Prasanna",
              "runs": {
                "batter": 2,
                "extras": 0,
                "total": 2
              }
            }
          ]
        },
        {
          "over": 15,
          "deliveries": [
            {
              "batter": "S Prasanna",
              "bowler": "I Wijesundera",
              "non_striker": "Shehan Madusanka",
              "runs": {
                "batter": 0,
                "extras": 0,
                "total": 0
              }
            },
            {
              "batter": "S Prasanna",
              "bowler": "I Wijesundera",
              "non_striker": "Shehan Madusanka",
              "runs": {
                "batter": 0,
                "extras": 0,
                "total": 0
              }
            },
            {
              "batter": "S Prasanna",
              "bowler": "I Wijesundera",
              "non_striker": "Shehan Madusanka",
              "runs": {
                "batter": 1,
                "extras": 0,
                "total": 1
              }
            },
            {
              "batter": "Shehan Madusanka",
              "bowler": "I Wijesundera",
              "non_striker": "S Prasanna",
              "runs": {
                "batter": 1,
                "extras": 0,
                "total": 1
              }
            },
            {
              "batter": "S Prasanna",
              "bowler": "I Wijesundera",
              "non_striker": "Shehan Madusanka",
              "runs": {
                "batter": 1,
                "extras": 0,
                "total": 1
              }
            },
            {
              "batter": "Shehan Madusanka",
              "bowler": "I Wijesundera",
              "non_striker": "S Prasanna",
              "runs": {
                "batter": 4,
                "extras": 0,
                "total": 4
              }
            }
          ]
        },
        {
          "over": 16,
          "deliveries": [
            {
              "batter": "S Prasanna",
              "bowler": "W Sahan",
              "non_striker": "Shehan Madusanka",
              "runs": {
                "batter": 4,
                "extras": 0,
                "total": 4
              }
            },
            {
              "batter": "S Prasanna",
              "bowler": "W Sahan",
              "non_striker": "Shehan Madusanka",
              "runs": {
                "batter": 1,
                "extras": 0,
                "total": 1
              }
            },
            {
              "batter": "Shehan Madusanka",
              "bowler": "W Sahan",
              "non_striker": "S Prasanna",
              "runs": {
                "batter": 1,
                "extras": 0,
                "total": 1
              }
            },
            {
              "batter": "S Prasanna",
              "bowler": "W Sahan",
              "non_striker": "Shehan Madusanka",
              "runs": {
                "batter": 0,
                "extras": 0,
                "total": 0
              }
            },
            {
              "batter": "S Prasanna",
              "bowler": "W Sahan",
              "non_striker": "Shehan Madusanka",
              "runs": {
                "batter": 0,
                "extras": 0,
                "total": 0
              },
              "wickets": [
                {
                  "player_out": "S Prasanna",
                  "fielders": [
                    {
                      "name": "V Silva"
                    }
                  ],
                  "kind": "caught"
                }
              ]
            },
            {
              "batter": "K Nuwantha",
              "bowler": "W Sahan",
              "non_striker": "Shehan Madusanka",
              "runs": {
                "batter": 0,
                "extras": 0,
                "total": 0
              }
            }
          ]
        },
        {
          "over": 17,
          "deliveries": [
            {
              "batter": "Shehan Madusanka",
              "bowler": "D Hemananda",
              "extras": {
                "wides": 1
              },
              "non_striker": "K Nuwantha",
              "runs": {
                "batter": 0,
                "extras": 1,
                "total": 1
              }
            },
            {
              "batter": "Shehan Madusanka",
              "bowler": "D Hemananda",
              "non_striker": "K Nuwantha",
              "runs": {
                "batter": 0,
                "extras": 0,
                "total": 0
              }
            },
            {
              "batter": "Shehan Madusanka",
              "bowler": "D Hemananda",
              "non_striker": "K Nuwantha",
              "runs": {
                "batter": 0,
                "extras": 0,
                "total": 0
              }
            },
            {
              "batter": "Shehan Madusanka",
              "bowler": "D Hemananda",
              "non_striker": "K Nuwantha",
              "runs": {
                "batter": 0,
                "extras": 0,
                "total": 0
              }
            },
            {
              "batter": "Shehan Madusanka",
              "bowler": "D Hemananda",
              "non_striker": "K Nuwantha",
              "runs": {
                "batter": 0,
                "extras": 0,
                "total": 0
              }
            },
            {
              "batter": "Shehan Madusanka",
              "bowler": "D Hemananda",
              "non_striker": "K Nuwantha",
              "runs": {
                "batter": 0,
                "extras": 0,
                "total": 0
              }
            },
            {
              "batter": "Shehan Madusanka",
              "bowler": "D Hemananda",
              "non_striker": "K Nuwantha",
              "runs": {
                "batter": 1,
                "extras": 0,
                "total": 1
              }
            }
          ]
        },
        {
          "over": 18,
          "deliveries": [
            {
              "batter": "Shehan Madusanka",
              "bowler": "I Wijesundera",
              "non_striker": "K Nuwantha",
              "runs": {
                "batter": 1,
                "extras": 0,
                "total": 1
              }
            },
            {
              "batter": "K Nuwantha",
              "bowler": "I Wijesundera",
              "non_striker": "Shehan Madusanka",
              "runs": {
                "batter": 0,
                "extras": 0,
                "total": 0
              }
            },
            {
              "batter": "K Nuwantha",
              "bowler": "I Wijesundera",
              "non_striker": "Shehan Madusanka",
              "runs": {
                "batter": 4,
                "extras": 0,
                "total": 4
              }
            },
            {
              "batter": "K Nuwantha",
              "bowler": "I Wijesundera",
              "non_striker": "Shehan Madusanka",
              "runs": {
                "batter": 1,
                "extras": 0,
                "total": 1
              }
            },
            {
              "batter": "Shehan Madusanka",
              "bowler": "I Wijesundera",
              "non_striker": "K Nuwantha",
              "runs": {
                "batter": 1,
                "extras": 0,
                "total": 1
              }
            },
            {
              "batter": "K Nuwantha",
              "bowler": "I Wijesundera",
              "non_striker": "Shehan Madusanka",
              "runs": {
                "batter": 1,
                "extras": 0,
                "total": 1
              }
            }
          ]
        },
        {
          "over": 19,
          "deliveries": [
            {
              "batter": "K Nuwantha",
              "bowler": "D Hemananda",
              "non_striker": "Shehan Madusanka",
              "runs": {
                "batter": 1,
                "extras": 0,
                "total": 1
              }
            },
            {
              "batter": "Shehan Madusanka",
              "bowler": "D Hemananda",
              "non_striker": "K Nuwantha",
              "runs": {
                "batter": 4,
                "extras": 0,
                "total": 4
              }
            },
            {
              "batter": "Shehan Madusanka",
              "bowler": "D Hemananda",
              "non_striker": "K Nuwantha",
              "runs": {
                "batter": 0,
                "extras": 0,
                "total": 0
              }
            },
            {
              "batter": "Shehan Madusanka",
              "bowler": "D Hemananda",
              "non_striker": "K Nuwantha",
              "runs": {
                "batter": 0,
                "extras": 0,
                "total": 0
              }
            },
            {
              "batter": "Shehan Madusanka",
              "bowler": "D Hemananda",
              "non_striker": "K Nuwantha",
              "runs": {
                "batter": 1,
                "extras": 0,
                "total": 1
              }
            },
            {
              "batter": "K Nuwantha",
              "bowler": "D Hemananda",
              "non_striker": "Shehan Madusanka",
              "runs": {
                "batter": 6,
                "extras": 0,
                "total": 6
              }
            }
          ]
        }
      ],
      "powerplays": [
        {
          "from": 0.1,
          "to": 5.6,
          "type": "mandatory"
        }
      ]
    },
    {
      "team": "Ace Capital Cricket Club",
      "overs": [
        {
          "over": 0,
          "deliveries": [
            {
              "batter": "V Silva",
              "bowler": "Y Dewthusa",
              "non_striker": "L Dawatage",
              "runs": {
                "batter": 2,
                "extras": 0,
                "total": 2
              }
            },
            {
              "batter": "V Silva",
              "bowler": "Y Dewthusa",
              "extras": {
                "byes": 2
              },
              "non_striker": "L Dawatage",
              "runs": {
                "batter": 0,
                "extras": 2,
                "total": 2
              }
            },
            {
              "batter": "V Silva",
              "bowler": "Y Dewthusa",
              "non_striker": "L Dawatage",
              "runs": {
                "batter": 0,
                "extras": 0,
                "total": 0
              }
            },
            {
              "batter": "V Silva",
              "bowler": "Y Dewthusa",
              "non_striker": "L Dawatage",
              "runs": {
                "batter": 1,
                "extras": 0,
                "total": 1
              }
            },
            {
              "batter": "L Dawatage",
              "bowler": "Y Dewthusa",
              "non_striker": "V Silva",
              "runs": {
                "batter": 0,
                "extras": 0,
                "total": 0
              }
            },
            {
              "batter": "L Dawatage",
              "bowler": "Y Dewthusa",
              "non_striker": "V Silva",
              "runs": {
                "batter": 1,
                "extras": 0,
                "total": 1
              }
            }
          ]
        },
        {
          "over": 1,
          "deliveries": [
            {
              "batter": "L Dawatage",
              "bowler": "Senal de Silva",
              "non_striker": "V Silva",
              "runs": {
                "batter": 4,
                "extras": 0,
                "total": 4
              }
            },
            {
              "batter": "L Dawatage",
              "bowler": "Senal de Silva",
              "non_striker": "V Silva",
              "runs": {
                "batter": 0,
                "extras": 0,
                "total": 0
              }
            },
            {
              "batter": "L Dawatage",
              "bowler": "Senal de Silva",
              "non_striker": "V Silva",
              "runs": {
                "batter": 6,
                "extras": 0,
                "total": 6
              }
            },
            {
              "batter": "L Dawatage",
              "bowler": "Senal de Silva",
              "non_striker": "V Silva",
              "runs": {
                "batter": 1,
                "extras": 0,
                "total": 1
              }
            },
            {
              "batter": "V Silva",
              "bowler": "Senal de Silva",
              "non_striker": "L Dawatage",
              "runs": {
                "batter": 0,
                "extras": 0,
                "total": 0
              },
              "wickets": [
                {
                  "player_out": "V Silva",
                  "fielders": [
                    {
                      "name": "Y Dilruk"
                    }
                  ],
                  "kind": "caught"
                }
              ]
            },
            {
              "batter": "SN Gunasinghe",
              "bowler": "Senal de Silva",
              "non_striker": "L Dawatage",
              "runs": {
                "batter": 1,
                "extras": 0,
                "total": 1
              }
            }
          ]
        },
        {
          "over": 2,
          "deliveries": [
            {
              "batter": "SN Gunasinghe",
              "bowler": "Y Dewthusa",
              "non_striker": "L Dawatage",
              "runs": {
                "batter": 0,
                "extras": 0,
                "total": 0
              }
            },
            {
              "batter": "SN Gunasinghe",
              "bowler": "Y Dewthusa",
              "non_striker": "L Dawatage",
              "runs": {
                "batter": 0,
                "extras": 0,
                "total": 0
              }
            },
            {
              "batter": "SN Gunasinghe",
              "bowler": "Y Dewthusa",
              "non_striker": "L Dawatage",
              "runs": {
                "batter": 4,
                "extras": 0,
                "total": 4
              }
            },
            {
              "batter": "SN Gunasinghe",
              "bowler": "Y Dewthusa",
              "non_striker": "L Dawatage",
              "runs": {
                "batter": 0,
                "extras": 0,
                "total": 0
              }
            },
            {
              "batter": "SN Gunasinghe",
              "bowler": "Y Dewthusa",
              "non_striker": "L Dawatage",
              "runs": {
                "batter": 1,
                "extras": 0,
                "total": 1
              }
            },
            {
              "batter": "L Dawatage",
              "bowler": "Y Dewthusa",
              "non_striker": "SN Gunasinghe",
              "runs": {
                "batter": 0,
                "extras": 0,
                "total": 0
              }
            }
          ]
        },
        {
          "over": 3,
          "deliveries": [
            {
              "batter": "SN Gunasinghe",
              "bowler": "S Prasanna",
              "non_striker": "L Dawatage",
              "runs": {
                "batter": 1,
                "extras": 0,
                "total": 1
              }
            },
            {
              "batter": "L Dawatage",
              "bowler": "S Prasanna",
              "non_striker": "SN Gunasinghe",
              "runs": {
                "batter": 1,
                "extras": 0,
                "total": 1
              }
            },
            {
              "batter": "SN Gunasinghe",
              "bowler": "S Prasanna",
              "non_striker": "L Dawatage",
              "runs": {
                "batter": 4,
                "extras": 0,
                "total": 4
              }
            },
            {
              "batter": "SN Gunasinghe",
              "bowler": "S Prasanna",
              "non_striker": "L Dawatage",
              "runs": {
                "batter": 0,
                "extras": 0,
                "total": 0
              }
            },
            {
              "batter": "SN Gunasinghe",
              "bowler": "S Prasanna",
              "non_striker": "L Dawatage",
              "runs": {
                "batter": 1,
                "extras": 0,
                "total": 1
              }
            },
            {
              "batter": "L Dawatage",
              "bowler": "S Prasanna",
              "non_striker": "SN Gunasinghe",
              "runs": {
                "batter": 6,
                "extras": 0,
                "total": 6
              }
            }
          ]
        },
        {
          "over": 4,
          "deliveries": [
            {
              "batter": "SN Gunasinghe",
              "bowler": "Y Dewthusa",
              "non_striker": "L Dawatage",
              "runs": {
                "batter": 0,
                "extras": 0,
                "total": 0
              }
            },
            {
              "batter": "SN Gunasinghe",
              "bowler": "Y Dewthusa",
              "non_striker": "L Dawatage",
              "runs": {
                "batter": 4,
                "extras": 0,
                "total": 4
              }
            },
            {
              "batter": "SN Gunasinghe",
              "bowler": "Y Dewthusa",
              "non_striker": "L Dawatage",
              "runs": {
                "batter": 1,
                "extras": 0,
                "total": 1
              }
            },
            {
              "batter": "L Dawatage",
              "bowler": "Y Dewthusa",
              "non_striker": "SN Gunasinghe",
              "runs": {
                "batter": 4,
                "extras": 0,
                "total": 4
              }
            },
            {
              "batter": "L Dawatage",
              "bowler": "Y Dewthusa",
              "non_striker": "SN Gunasinghe",
              "runs": {
                "batter": 6,
                "extras": 0,
                "total": 6
              }
            },
            {
              "batter": "L Dawatage",
              "bowler": "Y Dewthusa",
              "non_striker": "SN Gunasinghe",
              "runs": {
                "batter": 1,
                "extras": 0,
                "total": 1
              }
            }
          ]
        },
        {
          "over": 5,
          "deliveries": [
            {
              "batter": "L Dawatage",
              "bowler": "DD de Soysa",
              "non_striker": "SN Gunasinghe",
              "runs": {
                "batter": 0,
                "extras": 0,
                "total": 0
              }
            },
            {
              "batter": "L Dawatage",
              "bowler": "DD de Soysa",
              "non_striker": "SN Gunasinghe",
              "runs": {
                "batter": 0,
                "extras": 0,
                "total": 0
              }
            },
            {
              "batter": "L Dawatage",
              "bowler": "DD de Soysa",
              "non_striker": "SN Gunasinghe",
              "runs": {
                "batter": 0,
                "extras": 0,
                "total": 0
              }
            },
            {
              "batter": "L Dawatage",
              "bowler": "DD de Soysa",
              "non_striker": "SN Gunasinghe",
              "runs": {
                "batter": 0,
                "extras": 0,
                "total": 0
              }
            },
            {
              "batter": "L Dawatage",
              "bowler": "DD de Soysa",
              "non_striker": "SN Gunasinghe",
              "runs": {
                "batter": 0,
                "extras": 0,
                "total": 0
              }
            },
            {
              "batter": "L Dawatage",
              "bowler": "DD de Soysa",
              "extras": {
                "wides": 2
              },
              "non_striker": "SN Gunasinghe",
              "runs": {
                "batter": 0,
                "extras": 2,
                "total": 2
              }
            },
            {
              "batter": "SN Gunasinghe",
              "bowler": "DD de Soysa",
              "non_striker": "L Dawatage",
              "runs": {
                "batter": 1,
                "extras": 0,
                "total": 1
              }
            }
          ]
        },
        {
          "over": 6,
          "deliveries": [
            {
              "batter": "SN Gunasinghe",
              "bowler": "S Prasanna",
              "non_striker": "L Dawatage",
              "runs": {
                "batter": 2,
                "extras": 0,
                "total": 2
              }
            },
            {
              "batter": "SN Gunasinghe",
              "bowler": "S Prasanna",
              "non_striker": "L Dawatage",
              "runs": {
                "batter": 1,
                "extras": 0,
                "total": 1
              }
            },
            {
              "batter": "L Dawatage",
              "bowler": "S Prasanna",
              "non_striker": "SN Gunasinghe",
              "runs": {
                "batter": 0,
                "extras": 0,
                "total": 0
              }
            },
            {
              "batter": "L Dawatage",
              "bowler": "S Prasanna",
              "non_striker": "SN Gunasinghe",
              "runs": {
                "batter": 1,
                "extras": 0,
                "total": 1
              }
            },
            {
              "batter": "SN Gunasinghe",
              "bowler": "S Prasanna",
              "non_striker": "L Dawatage",
              "runs": {
                "batter": 0,
                "extras": 0,
                "total": 0
              }
            },
            {
              "batter": "SN Gunasinghe",
              "bowler": "S Prasanna",
              "non_striker": "L Dawatage",
              "runs": {
                "batter": 0,
                "extras": 0,
                "total": 0
              }
            }
          ]
        },
        {
          "over": 7,
          "deliveries": [
            {
              "batter": "L Dawatage",
              "bowler": "DD de Soysa",
              "non_striker": "SN Gunasinghe",
              "runs": {
                "batter": 4,
                "extras": 0,
                "total": 4
              }
            },
            {
              "batter": "L Dawatage",
              "bowler": "DD de Soysa",
              "non_striker": "SN Gunasinghe",
              "runs": {
                "batter": 0,
                "extras": 0,
                "total": 0
              }
            },
            {
              "batter": "L Dawatage",
              "bowler": "DD de Soysa",
              "non_striker": "SN Gunasinghe",
              "runs": {
                "batter": 4,
                "extras": 0,
                "total": 4
              }
            },
            {
              "batter": "L Dawatage",
              "bowler": "DD de Soysa",
              "non_striker": "SN Gunasinghe",
              "runs": {
                "batter": 6,
                "extras": 0,
                "total": 6
              }
            },
            {
              "batter": "L Dawatage",
              "bowler": "DD de Soysa",
              "non_striker": "SN Gunasinghe",
              "runs": {
                "batter": 4,
                "extras": 0,
                "total": 4
              }
            },
            {
              "batter": "L Dawatage",
              "bowler": "DD de Soysa",
              "non_striker": "SN Gunasinghe",
              "runs": {
                "batter": 1,
                "extras": 0,
                "total": 1
              }
            }
          ]
        },
        {
          "over": 8,
          "deliveries": [
            {
              "batter": "L Dawatage",
              "bowler": "S Prasanna",
              "non_striker": "SN Gunasinghe",
              "runs": {
                "batter": 2,
                "extras": 0,
                "total": 2
              }
            },
            {
              "batter": "L Dawatage",
              "bowler": "S Prasanna",
              "non_striker": "SN Gunasinghe",
              "runs": {
                "batter": 0,
                "extras": 0,
                "total": 0
              }
            },
            {
              "batter": "L Dawatage",
              "bowler": "S Prasanna",
              "non_striker": "SN Gunasinghe",
              "runs": {
                "batter": 0,
                "extras": 0,
                "total": 0
              }
            },
            {
              "batter": "L Dawatage",
              "bowler": "S Prasanna",
              "non_striker": "SN Gunasinghe",
              "runs": {
                "batter": 0,
                "extras": 0,
                "total": 0
              },
              "wickets": [
                {
                  "player_out": "L Dawatage",
                  "fielders": [
                    {
                      "name": "J Kaushal"
                    }
                  ],
                  "kind": "stumped"
                }
              ]
            },
            {
              "batter": "A Wijewardhana",
              "bowler": "S Prasanna",
              "non_striker": "SN Gunasinghe",
              "runs": {
                "batter": 1,
                "extras": 0,
                "total": 1
              }
            },
            {
              "batter": "SN Gunasinghe",
              "bowler": "S Prasanna",
              "non_striker": "A Wijewardhana",
              "runs": {
                "batter": 4,
                "extras": 0,
                "total": 4
              }
            }
          ]
        },
        {
          "over": 9,
          "deliveries": [
            {
              "batter": "A Wijewardhana",
              "bowler": "AAS Silva",
              "non_striker": "SN Gunasinghe",
              "runs": {
                "batter": 0,
                "extras": 0,
                "total": 0
              },
              "wickets": [
                {
                  "player_out": "A Wijewardhana",
                  "kind": "bowled"
                }
              ]
            },
            {
              "batter": "W Sahan",
              "bowler": "AAS Silva",
              "non_striker": "SN Gunasinghe",
              "runs": {
                "batter": 0,
                "extras": 0,
                "total": 0
              }
            },
            {
              "batter": "W Sahan",
              "bowler": "AAS Silva",
              "non_striker": "SN Gunasinghe",
              "runs": {
                "batter": 4,
                "extras": 0,
                "total": 4
              }
            },
            {
              "batter": "W Sahan",
              "bowler": "AAS Silva",
              "non_striker": "SN Gunasinghe",
              "runs": {
                "batter": 1,
                "extras": 0,
                "total": 1
              }
            },
            {
              "batter": "SN Gunasinghe",
              "bowler": "AAS Silva",
              "non_striker": "W Sahan",
              "runs": {
                "batter": 1,
                "extras": 0,
                "total": 1
              }
            },
            {
              "batter": "W Sahan",
              "bowler": "AAS Silva",
              "non_striker": "SN Gunasinghe",
              "runs": {
                "batter": 0,
                "extras": 0,
                "total": 0
              }
            }
          ]
        },
        {
          "over": 10,
          "deliveries": [
            {
              "batter": "SN Gunasinghe",
              "bowler": "K Nuwantha",
              "non_striker": "W Sahan",
              "runs": {
                "batter": 0,
                "extras": 0,
                "total": 0
              }
            },
            {
              "batter": "SN Gunasinghe",
              "bowler": "K Nuwantha",
              "non_striker": "W Sahan",
              "runs": {
                "batter": 6,
                "extras": 0,
                "total": 6
              }
            },
            {
              "batter": "SN Gunasinghe",
              "bowler": "K Nuwantha",
              "non_striker": "W Sahan",
              "runs": {
                "batter": 2,
                "extras": 0,
                "total": 2
              }
            },
            {
              "batter": "SN Gunasinghe",
              "bowler": "K Nuwantha",
              "non_striker": "W Sahan",
              "runs": {
                "batter": 1,
                "extras": 0,
                "total": 1
              }
            },
            {
              "batter": "W Sahan",
              "bowler": "K Nuwantha",
              "non_striker": "SN Gunasinghe",
              "runs": {
                "batter": 1,
                "extras": 0,
                "total": 1
              }
            },
            {
              "batter": "SN Gunasinghe",
              "bowler": "K Nuwantha",
              "non_striker": "W Sahan",
              "runs": {
                "batter": 1,
                "extras": 0,
                "total": 1
              }
            }
          ]
        },
        {
          "over": 11,
          "deliveries": [
            {
              "batter": "SN Gunasinghe",
              "bowler": "AAS Silva",
              "non_striker": "W Sahan",
              "runs": {
                "batter": 0,
                "extras": 0,
                "total": 0
              },
              "wickets": [
                {
                  "player_out": "SN Gunasinghe",
                  "kind": "lbw"
                }
              ]
            },
            {
              "batter": "HS Liyanage",
              "bowler": "AAS Silva",
              "non_striker": "W Sahan",
              "runs": {
                "batter": 0,
                "extras": 0,
                "total": 0
              }
            },
            {
              "batter": "HS Liyanage",
              "bowler": "AAS Silva",
              "non_striker": "W Sahan",
              "runs": {
                "batter": 0,
                "extras": 0,
                "total": 0
              }
            },
            {
              "batter": "HS Liyanage",
              "bowler": "AAS Silva",
              "non_striker": "W Sahan",
              "runs": {
                "batter": 2,
                "extras": 0,
                "total": 2
              }
            },
            {
              "batter": "HS Liyanage",
              "bowler": "AAS Silva",
              "non_striker": "W Sahan",
              "runs": {
                "batter": 1,
                "extras": 0,
                "total": 1
              }
            },
            {
              "batter": "W Sahan",
              "bowler": "AAS Silva",
              "non_striker": "HS Liyanage",
              "runs": {
                "batter": 0,
                "extras": 0,
                "total": 0
              }
            }
          ]
        },
        {
          "over": 12,
          "deliveries": [
            {
              "batter": "HS Liyanage",
              "bowler": "K Nuwantha",
              "non_striker": "W Sahan",
              "runs": {
                "batter": 0,
                "extras": 0,
                "total": 0
              },
              "wickets": [
                {
                  "player_out": "HS Liyanage",
                  "kind": "bowled"
                }
              ]
            },
            {
              "batter": "RJKTD Ranatunga",
              "bowler": "K Nuwantha",
              "non_striker": "W Sahan",
              "runs": {
                "batter": 0,
                "extras": 0,
                "total": 0
              }
            },
            {
              "batter": "RJKTD Ranatunga",
              "bowler": "K Nuwantha",
              "non_striker": "W Sahan",
              "runs": {
                "batter": 6,
                "extras": 0,
                "total": 6
              }
            },
            {
              "batter": "RJKTD Ranatunga",
              "bowler": "K Nuwantha",
              "non_striker": "W Sahan",
              "runs": {
                "batter": 0,
                "extras": 0,
                "total": 0
              },
              "wickets": [
                {
                  "player_out": "RJKTD Ranatunga",
                  "kind": "caught and bowled"
                }
              ]
            },
            {
              "batter": "L Abeysinghe",
              "bowler": "K Nuwantha",
              "non_striker": "W Sahan",
              "runs": {
                "batter": 0,
                "extras": 0,
                "total": 0
              },
              "wickets": [
                {
                  "player_out": "L Abeysinghe",
                  "kind": "lbw"
                }
              ]
            },
            {
              "batter": "D Hemananda",
              "bowler": "K Nuwantha",
              "non_striker": "W Sahan",
              "runs": {
                "batter": 0,
                "extras": 0,
                "total": 0
              }
            }
          ]
        },
        {
          "over": 13,
          "deliveries": [
            {
              "batter": "W Sahan",
              "bowler": "AAS Silva",
              "non_striker": "D Hemananda",
              "runs": {
                "batter": 0,
                "extras": 0,
                "total": 0
              }
            },
            {
              "batter": "W Sahan",
              "bowler": "AAS Silva",
              "non_striker": "D Hemananda",
              "runs": {
                "batter": 2,
                "extras": 0,
                "total": 2
              }
            },
            {
              "batter": "W Sahan",
              "bowler": "AAS Silva",
              "non_striker": "D Hemananda",
              "runs": {
                "batter": 2,
                "extras": 0,
                "total": 2
              }
            },
            {
              "batter": "W Sahan",
              "bowler": "AAS Silva",
              "non_striker": "D Hemananda",
              "runs": {
                "batter": 1,
                "extras": 0,
                "total": 1
              }
            },
            {
              "batter": "D Hemananda",
              "bowler": "AAS Silva",
              "non_striker": "W Sahan",
              "runs": {
                "batter": 0,
                "extras": 0,
                "total": 0
              }
            },
            {
              "batter": "D Hemananda",
              "bowler": "AAS Silva",
              "non_striker": "W Sahan",
              "runs": {
                "batter": 1,
                "extras": 0,
                "total": 1
              }
            }
          ]
        },
        {
          "over": 14,
          "deliveries": [
            {
              "batter": "D Hemananda",
              "bowler": "K Nuwantha",
              "extras": {
                "legbyes": 1
              },
              "non_striker": "W Sahan",
              "runs": {
                "batter": 0,
                "extras": 1,
                "total": 1
              }
            },
            {
              "batter": "W Sahan",
              "bowler": "K Nuwantha",
              "non_striker": "D Hemananda",
              "runs": {
                "batter": 6,
                "extras": 0,
                "total": 6
              }
            },
            {
              "batter": "W Sahan",
              "bowler": "K Nuwantha",
              "non_striker": "D Hemananda",
              "runs": {
                "batter": 0,
                "extras": 0,
                "total": 0
              }
            },
            {
              "batter": "W Sahan",
              "bowler": "K Nuwantha",
              "non_striker": "D Hemananda",
              "runs": {
                "batter": 2,
                "extras": 0,
                "total": 2
              }
            },
            {
              "batter": "W Sahan",
              "bowler": "K Nuwantha",
              "non_striker": "D Hemananda",
              "runs": {
                "batter": 1,
                "extras": 0,
                "total": 1
              }
            },
            {
              "batter": "D Hemananda",
              "bowler": "K Nuwantha",
              "non_striker": "W Sahan",
              "runs": {
                "batter": 1,
                "extras": 0,
                "total": 1
              }
            }
          ]
        },
        {
          "over": 15,
          "deliveries": [
            {
              "batter": "D Hemananda",
              "bowler": "AAS Silva",
              "non_striker": "W Sahan",
              "runs": {
                "batter": 1,
                "extras": 0,
                "total": 1
              }
            },
            {
              "batter": "W Sahan",
              "bowler": "AAS Silva",
              "non_striker": "D Hemananda",
              "runs": {
                "batter": 1,
                "extras": 0,
                "total": 1
              }
            },
            {
              "batter": "D Hemananda",
              "bowler": "AAS Silva",
              "non_striker": "W Sahan",
              "runs": {
                "batter": 0,
                "extras": 0,
                "total": 0
              }
            },
            {
              "batter": "D Hemananda",
              "bowler": "AAS Silva",
              "non_striker": "W Sahan",
              "runs": {
                "batter": 4,
                "extras": 0,
                "total": 4
              }
            },
            {
              "batter": "D Hemananda",
              "bowler": "AAS Silva",
              "non_striker": "W Sahan",
              "runs": {
                "batter": 1,
                "extras": 0,
                "total": 1
              }
            },
            {
              "batter": "W Sahan",
              "bowler": "AAS Silva",
              "non_striker": "D Hemananda",
              "runs": {
                "batter": 1,
                "extras": 0,
                "total": 1
              }
            }
          ]
        },
        {
          "over": 16,
          "deliveries": [
            {
              "batter": "W Sahan",
              "bowler": "K Nuwantha",
              "non_striker": "D Hemananda",
              "runs": {
                "batter": 6,
                "extras": 0,
                "total": 6
              }
            },
            {
              "batter": "W Sahan",
              "bowler": "K Nuwantha",
              "non_striker": "D Hemananda",
              "runs": {
                "batter": 2,
                "extras": 0,
                "total": 2
              }
            },
            {
              "batter": "W Sahan",
              "bowler": "K Nuwantha",
              "non_striker": "D Hemananda",
              "runs": {
                "batter": 0,
                "extras": 0,
                "total": 0
              }
            },
            {
              "batter": "W Sahan",
              "bowler": "K Nuwantha",
              "non_striker": "D Hemananda",
              "runs": {
                "batter": 6,
                "extras": 0,
                "total": 6
              }
            },
            {
              "batter": "W Sahan",
              "bowler": "K Nuwantha",
              "non_striker": "D Hemananda",
              "runs": {
                "batter": 0,
                "extras": 0,
                "total": 0
              }
            },
            {
              "batter": "W Sahan",
              "bowler": "K Nuwantha",
              "non_striker": "D Hemananda",
              "runs": {
                "batter": 0,
                "extras": 0,
                "total": 0
              },
              "wickets": [
                {
                  "player_out": "W Sahan",
                  "fielders": [
                    {
                      "name": "Senal de Silva"
                    }
                  ],
                  "kind": "caught"
                }
              ]
            }
          ]
        },
        {
          "over": 17,
          "deliveries": [
            {
              "batter": "D Hemananda",
              "bowler": "RP Thattil",
              "non_striker": "I Wijesundera",
              "runs": {
                "batter": 1,
                "extras": 0,
                "total": 1
              }
            },
            {
              "batter": "I Wijesundera",
              "bowler": "RP Thattil",
              "non_striker": "D Hemananda",
              "runs": {
                "batter": 1,
                "extras": 0,
                "total": 1
              }
            },
            {
              "batter": "D Hemananda",
              "bowler": "RP Thattil",
              "non_striker": "I Wijesundera",
              "runs": {
                "batter": 1,
                "extras": 0,
                "total": 1
              }
            },
            {
              "batter": "I Wijesundera",
              "bowler": "RP Thattil",
              "non_striker": "D Hemananda",
              "runs": {
                "batter": 1,
                "extras": 0,
                "total": 1
              }
            },
            {
              "batter": "D Hemananda",
              "bowler": "RP Thattil",
              "non_striker": "I Wijesundera",
              "runs": {
                "batter": 1,
                "extras": 0,
                "total": 1
              }
            },
            {
              "batter": "I Wijesundera",
              "bowler": "RP Thattil",
              "non_striker": "D Hemananda",
              "runs": {
                "batter": 4,
                "extras": 0,
                "total": 4
              }
            }
          ]
        },
        {
          "over": 18,
          "deliveries": [
            {
              "batter": "D Hemananda",
              "bowler": "DD de Soysa",
              "non_striker": "I Wijesundera",
              "runs": {
                "batter": 2,
                "extras": 0,
                "total": 2
              }
            },
            {
              "batter": "D Hemananda",
              "bowler": "DD de Soysa",
              "non_striker": "I Wijesundera",
              "runs": {
                "batter": 0,
                "extras": 0,
                "total": 0
              }
            },
            {
              "batter": "D Hemananda",
              "bowler": "DD de Soysa",
              "non_striker": "I Wijesundera",
              "runs": {
                "batter": 0,
                "extras": 0,
                "total": 0
              }
            },
            {
              "batter": "D Hemananda",
              "bowler": "DD de Soysa",
              "non_striker": "I Wijesundera",
              "runs": {
                "batter": 1,
                "extras": 0,
                "total": 1
              }
            },
            {
              "batter": "I Wijesundera",
              "bowler": "DD de Soysa",
              "non_striker": "D Hemananda",
              "runs": {
                "batter": 1,
                "extras": 0,
                "total": 1
              }
            },
            {
              "batter": "D Hemananda",
              "bowler": "DD de Soysa",
              "non_striker": "I Wijesundera",
              "runs": {
                "batter": 1,
                "extras": 0,
                "total": 1
              }
            }
          ]
        },
        {
          "over": 19,
          "deliveries": [
            {
              "batter": "D Hemananda",
              "bowler": "RP Thattil",
              "non_striker": "I Wijesundera",
              "runs": {
                "batter": 6,
                "extras": 0,
                "total": 6
              }
            },
            {
              "batter": "D Hemananda",
              "bowler": "RP Thattil",
              "non_striker": "I Wijesundera",
              "runs": {
                "batter": 0,
                "extras": 0,
                "total": 0
              }
            },
            {
              "batter": "D Hemananda",
              "bowler": "RP Thattil",
              "non_striker": "I Wijesundera",
              "runs": {
                "batter": 6,
                "extras": 0,
                "total": 6
              }
            }
          ]
        }
      ],
      "powerplays": [
        {
          "from": 0.1,
          "to": 5.7,
          "type": "mandatory"
        }
      ],
      "target": {
        "overs": 20,
        "runs": 171
      }
    }
  ]
}