{
  "meta": {
    "data_version": "1.1.0",
    "created": "2025-07-13",
    "revision": 1
  },
  "info": {
    "balls_per_over": 6,
    "city": "Colombo",
    "dates": [
      "2025-06-12"
    ],
    "event": {
      "name": "Major Clubs T20 Tournament",
      "stage": "Quarter Final"
    },
    "gender": "male",
    "match_type": "T20",
    "officials": {
      "match_referees": [
        "M Jayasena"
      ],
      "reserve_umpires": [
        "UILD Wewage"
      ],
      "umpires": [
        "KADA Nanayakkara",
        "LE Hannibal"
      ]
    },
    "outcome": {
      "winner": "Moors Sports Club",
      "by": {
        "runs": 41
      }
    },
    "overs": 20,
    "players": {
      "Moors Sports Club": [
        "BOL Mendis",
        "L Abeyratne",
        "S Samarawickrama",
        "UVS Fernando",
        "S Gimhan",
        "RTM Mendis",
        "S Fernando",
        "M Tharupathi",
        "SA Fernando",
        "D Kumarasingha",
        "P Jayawickrama"
      ],
      "Bloomfield Cricket and Athletic Club": [
        "K Withanapathirana",
        "RK Chandraguptha",
        "KPNM Karunanayake",
        "J Liyanage",
        "LD Madushanka",
        "T Harshana",
        "EDBH Jayasinghe",
        "TN Guruge",
        "JDF Vandersay",
        "K Piyumal",
        "E Malinga"
      ]
    },
    "registry": {
      "people": {
        "BOL Mendis": "9614d123",
        "D Kumarasingha": "334360c4",
        "E Malinga": "5750bcb4",
        "EDBH Jayasinghe": "868345b5",
        "J Liyanage": "84212ffb",
        "JDF Vandersay": "aceb7654",
        "K Piyumal": "d5b6fe5f",
        "K Withanapathirana": "b45accc7",
        "KADA Nanayakkara": "9ee551f5",
        "KPNM Karunanayake": "532cc5b8",
        "L Abeyratne": "4ff4e5a1",
        "LD Madushanka": "de063a39",
        "LE Hannibal": "3c04e91a",
        "M Jayasena": "fa87f32f",
        "M Tharupathi": "ec0b9258",
        "P Jayawickrama": "b7d1eadd",
        "RK Chandraguptha": "f51ed6ad",
        "RTM Mendis": "1be67d37",
        "Ravishan de Silva": "dad30a05",
        "S Fernando": "2cbe4f4d",
        "S Gimhan": "81acb5f5",
        "S Samarawickrama": "9ab2914d",
        "SA Fernando": "49fb57d4",
        "T Harshana": "403d4c73",
        "TN Guruge": "6adee1a9",
        "UILD Wewage": "6a58b590",
        "UVS Fernando": "7625e5df"
      }
    },
    "season": "2025",
    "team_type": "club",
    "teams": [
      "Moors Sports Club",
      "Bloomfield Cricket and Athletic Club"
    ],
    "toss": {
      "decision": "field",
      "winner": "Bloomfield Cricket and Athletic Club"
    },
    "venue": "P Sara Oval, Colombo"
  },
  "innings": [
    {
      "team": "Moors Sports Club",
      "overs": [
        {
          "over": 0,
          "deliveries": [
            {
              "batter": "BOL Mendis",
              "bowler": "E Malinga",
              "non_striker": "L Abeyratne",
              "runs": {
                "batter": 0,
                "extras": 0,
                "total": 0
              }
            },
            {
              "batter": "BOL Mendis",
              "bowler": "E Malinga",
              "non_striker": "L Abeyratne",
              "runs": {
                "batter": 0,
                "extras": 0,
                "total": 0
              }
            },
            {
              "batter": "BOL Mendis",
              "bowler": "E Malinga",
              "extras": {
                "wides": 1
              },
              "non_striker": "L Abeyratne",
              "runs": {
                "batter": 0,
                "extras": 1,
                "total": 1
              }
            },
            {
              "batter": "BOL Mendis",
              "bowler": "E Malinga",
              "non_striker": "L Abeyratne",
              "runs": {
                "batter": 0,
                "extras": 0,
                "total": 0
              }
            },
            {
              "batter": "BOL Mendis",
              "bowler": "E Malinga",
              "extras": {
                "wides": 1
              },
              "non_striker": "L Abeyratne",
              "runs": {
                "batter": 0,
                "extras": 1,
                "total": 1
              }
            },
            {
              "batter": "BOL Mendis",
              "bowler": "E Malinga",
              "non_striker": "L Abeyratne",
              "runs": {
                "batter": 0,
                "extras": 0,
                "total": 0
              }
            },
            {
              "batter": "BOL Mendis",
              "bowler": "E Malinga",
              "extras": {
                "wides": 1
              },
              "non_striker": "L Abeyratne",
              "runs": {
                "batter": 0,
                "extras": 1,
                "total": 1
              }
            },
            {
              "batter": "BOL Mendis",
              "bowler": "E Malinga",
              "non_striker": "L Abeyratne",
              "runs": {
                "batter": 0,
                "extras": 0,
                "total": 0
              }
            },
            {
              "batter": "BOL Mendis",
              "bowler": "E Malinga",
              "non_striker": "L Abeyratne",
              "runs": {
                "batter": 2,
                "extras": 0,
                "total": 2
              }
            }
          ]
        },
        {
          "over": 1,
          "deliveries": [
            {
              "batter": "L Abeyratne",
              "bowler": "LD Madushanka",
              "non_striker": "BOL Mendis",
              "runs": {
                "batter": 1,
                "extras": 0,
                "total": 1
              }
            },
            {
              "batter": "BOL Mendis",
              "bowler": "LD Madushanka",
              "non_striker": "L Abeyratne",
              "runs": {
                "batter": 0,
                "extras": 0,
                "total": 0
              }
            },
            {
              "batter": "BOL Mendis",
              "bowler": "LD Madushanka",
              "non_striker": "L Abeyratne",
              "runs": {
                "batter": 1,
                "extras": 0,
                "total": 1
              }
            },
            {
              "batter": "L Abeyratne",
              "bowler": "LD Madushanka",
              "non_striker": "BOL Mendis",
              "runs": {
                "batter": 0,
                "extras": 0,
                "total": 0
              }
            },
            {
              "batter": "L Abeyratne",
              "bowler": "LD Madushanka",
              "non_striker": "BOL Mendis",
              "runs": {
                "batter": 0,
                "extras": 0,
                "total": 0
              }
            },
            {
              "batter": "L Abeyratne",
              "bowler": "LD Madushanka",
              "extras": {
                "legbyes": 1
              },
              "non_striker": "BOL Mendis",
              "runs": {
                "batter": 0,
                "extras": 1,
                "total": 1
              }
            }
          ]
        },
        {
          "over": 2,
          "deliveries": [
            {
              "batter": "L Abeyratne",
              "bowler": "J Liyanage",
              "extras": {
                "wides": 1
              },
              "non_striker": "BOL Mendis",
              "runs": {
                "batter": 0,
                "extras": 1,
                "total": 1
              }
            },
            {
              "batter": "L Abeyratne",
              "bowler": "J Liyanage",
              "non_striker": "BOL Mendis",
              "runs": {
                "batter": 1,
                "extras": 0,
                "total": 1
              }
            },
            {
              "batter": "BOL Mendis",
              "bowler": "J Liyanage",
              "non_striker": "L Abeyratne",
              "runs": {
                "batter": 6,
                "extras": 0,
                "total": 6
              }
            },
            {
              "batter": "BOL Mendis",
              "bowler": "J Liyanage",
              "non_striker": "L Abeyratne",
              "runs": {
                "batter": 0,
                "extras": 0,
                "total": 0
              }
            },
            {
              "batter": "BOL Mendis",
              "bowler": "J Liyanage",
              "non_striker": "L Abeyratne",
              "runs": {
                "batter": 0,
                "extras": 0,
                "total": 0
              }
            },
            {
              "batter": "BOL Mendis",
              "bowler": "J Liyanage",
              "non_striker": "L Abeyratne",
              "runs": {
                "batter": 4,
                "extras": 0,
                "total": 4
              }
            },
            {
              "batter": "BOL Mendis",
              "bowler": "J Liyanage",
              "non_striker": "L Abeyratne",
              "runs": {
                "batter": 4,
                "extras": 0,
                "total": 4
              }
            }
          ]
        },
        {
          "over": 3,
          "deliveries": [
            {
              "batter": "L Abeyratne",
              "bowler": "K Piyumal",
              "non_striker": "BOL Mendis",
              "runs": {
                "batter": 0,
                "extras": 0,
                "total": 0
              }
            },
            {
              "batter": "L Abeyratne",
              "bowler": "K Piyumal",
              "non_striker": "BOL Mendis",
              "runs": {
                "batter": 0,
                "extras": 0,
                "total": 0
              }
            },
            {
              "batter": "L Abeyratne",
              "bowler": "K Piyumal",
              "non_striker": "BOL Mendis",
              "runs": {
                "batter": 1,
                "extras": 0,
                "total": 1
              }
            },
            {
              "batter": "BOL Mendis",
              "bowler": "K Piyumal",
              "non_striker": "L Abeyratne",
              "runs": {
                "batter": 1,
                "extras": 0,
                "total": 1
              }
            },
            {
              "batter": "L Abeyratne",
              "bowler": "K Piyumal",
              "non_striker": "BOL Mendis",
              "runs": {
                "batter": 1,
                "extras": 0,
                "total": 1
              }
            },
            {
              "batter": "BOL Mendis",
              "bowler": "K Piyumal",
              "extras": {
                "byes": 4
              },
              "non_striker": "L Abeyratne",
              "runs": {
                "batter": 0,
                "extras": 4,
                "total": 4
              }
            }
          ]
        },
        {
          "over": 4,
          "deliveries": [
            {
              "batter": "L Abeyratne",
              "bowler": "LD Madushanka",
              "non_striker": "BOL Mendis",
              "runs": {
                "batter": 0,
                "extras": 0,
                "total": 0
              }
            },
            {
              "batter": "L Abeyratne",
              "bowler": "LD Madushanka",
              "non_striker": "BOL Mendis",
              "runs": {
                "batter": 0,
                "extras": 0,
                "total": 0
              }
            },
            {
              "batter": "L Abeyratne",
              "bowler": "LD Madushanka",
              "non_striker": "BOL Mendis",
              "runs": {
                "batter": 0,
                "extras": 0,
                "total": 0
              }
            },
            {
              "batter": "L Abeyratne",
              "bowler": "LD Madushanka",
              "non_striker": "BOL Mendis",
              "runs": {
                "batter": 1,
                "extras": 0,
                "total": 1
              }
            },
            {
              "batter": "BOL Mendis",
              "bowler": "LD Madushanka",
              "non_striker": "L Abeyratne",
              "runs": {
                "batter": 0,
                "extras": 0,
                "total": 0
              }
            },
            {
              "batter": "BOL Mendis",
              "bowler": "LD Madushanka",
              "non_striker": "L Abeyratne",
              "runs": {
                "batter": 0,
                "extras": 0,
                "total": 0
              }
            }
          ]
        },
        {
          "over": 5,
          "deliveries": [
            {
              "batter": "L Abeyratne",
              "bowler": "E Malinga",
              "non_striker": "BOL Mendis",
              "runs": {
                "batter": 1,
                "extras": 0,
                "total": 1
              }
            },
            {
              "batter": "BOL Mendis",
              "bowler": "E Malinga",
              "non_striker": "L Abeyratne",
              "runs": {
                "batter": 0,
                "extras": 0,
                "total": 0
              }
            },
            {
              "batter": "BOL Mendis",
              "bowler": "E Malinga",
              "non_striker": "L Abeyratne",
              "runs": {
                "batter": 0,
                "extras": 0,
                "total": 0
              },
              "wickets": [
                {
                  "player_out": "BOL Mendis",
                  "fielders": [
                    {
                      "name": "RK Chandraguptha"
                    }
                  ],
                  "kind": "caught"
                }
              ]
            },
            {
              "batter": "S Samarawickrama",
              "bowler": "E Malinga",
              "non_striker": "L Abeyratne",
              "runs": {
                "batter": 0,
                "extras": 0,
                "total": 0
              }
            },
            {
              "batter": "S Samarawickrama",
              "bowler": "E Malinga",
              "non_striker": "L Abeyratne",
              "runs": {
                "batter": 1,
                "extras": 0,
                "total": 1
              }
            },
            {
              "batter": "L Abeyratne",
              "bowler": "E Malinga",
              "non_striker": "S Samarawickrama",
              "runs": {
                "batter": 1,
                "extras": 0,
                "total": 1
              }
            }
          ]
        },
        {
          "over": 6,
          "deliveries": [
            {
              "batter": "L Abeyratne",
              "bowler": "K Piyumal",
              "non_striker": "S Samarawickrama",
              "runs": {
                "batter": 1,
                "extras": 0,
                "total": 1
              }
            },
            {
              "batter": "S Samarawickrama",
              "bowler": "K Piyumal",
              "non_striker": "L Abeyratne",
              "runs": {
                "batter": 2,
                "extras": 0,
                "total": 2
              }
            },
            {
              "batter": "S Samarawickrama",
              "bowler": "K Piyumal",
              "non_striker": "L Abeyratne",
              "runs": {
                "batter": 1,
                "extras": 0,
                "total": 1
              }
            },
            {
              "batter": "L Abeyratne",
              "bowler": "K Piyumal",
              "non_striker": "S Samarawickrama",
              "runs": {
                "batter": 1,
                "extras": 0,
                "total": 1
              }
            },
            {
              "batter": "S Samarawickrama",
              "bowler": "K Piyumal",
              "non_striker": "L Abeyratne",
              "runs": {
                "batter": 4,
                "extras": 0,
                "total": 4
              }
            },
            {
              "batter": "S Samarawickrama",
              "bowler": "K Piyumal",
              "non_striker": "L Abeyratne",
              "runs": {
                "batter": 1,
                "extras": 0,
                "total": 1
              }
            }
          ]
        },
        {
          "over": 7,
          "deliveries": [
            {
              "batter": "S Samarawickrama",
              "bowler": "JDF Vandersay",
              "non_striker": "L Abeyratne",
              "runs": {
                "batter": 2,
                "extras": 0,
                "total": 2
              }
            },
            {
              "batter": "S Samarawickrama",
              "bowler": "JDF Vandersay",
              "non_striker": "L Abeyratne",
              "runs": {
                "batter": 0,
                "extras": 0,
                "total": 0
              }
            },
            {
              "batter": "S Samarawickrama",
              "bowler": "JDF Vandersay",
              "non_striker": "L Abeyratne",
              "runs": {
                "batter": 1,
                "extras": 0,
                "total": 1
              }
            },
            {
              "batter": "L Abeyratne",
              "bowler": "JDF Vandersay",
              "non_striker": "S Samarawickrama",
              "runs": {
                "batter": 1,
                "extras": 0,
                "total": 1
              }
            },
            {
              "batter": "S Samarawickrama",
              "bowler": "JDF Vandersay",
              "non_striker": "L Abeyratne",
              "runs": {
                "batter": 1,
                "extras": 0,
                "total": 1
              }
            },
            {
              "batter": "L Abeyratne",
              "bowler": "JDF Vandersay",
              "non_striker": "S Samarawickrama",
              "runs": {
                "batter": 1,
                "extras": 0,
                "total": 1
              }
            }
          ]
        },
        {
          "over": 8,
          "deliveries": [
            {
              "batter": "L Abeyratne",
              "bowler": "K Piyumal",
              "non_striker": "S Samarawickrama",
              "runs": {
                "batter": 4,
                "extras": 0,
                "total": 4
              }
            },
            {
              "batter": "L Abeyratne",
              "bowler": "K Piyumal",
              "non_striker": "S Samarawickrama",
              "runs": {
                "batter": 1,
                "extras": 0,
                "total": 1
              }
            },
            {
              "batter": "S Samarawickrama",
              "bowler": "K Piyumal",
              "non_striker": "L Abeyratne",
              "runs": {
                "batter": 1,
                "extras": 0,
                "total": 1
              }
            },
            {
              "batter": "L Abeyratne",
              "bowler": "K Piyumal",
              "non_striker": "S Samarawickrama",
              "runs": {
                "batter": 1,
                "extras": 0,
                "total": 1
              }
            },
            {
              "batter": "S Samarawickrama",
              "bowler": "K Piyumal",
              "extras": {
                "legbyes": 1
              },
              "non_striker": "L Abeyratne",
              "runs": {
                "batter": 0,
                "extras": 1,
                "total": 1
              }
            },
            {
              "batter": "L Abeyratne",
              "bowler": "K Piyumal",
              "non_striker": "S Samarawickrama",
              "runs": {
                "batter": 6,
                "extras": 0,
                "total": 6
              }
            }
          ]
        },
        {
          "over": 9,
          "deliveries": [
            {
              "batter": "S Samarawickrama",
              "bowler": "TN Guruge",
              "non_striker": "L Abeyratne",
              "runs": {
                "batter": 1,
                "extras": 0,
                "total": 1
              }
            },
            {
              "batter": "L Abeyratne",
              "bowler": "TN Guruge",
              "non_striker": "S Samarawickrama",
              "runs": {
                "batter": 0,
                "extras": 0,
                "total": 0
              }
            },
            {
              "batter": "L Abeyratne",
              "bowler": "TN Guruge",
              "non_striker": "S Samarawickrama",
              "runs": {
                "batter": 1,
                "extras": 0,
                "total": 1
              }
            },
            {
              "batter": "S Samarawickrama",
              "bowler": "TN Guruge",
              "non_striker": "L Abeyratne",
              "runs": {
                "batter": 1,
                "extras": 0,
                "total": 1
              }
            },
            {
              "batter": "L Abeyratne",
              "bowler": "TN Guruge",
              "non_striker": "S Samarawickrama",
              "runs": {
                "batter": 1,
                "extras": 0,
                "total": 1
              }
            },
            {
              "batter": "S Samarawickrama",
              "bowler": "TN Guruge",
              "non_striker": "L Abeyratne",
              "runs": {
                "batter": 2,
                "extras": 0,
                "total": 2
              }
            }
          ]
        },
        {
          "over": 10,
          "deliveries": [
            {
              "batter": "L Abeyratne",
              "bowler": "JDF Vandersay",
              "non_striker": "S Samarawickrama",
              "runs": {
                "batter": 0,
                "extras": 0,
                "total": 0
              }
            },
            {
              "batter": "L Abeyratne",
              "bowler": "JDF Vandersay",
              "extras": {
                "wides": 1
              },
              "non_striker": "S Samarawickrama",
              "runs": {
                "batter": 0,
                "extras": 1,
                "total": 1
              }
            },
            {
              "batter": "L Abeyratne",
              "bowler": "JDF Vandersay",
              "non_striker": "S Samarawickrama",
              "runs": {
                "batter": 1,
                "extras": 0,
                "total": 1
              }
            },
            {
              "batter": "S Samarawickrama",
              "bowler": "JDF Vandersay",
              "non_striker": "L Abeyratne",
              "runs": {
                "batter": 1,
                "extras": 0,
                "total": 1
              }
            },
            {
              "batter": "L Abeyratne",
              "bowler": "JDF Vandersay",
              "non_striker": "S Samarawickrama",
              "runs": {
                "batter": 0,
                "extras": 0,
                "total": 0
              }
            },
            {
              "batter": "L Abeyratne",
              "bowler": "JDF Vandersay",
              "non_striker": "S Samarawickrama",
              "runs": {
                "batter": 0,
                "extras": 0,
                "total": 0
              },
              "wickets": [
                {
                  "player_out": "L Abeyratne",
                  "fielders": [
                    {
                      "name": "TN Guruge"
                    }
                  ],
                  "kind": "caught"
                }
              ]
            },
            {
              "batter": "UVS Fernando",
              "bowler": "JDF Vandersay",
              "non_striker": "S Samarawickrama",
              "runs": {
                "batter": 1,
                "extras": 0,
                "total": 1
              }
            }
          ]
        },
        {
          "over": 11,
          "deliveries": [
            {
              "batter": "UVS Fernando",
              "bowler": "K Piyumal",
              "non_striker": "S Samarawickrama",
              "runs": {
                "batter": 0,
                "extras": 0,
                "total": 0
              }
            },
            {
              "batter": "UVS Fernando",
              "bowler": "K Piyumal",
              "non_striker": "S Samarawickrama",
              "runs": {
                "batter": 1,
                "extras": 0,
                "total": 1
              }
            },
            {
              "batter": "S Samarawickrama",
              "bowler": "K Piyumal",
              "non_striker": "UVS Fernando",
              "runs": {
                "batter": 1,
                "extras": 0,
                "total": 1
              }
            },
            {
              "batter": "UVS Fernando",
              "bowler": "K Piyumal",
              "non_striker": "S Samarawickrama",
              "runs": {
                "batter": 0,
                "extras": 0,
                "total": 0
              }
            },
            {
              "batter": "UVS Fernando",
              "bowler": "K Piyumal",
              "non_striker": "S Samarawickrama",
              "runs": {
                "batter": 0,
                "extras": 0,
                "total": 0
              },
              "wickets": [
                {
                  "player_out": "UVS Fernando",
                  "fielders": [
                    {
                      "name": "T Harshana"
                    }
                  ],
                  "kind": "caught"
                }
              ]
            },
            {
              "batter": "S Gimhan",
              "bowler": "K Piyumal",
              "extras": {
                "byes": 4
              },
              "non_striker": "S Samarawickrama",
              "runs": {
                "batter": 0,
                "extras": 4,
                "total": 4
              }
            }
          ]
        },
        {
          "over": 12,
          "deliveries": [
            {
              "batter": "S Samarawickrama",
              "bowler": "JDF Vandersay",
              "non_striker": "S Gimhan",
              "runs": {
                "batter": 1,
                "extras": 0,
                "total": 1
              }
            },
            {
              "batter": "S Gimhan",
              "bowler": "JDF Vandersay",
              "non_striker": "S Samarawickrama",
              "runs": {
                "batter": 0,
                "extras": 0,
                "total": 0
              }
            },
            {
              "batter": "S Gimhan",
              "bowler": "JDF Vandersay",
              "extras": {
                "legbyes": 1
              },
              "non_striker": "S Samarawickrama",
              "runs": {
                "batter": 0,
                "extras": 1,
                "total": 1
              }
            },
            {
              "batter": "S Samarawickrama",
              "bowler": "JDF Vandersay",
              "non_striker": "S Gimhan",
              "runs": {
                "batter": 1,
                "extras": 0,
                "total": 1
              }
            },
            {
              "batter": "S Gimhan",
              "bowler": "JDF Vandersay",
              "non_striker": "S Samarawickrama",
              "runs": {
                "batter": 4,
                "extras": 0,
                "total": 4
              }
            },
            {
              "batter": "S Gimhan",
              "bowler": "JDF Vandersay",
              "non_striker": "S Samarawickrama",
              "runs": {
                "batter": 1,
                "extras": 0,
                "total": 1
              }
            }
          ]
        },
        {
          "over": 13,
          "deliveries": [
            {
              "batter": "S Gimhan",
              "bowler": "TN Guruge",
              "non_striker": "S Samarawickrama",
              "runs": {
                "batter": 0,
                "extras": 0,
                "total": 0
              }
            },
            {
              "batter": "S Gimhan",
              "bowler": "TN Guruge",
              "non_striker": "S Samarawickrama",
              "runs": {
                "batter": 1,
                "extras": 0,
                "total": 1
              }
            },
            {
              "batter": "S Samarawickrama",
              "bowler": "TN Guruge",
              "non_striker": "S Gimhan",
              "runs": {
                "batter": 1,
                "extras": 0,
                "total": 1
              }
            },
            {
              "batter": "S Gimhan",
              "bowler": "TN Guruge",
              "non_striker": "S Samarawickrama",
              "runs": {
                "batter": 6,
                "extras": 0,
                "total": 6
              }
            },
            {
              "batter": "S Gimhan",
              "bowler": "TN Guruge",
              "non_striker": "S Samarawickrama",
              "runs": {
                "batter": 1,
                "extras": 0,
                "total": 1
              }
            },
            {
              "batter": "S Samarawickrama",
              "bowler": "TN Guruge",
              "non_striker": "S Gimhan",
              "runs": {
                "batter": 1,
                "extras": 0,
                "total": 1
              }
            }
          ]
        },
        {
          "over": 14,
          "deliveries": [
            {
              "batter": "S Samarawickrama",
              "bowler": "JDF Vandersay",
              "non_striker": "S Gimhan",
              "runs": {
                "batter": 0,
                "extras": 0,
                "total": 0
              },
              "wickets": [
                {
                  "player_out": "S Samarawickrama",
                  "fielders": [
                    {
                      "name": "LD Madushanka"
                    }
                  ],
                  "kind": "caught"
                }
              ]
            },
            {
              "batter": "RTM Mendis",
              "bowler": "JDF Vandersay",
              "non_striker": "S Gimhan",
              "runs": {
                "batter": 0,
                "extras": 0,
                "total": 0
              }
            },
            {
              "batter": "RTM Mendis",
              "bowler": "JDF Vandersay",
              "non_striker": "S Gimhan",
              "runs": {
                "batter": 1,
                "extras": 0,
                "total": 1
              }
            },
            {
              "batter": "S Gimhan",
              "bowler": "JDF Vandersay",
              "non_striker": "RTM Mendis",
              "runs": {
                "batter": 1,
                "extras": 0,
                "total": 1
              }
            },
            {
              "batter": "RTM Mendis",
              "bowler": "JDF Vandersay",
              "non_striker": "S Gimhan",
              "runs": {
                "batter": 1,
                "extras": 0,
                "total": 1
              }
            },
            {
              "batter": "S Gimhan",
              "bowler": "JDF Vandersay",
              "non_striker": "RTM Mendis",
              "runs": {
                "batter": 0,
                "extras": 0,
                "total": 0
              },
              "wickets": [
                {
                  "player_out": "S Gimhan",
                  "fielders": [
                    {
                      "name": "RK Chandraguptha"
                    }
                  ],
                  "kind": "caught"
                }
              ]
            }
          ]
        },
        {
          "over": 15,
          "deliveries": [
            {
              "batter": "RTM Mendis",
              "bowler": "TN Guruge",
              "non_striker": "S Fernando",
              "runs": {
                "batter": 0,
                "extras": 0,
                "total": 0
              }
            },
            {
              "batter": "RTM Mendis",
              "bowler": "TN Guruge",
              "non_striker": "S Fernando",
              "runs": {
                "batter": 1,
                "extras": 0,
                "total": 1
              }
            },
            {
              "batter": "S Fernando",
              "bowler": "TN Guruge",
              "non_striker": "RTM Mendis",
              "runs": {
                "batter": 1,
                "extras": 0,
                "total": 1
              }
            },
            {
              "batter": "RTM Mendis",
              "bowler": "TN Guruge",
              "non_striker": "S Fernando",
              "runs": {
                "batter": 1,
                "extras": 0,
                "total": 1
              }
            },
            {
              "batter": "S Fernando",
              "bowler": "TN Guruge",
              "non_striker": "RTM Mendis",
              "runs": {
                "batter": 1,
                "extras": 0,
                "total": 1
              }
            },
            {
              "batter": "RTM Mendis",
              "bowler": "TN Guruge",
              "non_striker": "S Fernando",
              "runs": {
                "batter": 1,
                "extras": 0,
                "total": 1
              }
            }
          ]
        },
        {
          "over": 16,
          "deliveries": [
            {
              "batter": "RTM Mendis",
              "bowler": "E Malinga",
              "non_striker": "S Fernando",
              "runs": {
                "batter": 1,
                "extras": 0,
                "total": 1
              }
            },
            {
              "batter": "S Fernando",
              "bowler": "E Malinga",
              "non_striker": "RTM Mendis",
              "runs": {
                "batter": 6,
                "extras": 0,
                "total": 6
              }
            },
            {
              "batter": "S Fernando",
              "bowler": "E Malinga",
              "non_striker": "RTM Mendis",
              "runs": {
                "batter": 1,
                "extras": 0,
                "total": 1
              }
            },
            {
              "batter": "RTM Mendis",
              "bowler": "E Malinga",
              "non_striker": "S Fernando",
              "runs": {
                "batter": 1,
                "extras": 0,
                "total": 1
              }
            },
            {
              "batter": "S Fernando",
              "bowler": "E Malinga",
              "non_striker": "RTM Mendis",
              "runs": {
                "batter": 4,
                "extras": 0,
                "total": 4
              }
            },
            {
              "batter": "S Fernando",
              "bowler": "E Malinga",
              "extras": {
                "wides": 1
              },
              "non_striker": "RTM Mendis",
              "runs": {
                "batter": 0,
                "extras": 1,
                "total": 1
              }
            },
            {
              "batter": "S Fernando",
              "bowler": "E Malinga",
              "non_striker": "RTM Mendis",
              "runs": {
                "batter": 1,
                "extras": 0,
                "total": 1
              }
            }
          ]
        },
        {
          "over": 17,
          "deliveries": [
            {
              "batter": "S Fernando",
              "bowler": "LD Madushanka",
              "non_striker": "RTM Mendis",
              "runs": {
                "batter": 0,
                "extras": 0,
                "total": 0
              }
            },
            {
              "batter": "S Fernando",
              "bowler": "LD Madushanka",
              "non_striker": "RTM Mendis",
              "runs": {
                "batter": 1,
                "extras": 0,
                "total": 1
              }
            },
            {
              "batter": "RTM Mendis",
              "bowler": "LD Madushanka",
              "non_striker": "S Fernando",
              "runs": {
                "batter": 6,
                "extras": 0,
                "total": 6
              }
            },
            {
              "batter": "RTM Mendis",
              "bowler": "LD Madushanka",
              "non_striker": "S Fernando",
              "runs": {
                "batter": 1,
                "extras": 0,
                "total": 1
              }
            },
            {
              "batter": "S Fernando",
              "bowler": "LD Madushanka",
              "non_striker": "RTM Mendis",
              "runs": {
                "batter": 2,
                "extras": 0,
                "total": 2
              }
            },
            {
              "batter": "S Fernando",
              "bowler": "LD Madushanka",
              "non_striker": "RTM Mendis",
              "runs": {
                "batter": 1,
                "extras": 0,
                "total": 1
              }
            }
          ]
        },
        {
          "over": 18,
          "deliveries": [
            {
              "batter": "S Fernando",
              "bowler": "E Malinga",
              "extras": {
                "wides": 1
              },
              "non_striker": "RTM Mendis",
              "runs": {
                "batter": 0,
                "extras": 1,
                "total": 1
              }
            },
            {
              "batter": "S Fernando",
              "bowler": "E Malinga",
              "non_striker": "RTM Mendis",
              "runs": {
                "batter": 4,
                "extras": 0,
                "total": 4
              }
            },
            {
              "batter": "S Fernando",
              "bowler": "E Malinga",
              "non_striker": "RTM Mendis",
              "runs": {
                "batter": 4,
                "extras": 0,
                "total": 4
              }
            },
            {
              "batter": "S Fernando",
              "bowler": "E Malinga",
              "non_striker": "RTM Mendis",
              "runs": {
                "batter": 0,
                "extras": 0,
                "total": 0
              },
              "wickets": [
                {
                  "player_out": "S Fernando",
                  "fielders": [
                    {
                      "name": "K Piyumal"
                    }
                  ],
                  "kind": "caught"
                }
              ]
            },
            {
              "batter": "M Tharupathi",
              "bowler": "E Malinga",
              "non_striker": "RTM Mendis",
              "runs": {
                "batter": 1,
                "extras": 0,
                "total": 1
              }
            },
            {
              "batter": "RTM Mendis",
              "bowler": "E Malinga",
              "non_striker": "M Tharupathi",
              "runs": {
                "batter": 2,
                "extras": 0,
                "total": 2
              }
            },
            {
              "batter": "RTM Mendis",
              "bowler": "E Malinga",
              "non_striker": "M Tharupathi",
              "runs": {
                "batter": 3,
                "extras": 0,
                "total": 3
              }
            }
          ]
        },
        {
          "over": 19,
          "deliveries": [
            {
              "batter": "RTM Mendis",
              "bowler": "LD Madushanka",
              "non_striker": "M Tharupathi",
              "runs": {
                "batter": 0,
                "extras": 0,
                "total": 0
              }
            },
            {
              "batter": "RTM Mendis",
              "bowler": "LD Madushanka",
              "non_striker": "M Tharupathi",
              "runs": {
                "batter": 1,
                "extras": 0,
                "total": 1
              }
            },
            {
              "batter": "M Tharupathi",
              "bowler": "LD Madushanka",
              "non_striker": "RTM Mendis",
              "runs": {
                "batter": 0,
                "extras": 0,
                "total": 0
              },
              "wickets": [
                {
                  "player_out": "M Tharupathi",
                  "fielders": [
                    {
                      "name": "TN Guruge"
                    }
                  ],
                  "kind": "caught"
                }
              ]
            },
            {
              "batter": "SA Fernando",
              "bowler": "LD Madushanka",
              "non_striker": "RTM Mendis",
              "runs": {
                "batter": 1,
                "extras": 0,
                "total": 1
              }
            },
            {
              "batter": "RTM Mendis",
              "bowler": "LD Madushanka",
              "non_striker": "SA Fernando",
              "runs": {
                "batter": 2,
                "extras": 0,
                "total": 2
              }
            },
            {
              "batter": "RTM Mendis",
              "bowler": "LD Madushanka",
              "non_striker": "SA Fernando",
              "runs": {
                "batter": 4,
                "extras": 0,
                "total": 4
              }
            }
          ]
        }
      ],
      "powerplays": [
        {
          "from": 0.1,
          "to": 5.6,
          "type": "mandatory"
        }
      ]
    },
    {
      "team": "Bloomfield Cricket and Athletic Club",
      "overs": [
        {
          "over": 0,
          "deliveries": [
            {
              "batter": "K Withanapathirana",
              "bowler": "S Fernando",
              "non_striker": "RK Chandraguptha",
              "runs": {
                "batter": 0,
                "extras": 0,
                "total": 0
              }
            },
            {
              "batter": "K Withanapathirana",
              "bowler": "S Fernando",
              "non_striker": "RK Chandraguptha",
              "runs": {
                "batter": 1,
                "extras": 0,
                "total": 1
              }
            },
            {
              "batter": "RK Chandraguptha",
              "bowler": "S Fernando",
              "non_striker": "K Withanapathirana",
              "runs": {
                "batter": 2,
                "extras": 0,
                "total": 2
              }
            },
            {
              "batter": "RK Chandraguptha",
              "bowler": "S Fernando",
              "extras": {
                "wides": 1
              },
              "non_striker": "K Withanapathirana",
              "runs": {
                "batter": 0,
                "extras": 1,
                "total": 1
              }
            },
            {
              "batter": "RK Chandraguptha",
              "bowler": "S Fernando",
              "non_striker": "K Withanapathirana",
              "runs": {
                "batter": 4,
                "extras": 0,
                "total": 4
              }
            },
            {
              "batter": "RK Chandraguptha",
              "bowler": "S Fernando",
              "non_striker": "K Withanapathirana",
              "runs": {
                "batter": 1,
                "extras": 0,
                "total": 1
              }
            },
            {
              "batter": "K Withanapathirana",
              "bowler": "S Fernando",
              "non_striker": "RK Chandraguptha",
              "runs": {
                "batter": 1,
                "extras": 0,
                "total": 1
              }
            }
          ]
        },
        {
          "over": 1,
          "deliveries": [
            {
              "batter": "K Withanapathirana",
              "bowler": "SA Fernando",
              "non_striker": "RK Chandraguptha",
              "runs": {
                "batter": 0,
                "extras": 0,
                "total": 0
              }
            },
            {
              "batter": "K Withanapathirana",
              "bowler": "SA Fernando",
              "non_striker": "RK Chandraguptha",
              "runs": {
                "batter": 0,
                "extras": 0,
                "total": 0
              },
              "wickets": [
                {
                  "player_out": "K Withanapathirana",
                  "fielders": [
                    {
                      "name": "S Samarawickrama"
                    }
                  ],
                  "kind": "caught"
                }
              ]
            },
            {
              "batter": "KPNM Karunanayake",
              "bowler": "SA Fernando",
              "non_striker": "RK Chandraguptha",
              "runs": {
                "batter": 1,
                "extras": 0,
                "total": 1
              }
            },
            {
              "batter": "RK Chandraguptha",
              "bowler": "SA Fernando",
              "non_striker": "KPNM Karunanayake",
              "runs": {
                "batter": 0,
                "extras": 0,
                "total": 0
              }
            },
            {
              "batter": "RK Chandraguptha",
              "bowler": "SA Fernando",
              "non_striker": "KPNM Karunanayake",
              "runs": {
                "batter": 1,
                "extras": 0,
                "total": 1
              }
            },
            {
              "batter": "KPNM Karunanayake",
              "bowler": "SA Fernando",
              "non_striker": "RK Chandraguptha",
              "runs": {
                "batter": 4,
                "extras": 0,
                "total": 4
              }
            }
          ]
        },
        {
          "over": 2,
          "deliveries": [
            {
              "batter": "RK Chandraguptha",
              "bowler": "RTM Mendis",
              "non_striker": "KPNM Karunanayake",
              "runs": {
                "batter": 0,
                "extras": 0,
                "total": 0
              }
            },
            {
              "batter": "RK Chandraguptha",
              "bowler": "RTM Mendis",
              "non_striker": "KPNM Karunanayake",
              "runs": {
                "batter": 4,
                "extras": 0,
                "total": 4
              }
            },
            {
              "batter": "RK Chandraguptha",
              "bowler": "RTM Mendis",
              "non_striker": "KPNM Karunanayake",
              "runs": {
                "batter": 0,
                "extras": 0,
                "total": 0
              }
            },
            {
              "batter": "RK Chandraguptha",
              "bowler": "RTM Mendis",
              "non_striker": "KPNM Karunanayake",
              "runs": {
                "batter": 0,
                "extras": 0,
                "total": 0
              }
            },
            {
              "batter": "RK Chandraguptha",
              "bowler": "RTM Mendis",
              "non_striker": "KPNM Karunanayake",
              "runs": {
                "batter": 0,
                "extras": 0,
                "total": 0
              }
            },
            {
              "batter": "RK Chandraguptha",
              "bowler": "RTM Mendis",
              "non_striker": "KPNM Karunanayake",
              "runs": {
                "batter": 1,
                "extras": 0,
                "total": 1
              }
            }
          ]
        },
        {
          "over": 3,
          "deliveries": [
            {
              "batter": "RK Chandraguptha",
              "bowler": "D Kumarasingha",
              "non_striker": "KPNM Karunanayake",
              "runs": {
                "batter": 4,
                "extras": 0,
                "total": 4
              }
            },
            {
              "batter": "RK Chandraguptha",
              "bowler": "D Kumarasingha",
              "non_striker": "KPNM Karunanayake",
              "runs": {
                "batter": 4,
                "extras": 0,
                "total": 4
              }
            },
            {
              "batter": "RK Chandraguptha",
              "bowler": "D Kumarasingha",
              "non_striker": "KPNM Karunanayake",
              "runs": {
                "batter": 1,
                "extras": 0,
                "total": 1
              }
            },
            {
              "batter": "KPNM Karunanayake",
              "bowler": "D Kumarasingha",
              "non_striker": "RK Chandraguptha",
              "runs": {
                "batter": 1,
                "extras": 0,
                "total": 1
              }
            },
            {
              "batter": "RK Chandraguptha",
              "bowler": "D Kumarasingha",
              "non_striker": "KPNM Karunanayake",
              "runs": {
                "batter": 4,
                "extras": 0,
                "total": 4
              }
            },
            {
              "batter": "RK Chandraguptha",
              "bowler": "D Kumarasingha",
              "non_striker": "KPNM Karunanayake",
              "runs": {
                "batter": 1,
                "extras": 0,
                "total": 1
              }
            }
          ]
        },
        {
          "over": 4,
          "deliveries": [
            {
              "batter": "RK Chandraguptha",
              "bowler": "RTM Mendis",
              "extras": {
                "wides": 1
              },
              "non_striker": "KPNM Karunanayake",
              "runs": {
                "batter": 0,
                "extras": 1,
                "total": 1
              }
            },
            {
              "batter": "RK Chandraguptha",
              "bowler": "RTM Mendis",
              "non_striker": "KPNM Karunanayake",
              "runs": {
                "batter": 0,
                "extras": 0,
                "total": 0
              }
            },
            {
              "batter": "RK Chandraguptha",
              "bowler": "RTM Mendis",
              "non_striker": "KPNM Karunanayake",
              "runs": {
                "batter": 0,
                "extras": 0,
                "total": 0
              }
            },
            {
              "batter": "RK Chandraguptha",
              "bowler": "RTM Mendis",
              "non_striker": "KPNM Karunanayake",
              "runs": {
                "batter": 1,
                "extras": 0,
                "total": 1
              }
            },
            {
              "batter": "KPNM Karunanayake",
              "bowler": "RTM Mendis",
              "extras": {
                "wides": 1
              },
              "non_striker": "RK Chandraguptha",
              "runs": {
                "batter": 0,
                "extras": 1,
                "total": 1
              }
            },
            {
              "batter": "KPNM Karunanayake",
              "bowler": "RTM Mendis",
              "non_striker": "RK Chandraguptha",
              "runs": {
                "batter": 1,
                "extras": 0,
                "total": 1
              }
            },
            {
              "batter": "RK Chandraguptha",
              "bowler": "RTM Mendis",
              "non_striker": "KPNM Karunanayake",
              "runs": {
                "batter": 0,
                "extras": 0,
                "total": 0
              }
            },
            {
              "batter": "RK Chandraguptha",
              "bowler": "RTM Mendis",
              "non_striker": "KPNM Karunanayake",
              "runs": {
                "batter": 1,
                "extras": 0,
                "total": 1
              }
            }
          ]
        },
        {
          "over": 5,
          "deliveries": [
            {
              "batter": "RK Chandraguptha",
              "bowler": "SA Fernando",
              "non_striker": "KPNM Karunanayake",
              "runs": {
                "batter": 6,
                "extras": 0,
                "total": 6
              }
            },
            {
              "batter": "RK Chandraguptha",
              "bowler": "SA Fernando",
              "non_striker": "KPNM Karunanayake",
              "runs": {
                "batter": 0,
                "extras": 0,
                "total": 0
              }
            },
            {
              "batter": "RK Chandraguptha",
              "bowler": "SA Fernando",
              "non_striker": "KPNM Karunanayake",
              "runs": {
                "batter": 0,
                "extras": 0,
                "total": 0
              }
            },
            {
              "batter": "RK Chandraguptha",
              "bowler": "SA Fernando",
              "non_striker": "KPNM Karunanayake",
              "runs": {
                "batter": 0,
                "extras": 0,
                "total": 0
              }
            },
            {
              "batter": "RK Chandraguptha",
              "bowler": "SA Fernando",
              "non_striker": "KPNM Karunanayake",
              "runs": {
                "batter": 1,
                "extras": 0,
                "total": 1
              }
            },
            {
              "batter": "KPNM Karunanayake",
              "bowler": "SA Fernando",
              "extras": {
                "wides": 1
              },
              "non_striker": "RK Chandraguptha",
              "runs": {
                "batter": 0,
                "extras": 1,
                "total": 1
              }
            },
            {
              "batter": "KPNM Karunanayake",
              "bowler": "SA Fernando",
              "non_striker": "RK Chandraguptha",
              "runs": {
                "batter": 1,
                "extras": 0,
                "total": 1
              }
            }
          ]
        },
        {
          "over": 6,
          "deliveries": [
            {
              "batter": "KPNM Karunanayake",
              "bowler": "P Jayawickrama",
              "non_striker": "RK Chandraguptha",
              "runs": {
                "batter": 1,
                "extras": 0,
                "total": 1
              }
            },
            {
              "batter": "RK Chandraguptha",
              "bowler": "P Jayawickrama",
              "non_striker": "KPNM Karunanayake",
              "runs": {
                "batter": 1,
                "extras": 0,
                "total": 1
              }
            },
            {
              "batter": "KPNM Karunanayake",
              "bowler": "P Jayawickrama",
              "non_striker": "RK Chandraguptha",
              "runs": {
                "batter": 1,
                "extras": 0,
                "total": 1
              }
            },
            {
              "batter": "RK Chandraguptha",
              "bowler": "P Jayawickrama",
              "non_striker": "KPNM Karunanayake",
              "runs": {
                "batter": 1,
                "extras": 0,
                "total": 1
              }
            },
            {
              "batter": "KPNM Karunanayake",
              "bowler": "P Jayawickrama",
              "non_striker": "RK Chandraguptha",
              "runs": {
                "batter": 0,
                "extras": 0,
                "total": 0
              }
            },
            {
              "batter": "KPNM Karunanayake",
              "bowler": "P Jayawickrama",
              "non_striker": "RK Chandraguptha",
              "runs": {
                "batter": 1,
                "extras": 0,
                "total": 1
              }
            }
          ]
        },
        {
          "over": 7,
          "deliveries": [
            {
              "batter": "KPNM Karunanayake",
              "bowler": "S Fernando",
              "non_striker": "RK Chandraguptha",
              "runs": {
                "batter": 1,
                "extras": 0,
                "total": 1
              },
              "wickets": [
                {
                  "player_out": "KPNM Karunanayake",
                  "fielders": [
                    {
                      "name": "S Gimhan"
                    },
                    {
                      "name": "SA Fernando"
                    }
                  ],
                  "kind": "run out"
                }
              ]
            },
            {
              "batter": "J Liyanage",
              "bowler": "S Fernando",
              "non_striker": "RK Chandraguptha",
              "runs": {
                "batter": 1,
                "extras": 0,
                "total": 1
              }
            },
            {
              "batter": "RK Chandraguptha",
              "bowler": "S Fernando",
              "non_striker": "J Liyanage",
              "runs": {
                "batter": 1,
                "extras": 0,
                "total": 1
              }
            },
            {
              "batter": "J Liyanage",
              "bowler": "S Fernando",
              "non_striker": "RK Chandraguptha",
              "runs": {
                "batter": 1,
                "extras": 0,
                "total": 1
              }
            },
            {
              "batter": "RK Chandraguptha",
              "bowler": "S Fernando",
              "non_striker": "J Liyanage",
              "runs": {
                "batter": 1,
                "extras": 0,
                "total": 1
              }
            },
            {
              "batter": "J Liyanage",
              "bowler": "S Fernando",
              "extras": {
                "wides": 1
              },
              "non_striker": "RK Chandraguptha",
              "runs": {
                "batter": 0,
                "extras": 1,
                "total": 1
              }
            },
            {
              "batter": "J Liyanage",
              "bowler": "S Fernando",
              "non_striker": "RK Chandraguptha",
              "runs": {
                "batter": 1,
                "extras": 0,
                "total": 1
              }
            }
          ]
        },
        {
          "over": 8,
          "deliveries": [
            {
              "batter": "J Liyanage",
              "bowler": "P Jayawickrama",
              "non_striker": "RK Chandraguptha",
              "runs": {
                "batter": 2,
                "extras": 0,
                "total": 2
              }
            },
            {
              "batter": "J Liyanage",
              "bowler": "P Jayawickrama",
              "non_striker": "RK Chandraguptha",
              "runs": {
                "batter": 0,
                "extras": 0,
                "total": 0
              }
            },
            {
              "batter": "J Liyanage",
              "bowler": "P Jayawickrama",
              "non_striker": "RK Chandraguptha",
              "runs": {
                "batter": 0,
                "extras": 0,
                "total": 0
              },
              "wickets": [
                {
                  "player_out": "J Liyanage",
                  "fielders": [
                    {
                      "name": "L Abeyratne"
                    }
                  ],
                  "kind": "caught"
                }
              ]
            },
            {
              "batter": "LD Madushanka",
              "bowler": "P Jayawickrama",
              "non_striker": "RK Chandraguptha",
              "runs": {
                "batter": 0,
                "extras": 0,
                "total": 0
              }
            },
            {
              "batter": "LD Madushanka",
              "bowler": "P Jayawickrama",
              "non_striker": "RK Chandraguptha",
              "runs": {
                "batter": 1,
                "extras": 0,
                "total": 1
              }
            },
            {
              "batter": "RK Chandraguptha",
              "bowler": "P Jayawickrama",
              "non_striker": "LD Madushanka",
              "runs": {
                "batter": 1,
                "extras": 0,
                "total": 1
              }
            }
          ]
        },
        {
          "over": 9,
          "deliveries": [
            {
              "batter": "RK Chandraguptha",
              "bowler": "M Tharupathi",
              "non_striker": "LD Madushanka",
              "runs": {
                "batter": 0,
                "extras": 0,
                "total": 0
              }
            },
            {
              "batter": "RK Chandraguptha",
              "bowler": "M Tharupathi",
              "non_striker": "LD Madushanka",
              "runs": {
                "batter": 0,
                "extras": 0,
                "total": 0
              }
            },
            {
              "batter": "RK Chandraguptha",
              "bowler": "M Tharupathi",
              "non_striker": "LD Madushanka",
              "runs": {
                "batter": 1,
                "extras": 0,
                "total": 1
              }
            },
            {
              "batter": "LD Madushanka",
              "bowler": "M Tharupathi",
              "non_striker": "RK Chandraguptha",
              "runs": {
                "batter": 0,
                "extras": 0,
                "total": 0
              },
              "wickets": [
                {
                  "player_out": "LD Madushanka",
                  "fielders": [
                    {
                      "name": "UVS Fernando"
                    }
                  ],
                  "kind": "caught"
                }
              ]
            },
            {
              "batter": "T Harshana",
              "bowler": "M Tharupathi",
              "non_striker": "RK Chandraguptha",
              "runs": {
                "batter": 1,
                "extras": 0,
                "total": 1
              }
            },
            {
              "batter": "RK Chandraguptha",
              "bowler": "M Tharupathi",
              "non_striker": "T Harshana",
              "runs": {
                "batter": 0,
                "extras": 0,
                "total": 0
              }
            }
          ]
        },
        {
          "over": 10,
          "deliveries": [
            {
              "batter": "T Harshana",
              "bowler": "S Fernando",
              "non_striker": "RK Chandraguptha",
              "runs": {
                "batter": 1,
                "extras": 0,
                "total": 1
              }
            },
            {
              "batter": "RK Chandraguptha",
              "bowler": "S Fernando",
              "non_striker": "T Harshana",
              "runs": {
                "batter": 1,
                "extras": 0,
                "total": 1
              }
            },
            {
              "batter": "T Harshana",
              "bowler": "S Fernando",
              "non_striker": "RK Chandraguptha",
              "runs": {
                "batter": 1,
                "extras": 0,
                "total": 1
              }
            },
            {
              "batter": "RK Chandraguptha",
              "bowler": "S Fernando",
              "extras": {
                "wides": 1
              },
              "non_striker": "T Harshana",
              "runs": {
                "batter": 0,
                "extras": 1,
                "total": 1
              }
            },
            {
              "batter": "RK Chandraguptha",
              "bowler": "S Fernando",
              "non_striker": "T Harshana",
              "runs": {
                "batter": 0,
                "extras": 0,
                "total": 0
              }
            },
            {
              "batter": "RK Chandraguptha",
              "bowler": "S Fernando",
              "extras": {
                "wides": 2
              },
              "non_striker": "T Harshana",
              "runs": {
                "batter": 0,
                "extras": 2,
                "total": 2
              }
            },
            {
              "batter": "T Harshana",
              "bowler": "S Fernando",
              "non_striker": "RK Chandraguptha",
              "runs": {
                "batter": 1,
                "extras": 0,
                "total": 1
              }
            },
            {
              "batter": "RK Chandraguptha",
              "bowler": "S Fernando",
              "non_striker": "T Harshana",
              "runs": {
                "batter": 1,
                "extras": 0,
                "total": 1
              }
            }
          ]
        },
        {
          "over": 11,
          "deliveries": [
            {
              "batter": "RK Chandraguptha",
              "bowler": "M Tharupathi",
              "non_striker": "T Harshana",
              "runs": {
                "batter": 4,
                "extras": 0,
                "total": 4
              }
            },
            {
              "batter": "RK Chandraguptha",
              "bowler": "M Tharupathi",
              "non_striker": "T Harshana",
              "runs": {
                "batter": 1,
                "extras": 0,
                "total": 1
              }
            },
            {
              "batter": "T Harshana",
              "bowler": "M Tharupathi",
              "non_striker": "RK Chandraguptha",
              "runs": {
                "batter": 1,
                "extras": 0,
                "total": 1
              },
              "wickets": [
                {
                  "player_out": "T Harshana",
                  "fielders": [
                    {
                      "name": "Ravishan de Silva",
                      "substitute": true
                    }
                  ],
                  "kind": "run out"
                }
              ]
            },
            {
              "batter": "EDBH Jayasinghe",
              "bowler": "M Tharupathi",
              "non_striker": "RK Chandraguptha",
              "runs": {
                "batter": 0,
                "extras": 0,
                "total": 0
              }
            },
            {
              "batter": "EDBH Jayasinghe",
              "bowler": "M Tharupathi",
              "non_striker": "RK Chandraguptha",
              "runs": {
                "batter": 0,
                "extras": 0,
                "total": 0
              }
            },
            {
              "batter": "EDBH Jayasinghe",
              "bowler": "M Tharupathi",
              "non_striker": "RK Chandraguptha",
              "runs": {
                "batter": 0,
                "extras": 0,
                "total": 0
              }
            }
          ]
        },
        {
          "over": 12,
          "deliveries": [
            {
              "batter": "RK Chandraguptha",
              "bowler": "P Jayawickrama",
              "non_striker": "EDBH Jayasinghe",
              "runs": {
                "batter": 1,
                "extras": 0,
                "total": 1
              }
            },
            {
              "batter": "EDBH Jayasinghe",
              "bowler": "P Jayawickrama",
              "non_striker": "RK Chandraguptha",
              "runs": {
                "batter": 0,
                "extras": 0,
                "total": 0
              },
              "wickets": [
                {
                  "player_out": "EDBH Jayasinghe",
                  "fielders": [
                    {
                      "name": "S Gimhan"
                    }
                  ],
                  "kind": "caught"
                }
              ]
            },
            {
              "batter": "TN Guruge",
              "bowler": "P Jayawickrama",
              "non_striker": "RK Chandraguptha",
              "runs": {
                "batter": 0,
                "extras": 0,
                "total": 0
              }
            },
            {
              "batter": "TN Guruge",
              "bowler": "P Jayawickrama",
              "non_striker": "RK Chandraguptha",
              "runs": {
                "batter": 1,
                "extras": 0,
                "total": 1
              }
            },
            {
              "batter": "RK Chandraguptha",
              "bowler": "P Jayawickrama",
              "non_striker": "TN Guruge",
              "runs": {
                "batter": 1,
                "extras": 0,
                "total": 1
              }
            },
            {
              "batter": "TN Guruge",
              "bowler": "P Jayawickrama",
              "non_striker": "RK Chandraguptha",
              "runs": {
                "batter": 1,
                "extras": 0,
                "total": 1
              }
            }
          ]
        },
        {
          "over": 13,
          "deliveries": [
            {
              "batter": "TN Guruge",
              "bowler": "RTM Mendis",
              "non_striker": "RK Chandraguptha",
              "runs": {
                "batter": 0,
                "extras": 0,
                "total": 0
              }
            },
            {
              "batter": "TN Guruge",
              "bowler": "RTM Mendis",
              "non_striker": "RK Chandraguptha",
              "runs": {
                "batter": 1,
                "extras": 0,
                "total": 1
              }
            },
            {
              "batter": "RK Chandraguptha",
              "bowler": "RTM Mendis",
              "non_striker": "TN Guruge",
              "runs": {
                "batter": 1,
                "extras": 0,
                "total": 1
              }
            },
            {
              "batter": "TN Guruge",
              "bowler": "RTM Mendis",
              "non_striker": "RK Chandraguptha",
              "runs": {
                "batter": 1,
                "extras": 0,
                "total": 1
              }
            },
            {
              "batter": "RK Chandraguptha",
              "bowler": "RTM Mendis",
              "non_striker": "TN Guruge",
              "runs": {
                "batter": 1,
                "extras": 0,
                "total": 1
              }
            },
            {
              "batter": "TN Guruge",
              "bowler": "RTM Mendis",
              "non_striker": "RK Chandraguptha",
              "runs": {
                "batter": 0,
                "extras": 0,
                "total": 0
              }
            }
          ]
        },
        {
          "over": 14,
          "deliveries": [
            {
              "batter": "RK Chandraguptha",
              "bowler": "S Fernando",
              "non_striker": "TN Guruge",
              "runs": {
                "batter": 1,
                "extras": 0,
                "total": 1
              }
            },
            {
              "batter": "TN Guruge",
              "bowler": "S Fernando",
              "non_striker": "RK Chandraguptha",
              "runs": {
                "batter": 1,
                "extras": 0,
                "total": 1
              }
            },
            {
              "batter": "RK Chandraguptha",
              "bowler": "S Fernando",
              "non_striker": "TN Guruge",
              "runs": {
                "batter": 1,
                "extras": 0,
                "total": 1
              }
            },
            {
              "batter": "TN Guruge",
              "bowler": "S Fernando",
              "non_striker": "RK Chandraguptha",
              "runs": {
                "batter": 0,
                "extras": 0,
                "total": 0
              }
            },
            {
              "batter": "TN Guruge",
              "bowler": "S Fernando",
              "non_striker": "RK Chandraguptha",
              "runs": {
                "batter": 1,
                "extras": 0,
                "total": 1
              }
            },
            {
              "batter": "RK Chandraguptha",
              "bowler": "S Fernando",
              "non_striker": "TN Guruge",
              "runs": {
                "batter": 1,
                "extras": 0,
                "total": 1
              }
            }
          ]
        },
        {
          "over": 15,
          "deliveries": [
            {
              "batter": "RK Chandraguptha",
              "bowler": "SA Fernando",
              "non_striker": "TN Guruge",
              "runs": {
                "batter": 1,
                "extras": 0,
                "total": 1
              }
            },
            {
              "batter": "TN Guruge",
              "bowler": "SA Fernando",
              "non_striker": "RK Chandraguptha",
              "runs": {
                "batter": 0,
                "extras": 0,
                "total": 0
              },
              "wickets": [
                {
                  "player_out": "TN Guruge",
                  "fielders": [
                    {
                      "name": "D Kumarasingha"
                    }
                  ],
                  "kind": "caught"
                }
              ]
            },
            {
              "batter": "JDF Vandersay",
              "bowler": "SA Fernando",
              "extras": {
                "byes": 1
              },
              "non_striker": "RK Chandraguptha",
              "runs": {
                "batter": 0,
                "extras": 1,
                "total": 1
              }
            },
            {
              "batter": "RK Chandraguptha",
              "bowler": "SA Fernando",
              "non_striker": "JDF Vandersay",
              "runs": {
                "batter": 2,
                "extras": 0,
                "total": 2
              }
            },
            {
              "batter": "RK Chandraguptha",
              "bowler": "SA Fernando",
              "non_striker": "JDF Vandersay",
              "runs": {
                "batter": 6,
                "extras": 0,
                "total": 6
              }
            },
            {
              "batter": "RK Chandraguptha",
              "bowler": "SA Fernando",
              "non_striker": "JDF Vandersay",
              "runs": {
                "batter": 1,
                "extras": 0,
                "total": 1
              }
            }
          ]
        },
        {
          "over": 16,
          "deliveries": [
            {
              "batter": "RK Chandraguptha",
              "bowler": "P Jayawickrama",
              "non_striker": "JDF Vandersay",
              "runs": {
                "batter": 1,
                "extras": 0,
                "total": 1
              }
            },
            {
              "batter": "JDF Vandersay",
              "bowler": "P Jayawickrama",
              "extras": {
                "legbyes": 1
              },
              "non_striker": "RK Chandraguptha",
              "runs": {
                "batter": 0,
                "extras": 1,
                "total": 1
              }
            },
            {
              "batter": "RK Chandraguptha",
              "bowler": "P Jayawickrama",
              "non_striker": "JDF Vandersay",
              "runs": {
                "batter": 6,
                "extras": 0,
                "total": 6
              }
            },
            {
              "batter": "RK Chandraguptha",
              "bowler": "P Jayawickrama",
              "non_striker": "JDF Vandersay",
              "runs": {
                "batter": 1,
                "extras": 0,
                "total": 1
              }
            },
            {
              "batter": "JDF Vandersay",
              "bowler": "P Jayawickrama",
              "non_striker": "RK Chandraguptha",
              "runs": {
                "batter": 0,
                "extras": 0,
                "total": 0
              },
              "wickets": [
                {
                  "player_out": "JDF Vandersay",
                  "kind": "caught and bowled"
                }
              ]
            },
            {
              "batter": "K Piyumal",
              "bowler": "P Jayawickrama",
              "non_striker": "RK Chandraguptha",
              "runs": {
                "batter": 0,
                "extras": 0,
                "total": 0
              }
            }
          ]
        },
        {
          "over": 17,
          "deliveries": [
            {
              "batter": "RK Chandraguptha",
              "bowler": "RTM Mendis",
              "non_striker": "K Piyumal",
              "runs": {
                "batter": 0,
                "extras": 0,
                "total": 0
              },
              "wickets": [
                {
                  "player_out": "RK Chandraguptha",
                  "fielders": [
                    {
                      "name": "M Tharupathi"
                    }
                  ],
                  "kind": "caught"
                }
              ]
            },
            {
              "batter": "E Malinga",
              "bowler": "RTM Mendis",
              "non_striker": "K Piyumal",
              "runs": {
                "batter": 0,
                "extras": 0,
                "total": 0
              }
            },
            {
              "batter": "E Malinga",
              "bowler": "RTM Mendis",
              "non_striker": "K Piyumal",
              "runs": {
                "batter": 0,
                "extras": 0,
                "total": 0
              },
              "wickets": [
                {
                  "player_out": "E Malinga",
                  "kind": "bowled"
                }
              ]
            }
          ]
        }
      ],
      "powerplays": [
        {
          "from": 0.1,
          "to": 5.7,
          "type": "mandatory"
        }
      ],
      "target": {
        "overs": 20,
        "runs": 157
      }
    }
  ]
}