{
  "meta": {
    "data_version": "1.1.0",
    "created": "2025-07-13",
    "revision": 1
  },
  "info": {
    "balls_per_over": 6,
    "city": "Colombo",
    "dates": [
      "2025-06-06"
    ],
    "event": {
      "name": "Major Clubs T20 Tournament",
      "group": "B"
    },
    "gender": "male",
    "match_type": "T20",
    "officials": {
      "match_referees": [
        "BCMS Mendis"
      ],
      "reserve_umpires": [
        "R Dulsiri"
      ],
      "umpires": [
        "ID Gunawardene",
        "LE Hannibal"
      ]
    },
    "outcome": {
      "winner": "Nugegoda Sports Welfare Club",
      "by": {
        "runs": 1
      }
    },
    "overs": 20,
    "players": {
      "Nugegoda Sports Welfare Club": [
        "Pulindu Perera",
        "Tillakaratne Sampath",
        "D Manchanayake",
        "NR Gunasekera",
        "Kevin Perera",
        "ST Mendis",
        "A Muthalib",
        "P Pathum",
        "BGS Mendis",
        "Abdul Hakam",
        "M Heshan"
      ],
      "Colts Cricket Club": [
        "MMMS Cooray",
        "HM Kapurubandara",
        "H Gallage",
        "WRKS Darshika",
        "DN Wellalage",
        "M Lakshan",
        "R Ganganath",
        "K Anjula",
        "T Wimaladharma",
        "D Madushanka",
        "S Krishnashriram"
      ]
    },
    "registry": {
      "people": {
        "A Muthalib": "c08bdbbe",
        "Abdul Hakam": "de37954b",
        "BCMS Mendis": "e3f6e4ac",
        "BGS Mendis": "29a1e487",
        "D Madushanka": "de7d833e",
        "D Manchanayake": "b8ef67a0",
        "DN Wellalage": "736123bb",
        "H Gallage": "17b3e75c",
        "HM Kapurubandara": "64c88fab",
        "ID Gunawardene": "63841782",
        "K Anjula": "363e36a7",
        "Kevin Perera": "e88e6a14",
        "LE Hannibal": "3c04e91a",
        "M Heshan": "203b6a40",
        "M Lakshan": "aa844d38",
        "MMMS Cooray": "54fff140",
        "NR Gunasekera": "88781812",
        "P Pathum": "461bde69",
        "Pulindu Perera": "d33740d9",
        "R Dulsiri": "a7d3d23c",
        "R Ganganath": "2d62198b",
        "S Krishnashriram": "284c4330",
        "ST Mendis": "2a53d8a4",
        "T Wimaladharma": "f87db036",
        "Tillakaratne Sampath": "dc002962",
        "WRKS Darshika": "268af93b"
      }
    },
    "season": "2025",
    "team_type": "club",
    "teams": [
      "Nugegoda Sports Welfare Club",
      "Colts Cricket Club"
    ],
    "toss": {
      "decision": "field",
      "winner": "Colts Cricket Club"
    },
    "venue": "Colombo Cricket Club Ground"
  },
  "innings": [
    {
      "team": "Nugegoda Sports Welfare Club",
      "overs": [
        {
          "over": 0,
          "deliveries": [
            {
              "batter": "Pulindu Perera",
              "bowler": "D Madushanka",
              "non_striker": "Tillakaratne Sampath",
              "runs": {
                "batter": 1,
                "extras": 0,
                "total": 1
              }
            },
            {
              "batter": "Tillakaratne Sampath",
              "bowler": "D Madushanka",
              "non_striker": "Pulindu Perera",
              "runs": {
                "batter": 1,
                "extras": 0,
                "total": 1
              }
            },
            {
              "batter": "Pulindu Perera",
              "bowler": "D Madushanka",
              "non_striker": "Tillakaratne Sampath",
              "runs": {
                "batter": 2,
                "extras": 0,
                "total": 2
              }
            },
            {
              "batter": "Pulindu Perera",
              "bowler": "D Madushanka",
              "non_striker": "Tillakaratne Sampath",
              "runs": {
                "batter": 0,
                "extras": 0,
                "total": 0
              }
            },
            {
              "batter": "Pulindu Perera",
              "bowler": "D Madushanka",
              "non_striker": "Tillakaratne Sampath",
              "runs": {
                "batter": 0,
                "extras": 0,
                "total": 0
              }
            },
            {
              "batter": "Pulindu Perera",
              "bowler": "D Madushanka",
              "non_striker": "Tillakaratne Sampath",
              "runs": {
                "batter": 2,
                "extras": 0,
                "total": 2
              }
            }
          ]
        },
        {
          "over": 1,
          "deliveries": [
            {
              "batter": "Tillakaratne Sampath",
              "bowler": "K Anjula",
              "non_striker": "Pulindu Perera",
              "runs": {
                "batter": 0,
                "extras": 0,
                "total": 0
              }
            },
            {
              "batter": "Tillakaratne Sampath",
              "bowler": "K Anjula",
              "non_striker": "Pulindu Perera",
              "runs": {
                "batter": 0,
                "extras": 0,
                "total": 0
              }
            },
            {
              "batter": "Tillakaratne Sampath",
              "bowler": "K Anjula",
              "non_striker": "Pulindu Perera",
              "runs": {
                "batter": 6,
                "extras": 0,
                "total": 6
              }
            },
            {
              "batter": "Tillakaratne Sampath",
              "bowler": "K Anjula",
              "non_striker": "Pulindu Perera",
              "runs": {
                "batter": 0,
                "extras": 0,
                "total": 0
              }
            },
            {
              "batter": "Tillakaratne Sampath",
              "bowler": "K Anjula",
              "non_striker": "Pulindu Perera",
              "runs": {
                "batter": 0,
                "extras": 0,
                "total": 0
              }
            },
            {
              "batter": "Tillakaratne Sampath",
              "bowler": "K Anjula",
              "non_striker": "Pulindu Perera",
              "runs": {
                "batter": 1,
                "extras": 0,
                "total": 1
              }
            }
          ]
        },
        {
          "over": 2,
          "deliveries": [
            {
              "batter": "Tillakaratne Sampath",
              "bowler": "D Madushanka",
              "non_striker": "Pulindu Perera",
              "runs": {
                "batter": 0,
                "extras": 0,
                "total": 0
              }
            },
            {
              "batter": "Tillakaratne Sampath",
              "bowler": "D Madushanka",
              "extras": {
                "wides": 5
              },
              "non_striker": "Pulindu Perera",
              "runs": {
                "batter": 0,
                "extras": 5,
                "total": 5
              }
            },
            {
              "batter": "Tillakaratne Sampath",
              "bowler": "D Madushanka",
              "non_striker": "Pulindu Perera",
              "runs": {
                "batter": 1,
                "extras": 0,
                "total": 1
              }
            },
            {
              "batter": "Pulindu Perera",
              "bowler": "D Madushanka",
              "non_striker": "Tillakaratne Sampath",
              "runs": {
                "batter": 4,
                "extras": 0,
                "total": 4
              }
            },
            {
              "batter": "Pulindu Perera",
              "bowler": "D Madushanka",
              "non_striker": "Tillakaratne Sampath",
              "runs": {
                "batter": 0,
                "extras": 0,
                "total": 0
              }
            },
            {
              "batter": "Pulindu Perera",
              "bowler": "D Madushanka",
              "extras": {
                "wides": 1
              },
              "non_striker": "Tillakaratne Sampath",
              "runs": {
                "batter": 0,
                "extras": 1,
                "total": 1
              }
            },
            {
              "batter": "Pulindu Perera",
              "bowler": "D Madushanka",
              "extras": {
                "wides": 1
              },
              "non_striker": "Tillakaratne Sampath",
              "runs": {
                "batter": 0,
                "extras": 1,
                "total": 1
              }
            },
            {
              "batter": "Pulindu Perera",
              "bowler": "D Madushanka",
              "non_striker": "Tillakaratne Sampath",
              "runs": {
                "batter": 4,
                "extras": 0,
                "total": 4
              }
            },
            {
              "batter": "Pulindu Perera",
              "bowler": "D Madushanka",
              "non_striker": "Tillakaratne Sampath",
              "runs": {
                "batter": 0,
                "extras": 0,
                "total": 0
              }
            }
          ]
        },
        {
          "over": 3,
          "deliveries": [
            {
              "batter": "Tillakaratne Sampath",
              "bowler": "DN Wellalage",
              "non_striker": "Pulindu Perera",
              "runs": {
                "batter": 0,
                "extras": 0,
                "total": 0
              }
            },
            {
              "batter": "Tillakaratne Sampath",
              "bowler": "DN Wellalage",
              "non_striker": "Pulindu Perera",
              "runs": {
                "batter": 0,
                "extras": 0,
                "total": 0
              }
            },
            {
              "batter": "Tillakaratne Sampath",
              "bowler": "DN Wellalage",
              "non_striker": "Pulindu Perera",
              "runs": {
                "batter": 2,
                "extras": 0,
                "total": 2
              }
            },
            {
              "batter": "Tillakaratne Sampath",
              "bowler": "DN Wellalage",
              "non_striker": "Pulindu Perera",
              "runs": {
                "batter": 1,
                "extras": 0,
                "total": 1
              }
            },
            {
              "batter": "Pulindu Perera",
              "bowler": "DN Wellalage",
              "extras": {
                "byes": 4
              },
              "non_striker": "Tillakaratne Sampath",
              "runs": {
                "batter": 0,
                "extras": 4,
                "total": 4
              }
            },
            {
              "batter": "Pulindu Perera",
              "bowler": "DN Wellalage",
              "non_striker": "Tillakaratne Sampath",
              "runs": {
                "batter": 0,
                "extras": 0,
                "total": 0
              }
            }
          ]
        },
        {
          "over": 4,
          "deliveries": [
            {
              "batter": "Tillakaratne Sampath",
              "bowler": "T Wimaladharma",
              "extras": {
                "wides": 3
              },
              "non_striker": "Pulindu Perera",
              "runs": {
                "batter": 0,
                "extras": 3,
                "total": 3
              }
            },
            {
              "batter": "Tillakaratne Sampath",
              "bowler": "T Wimaladharma",
              "non_striker": "Pulindu Perera",
              "runs": {
                "batter": 0,
                "extras": 0,
                "total": 0
              }
            },
            {
              "batter": "Tillakaratne Sampath",
              "bowler": "T Wimaladharma",
              "non_striker": "Pulindu Perera",
              "runs": {
                "batter": 1,
                "extras": 0,
                "total": 1
              }
            },
            {
              "batter": "Pulindu Perera",
              "bowler": "T Wimaladharma",
              "non_striker": "Tillakaratne Sampath",
              "runs": {
                "batter": 0,
                "extras": 0,
                "total": 0
              }
            },
            {
              "batter": "Pulindu Perera",
              "bowler": "T Wimaladharma",
              "non_striker": "Tillakaratne Sampath",
              "runs": {
                "batter": 0,
                "extras": 0,
                "total": 0
              }
            },
            {
              "batter": "Pulindu Perera",
              "bowler": "T Wimaladharma",
              "non_striker": "Tillakaratne Sampath",
              "runs": {
                "batter": 0,
                "extras": 0,
                "total": 0
              }
            },
            {
              "batter": "Pulindu Perera",
              "bowler": "T Wimaladharma",
              "non_striker": "Tillakaratne Sampath",
              "runs": {
                "batter": 4,
                "extras": 0,
                "total": 4
              }
            }
          ]
        },
        {
          "over": 5,
          "deliveries": [
            {
              "batter": "Tillakaratne Sampath",
              "bowler": "M Lakshan",
              "non_striker": "Pulindu Perera",
              "runs": {
                "batter": 1,
                "extras": 0,
                "total": 1
              }
            },
            {
              "batter": "Pulindu Perera",
              "bowler": "M Lakshan",
              "non_striker": "Tillakaratne Sampath",
              "runs": {
                "batter": 1,
                "extras": 0,
                "total": 1
              }
            },
            {
              "batter": "Tillakaratne Sampath",
              "bowler": "M Lakshan",
              "non_striker": "Pulindu Perera",
              "runs": {
                "batter": 0,
                "extras": 0,
                "total": 0
              },
              "wickets": [
                {
                  "player_out": "Tillakaratne Sampath",
                  "kind": "bowled"
                }
              ]
            },
            {
              "batter": "D Manchanayake",
              "bowler": "M Lakshan",
              "non_striker": "Pulindu Perera",
              "runs": {
                "batter": 1,
                "extras": 0,
                "total": 1
              }
            },
            {
              "batter": "Pulindu Perera",
              "bowler": "M Lakshan",
              "non_striker": "D Manchanayake",
              "runs": {
                "batter": 1,
                "extras": 0,
                "total": 1
              }
            },
            {
              "batter": "D Manchanayake",
              "bowler": "M Lakshan",
              "non_striker": "Pulindu Perera",
              "runs": {
                "batter": 0,
                "extras": 0,
                "total": 0
              }
            }
          ]
        },
        {
          "over": 6,
          "deliveries": [
            {
              "batter": "Pulindu Perera",
              "bowler": "S Krishnashriram",
              "non_striker": "D Manchanayake",
              "runs": {
                "batter": 0,
                "extras": 0,
                "total": 0
              }
            },
            {
              "batter": "Pulindu Perera",
              "bowler": "S Krishnashriram",
              "non_striker": "D Manchanayake",
              "runs": {
                "batter": 0,
                "extras": 0,
                "total": 0
              },
              "wickets": [
                {
                  "player_out": "Pulindu Perera",
                  "fielders": [
                    {
                      "name": "D Madushanka"
                    }
                  ],
                  "kind": "caught"
                }
              ]
            },
            {
              "batter": "NR Gunasekera",
              "bowler": "S Krishnashriram",
              "non_striker": "D Manchanayake",
              "runs": {
                "batter": 0,
                "extras": 0,
                "total": 0
              }
            },
            {
              "batter": "NR Gunasekera",
              "bowler": "S Krishnashriram",
              "non_striker": "D Manchanayake",
              "runs": {
                "batter": 0,
                "extras": 0,
                "total": 0
              }
            },
            {
              "batter": "NR Gunasekera",
              "bowler": "S Krishnashriram",
              "non_striker": "D Manchanayake",
              "runs": {
                "batter": 1,
                "extras": 0,
                "total": 1
              }
            },
            {
              "batter": "D Manchanayake",
              "bowler": "S Krishnashriram",
              "non_striker": "NR Gunasekera",
              "runs": {
                "batter": 1,
                "extras": 0,
                "total": 1
              }
            }
          ]
        },
        {
          "over": 7,
          "deliveries": [
            {
              "batter": "D Manchanayake",
              "bowler": "T Wimaladharma",
              "non_striker": "NR Gunasekera",
              "runs": {
                "batter": 1,
                "extras": 0,
                "total": 1
              }
            },
            {
              "batter": "NR Gunasekera",
              "bowler": "T Wimaladharma",
              "non_striker": "D Manchanayake",
              "runs": {
                "batter": 1,
                "extras": 0,
                "total": 1
              }
            },
            {
              "batter": "D Manchanayake",
              "bowler": "T Wimaladharma",
              "non_striker": "NR Gunasekera",
              "runs": {
                "batter": 0,
                "extras": 0,
                "total": 0
              }
            },
            {
              "batter": "D Manchanayake",
              "bowler": "T Wimaladharma",
              "non_striker": "NR Gunasekera",
              "runs": {
                "batter": 4,
                "extras": 0,
                "total": 4
              }
            },
            {
              "batter": "D Manchanayake",
              "bowler": "T Wimaladharma",
              "non_striker": "NR Gunasekera",
              "runs": {
                "batter": 1,
                "extras": 0,
                "total": 1
              }
            },
            {
              "batter": "NR Gunasekera",
              "bowler": "T Wimaladharma",
              "non_striker": "D Manchanayake",
              "runs": {
                "batter": 1,
                "extras": 0,
                "total": 1
              }
            }
          ]
        },
        {
          "over": 8,
          "deliveries": [
            {
              "batter": "NR Gunasekera",
              "bowler": "S Krishnashriram",
              "non_striker": "D Manchanayake",
              "runs": {
                "batter": 1,
                "extras": 0,
                "total": 1
              }
            },
            {
              "batter": "D Manchanayake",
              "bowler": "S Krishnashriram",
              "non_striker": "NR Gunasekera",
              "runs": {
                "batter": 0,
                "extras": 0,
                "total": 0
              }
            },
            {
              "batter": "D Manchanayake",
              "bowler": "S Krishnashriram",
              "non_striker": "NR Gunasekera",
              "runs": {
                "batter": 0,
                "extras": 0,
                "total": 0
              }
            },
            {
              "batter": "D Manchanayake",
              "bowler": "S Krishnashriram",
              "non_striker": "NR Gunasekera",
              "runs": {
                "batter": 0,
                "extras": 0,
                "total": 0
              }
            },
            {
              "batter": "D Manchanayake",
              "bowler": "S Krishnashriram",
              "non_striker": "NR Gunasekera",
              "runs": {
                "batter": 0,
                "extras": 0,
                "total": 0
              },
              "wickets": [
                {
                  "player_out": "D Manchanayake",
                  "kind": "lbw"
                }
              ]
            },
            {
              "batter": "Kevin Perera",
              "bowler": "S Krishnashriram",
              "non_striker": "NR Gunasekera",
              "runs": {
                "batter": 0,
                "extras": 0,
                "total": 0
              }
            }
          ]
        },
        {
          "over": 9,
          "deliveries": [
            {
              "batter": "NR Gunasekera",
              "bowler": "DN Wellalage",
              "non_striker": "Kevin Perera",
              "runs": {
                "batter": 1,
                "extras": 0,
                "total": 1
              }
            },
            {
              "batter": "Kevin Perera",
              "bowler": "DN Wellalage",
              "non_striker": "NR Gunasekera",
              "runs": {
                "batter": 1,
                "extras": 0,
                "total": 1
              }
            },
            {
              "batter": "NR Gunasekera",
              "bowler": "DN Wellalage",
              "non_striker": "Kevin Perera",
              "runs": {
                "batter": 1,
                "extras": 0,
                "total": 1
              }
            },
            {
              "batter": "Kevin Perera",
              "bowler": "DN Wellalage",
              "extras": {
                "legbyes": 1
              },
              "non_striker": "NR Gunasekera",
              "runs": {
                "batter": 0,
                "extras": 1,
                "total": 1
              }
            },
            {
              "batter": "NR Gunasekera",
              "bowler": "DN Wellalage",
              "non_striker": "Kevin Perera",
              "runs": {
                "batter": 0,
                "extras": 0,
                "total": 0
              }
            },
            {
              "batter": "NR Gunasekera",
              "bowler": "DN Wellalage",
              "non_striker": "Kevin Perera",
              "runs": {
                "batter": 6,
                "extras": 0,
                "total": 6
              }
            }
          ]
        },
        {
          "over": 10,
          "deliveries": [
            {
              "batter": "Kevin Perera",
              "bowler": "S Krishnashriram",
              "non_striker": "NR Gunasekera",
              "runs": {
                "batter": 1,
                "extras": 0,
                "total": 1
              }
            },
            {
              "batter": "NR Gunasekera",
              "bowler": "S Krishnashriram",
              "non_striker": "Kevin Perera",
              "runs": {
                "batter": 2,
                "extras": 0,
                "total": 2
              }
            },
            {
              "batter": "NR Gunasekera",
              "bowler": "S Krishnashriram",
              "non_striker": "Kevin Perera",
              "runs": {
                "batter": 1,
                "extras": 0,
                "total": 1
              }
            },
            {
              "batter": "Kevin Perera",
              "bowler": "S Krishnashriram",
              "non_striker": "NR Gunasekera",
              "runs": {
                "batter": 1,
                "extras": 0,
                "total": 1
              }
            },
            {
              "batter": "NR Gunasekera",
              "bowler": "S Krishnashriram",
              "non_striker": "Kevin Perera",
              "runs": {
                "batter": 0,
                "extras": 0,
                "total": 0
              },
              "wickets": [
                {
                  "player_out": "NR Gunasekera",
                  "fielders": [
                    {
                      "name": "HM Kapurubandara"
                    }
                  ],
                  "kind": "caught"
                }
              ]
            },
            {
              "batter": "ST Mendis",
              "bowler": "S Krishnashriram",
              "non_striker": "Kevin Perera",
              "runs": {
                "batter": 0,
                "extras": 0,
                "total": 0
              }
            }
          ]
        },
        {
          "over": 11,
          "deliveries": [
            {
              "batter": "Kevin Perera",
              "bowler": "M Lakshan",
              "non_striker": "ST Mendis",
              "runs": {
                "batter": 0,
                "extras": 0,
                "total": 0
              }
            },
            {
              "batter": "Kevin Perera",
              "bowler": "M Lakshan",
              "non_striker": "ST Mendis",
              "runs": {
                "batter": 4,
                "extras": 0,
                "total": 4
              }
            },
            {
              "batter": "Kevin Perera",
              "bowler": "M Lakshan",
              "non_striker": "ST Mendis",
              "runs": {
                "batter": 1,
                "extras": 0,
                "total": 1
              }
            },
            {
              "batter": "ST Mendis",
              "bowler": "M Lakshan",
              "non_striker": "Kevin Perera",
              "runs": {
                "batter": 4,
                "extras": 0,
                "total": 4
              }
            },
            {
              "batter": "ST Mendis",
              "bowler": "M Lakshan",
              "non_striker": "Kevin Perera",
              "runs": {
                "batter": 0,
                "extras": 0,
                "total": 0
              }
            },
            {
              "batter": "ST Mendis",
              "bowler": "M Lakshan",
              "non_striker": "Kevin Perera",
              "runs": {
                "batter": 0,
                "extras": 0,
                "total": 0
              }
            }
          ]
        },
        {
          "over": 12,
          "deliveries": [
            {
              "batter": "Kevin Perera",
              "bowler": "T Wimaladharma",
              "non_striker": "ST Mendis",
              "runs": {
                "batter": 4,
                "extras": 0,
                "total": 4
              }
            },
            {
              "batter": "Kevin Perera",
              "bowler": "T Wimaladharma",
              "non_striker": "ST Mendis",
              "runs": {
                "batter": 2,
                "extras": 0,
                "total": 2
              }
            },
            {
              "batter": "Kevin Perera",
              "bowler": "T Wimaladharma",
              "non_striker": "ST Mendis",
              "runs": {
                "batter": 2,
                "extras": 0,
                "total": 2
              }
            },
            {
              "batter": "Kevin Perera",
              "bowler": "T Wimaladharma",
              "non_striker": "ST Mendis",
              "runs": {
                "batter": 1,
                "extras": 0,
                "total": 1
              }
            },
            {
              "batter": "ST Mendis",
              "bowler": "T Wimaladharma",
              "non_striker": "Kevin Perera",
              "runs": {
                "batter": 4,
                "extras": 0,
                "total": 4
              }
            },
            {
              "batter": "ST Mendis",
              "bowler": "T Wimaladharma",
              "non_striker": "Kevin Perera",
              "runs": {
                "batter": 0,
                "extras": 0,
                "total": 0
              }
            }
          ]
        },
        {
          "over": 13,
          "deliveries": [
            {
              "batter": "Kevin Perera",
              "bowler": "M Lakshan",
              "extras": {
                "byes": 4
              },
              "non_striker": "ST Mendis",
              "runs": {
                "batter": 0,
                "extras": 4,
                "total": 4
              }
            },
            {
              "batter": "Kevin Perera",
              "bowler": "M Lakshan",
              "non_striker": "ST Mendis",
              "runs": {
                "batter": 1,
                "extras": 0,
                "total": 1
              }
            },
            {
              "batter": "ST Mendis",
              "bowler": "M Lakshan",
              "non_striker": "Kevin Perera",
              "runs": {
                "batter": 1,
                "extras": 0,
                "total": 1
              }
            },
            {
              "batter": "Kevin Perera",
              "bowler": "M Lakshan",
              "non_striker": "ST Mendis",
              "runs": {
                "batter": 1,
                "extras": 0,
                "total": 1
              }
            },
            {
              "batter": "ST Mendis",
              "bowler": "M Lakshan",
              "non_striker": "Kevin Perera",
              "runs": {
                "batter": 6,
                "extras": 0,
                "total": 6
              }
            },
            {
              "batter": "ST Mendis",
              "bowler": "M Lakshan",
              "non_striker": "Kevin Perera",
              "runs": {
                "batter": 4,
                "extras": 0,
                "total": 4
              }
            }
          ]
        },
        {
          "over": 14,
          "deliveries": [
            {
              "batter": "Kevin Perera",
              "bowler": "K Anjula",
              "non_striker": "ST Mendis",
              "runs": {
                "batter": 0,
                "extras": 0,
                "total": 0
              }
            },
            {
              "batter": "Kevin Perera",
              "bowler": "K Anjula",
              "non_striker": "ST Mendis",
              "runs": {
                "batter": 2,
                "extras": 0,
                "total": 2
              }
            },
            {
              "batter": "Kevin Perera",
              "bowler": "K Anjula",
              "non_striker": "ST Mendis",
              "runs": {
                "batter": 0,
                "extras": 0,
                "total": 0
              }
            },
            {
              "batter": "Kevin Perera",
              "bowler": "K Anjula",
              "non_striker": "ST Mendis",
              "runs": {
                "batter": 4,
                "extras": 0,
                "total": 4
              }
            },
            {
              "batter": "Kevin Perera",
              "bowler": "K Anjula",
              "non_striker": "ST Mendis",
              "runs": {
                "batter": 1,
                "extras": 0,
                "total": 1
              }
            },
            {
              "batter": "ST Mendis",
              "bowler": "K Anjula",
              "non_striker": "Kevin Perera",
              "runs": {
                "batter": 2,
                "extras": 0,
                "total": 2
              }
            }
          ]
        },
        {
          "over": 15,
          "deliveries": [
            {
              "batter": "Kevin Perera",
              "bowler": "S Krishnashriram",
              "non_striker": "ST Mendis",
              "runs": {
                "batter": 0,
                "extras": 0,
                "total": 0
              }
            },
            {
              "batter": "Kevin Perera",
              "bowler": "S Krishnashriram",
              "non_striker": "ST Mendis",
              "runs": {
                "batter": 0,
                "extras": 0,
                "total": 0
              }
            },
            {
              "batter": "Kevin Perera",
              "bowler": "S Krishnashriram",
              "non_striker": "ST Mendis",
              "runs": {
                "batter": 0,
                "extras": 0,
                "total": 0
              },
              "wickets": [
                {
                  "player_out": "Kevin Perera",
                  "kind": "lbw"
                }
              ]
            },
            {
              "batter": "A Muthalib",
              "bowler": "S Krishnashriram",
              "non_striker": "ST Mendis",
              "runs": {
                "batter": 1,
                "extras": 0,
                "total": 1
              }
            },
            {
              "batter": "ST Mendis",
              "bowler": "S Krishnashriram",
              "non_striker": "A Muthalib",
              "runs": {
                "batter": 0,
                "extras": 0,
                "total": 0
              }
            },
            {
              "batter": "ST Mendis",
              "bowler": "S Krishnashriram",
              "non_striker": "A Muthalib",
              "runs": {
                "batter": 0,
                "extras": 0,
                "total": 0
              }
            }
          ]
        },
        {
          "over": 16,
          "deliveries": [
            {
              "batter": "A Muthalib",
              "bowler": "K Anjula",
              "non_striker": "ST Mendis",
              "runs": {
                "batter": 1,
                "extras": 0,
                "total": 1
              }
            },
            {
              "batter": "ST Mendis",
              "bowler": "K Anjula",
              "non_striker": "A Muthalib",
              "runs": {
                "batter": 0,
                "extras": 0,
                "total": 0
              },
              "wickets": [
                {
                  "player_out": "ST Mendis",
                  "fielders": [
                    {
                      "name": "T Wimaladharma"
                    }
                  ],
                  "kind": "caught"
                }
              ]
            },
            {
              "batter": "P Pathum",
              "bowler": "K Anjula",
              "non_striker": "A Muthalib",
              "runs": {
                "batter": 0,
                "extras": 0,
                "total": 0
              }
            },
            {
              "batter": "P Pathum",
              "bowler": "K Anjula",
              "non_striker": "A Muthalib",
              "runs": {
                "batter": 0,
                "extras": 0,
                "total": 0
              }
            },
            {
              "batter": "P Pathum",
              "bowler": "K Anjula",
              "non_striker": "A Muthalib",
              "runs": {
                "batter": 2,
                "extras": 0,
                "total": 2
              }
            },
            {
              "batter": "P Pathum",
              "bowler": "K Anjula",
              "non_striker": "A Muthalib",
              "runs": {
                "batter": 1,
                "extras": 0,
                "total": 1
              }
            }
          ]
        },
        {
          "over": 17,
          "deliveries": [
            {
              "batter": "P Pathum",
              "bowler": "D Madushanka",
              "non_striker": "A Muthalib",
              "runs": {
                "batter": 1,
                "extras": 0,
                "total": 1
              }
            },
            {
              "batter": "A Muthalib",
              "bowler": "D Madushanka",
              "non_striker": "P Pathum",
              "runs": {
                "batter": 1,
                "extras": 0,
                "total": 1
              }
            },
            {
              "batter": "P Pathum",
              "bowler": "D Madushanka",
              "non_striker": "A Muthalib",
              "runs": {
                "batter": 0,
                "extras": 0,
                "total": 0
              }
            },
            {
              "batter": "P Pathum",
              "bowler": "D Madushanka",
              "non_striker": "A Muthalib",
              "runs": {
                "batter": 1,
                "extras": 0,
                "total": 1
              }
            },
            {
              "batter": "A Muthalib",
              "bowler": "D Madushanka",
              "non_striker": "P Pathum",
              "runs": {
                "batter": 1,
                "extras": 0,
                "total": 1
              }
            },
            {
              "batter": "P Pathum",
              "bowler": "D Madushanka",
              "non_striker": "A Muthalib",
              "runs": {
                "batter": 2,
                "extras": 0,
                "total": 2
              }
            }
          ]
        },
        {
          "over": 18,
          "deliveries": [
            {
              "batter": "A Muthalib",
              "bowler": "K Anjula",
              "non_striker": "P Pathum",
              "runs": {
                "batter": 1,
                "extras": 0,
                "total": 1
              }
            },
            {
              "batter": "P Pathum",
              "bowler": "K Anjula",
              "non_striker": "A Muthalib",
              "runs": {
                "batter": 2,
                "extras": 0,
                "total": 2
              }
            },
            {
              "batter": "P Pathum",
              "bowler": "K Anjula",
              "non_striker": "A Muthalib",
              "runs": {
                "batter": 2,
                "extras": 0,
                "total": 2
              }
            },
            {
              "batter": "P Pathum",
              "bowler": "K Anjula",
              "non_striker": "A Muthalib",
              "runs": {
                "batter": 1,
                "extras": 0,
                "total": 1
              }
            },
            {
              "batter": "A Muthalib",
              "bowler": "K Anjula",
              "non_striker": "P Pathum",
              "runs": {
                "batter": 0,
                "extras": 0,
                "total": 0
              }
            },
            {
              "batter": "A Muthalib",
              "bowler": "K Anjula",
              "non_striker": "P Pathum",
              "runs": {
                "batter": 0,
                "extras": 0,
                "total": 0
              }
            }
          ]
        },
        {
          "over": 19,
          "deliveries": [
            {
              "batter": "P Pathum",
              "bowler": "D Madushanka",
              "non_striker": "A Muthalib",
              "runs": {
                "batter": 0,
                "extras": 0,
                "total": 0
              },
              "wickets": [
                {
                  "player_out": "P Pathum",
                  "kind": "bowled"
                }
              ]
            },
            {
              "batter": "BGS Mendis",
              "bowler": "D Madushanka",
              "non_striker": "A Muthalib",
              "runs": {
                "batter": 1,
                "extras": 0,
                "total": 1
              }
            },
            {
              "batter": "A Muthalib",
              "bowler": "D Madushanka",
              "non_striker": "BGS Mendis",
              "runs": {
                "batter": 1,
                "extras": 0,
                "total": 1
              }
            },
            {
              "batter": "BGS Mendis",
              "bowler": "D Madushanka",
              "non_striker": "A Muthalib",
              "runs": {
                "batter": 1,
                "extras": 0,
                "total": 1
              }
            },
            {
              "batter": "A Muthalib",
              "bowler": "D Madushanka",
              "non_striker": "BGS Mendis",
              "runs": {
                "batter": 0,
                "extras": 0,
                "total": 0
              }
            },
            {
              "batter": "A Muthalib",
              "bowler": "D Madushanka",
              "non_striker": "BGS Mendis",
              "runs": {
                "batter": 0,
                "extras": 0,
                "total": 0
              },
              "wickets": [
                {
                  "player_out": "A Muthalib",
                  "fielders": [
                    {
                      "name": "DN Wellalage"
                    }
                  ],
                  "kind": "caught"
                }
              ]
            }
          ]
        }
      ],
      "powerplays": [
        {
          "from": 0.1,
          "to": 5.6,
          "type": "mandatory"
        }
      ]
    },
    {
      "team": "Colts Cricket Club",
      "overs": [
        {
          "over": 0,
          "deliveries": [
            {
              "batter": "MMMS Cooray",
              "bowler": "Tillakaratne Sampath",
              "non_striker": "HM Kapurubandara",
              "runs": {
                "batter": 0,
                "extras": 0,
                "total": 0
              }
            },
            {
              "batter": "MMMS Cooray",
              "bowler": "Tillakaratne Sampath",
              "non_striker": "HM Kapurubandara",
              "runs": {
                "batter": 1,
                "extras": 0,
                "total": 1
              }
            },
            {
              "batter": "HM Kapurubandara",
              "bowler": "Tillakaratne Sampath",
              "non_striker": "MMMS Cooray",
              "runs": {
                "batter": 4,
                "extras": 0,
                "total": 4
              }
            },
            {
              "batter": "HM Kapurubandara",
              "bowler": "Tillakaratne Sampath",
              "non_striker": "MMMS Cooray",
              "runs": {
                "batter": 2,
                "extras": 0,
                "total": 2
              }
            },
            {
              "batter": "HM Kapurubandara",
              "bowler": "Tillakaratne Sampath",
              "non_striker": "MMMS Cooray",
              "runs": {
                "batter": 0,
                "extras": 0,
                "total": 0
              },
              "wickets": [
                {
                  "player_out": "HM Kapurubandara",
                  "fielders": [
                    {
                      "name": "D Manchanayake"
                    }
                  ],
                  "kind": "run out"
                }
              ]
            },
            {
              "batter": "MMMS Cooray",
              "bowler": "Tillakaratne Sampath",
              "non_striker": "H Gallage",
              "runs": {
                "batter": 0,
                "extras": 0,
                "total": 0
              }
            }
          ]
        },
        {
          "over": 1,
          "deliveries": [
            {
              "batter": "H Gallage",
              "bowler": "M Heshan",
              "non_striker": "MMMS Cooray",
              "runs": {
                "batter": 0,
                "extras": 0,
                "total": 0
              }
            },
            {
              "batter": "H Gallage",
              "bowler": "M Heshan",
              "non_striker": "MMMS Cooray",
              "runs": {
                "batter": 1,
                "extras": 0,
                "total": 1
              }
            },
            {
              "batter": "MMMS Cooray",
              "bowler": "M Heshan",
              "extras": {
                "legbyes": 1
              },
              "non_striker": "H Gallage",
              "runs": {
                "batter": 0,
                "extras": 1,
                "total": 1
              }
            },
            {
              "batter": "H Gallage",
              "bowler": "M Heshan",
              "non_striker": "MMMS Cooray",
              "runs": {
                "batter": 4,
                "extras": 0,
                "total": 4
              }
            },
            {
              "batter": "H Gallage",
              "bowler": "M Heshan",
              "non_striker": "MMMS Cooray",
              "runs": {
                "batter": 2,
                "extras": 0,
                "total": 2
              }
            },
            {
              "batter": "H Gallage",
              "bowler": "M Heshan",
              "non_striker": "MMMS Cooray",
              "runs": {
                "batter": 0,
                "extras": 0,
                "total": 0
              }
            }
          ]
        },
        {
          "over": 2,
          "deliveries": [
            {
              "batter": "MMMS Cooray",
              "bowler": "Tillakaratne Sampath",
              "non_striker": "H Gallage",
              "runs": {
                "batter": 1,
                "extras": 0,
                "total": 1
              }
            },
            {
              "batter": "H Gallage",
              "bowler": "Tillakaratne Sampath",
              "non_striker": "MMMS Cooray",
              "runs": {
                "batter": 0,
                "extras": 0,
                "total": 0
              }
            },
            {
              "batter": "H Gallage",
              "bowler": "Tillakaratne Sampath",
              "non_striker": "MMMS Cooray",
              "runs": {
                "batter": 1,
                "extras": 0,
                "total": 1
              }
            },
            {
              "batter": "MMMS Cooray",
              "bowler": "Tillakaratne Sampath",
              "extras": {
                "wides": 2
              },
              "non_striker": "H Gallage",
              "runs": {
                "batter": 0,
                "extras": 2,
                "total": 2
              }
            },
            {
              "batter": "H Gallage",
              "bowler": "Tillakaratne Sampath",
              "extras": {
                "byes": 1
              },
              "non_striker": "MMMS Cooray",
              "runs": {
                "batter": 0,
                "extras": 1,
                "total": 1
              }
            },
            {
              "batter": "MMMS Cooray",
              "bowler": "Tillakaratne Sampath",
              "non_striker": "H Gallage",
              "runs": {
                "batter": 1,
                "extras": 0,
                "total": 1
              }
            },
            {
              "batter": "H Gallage",
              "bowler": "Tillakaratne Sampath",
              "non_striker": "MMMS Cooray",
              "runs": {
                "batter": 0,
                "extras": 0,
                "total": 0
              }
            }
          ]
        },
        {
          "over": 3,
          "deliveries": [
            {
              "batter": "MMMS Cooray",
              "bowler": "M Heshan",
              "non_striker": "H Gallage",
              "runs": {
                "batter": 2,
                "extras": 0,
                "total": 2
              }
            },
            {
              "batter": "MMMS Cooray",
              "bowler": "M Heshan",
              "non_striker": "H Gallage",
              "runs": {
                "batter": 4,
                "extras": 0,
                "total": 4
              }
            },
            {
              "batter": "MMMS Cooray",
              "bowler": "M Heshan",
              "non_striker": "H Gallage",
              "runs": {
                "batter": 2,
                "extras": 0,
                "total": 2
              }
            },
            {
              "batter": "MMMS Cooray",
              "bowler": "M Heshan",
              "non_striker": "H Gallage",
              "runs": {
                "batter": 1,
                "extras": 0,
                "total": 1
              }
            },
            {
              "batter": "H Gallage",
              "bowler": "M Heshan",
              "non_striker": "MMMS Cooray",
              "runs": {
                "batter": 4,
                "extras": 0,
                "total": 4
              }
            },
            {
              "batter": "H Gallage",
              "bowler": "M Heshan",
              "non_striker": "MMMS Cooray",
              "runs": {
                "batter": 0,
                "extras": 0,
                "total": 0
              }
            }
          ]
        },
        {
          "over": 4,
          "deliveries": [
            {
              "batter": "MMMS Cooray",
              "bowler": "NR Gunasekera",
              "non_striker": "H Gallage",
              "runs": {
                "batter": 1,
                "extras": 0,
                "total": 1
              }
            },
            {
              "batter": "H Gallage",
              "bowler": "NR Gunasekera",
              "non_striker": "MMMS Cooray",
              "runs": {
                "batter": 0,
                "extras": 0,
                "total": 0
              }
            },
            {
              "batter": "H Gallage",
              "bowler": "NR Gunasekera",
              "non_striker": "MMMS Cooray",
              "runs": {
                "batter": 2,
                "extras": 0,
                "total": 2
              }
            },
            {
              "batter": "H Gallage",
              "bowler": "NR Gunasekera",
              "non_striker": "MMMS Cooray",
              "runs": {
                "batter": 1,
                "extras": 0,
                "total": 1
              }
            },
            {
              "batter": "MMMS Cooray",
              "bowler": "NR Gunasekera",
              "non_striker": "H Gallage",
              "runs": {
                "batter": 0,
                "extras": 0,
                "total": 0
              }
            },
            {
              "batter": "MMMS Cooray",
              "bowler": "NR Gunasekera",
              "non_striker": "H Gallage",
              "runs": {
                "batter": 1,
                "extras": 0,
                "total": 1
              }
            }
          ]
        },
        {
          "over": 5,
          "deliveries": [
            {
              "batter": "MMMS Cooray",
              "bowler": "BGS Mendis",
              "non_striker": "H Gallage",
              "runs": {
                "batter": 1,
                "extras": 0,
                "total": 1
              }
            },
            {
              "batter": "H Gallage",
              "bowler": "BGS Mendis",
              "non_striker": "MMMS Cooray",
              "runs": {
                "batter": 0,
                "extras": 0,
                "total": 0
              },
              "wickets": [
                {
                  "player_out": "H Gallage",
                  "kind": "bowled"
                }
              ]
            },
            {
              "batter": "WRKS Darshika",
              "bowler": "BGS Mendis",
              "non_striker": "MMMS Cooray",
              "runs": {
                "batter": 0,
                "extras": 0,
                "total": 0
              }
            },
            {
              "batter": "WRKS Darshika",
              "bowler": "BGS Mendis",
              "non_striker": "MMMS Cooray",
              "runs": {
                "batter": 0,
                "extras": 0,
                "total": 0
              }
            },
            {
              "batter": "WRKS Darshika",
              "bowler": "BGS Mendis",
              "non_striker": "MMMS Cooray",
              "runs": {
                "batter": 0,
                "extras": 0,
                "total": 0
              }
            },
            {
              "batter": "WRKS Darshika",
              "bowler": "BGS Mendis",
              "non_striker": "MMMS Cooray",
              "runs": {
                "batter": 1,
                "extras": 0,
                "total": 1
              }
            }
          ]
        },
        {
          "over": 6,
          "deliveries": [
            {
              "batter": "WRKS Darshika",
              "bowler": "NR Gunasekera",
              "non_striker": "MMMS Cooray",
              "runs": {
                "batter": 0,
                "extras": 0,
                "total": 0
              }
            },
            {
              "batter": "WRKS Darshika",
              "bowler": "NR Gunasekera",
              "non_striker": "MMMS Cooray",
              "runs": {
                "batter": 2,
                "extras": 0,
                "total": 2
              }
            },
            {
              "batter": "WRKS Darshika",
              "bowler": "NR Gunasekera",
              "non_striker": "MMMS Cooray",
              "runs": {
                "batter": 0,
                "extras": 0,
                "total": 0
              }
            },
            {
              "batter": "WRKS Darshika",
              "bowler": "NR Gunasekera",
              "non_striker": "MMMS Cooray",
              "runs": {
                "batter": 1,
                "extras": 0,
                "total": 1
              }
            },
            {
              "batter": "MMMS Cooray",
              "bowler": "NR Gunasekera",
              "non_striker": "WRKS Darshika",
              "runs": {
                "batter": 0,
                "extras": 0,
                "total": 0
              }
            },
            {
              "batter": "MMMS Cooray",
              "bowler": "NR Gunasekera",
              "non_striker": "WRKS Darshika",
              "runs": {
                "batter": 2,
                "extras": 0,
                "total": 2
              }
            }
          ]
        },
        {
          "over": 7,
          "deliveries": [
            {
              "batter": "WRKS Darshika",
              "bowler": "BGS Mendis",
              "non_striker": "MMMS Cooray",
              "runs": {
                "batter": 1,
                "extras": 0,
                "total": 1
              }
            },
            {
              "batter": "MMMS Cooray",
              "bowler": "BGS Mendis",
              "non_striker": "WRKS Darshika",
              "runs": {
                "batter": 1,
                "extras": 0,
                "total": 1
              }
            },
            {
              "batter": "WRKS Darshika",
              "bowler": "BGS Mendis",
              "non_striker": "MMMS Cooray",
              "runs": {
                "batter": 6,
                "extras": 0,
                "total": 6
              }
            },
            {
              "batter": "WRKS Darshika",
              "bowler": "BGS Mendis",
              "non_striker": "MMMS Cooray",
              "runs": {
                "batter": 1,
                "extras": 0,
                "total": 1
              }
            },
            {
              "batter": "MMMS Cooray",
              "bowler": "BGS Mendis",
              "non_striker": "WRKS Darshika",
              "runs": {
                "batter": 0,
                "extras": 0,
                "total": 0
              },
              "wickets": [
                {
                  "player_out": "MMMS Cooray",
                  "fielders": [
                    {
                      "name": "A Muthalib"
                    }
                  ],
                  "kind": "stumped"
                }
              ]
            },
            {
              "batter": "DN Wellalage",
              "bowler": "BGS Mendis",
              "non_striker": "WRKS Darshika",
              "runs": {
                "batter": 2,
                "extras": 0,
                "total": 2
              }
            }
          ]
        },
        {
          "over": 8,
          "deliveries": [
            {
              "batter": "WRKS Darshika",
              "bowler": "NR Gunasekera",
              "non_striker": "DN Wellalage",
              "runs": {
                "batter": 1,
                "extras": 0,
                "total": 1
              }
            },
            {
              "batter": "DN Wellalage",
              "bowler": "NR Gunasekera",
              "non_striker": "WRKS Darshika",
              "runs": {
                "batter": 1,
                "extras": 0,
                "total": 1
              }
            },
            {
              "batter": "WRKS Darshika",
              "bowler": "NR Gunasekera",
              "non_striker": "DN Wellalage",
              "runs": {
                "batter": 2,
                "extras": 0,
                "total": 2
              }
            },
            {
              "batter": "WRKS Darshika",
              "bowler": "NR Gunasekera",
              "non_striker": "DN Wellalage",
              "runs": {
                "batter": 1,
                "extras": 0,
                "total": 1
              }
            },
            {
              "batter": "DN Wellalage",
              "bowler": "NR Gunasekera",
              "non_striker": "WRKS Darshika",
              "runs": {
                "batter": 1,
                "extras": 0,
                "total": 1
              }
            },
            {
              "batter": "WRKS Darshika",
              "bowler": "NR Gunasekera",
              "non_striker": "DN Wellalage",
              "runs": {
                "batter": 0,
                "extras": 0,
                "total": 0
              }
            }
          ]
        },
        {
          "over": 9,
          "deliveries": [
            {
              "batter": "DN Wellalage",
              "bowler": "Abdul Hakam",
              "non_striker": "WRKS Darshika",
              "runs": {
                "batter": 0,
                "extras": 0,
                "total": 0
              }
            },
            {
              "batter": "DN Wellalage",
              "bowler": "Abdul Hakam",
              "non_striker": "WRKS Darshika",
              "runs": {
                "batter": 6,
                "extras": 0,
                "total": 6
              }
            },
            {
              "batter": "DN Wellalage",
              "bowler": "Abdul Hakam",
              "non_striker": "WRKS Darshika",
              "runs": {
                "batter": 1,
                "extras": 0,
                "total": 1
              }
            },
            {
              "batter": "WRKS Darshika",
              "bowler": "Abdul Hakam",
              "non_striker": "DN Wellalage",
              "runs": {
                "batter": 1,
                "extras": 0,
                "total": 1
              }
            },
            {
              "batter": "DN Wellalage",
              "bowler": "Abdul Hakam",
              "non_striker": "WRKS Darshika",
              "runs": {
                "batter": 1,
                "extras": 0,
                "total": 1
              }
            },
            {
              "batter": "WRKS Darshika",
              "bowler": "Abdul Hakam",
              "non_striker": "DN Wellalage",
              "runs": {
                "batter": 1,
                "extras": 0,
                "total": 1
              }
            }
          ]
        },
        {
          "over": 10,
          "deliveries": [
            {
              "batter": "WRKS Darshika",
              "bowler": "NR Gunasekera",
              "non_striker": "DN Wellalage",
              "runs": {
                "batter": 0,
                "extras": 0,
                "total": 0
              }
            },
            {
              "batter": "WRKS Darshika",
              "bowler": "NR Gunasekera",
              "non_striker": "DN Wellalage",
              "runs": {
                "batter": 4,
                "extras": 0,
                "total": 4
              }
            },
            {
              "batter": "WRKS Darshika",
              "bowler": "NR Gunasekera",
              "non_striker": "DN Wellalage",
              "runs": {
                "batter": 1,
                "extras": 0,
                "total": 1
              }
            },
            {
              "batter": "DN Wellalage",
              "bowler": "NR Gunasekera",
              "non_striker": "WRKS Darshika",
              "runs": {
                "batter": 1,
                "extras": 0,
                "total": 1
              }
            },
            {
              "batter": "WRKS Darshika",
              "bowler": "NR Gunasekera",
              "non_striker": "DN Wellalage",
              "runs": {
                "batter": 4,
                "extras": 0,
                "total": 4
              }
            },
            {
              "batter": "WRKS Darshika",
              "bowler": "NR Gunasekera",
              "non_striker": "DN Wellalage",
              "runs": {
                "batter": 1,
                "extras": 0,
                "total": 1
              }
            }
          ]
        },
        {
          "over": 11,
          "deliveries": [
            {
              "batter": "WRKS Darshika",
              "bowler": "Abdul Hakam",
              "non_striker": "DN Wellalage",
              "runs": {
                "batter": 4,
                "extras": 0,
                "total": 4
              }
            },
            {
              "batter": "WRKS Darshika",
              "bowler": "Abdul Hakam",
              "non_striker": "DN Wellalage",
              "runs": {
                "batter": 1,
                "extras": 0,
                "total": 1
              }
            },
            {
              "batter": "DN Wellalage",
              "bowler": "Abdul Hakam",
              "non_striker": "WRKS Darshika",
              "runs": {
                "batter": 1,
                "extras": 0,
                "total": 1
              }
            },
            {
              "batter": "WRKS Darshika",
              "bowler": "Abdul Hakam",
              "non_striker": "DN Wellalage",
              "runs": {
                "batter": 4,
                "extras": 0,
                "total": 4
              }
            },
            {
              "batter": "WRKS Darshika",
              "bowler": "Abdul Hakam",
              "non_striker": "DN Wellalage",
              "runs": {
                "batter": 1,
                "extras": 0,
                "total": 1
              }
            },
            {
              "batter": "DN Wellalage",
              "bowler": "Abdul Hakam",
              "non_striker": "WRKS Darshika",
              "runs": {
                "batter": 0,
                "extras": 0,
                "total": 0
              }
            }
          ]
        },
        {
          "over": 12,
          "deliveries": [
            {
              "batter": "WRKS Darshika",
              "bowler": "Tillakaratne Sampath",
              "non_striker": "DN Wellalage",
              "runs": {
                "batter": 0,
                "extras": 0,
                "total": 0
              }
            },
            {
              "batter": "WRKS Darshika",
              "bowler": "Tillakaratne Sampath",
              "non_striker": "DN Wellalage",
              "runs": {
                "batter": 2,
                "extras": 0,
                "total": 2
              }
            },
            {
              "batter": "WRKS Darshika",
              "bowler": "Tillakaratne Sampath",
              "non_striker": "DN Wellalage",
              "runs": {
                "batter": 1,
                "extras": 0,
                "total": 1
              }
            },
            {
              "batter": "DN Wellalage",
              "bowler": "Tillakaratne Sampath",
              "non_striker": "WRKS Darshika",
              "runs": {
                "batter": 0,
                "extras": 0,
                "total": 0
              }
            },
            {
              "batter": "DN Wellalage",
              "bowler": "Tillakaratne Sampath",
              "non_striker": "WRKS Darshika",
              "runs": {
                "batter": 6,
                "extras": 0,
                "total": 6
              }
            },
            {
              "batter": "DN Wellalage",
              "bowler": "Tillakaratne Sampath",
              "non_striker": "WRKS Darshika",
              "runs": {
                "batter": 6,
                "extras": 0,
                "total": 6
              }
            }
          ]
        },
        {
          "over": 13,
          "deliveries": [
            {
              "batter": "WRKS Darshika",
              "bowler": "BGS Mendis",
              "non_striker": "DN Wellalage",
              "runs": {
                "batter": 1,
                "extras": 0,
                "total": 1
              }
            },
            {
              "batter": "DN Wellalage",
              "bowler": "BGS Mendis",
              "non_striker": "WRKS Darshika",
              "runs": {
                "batter": 0,
                "extras": 0,
                "total": 0
              }
            },
            {
              "batter": "DN Wellalage",
              "bowler": "BGS Mendis",
              "non_striker": "WRKS Darshika",
              "runs": {
                "batter": 0,
                "extras": 0,
                "total": 0
              }
            },
            {
              "batter": "DN Wellalage",
              "bowler": "BGS Mendis",
              "non_striker": "WRKS Darshika",
              "runs": {
                "batter": 0,
                "extras": 0,
                "total": 0
              }
            },
            {
              "batter": "DN Wellalage",
              "bowler": "BGS Mendis",
              "non_striker": "WRKS Darshika",
              "runs": {
                "batter": 1,
                "extras": 0,
                "total": 1
              }
            },
            {
              "batter": "WRKS Darshika",
              "bowler": "BGS Mendis",
              "non_striker": "DN Wellalage",
              "runs": {
                "batter": 1,
                "extras": 0,
                "total": 1
              }
            }
          ]
        },
        {
          "over": 14,
          "deliveries": [
            {
              "batter": "WRKS Darshika",
              "bowler": "Tillakaratne Sampath",
              "non_striker": "DN Wellalage",
              "runs": {
                "batter": 1,
                "extras": 0,
                "total": 1
              }
            },
            {
              "batter": "DN Wellalage",
              "bowler": "Tillakaratne Sampath",
              "non_striker": "WRKS Darshika",
              "runs": {
                "batter": 1,
                "extras": 0,
                "total": 1
              }
            },
            {
              "batter": "WRKS Darshika",
              "bowler": "Tillakaratne Sampath",
              "non_striker": "DN Wellalage",
              "runs": {
                "batter": 1,
                "extras": 0,
                "total": 1
              }
            },
            {
              "batter": "DN Wellalage",
              "bowler": "Tillakaratne Sampath",
              "non_striker": "WRKS Darshika",
              "runs": {
                "batter": 0,
                "extras": 0,
                "total": 0
              }
            },
            {
              "batter": "DN Wellalage",
              "bowler": "Tillakaratne Sampath",
              "non_striker": "WRKS Darshika",
              "runs": {
                "batter": 1,
                "extras": 0,
                "total": 1
              }
            },
            {
              "batter": "WRKS Darshika",
              "bowler": "Tillakaratne Sampath",
              "non_striker": "DN Wellalage",
              "runs": {
                "batter": 1,
                "extras": 0,
                "total": 1
              }
            }
          ]
        },
        {
          "over": 15,
          "deliveries": [
            {
              "batter": "WRKS Darshika",
              "bowler": "BGS Mendis",
              "non_striker": "DN Wellalage",
              "runs": {
                "batter": 0,
                "extras": 0,
                "total": 0
              },
              "wickets": [
                {
                  "player_out": "WRKS Darshika",
                  "fielders": [
                    {
                      "name": "M Heshan"
                    }
                  ],
                  "kind": "caught"
                }
              ]
            },
            {
              "batter": "M Lakshan",
              "bowler": "BGS Mendis",
              "non_striker": "DN Wellalage",
              "runs": {
                "batter": 0,
                "extras": 0,
                "total": 0
              }
            },
            {
              "batter": "M Lakshan",
              "bowler": "BGS Mendis",
              "non_striker": "DN Wellalage",
              "runs": {
                "batter": 0,
                "extras": 0,
                "total": 0
              }
            },
            {
              "batter": "M Lakshan",
              "bowler": "BGS Mendis",
              "non_striker": "DN Wellalage",
              "runs": {
                "batter": 1,
                "extras": 0,
                "total": 1
              }
            },
            {
              "batter": "DN Wellalage",
              "bowler": "BGS Mendis",
              "non_striker": "M Lakshan",
              "runs": {
                "batter": 1,
                "extras": 0,
                "total": 1
              }
            },
            {
              "batter": "M Lakshan",
              "bowler": "BGS Mendis",
              "non_striker": "DN Wellalage",
              "runs": {
                "batter": 0,
                "extras": 0,
                "total": 0
              }
            }
          ]
        },
        {
          "over": 16,
          "deliveries": [
            {
              "batter": "DN Wellalage",
              "bowler": "ST Mendis",
              "non_striker": "M Lakshan",
              "runs": {
                "batter": 1,
                "extras": 0,
                "total": 1
              }
            },
            {
              "batter": "M Lakshan",
              "bowler": "ST Mendis",
              "non_striker": "DN Wellalage",
              "runs": {
                "batter": 1,
                "extras": 0,
                "total": 1
              }
            },
            {
              "batter": "DN Wellalage",
              "bowler": "ST Mendis",
              "non_striker": "M Lakshan",
              "runs": {
                "batter": 1,
                "extras": 0,
                "total": 1
              }
            },
            {
              "batter": "M Lakshan",
              "bowler": "ST Mendis",
              "non_striker": "DN Wellalage",
              "runs": {
                "batter": 0,
                "extras": 0,
                "total": 0
              },
              "wickets": [
                {
                  "player_out": "M Lakshan",
                  "fielders": [
                    {
                      "name": "Kevin Perera"
                    }
                  ],
                  "kind": "caught"
                }
              ]
            },
            {
              "batter": "R Ganganath",
              "bowler": "ST Mendis",
              "non_striker": "DN Wellalage",
              "runs": {
                "batter": 2,
                "extras": 0,
                "total": 2
              }
            },
            {
              "batter": "R Ganganath",
              "bowler": "ST Mendis",
              "non_striker": "DN Wellalage",
              "runs": {
                "batter": 1,
                "extras": 0,
                "total": 1
              }
            }
          ]
        },
        {
          "over": 17,
          "deliveries": [
            {
              "batter": "R Ganganath",
              "bowler": "M Heshan",
              "non_striker": "DN Wellalage",
              "runs": {
                "batter": 1,
                "extras": 0,
                "total": 1
              }
            },
            {
              "batter": "DN Wellalage",
              "bowler": "M Heshan",
              "non_striker": "R Ganganath",
              "runs": {
                "batter": 1,
                "extras": 0,
                "total": 1
              }
            },
            {
              "batter": "R Ganganath",
              "bowler": "M Heshan",
              "non_striker": "DN Wellalage",
              "runs": {
                "batter": 0,
                "extras": 0,
                "total": 0
              }
            },
            {
              "batter": "R Ganganath",
              "bowler": "M Heshan",
              "non_striker": "DN Wellalage",
              "runs": {
                "batter": 0,
                "extras": 0,
                "total": 0
              },
              "wickets": [
                {
                  "player_out": "R Ganganath",
                  "fielders": [
                    {
                      "name": "Pulindu Perera"
                    }
                  ],
                  "kind": "caught"
                }
              ]
            },
            {
              "batter": "K Anjula",
              "bowler": "M Heshan",
              "non_striker": "DN Wellalage",
              "runs": {
                "batter": 1,
                "extras": 0,
                "total": 1
              }
            },
            {
              "batter": "DN Wellalage",
              "bowler": "M Heshan",
              "non_striker": "K Anjula",
              "runs": {
                "batter": 0,
                "extras": 0,
                "total": 0
              }
            }
          ]
        },
        {
          "over": 18,
          "deliveries": [
            {
              "batter": "K Anjula",
              "bowler": "ST Mendis",
              "non_striker": "DN Wellalage",
              "runs": {
                "batter": 1,
                "extras": 0,
                "total": 1
              }
            },
            {
              "batter": "DN Wellalage",
              "bowler": "ST Mendis",
              "non_striker": "K Anjula",
              "runs": {
                "batter": 0,
                "extras": 0,
                "total": 0
              },
              "wickets": [
                {
                  "player_out": "DN Wellalage",
                  "fielders": [
                    {
                      "name": "Kevin Perera"
                    }
                  ],
                  "kind": "caught"
                }
              ]
            },
            {
              "batter": "T Wimaladharma",
              "bowler": "ST Mendis",
              "non_striker": "K Anjula",
              "runs": {
                "batter": 1,
                "extras": 0,
                "total": 1
              }
            },
            {
              "batter": "K Anjula",
              "bowler": "ST Mendis",
              "non_striker": "T Wimaladharma",
              "runs": {
                "batter": 1,
                "extras": 0,
                "total": 1
              }
            },
            {
              "batter": "T Wimaladharma",
              "bowler": "ST Mendis",
              "non_striker": "K Anjula",
              "runs": {
                "batter": 1,
                "extras": 0,
                "total": 1
              }
            },
            {
              "batter": "K Anjula",
              "bowler": "ST Mendis",
              "non_striker": "T Wimaladharma",
              "runs": {
                "batter": 1,
                "extras": 0,
                "total": 1
              }
            }
          ]
        },
        {
          "over": 19,
          "deliveries": [
            {
              "batter": "K Anjula",
              "bowler": "M Heshan",
              "extras": {
                "wides": 1
              },
              "non_striker": "T Wimaladharma",
              "runs": {
                "batter": 0,
                "extras": 1,
                "total": 1
              }
            },
            {
              "batter": "K Anjula",
              "bowler": "M Heshan",
              "non_striker": "T Wimaladharma",
              "runs": {
                "batter": 0,
                "extras": 0,
                "total": 0
              }
            },
            {
              "batter": "K Anjula",
              "bowler": "M Heshan",
              "non_striker": "T Wimaladharma",
              "runs": {
                "batter": 0,
                "extras": 0,
                "total": 0
              }
            },
            {
              "batter": "K Anjula",
              "bowler": "M Heshan",
              "non_striker": "T Wimaladharma",
              "runs": {
                "batter": 1,
                "extras": 0,
                "total": 1
              }
            },
            {
              "batter": "T Wimaladharma",
              "bowler": "M Heshan",
              "extras": {
                "legbyes": 1
              },
              "non_striker": "K Anjula",
              "runs": {
                "batter": 0,
                "extras": 1,
                "total": 1
              }
            },
            {
              "batter": "K Anjula",
              "bowler": "M Heshan",
              "non_striker": "T Wimaladharma",
              "runs": {
                "batter": 0,
                "extras": 0,
                "total": 0
              }
            },
            {
              "batter": "K Anjula",
              "bowler": "M Heshan",
              "non_striker": "T Wimaladharma",
              "runs": {
                "batter": 4,
                "extras": 0,
                "total": 4
              }
            }
          ]
        }
      ],
      "powerplays": [
        {
          "from": 0.1,
          "to": 5.6,
          "type": "mandatory"
        }
      ],
      "target": {
        "overs": 20,
        "runs": 143
      }
    }
  ]
}