{
  "meta": {
    "data_version": "1.1.0",
    "created": "2025-07-13",
    "revision": 1
  },
  "info": {
    "balls_per_over": 6,
    "city": "Colombo",
    "dates": [
      "2025-05-26"
    ],
    "event": {
      "name": "Major Clubs T20 Tournament",
      "group": "A"
    },
    "gender": "male",
    "match_type": "T20",
    "officials": {
      "match_referees": [
        "THR Priyantha"
      ],
      "reserve_umpires": [
        "R Dulsiri"
      ],
      "umpires": [
        "RA Kottahachchi",
        "PSR Fonseka"
      ]
    },
    "outcome": {
      "winner": "Panadura Sports Club",
      "by": {
        "wickets": 5
      },
      "method": "D/L"
    },
    "overs": 20,
    "players": {
      "Ace Capital Cricket Club": [
        "SN Gunasinghe",
        "L Dawatage",
        "P Pathiraja",
        "HS Liyanage",
        "W Sahan",
        "R de Silva",
        "L Abeysinghe",
        "D Hemananda",
        "I Wijesundera",
        "T Mathew",
        "C Battage"
      ],
      "Panadura Sports Club": [
        "BOP Fernando",
        "VS Halambage",
        "JE Jayakodyge",
        "S Malshan",
        "MADI Hemantha",
        "G Malkan",
        "N Vimukthi",
        "KDA Manoj",
        "NT Gamage",
        "Senitha Halambage",
        "ND Ahangamage"
      ]
    },
    "registry": {
      "people": {
        "BOP Fernando": "1d048deb",
        "C Battage": "9a742f29",
        "D Hemananda": "92189c3e",
        "G Malkan": "0c79cd0e",
        "HS Liyanage": "8505bd55",
        "I Wijesundera": "be620896",
        "JE Jayakodyge": "782ca295",
        "KDA Manoj": "361c920a",
        "L Abeysinghe": "fecf144d",
        "L Dawatage": "75e72109",
        "MADI Hemantha": "58431ca0",
        "N Vimukthi": "b215a7be",
        "ND Ahangamage": "35a9b029",
        "NT Gamage": "f66b8839",
        "P Pathiraja": "6c32daf0",
        "PSR Fonseka": "8fd2cea5",
        "R Dulsiri": "a7d3d23c",
        "R de Silva": "0d6ab15a",
        "RA Kottahachchi": "808f2939",
        "S Malshan": "68581793",
        "SN Gunasinghe": "45cd90b2",
        "Senitha Halambage": "eab6aa30",
        "T Mathew": "c13e8df5",
        "THR Priyantha": "33f2a901",
        "VS Halambage": "9531d48f",
        "W Sahan": "d86d276e"
      }
    },
    "season": "2025",
    "team_type": "club",
    "teams": [
      "Ace Capital Cricket Club",
      "Panadura Sports Club"
    ],
    "toss": {
      "decision": "field",
      "winner": "Panadura Sports Club"
    },
    "venue": "Colts Cricket Club Ground, Colombo"
  },
  "innings": [
    {
      "team": "Ace Capital Cricket Club",
      "overs": [
        {
          "over": 0,
          "deliveries": [
            {
              "batter": "SN Gunasinghe",
              "bowler": "N Vimukthi",
              "non_striker": "L Dawatage",
              "runs": {
                "batter": 2,
                "extras": 0,
                "total": 2
              }
            },
            {
              "batter": "SN Gunasinghe",
              "bowler": "N Vimukthi",
              "non_striker": "L Dawatage",
              "runs": {
                "batter": 0,
                "extras": 0,
                "total": 0
              }
            },
            {
              "batter": "SN Gunasinghe",
              "bowler": "N Vimukthi",
              "non_striker": "L Dawatage",
              "runs": {
                "batter": 1,
                "extras": 0,
                "total": 1
              }
            },
            {
              "batter": "L Dawatage",
              "bowler": "N Vimukthi",
              "extras": {
                "wides": 1
              },
              "non_striker": "SN Gunasinghe",
              "runs": {
                "batter": 0,
                "extras": 1,
                "total": 1
              }
            },
            {
              "batter": "L Dawatage",
              "bowler": "N Vimukthi",
              "non_striker": "SN Gunasinghe",
              "runs": {
                "batter": 0,
                "extras": 0,
                "total": 0
              }
            },
            {
              "batter": "L Dawatage",
              "bowler": "N Vimukthi",
              "non_striker": "SN Gunasinghe",
              "runs": {
                "batter": 1,
                "extras": 0,
                "total": 1
              }
            },
            {
              "batter": "SN Gunasinghe",
              "bowler": "N Vimukthi",
              "extras": {
                "wides": 1
              },
              "non_striker": "L Dawatage",
              "runs": {
                "batter": 0,
                "extras": 1,
                "total": 1
              }
            },
            {
              "batter": "SN Gunasinghe",
              "bowler": "N Vimukthi",
              "non_striker": "L Dawatage",
              "runs": {
                "batter": 0,
                "extras": 0,
                "total": 0
              }
            }
          ]
        },
        {
          "over": 1,
          "deliveries": [
            {
              "batter": "L Dawatage",
              "bowler": "KDA Manoj",
              "extras": {
                "wides": 1
              },
              "non_striker": "SN Gunasinghe",
              "runs": {
                "batter": 0,
                "extras": 1,
                "total": 1
              }
            },
            {
              "batter": "L Dawatage",
              "bowler": "KDA Manoj",
              "non_striker": "SN Gunasinghe",
              "runs": {
                "batter": 0,
                "extras": 0,
                "total": 0
              },
              "wickets": [
                {
                  "player_out": "L Dawatage",
                  "kind": "lbw"
                }
              ]
            },
            {
              "batter": "P Pathiraja",
              "bowler": "KDA Manoj",
              "non_striker": "SN Gunasinghe",
              "runs": {
                "batter": 0,
                "extras": 0,
                "total": 0
              }
            },
            {
              "batter": "P Pathiraja",
              "bowler": "KDA Manoj",
              "non_striker": "SN Gunasinghe",
              "runs": {
                "batter": 1,
                "extras": 0,
                "total": 1
              }
            },
            {
              "batter": "SN Gunasinghe",
              "bowler": "KDA Manoj",
              "non_striker": "P Pathiraja",
              "runs": {
                "batter": 0,
                "extras": 0,
                "total": 0
              }
            },
            {
              "batter": "SN Gunasinghe",
              "bowler": "KDA Manoj",
              "non_striker": "P Pathiraja",
              "runs": {
                "batter": 0,
                "extras": 0,
                "total": 0
              }
            },
            {
              "batter": "SN Gunasinghe",
              "bowler": "KDA Manoj",
              "non_striker": "P Pathiraja",
              "runs": {
                "batter": 4,
                "extras": 0,
                "total": 4
              }
            }
          ]
        },
        {
          "over": 2,
          "deliveries": [
            {
              "batter": "P Pathiraja",
              "bowler": "N Vimukthi",
              "non_striker": "SN Gunasinghe",
              "runs": {
                "batter": 0,
                "extras": 0,
                "total": 0
              }
            },
            {
              "batter": "P Pathiraja",
              "bowler": "N Vimukthi",
              "non_striker": "SN Gunasinghe",
              "runs": {
                "batter": 3,
                "extras": 0,
                "total": 3
              }
            },
            {
              "batter": "SN Gunasinghe",
              "bowler": "N Vimukthi",
              "extras": {
                "wides": 1
              },
              "non_striker": "P Pathiraja",
              "runs": {
                "batter": 0,
                "extras": 1,
                "total": 1
              }
            },
            {
              "batter": "SN Gunasinghe",
              "bowler": "N Vimukthi",
              "non_striker": "P Pathiraja",
              "runs": {
                "batter": 1,
                "extras": 0,
                "total": 1
              }
            },
            {
              "batter": "P Pathiraja",
              "bowler": "N Vimukthi",
              "non_striker": "SN Gunasinghe",
              "runs": {
                "batter": 1,
                "extras": 0,
                "total": 1
              }
            },
            {
              "batter": "SN Gunasinghe",
              "bowler": "N Vimukthi",
              "non_striker": "P Pathiraja",
              "runs": {
                "batter": 0,
                "extras": 0,
                "total": 0
              }
            },
            {
              "batter": "SN Gunasinghe",
              "bowler": "N Vimukthi",
              "non_striker": "P Pathiraja",
              "runs": {
                "batter": 0,
                "extras": 0,
                "total": 0
              }
            }
          ]
        },
        {
          "over": 3,
          "deliveries": [
            {
              "batter": "P Pathiraja",
              "bowler": "KDA Manoj",
              "non_striker": "SN Gunasinghe",
              "runs": {
                "batter": 1,
                "extras": 0,
                "total": 1
              }
            },
            {
              "batter": "SN Gunasinghe",
              "bowler": "KDA Manoj",
              "non_striker": "P Pathiraja",
              "runs": {
                "batter": 1,
                "extras": 0,
                "total": 1
              }
            },
            {
              "batter": "P Pathiraja",
              "bowler": "KDA Manoj",
              "non_striker": "SN Gunasinghe",
              "runs": {
                "batter": 0,
                "extras": 0,
                "total": 0
              }
            },
            {
              "batter": "P Pathiraja",
              "bowler": "KDA Manoj",
              "extras": {
                "legbyes": 1
              },
              "non_striker": "SN Gunasinghe",
              "runs": {
                "batter": 0,
                "extras": 1,
                "total": 1
              }
            },
            {
              "batter": "SN Gunasinghe",
              "bowler": "KDA Manoj",
              "non_striker": "P Pathiraja",
              "runs": {
                "batter": 2,
                "extras": 0,
                "total": 2
              }
            },
            {
              "batter": "SN Gunasinghe",
              "bowler": "KDA Manoj",
              "non_striker": "P Pathiraja",
              "runs": {
                "batter": 0,
                "extras": 0,
                "total": 0
              },
              "wickets": [
                {
                  "player_out": "SN Gunasinghe",
                  "fielders": [
                    {
                      "name": "G Malkan"
                    }
                  ],
                  "kind": "caught"
                }
              ]
            }
          ]
        },
        {
          "over": 4,
          "deliveries": [
            {
              "batter": "P Pathiraja",
              "bowler": "Senitha Halambage",
              "extras": {
                "legbyes": 1
              },
              "non_striker": "HS Liyanage",
              "runs": {
                "batter": 0,
                "extras": 1,
                "total": 1
              }
            },
            {
              "batter": "HS Liyanage",
              "bowler": "Senitha Halambage",
              "non_striker": "P Pathiraja",
              "runs": {
                "batter": 1,
                "extras": 0,
                "total": 1
              }
            },
            {
              "batter": "P Pathiraja",
              "bowler": "Senitha Halambage",
              "extras": {
                "noballs": 1
              },
              "non_striker": "HS Liyanage",
              "runs": {
                "batter": 0,
                "extras": 1,
                "total": 1
              }
            },
            {
              "batter": "P Pathiraja",
              "bowler": "Senitha Halambage",
              "non_striker": "HS Liyanage",
              "runs": {
                "batter": 1,
                "extras": 0,
                "total": 1
              }
            },
            {
              "batter": "HS Liyanage",
              "bowler": "Senitha Halambage",
              "non_striker": "P Pathiraja",
              "runs": {
                "batter": 1,
                "extras": 0,
                "total": 1
              }
            },
            {
              "batter": "P Pathiraja",
              "bowler": "Senitha Halambage",
              "non_striker": "HS Liyanage",
              "runs": {
                "batter": 1,
                "extras": 0,
                "total": 1
              }
            },
            {
              "batter": "HS Liyanage",
              "bowler": "Senitha Halambage",
              "non_striker": "P Pathiraja",
              "runs": {
                "batter": 0,
                "extras": 0,
                "total": 0
              }
            }
          ]
        },
        {
          "over": 5,
          "deliveries": [
            {
              "batter": "P Pathiraja",
              "bowler": "N Vimukthi",
              "non_striker": "HS Liyanage",
              "runs": {
                "batter": 1,
                "extras": 0,
                "total": 1
              }
            },
            {
              "batter": "HS Liyanage",
              "bowler": "N Vimukthi",
              "non_striker": "P Pathiraja",
              "runs": {
                "batter": 4,
                "extras": 0,
                "total": 4
              }
            },
            {
              "batter": "HS Liyanage",
              "bowler": "N Vimukthi",
              "non_striker": "P Pathiraja",
              "runs": {
                "batter": 1,
                "extras": 0,
                "total": 1
              }
            },
            {
              "batter": "P Pathiraja",
              "bowler": "N Vimukthi",
              "non_striker": "HS Liyanage",
              "runs": {
                "batter": 1,
                "extras": 0,
                "total": 1
              }
            },
            {
              "batter": "HS Liyanage",
              "bowler": "N Vimukthi",
              "non_striker": "P Pathiraja",
              "runs": {
                "batter": 1,
                "extras": 0,
                "total": 1
              }
            },
            {
              "batter": "P Pathiraja",
              "bowler": "N Vimukthi",
              "non_striker": "HS Liyanage",
              "runs": {
                "batter": 0,
                "extras": 0,
                "total": 0
              }
            }
          ]
        },
        {
          "over": 6,
          "deliveries": [
            {
              "batter": "HS Liyanage",
              "bowler": "Senitha Halambage",
              "non_striker": "P Pathiraja",
              "runs": {
                "batter": 0,
                "extras": 0,
                "total": 0
              }
            },
            {
              "batter": "HS Liyanage",
              "bowler": "Senitha Halambage",
              "non_striker": "P Pathiraja",
              "runs": {
                "batter": 1,
                "extras": 0,
                "total": 1
              }
            },
            {
              "batter": "P Pathiraja",
              "bowler": "Senitha Halambage",
              "non_striker": "HS Liyanage",
              "runs": {
                "batter": 1,
                "extras": 0,
                "total": 1
              }
            },
            {
              "batter": "HS Liyanage",
              "bowler": "Senitha Halambage",
              "non_striker": "P Pathiraja",
              "runs": {
                "batter": 2,
                "extras": 0,
                "total": 2
              }
            },
            {
              "batter": "HS Liyanage",
              "bowler": "Senitha Halambage",
              "non_striker": "P Pathiraja",
              "runs": {
                "batter": 1,
                "extras": 0,
                "total": 1
              }
            },
            {
              "batter": "P Pathiraja",
              "bowler": "Senitha Halambage",
              "non_striker": "HS Liyanage",
              "runs": {
                "batter": 1,
                "extras": 0,
                "total": 1
              }
            }
          ]
        },
        {
          "over": 7,
          "deliveries": [
            {
              "batter": "P Pathiraja",
              "bowler": "MADI Hemantha",
              "non_striker": "HS Liyanage",
              "runs": {
                "batter": 4,
                "extras": 0,
                "total": 4
              }
            },
            {
              "batter": "P Pathiraja",
              "bowler": "MADI Hemantha",
              "non_striker": "HS Liyanage",
              "runs": {
                "batter": 1,
                "extras": 0,
                "total": 1
              }
            },
            {
              "batter": "HS Liyanage",
              "bowler": "MADI Hemantha",
              "non_striker": "P Pathiraja",
              "runs": {
                "batter": 0,
                "extras": 0,
                "total": 0
              },
              "wickets": [
                {
                  "player_out": "HS Liyanage",
                  "kind": "caught and bowled"
                }
              ]
            },
            {
              "batter": "W Sahan",
              "bowler": "MADI Hemantha",
              "non_striker": "P Pathiraja",
              "runs": {
                "batter": 0,
                "extras": 0,
                "total": 0
              }
            },
            {
              "batter": "W Sahan",
              "bowler": "MADI Hemantha",
              "non_striker": "P Pathiraja",
              "runs": {
                "batter": 1,
                "extras": 0,
                "total": 1
              }
            },
            {
              "batter": "P Pathiraja",
              "bowler": "MADI Hemantha",
              "non_striker": "W Sahan",
              "runs": {
                "batter": 1,
                "extras": 0,
                "total": 1
              }
            }
          ]
        },
        {
          "over": 8,
          "deliveries": [
            {
              "batter": "P Pathiraja",
              "bowler": "Senitha Halambage",
              "non_striker": "W Sahan",
              "runs": {
                "batter": 1,
                "extras": 0,
                "total": 1
              }
            },
            {
              "batter": "W Sahan",
              "bowler": "Senitha Halambage",
              "non_striker": "P Pathiraja",
              "runs": {
                "batter": 0,
                "extras": 0,
                "total": 0
              }
            },
            {
              "batter": "W Sahan",
              "bowler": "Senitha Halambage",
              "non_striker": "P Pathiraja",
              "runs": {
                "batter": 0,
                "extras": 0,
                "total": 0
              },
              "wickets": [
                {
                  "player_out": "W Sahan",
                  "kind": "bowled"
                }
              ]
            },
            {
              "batter": "R de Silva",
              "bowler": "Senitha Halambage",
              "non_striker": "P Pathiraja",
              "runs": {
                "batter": 0,
                "extras": 0,
                "total": 0
              }
            },
            {
              "batter": "R de Silva",
              "bowler": "Senitha Halambage",
              "non_striker": "P Pathiraja",
              "runs": {
                "batter": 0,
                "extras": 0,
                "total": 0
              }
            },
            {
              "batter": "R de Silva",
              "bowler": "Senitha Halambage",
              "non_striker": "P Pathiraja",
              "runs": {
                "batter": 0,
                "extras": 0,
                "total": 0
              },
              "wickets": [
                {
                  "player_out": "R de Silva",
                  "fielders": [
                    {
                      "name": "S Malshan"
                    }
                  ],
                  "kind": "stumped"
                }
              ]
            }
          ]
        },
        {
          "over": 9,
          "deliveries": [
            {
              "batter": "P Pathiraja",
              "bowler": "MADI Hemantha",
              "non_striker": "L Abeysinghe",
              "runs": {
                "batter": 1,
                "extras": 0,
                "total": 1
              }
            },
            {
              "batter": "L Abeysinghe",
              "bowler": "MADI Hemantha",
              "non_striker": "P Pathiraja",
              "runs": {
                "batter": 0,
                "extras": 0,
                "total": 0
              }
            },
            {
              "batter": "L Abeysinghe",
              "bowler": "MADI Hemantha",
              "non_striker": "P Pathiraja",
              "runs": {
                "batter": 1,
                "extras": 0,
                "total": 1
              }
            },
            {
              "batter": "P Pathiraja",
              "bowler": "MADI Hemantha",
              "non_striker": "L Abeysinghe",
              "runs": {
                "batter": 1,
                "extras": 0,
                "total": 1
              }
            },
            {
              "batter": "L Abeysinghe",
              "bowler": "MADI Hemantha",
              "non_striker": "P Pathiraja",
              "runs": {
                "batter": 1,
                "extras": 0,
                "total": 1
              }
            },
            {
              "batter": "P Pathiraja",
              "bowler": "MADI Hemantha",
              "non_striker": "L Abeysinghe",
              "runs": {
                "batter": 1,
                "extras": 0,
                "total": 1
              }
            }
          ]
        },
        {
          "over": 10,
          "deliveries": [
            {
              "batter": "P Pathiraja",
              "bowler": "NT Gamage",
              "non_striker": "L Abeysinghe",
              "runs": {
                "batter": 1,
                "extras": 0,
                "total": 1
              }
            },
            {
              "batter": "L Abeysinghe",
              "bowler": "NT Gamage",
              "non_striker": "P Pathiraja",
              "runs": {
                "batter": 1,
                "extras": 0,
                "total": 1
              }
            },
            {
              "batter": "P Pathiraja",
              "bowler": "NT Gamage",
              "non_striker": "L Abeysinghe",
              "runs": {
                "batter": 1,
                "extras": 0,
                "total": 1
              }
            },
            {
              "batter": "L Abeysinghe",
              "bowler": "NT Gamage",
              "non_striker": "P Pathiraja",
              "runs": {
                "batter": 1,
                "extras": 0,
                "total": 1
              }
            },
            {
              "batter": "P Pathiraja",
              "bowler": "NT Gamage",
              "non_striker": "L Abeysinghe",
              "runs": {
                "batter": 1,
                "extras": 0,
                "total": 1
              }
            },
            {
              "batter": "L Abeysinghe",
              "bowler": "NT Gamage",
              "non_striker": "P Pathiraja",
              "runs": {
                "batter": 1,
                "extras": 0,
                "total": 1
              }
            }
          ]
        },
        {
          "over": 11,
          "deliveries": [
            {
              "batter": "L Abeysinghe",
              "bowler": "MADI Hemantha",
              "non_striker": "P Pathiraja",
              "runs": {
                "batter": 0,
                "extras": 0,
                "total": 0
              },
              "wickets": [
                {
                  "player_out": "L Abeysinghe",
                  "kind": "bowled"
                }
              ]
            },
            {
              "batter": "D Hemananda",
              "bowler": "MADI Hemantha",
              "non_striker": "P Pathiraja",
              "runs": {
                "batter": 2,
                "extras": 0,
                "total": 2
              }
            },
            {
              "batter": "D Hemananda",
              "bowler": "MADI Hemantha",
              "non_striker": "P Pathiraja",
              "runs": {
                "batter": 1,
                "extras": 0,
                "total": 1
              }
            },
            {
              "batter": "P Pathiraja",
              "bowler": "MADI Hemantha",
              "non_striker": "D Hemananda",
              "runs": {
                "batter": 1,
                "extras": 0,
                "total": 1
              }
            },
            {
              "batter": "D Hemananda",
              "bowler": "MADI Hemantha",
              "non_striker": "P Pathiraja",
              "runs": {
                "batter": 0,
                "extras": 0,
                "total": 0
              }
            },
            {
              "batter": "D Hemananda",
              "bowler": "MADI Hemantha",
              "non_striker": "P Pathiraja",
              "runs": {
                "batter": 1,
                "extras": 0,
                "total": 1
              }
            }
          ]
        },
        {
          "over": 12,
          "deliveries": [
            {
              "batter": "D Hemananda",
              "bowler": "NT Gamage",
              "non_striker": "P Pathiraja",
              "runs": {
                "batter": 0,
                "extras": 0,
                "total": 0
              }
            },
            {
              "batter": "D Hemananda",
              "bowler": "NT Gamage",
              "non_striker": "P Pathiraja",
              "runs": {
                "batter": 1,
                "extras": 0,
                "total": 1
              }
            },
            {
              "batter": "P Pathiraja",
              "bowler": "NT Gamage",
              "non_striker": "D Hemananda",
              "runs": {
                "batter": 0,
                "extras": 0,
                "total": 0
              }
            },
            {
              "batter": "P Pathiraja",
              "bowler": "NT Gamage",
              "non_striker": "D Hemananda",
              "runs": {
                "batter": 1,
                "extras": 0,
                "total": 1
              }
            },
            {
              "batter": "D Hemananda",
              "bowler": "NT Gamage",
              "non_striker": "P Pathiraja",
              "runs": {
                "batter": 0,
                "extras": 0,
                "total": 0
              }
            },
            {
              "batter": "D Hemananda",
              "bowler": "NT Gamage",
              "non_striker": "P Pathiraja",
              "runs": {
                "batter": 1,
                "extras": 0,
                "total": 1
              }
            }
          ]
        },
        {
          "over": 13,
          "deliveries": [
            {
              "batter": "D Hemananda",
              "bowler": "VS Halambage",
              "non_striker": "P Pathiraja",
              "runs": {
                "batter": 2,
                "extras": 0,
                "total": 2
              }
            },
            {
              "batter": "D Hemananda",
              "bowler": "VS Halambage",
              "non_striker": "P Pathiraja",
              "runs": {
                "batter": 2,
                "extras": 0,
                "total": 2
              }
            },
            {
              "batter": "D Hemananda",
              "bowler": "VS Halambage",
              "non_striker": "P Pathiraja",
              "runs": {
                "batter": 1,
                "extras": 0,
                "total": 1
              }
            },
            {
              "batter": "P Pathiraja",
              "bowler": "VS Halambage",
              "non_striker": "D Hemananda",
              "runs": {
                "batter": 1,
                "extras": 0,
                "total": 1
              }
            },
            {
              "batter": "D Hemananda",
              "bowler": "VS Halambage",
              "non_striker": "P Pathiraja",
              "runs": {
                "batter": 1,
                "extras": 0,
                "total": 1
              }
            },
            {
              "batter": "P Pathiraja",
              "bowler": "VS Halambage",
              "non_striker": "D Hemananda",
              "runs": {
                "batter": 1,
                "extras": 0,
                "total": 1
              }
            }
          ]
        },
        {
          "over": 14,
          "deliveries": [
            {
              "batter": "P Pathiraja",
              "bowler": "N Vimukthi",
              "non_striker": "D Hemananda",
              "runs": {
                "batter": 0,
                "extras": 0,
                "total": 0
              }
            },
            {
              "batter": "P Pathiraja",
              "bowler": "N Vimukthi",
              "non_striker": "D Hemananda",
              "runs": {
                "batter": 2,
                "extras": 0,
                "total": 2
              }
            },
            {
              "batter": "P Pathiraja",
              "bowler": "N Vimukthi",
              "non_striker": "D Hemananda",
              "runs": {
                "batter": 0,
                "extras": 0,
                "total": 0
              }
            },
            {
              "batter": "P Pathiraja",
              "bowler": "N Vimukthi",
              "non_striker": "D Hemananda",
              "runs": {
                "batter": 1,
                "extras": 0,
                "total": 1
              }
            },
            {
              "batter": "D Hemananda",
              "bowler": "N Vimukthi",
              "non_striker": "P Pathiraja",
              "runs": {
                "batter": 0,
                "extras": 0,
                "total": 0
              }
            },
            {
              "batter": "D Hemananda",
              "bowler": "N Vimukthi",
              "non_striker": "P Pathiraja",
              "runs": {
                "batter": 6,
                "extras": 0,
                "total": 6
              }
            }
          ]
        },
        {
          "over": 15,
          "deliveries": [
            {
              "batter": "P Pathiraja",
              "bowler": "MADI Hemantha",
              "non_striker": "D Hemananda",
              "runs": {
                "batter": 1,
                "extras": 0,
                "total": 1
              }
            },
            {
              "batter": "D Hemananda",
              "bowler": "MADI Hemantha",
              "non_striker": "P Pathiraja",
              "runs": {
                "batter": 6,
                "extras": 0,
                "total": 6
              }
            },
            {
              "batter": "D Hemananda",
              "bowler": "MADI Hemantha",
              "non_striker": "P Pathiraja",
              "runs": {
                "batter": 1,
                "extras": 0,
                "total": 1
              }
            },
            {
              "batter": "P Pathiraja",
              "bowler": "MADI Hemantha",
              "non_striker": "D Hemananda",
              "runs": {
                "batter": 1,
                "extras": 0,
                "total": 1
              }
            },
            {
              "batter": "D Hemananda",
              "bowler": "MADI Hemantha",
              "non_striker": "P Pathiraja",
              "runs": {
                "batter": 0,
                "extras": 0,
                "total": 0
              },
              "wickets": [
                {
                  "player_out": "D Hemananda",
                  "fielders": [
                    {
                      "name": "S Malshan"
                    }
                  ],
                  "kind": "caught"
                }
              ]
            },
            {
              "batter": "I Wijesundera",
              "bowler": "MADI Hemantha",
              "non_striker": "P Pathiraja",
              "runs": {
                "batter": 0,
                "extras": 0,
                "total": 0
              }
            }
          ]
        },
        {
          "over": 16,
          "deliveries": [
            {
              "batter": "P Pathiraja",
              "bowler": "Senitha Halambage",
              "non_striker": "I Wijesundera",
              "runs": {
                "batter": 1,
                "extras": 0,
                "total": 1
              }
            },
            {
              "batter": "I Wijesundera",
              "bowler": "Senitha Halambage",
              "non_striker": "P Pathiraja",
              "runs": {
                "batter": 1,
                "extras": 0,
                "total": 1
              }
            },
            {
              "batter": "P Pathiraja",
              "bowler": "Senitha Halambage",
              "non_striker": "I Wijesundera",
              "runs": {
                "batter": 0,
                "extras": 0,
                "total": 0
              }
            },
            {
              "batter": "P Pathiraja",
              "bowler": "Senitha Halambage",
              "non_striker": "I Wijesundera",
              "runs": {
                "batter": 1,
                "extras": 0,
                "total": 1
              }
            }
          ]
        }
      ],
      "powerplays": [
        {
          "from": 0.1,
          "to": 5.6,
          "type": "mandatory"
        }
      ]
    },
    {
      "team": "Panadura Sports Club",
      "overs": [
        {
          "over": 0,
          "deliveries": [
            {
              "batter": "BOP Fernando",
              "bowler": "I Wijesundera",
              "non_striker": "VS Halambage",
              "runs": {
                "batter": 0,
                "extras": 0,
                "total": 0
              }
            },
            {
              "batter": "BOP Fernando",
              "bowler": "I Wijesundera",
              "non_striker": "VS Halambage",
              "runs": {
                "batter": 2,
                "extras": 0,
                "total": 2
              }
            },
            {
              "batter": "BOP Fernando",
              "bowler": "I Wijesundera",
              "non_striker": "VS Halambage",
              "runs": {
                "batter": 1,
                "extras": 0,
                "total": 1
              }
            },
            {
              "batter": "VS Halambage",
              "bowler": "I Wijesundera",
              "non_striker": "BOP Fernando",
              "runs": {
                "batter": 4,
                "extras": 0,
                "total": 4
              }
            },
            {
              "batter": "VS Halambage",
              "bowler": "I Wijesundera",
              "non_striker": "BOP Fernando",
              "runs": {
                "batter": 0,
                "extras": 0,
                "total": 0
              }
            },
            {
              "batter": "VS Halambage",
              "bowler": "I Wijesundera",
              "non_striker": "BOP Fernando",
              "runs": {
                "batter": 1,
                "extras": 0,
                "total": 1
              }
            }
          ]
        },
        {
          "over": 1,
          "deliveries": [
            {
              "batter": "VS Halambage",
              "bowler": "W Sahan",
              "non_striker": "BOP Fernando",
              "runs": {
                "batter": 0,
                "extras": 0,
                "total": 0
              }
            },
            {
              "batter": "VS Halambage",
              "bowler": "W Sahan",
              "non_striker": "BOP Fernando",
              "runs": {
                "batter": 1,
                "extras": 0,
                "total": 1
              }
            },
            {
              "batter": "BOP Fernando",
              "bowler": "W Sahan",
              "non_striker": "VS Halambage",
              "runs": {
                "batter": 1,
                "extras": 0,
                "total": 1
              }
            },
            {
              "batter": "VS Halambage",
              "bowler": "W Sahan",
              "non_striker": "BOP Fernando",
              "runs": {
                "batter": 4,
                "extras": 0,
                "total": 4
              }
            },
            {
              "batter": "VS Halambage",
              "bowler": "W Sahan",
              "non_striker": "BOP Fernando",
              "runs": {
                "batter": 1,
                "extras": 0,
                "total": 1
              }
            },
            {
              "batter": "BOP Fernando",
              "bowler": "W Sahan",
              "non_striker": "VS Halambage",
              "runs": {
                "batter": 0,
                "extras": 0,
                "total": 0
              },
              "wickets": [
                {
                  "player_out": "BOP Fernando",
                  "fielders": [
                    {
                      "name": "L Dawatage"
                    }
                  ],
                  "kind": "stumped"
                }
              ]
            }
          ]
        },
        {
          "over": 2,
          "deliveries": [
            {
              "batter": "VS Halambage",
              "bowler": "T Mathew",
              "non_striker": "JE Jayakodyge",
              "runs": {
                "batter": 1,
                "extras": 0,
                "total": 1
              }
            },
            {
              "batter": "JE Jayakodyge",
              "bowler": "T Mathew",
              "non_striker": "VS Halambage",
              "runs": {
                "batter": 0,
                "extras": 0,
                "total": 0
              }
            },
            {
              "batter": "JE Jayakodyge",
              "bowler": "T Mathew",
              "non_striker": "VS Halambage",
              "runs": {
                "batter": 0,
                "extras": 0,
                "total": 0
              }
            },
            {
              "batter": "JE Jayakodyge",
              "bowler": "T Mathew",
              "non_striker": "VS Halambage",
              "runs": {
                "batter": 0,
                "extras": 0,
                "total": 0
              }
            },
            {
              "batter": "JE Jayakodyge",
              "bowler": "T Mathew",
              "non_striker": "VS Halambage",
              "runs": {
                "batter": 0,
                "extras": 0,
                "total": 0
              }
            },
            {
              "batter": "JE Jayakodyge",
              "bowler": "T Mathew",
              "non_striker": "VS Halambage",
              "runs": {
                "batter": 0,
                "extras": 0,
                "total": 0
              }
            }
          ]
        },
        {
          "over": 3,
          "deliveries": [
            {
              "batter": "VS Halambage",
              "bowler": "W Sahan",
              "non_striker": "JE Jayakodyge",
              "runs": {
                "batter": 0,
                "extras": 0,
                "total": 0
              }
            },
            {
              "batter": "VS Halambage",
              "bowler": "W Sahan",
              "non_striker": "JE Jayakodyge",
              "runs": {
                "batter": 0,
                "extras": 0,
                "total": 0
              }
            },
            {
              "batter": "VS Halambage",
              "bowler": "W Sahan",
              "non_striker": "JE Jayakodyge",
              "runs": {
                "batter": 6,
                "extras": 0,
                "total": 6
              }
            },
            {
              "batter": "VS Halambage",
              "bowler": "W Sahan",
              "non_striker": "JE Jayakodyge",
              "runs": {
                "batter": 4,
                "extras": 0,
                "total": 4
              }
            },
            {
              "batter": "VS Halambage",
              "bowler": "W Sahan",
              "non_striker": "JE Jayakodyge",
              "runs": {
                "batter": 0,
                "extras": 0,
                "total": 0
              }
            },
            {
              "batter": "VS Halambage",
              "bowler": "W Sahan",
              "non_striker": "JE Jayakodyge",
              "runs": {
                "batter": 1,
                "extras": 0,
                "total": 1
              }
            }
          ]
        },
        {
          "over": 4,
          "deliveries": [
            {
              "batter": "VS Halambage",
              "bowler": "T Mathew",
              "non_striker": "JE Jayakodyge",
              "runs": {
                "batter": 2,
                "extras": 0,
                "total": 2
              }
            },
            {
              "batter": "VS Halambage",
              "bowler": "T Mathew",
              "non_striker": "JE Jayakodyge",
              "runs": {
                "batter": 1,
                "extras": 0,
                "total": 1
              }
            },
            {
              "batter": "JE Jayakodyge",
              "bowler": "T Mathew",
              "non_striker": "VS Halambage",
              "runs": {
                "batter": 1,
                "extras": 0,
                "total": 1
              }
            },
            {
              "batter": "VS Halambage",
              "bowler": "T Mathew",
              "non_striker": "JE Jayakodyge",
              "runs": {
                "batter": 1,
                "extras": 0,
                "total": 1
              }
            },
            {
              "batter": "JE Jayakodyge",
              "bowler": "T Mathew",
              "extras": {
                "wides": 1
              },
              "non_striker": "VS Halambage",
              "runs": {
                "batter": 0,
                "extras": 1,
                "total": 1
              }
            },
            {
              "batter": "JE Jayakodyge",
              "bowler": "T Mathew",
              "non_striker": "VS Halambage",
              "runs": {
                "batter": 0,
                "extras": 0,
                "total": 0
              }
            },
            {
              "batter": "JE Jayakodyge",
              "bowler": "T Mathew",
              "non_striker": "VS Halambage",
              "runs": {
                "batter": 0,
                "extras": 0,
                "total": 0
              }
            }
          ]
        },
        {
          "over": 5,
          "deliveries": [
            {
              "batter": "VS Halambage",
              "bowler": "D Hemananda",
              "non_striker": "JE Jayakodyge",
              "runs": {
                "batter": 0,
                "extras": 0,
                "total": 0
              }
            },
            {
              "batter": "VS Halambage",
              "bowler": "D Hemananda",
              "non_striker": "JE Jayakodyge",
              "runs": {
                "batter": 4,
                "extras": 0,
                "total": 4
              }
            },
            {
              "batter": "VS Halambage",
              "bowler": "D Hemananda",
              "non_striker": "JE Jayakodyge",
              "runs": {
                "batter": 1,
                "extras": 0,
                "total": 1
              }
            },
            {
              "batter": "JE Jayakodyge",
              "bowler": "D Hemananda",
              "non_striker": "VS Halambage",
              "runs": {
                "batter": 4,
                "extras": 0,
                "total": 4
              }
            },
            {
              "batter": "JE Jayakodyge",
              "bowler": "D Hemananda",
              "non_striker": "VS Halambage",
              "runs": {
                "batter": 0,
                "extras": 0,
                "total": 0
              }
            },
            {
              "batter": "JE Jayakodyge",
              "bowler": "D Hemananda",
              "non_striker": "VS Halambage",
              "runs": {
                "batter": 0,
                "extras": 0,
                "total": 0
              }
            }
          ]
        },
        {
          "over": 6,
          "deliveries": [
            {
              "batter": "VS Halambage",
              "bowler": "C Battage",
              "non_striker": "JE Jayakodyge",
              "runs": {
                "batter": 0,
                "extras": 0,
                "total": 0
              },
              "wickets": [
                {
                  "player_out": "VS Halambage",
                  "fielders": [
                    {
                      "name": "I Wijesundera"
                    }
                  ],
                  "kind": "caught"
                }
              ]
            },
            {
              "batter": "S Malshan",
              "bowler": "C Battage",
              "extras": {
                "legbyes": 1
              },
              "non_striker": "JE Jayakodyge",
              "runs": {
                "batter": 0,
                "extras": 1,
                "total": 1
              }
            },
            {
              "batter": "JE Jayakodyge",
              "bowler": "C Battage",
              "non_striker": "S Malshan",
              "runs": {
                "batter": 1,
                "extras": 0,
                "total": 1
              }
            },
            {
              "batter": "S Malshan",
              "bowler": "C Battage",
              "non_striker": "JE Jayakodyge",
              "runs": {
                "batter": 1,
                "extras": 0,
                "total": 1
              }
            },
            {
              "batter": "JE Jayakodyge",
              "bowler": "C Battage",
              "non_striker": "S Malshan",
              "runs": {
                "batter": 0,
                "extras": 0,
                "total": 0
              },
              "wickets": [
                {
                  "player_out": "JE Jayakodyge",
                  "fielders": [
                    {
                      "name": "L Dawatage"
                    }
                  ],
                  "kind": "caught"
                }
              ]
            },
            {
              "batter": "MADI Hemantha",
              "bowler": "C Battage",
              "non_striker": "S Malshan",
              "runs": {
                "batter": 1,
                "extras": 0,
                "total": 1
              }
            }
          ]
        },
        {
          "over": 7,
          "deliveries": [
            {
              "batter": "MADI Hemantha",
              "bowler": "W Sahan",
              "non_striker": "S Malshan",
              "runs": {
                "batter": 0,
                "extras": 0,
                "total": 0
              }
            },
            {
              "batter": "MADI Hemantha",
              "bowler": "W Sahan",
              "non_striker": "S Malshan",
              "runs": {
                "batter": 1,
                "extras": 0,
                "total": 1
              }
            },
            {
              "batter": "S Malshan",
              "bowler": "W Sahan",
              "non_striker": "MADI Hemantha",
              "runs": {
                "batter": 0,
                "extras": 0,
                "total": 0
              }
            },
            {
              "batter": "S Malshan",
              "bowler": "W Sahan",
              "non_striker": "MADI Hemantha",
              "runs": {
                "batter": 1,
                "extras": 0,
                "total": 1
              }
            },
            {
              "batter": "MADI Hemantha",
              "bowler": "W Sahan",
              "non_striker": "S Malshan",
              "runs": {
                "batter": 1,
                "extras": 0,
                "total": 1
              }
            },
            {
              "batter": "S Malshan",
              "bowler": "W Sahan",
              "non_striker": "MADI Hemantha",
              "runs": {
                "batter": 0,
                "extras": 0,
                "total": 0
              }
            }
          ]
        },
        {
          "over": 8,
          "deliveries": [
            {
              "batter": "MADI Hemantha",
              "bowler": "C Battage",
              "non_striker": "S Malshan",
              "runs": {
                "batter": 1,
                "extras": 0,
                "total": 1
              }
            },
            {
              "batter": "S Malshan",
              "bowler": "C Battage",
              "extras": {
                "wides": 1
              },
              "non_striker": "MADI Hemantha",
              "runs": {
                "batter": 0,
                "extras": 1,
                "total": 1
              }
            },
            {
              "batter": "S Malshan",
              "bowler": "C Battage",
              "extras": {
                "wides": 1
              },
              "non_striker": "MADI Hemantha",
              "runs": {
                "batter": 0,
                "extras": 1,
                "total": 1
              }
            },
            {
              "batter": "S Malshan",
              "bowler": "C Battage",
              "non_striker": "MADI Hemantha",
              "runs": {
                "batter": 1,
                "extras": 0,
                "total": 1
              }
            },
            {
              "batter": "MADI Hemantha",
              "bowler": "C Battage",
              "non_striker": "S Malshan",
              "runs": {
                "batter": 1,
                "extras": 0,
                "total": 1
              }
            },
            {
              "batter": "S Malshan",
              "bowler": "C Battage",
              "non_striker": "MADI Hemantha",
              "runs": {
                "batter": 1,
                "extras": 0,
                "total": 1
              }
            },
            {
              "batter": "MADI Hemantha",
              "bowler": "C Battage",
              "non_striker": "S Malshan",
              "runs": {
                "batter": 1,
                "extras": 0,
                "total": 1
              }
            },
            {
              "batter": "S Malshan",
              "bowler": "C Battage",
              "extras": {
                "wides": 1
              },
              "non_striker": "MADI Hemantha",
              "runs": {
                "batter": 0,
                "extras": 1,
                "total": 1
              }
            },
            {
              "batter": "S Malshan",
              "bowler": "C Battage",
              "non_striker": "MADI Hemantha",
              "runs": {
                "batter": 1,
                "extras": 0,
                "total": 1
              }
            }
          ]
        },
        {
          "over": 9,
          "deliveries": [
            {
              "batter": "S Malshan",
              "bowler": "R de Silva",
              "non_striker": "MADI Hemantha",
              "runs": {
                "batter": 2,
                "extras": 0,
                "total": 2
              }
            },
            {
              "batter": "S Malshan",
              "bowler": "R de Silva",
              "non_striker": "MADI Hemantha",
              "runs": {
                "batter": 1,
                "extras": 0,
                "total": 1
              }
            },
            {
              "batter": "MADI Hemantha",
              "bowler": "R de Silva",
              "non_striker": "S Malshan",
              "runs": {
                "batter": 6,
                "extras": 0,
                "total": 6
              }
            },
            {
              "batter": "MADI Hemantha",
              "bowler": "R de Silva",
              "non_striker": "S Malshan",
              "runs": {
                "batter": 1,
                "extras": 0,
                "total": 1
              }
            },
            {
              "batter": "S Malshan",
              "bowler": "R de Silva",
              "non_striker": "MADI Hemantha",
              "runs": {
                "batter": 0,
                "extras": 0,
                "total": 0
              }
            },
            {
              "batter": "S Malshan",
              "bowler": "R de Silva",
              "extras": {
                "wides": 1
              },
              "non_striker": "MADI Hemantha",
              "runs": {
                "batter": 0,
                "extras": 1,
                "total": 1
              }
            },
            {
              "batter": "S Malshan",
              "bowler": "R de Silva",
              "non_striker": "MADI Hemantha",
              "runs": {
                "batter": 1,
                "extras": 0,
                "total": 1
              }
            }
          ]
        },
        {
          "over": 10,
          "deliveries": [
            {
              "batter": "S Malshan",
              "bowler": "I Wijesundera",
              "non_striker": "MADI Hemantha",
              "runs": {
                "batter": 1,
                "extras": 0,
                "total": 1
              }
            },
            {
              "batter": "MADI Hemantha",
              "bowler": "I Wijesundera",
              "non_striker": "S Malshan",
              "runs": {
                "batter": 0,
                "extras": 0,
                "total": 0
              }
            },
            {
              "batter": "MADI Hemantha",
              "bowler": "I Wijesundera",
              "non_striker": "S Malshan",
              "runs": {
                "batter": 1,
                "extras": 0,
                "total": 1
              }
            },
            {
              "batter": "S Malshan",
              "bowler": "I Wijesundera",
              "non_striker": "MADI Hemantha",
              "runs": {
                "batter": 1,
                "extras": 0,
                "total": 1
              }
            },
            {
              "batter": "MADI Hemantha",
              "bowler": "I Wijesundera",
              "non_striker": "S Malshan",
              "runs": {
                "batter": 0,
                "extras": 0,
                "total": 0
              },
              "wickets": [
                {
                  "player_out": "MADI Hemantha",
                  "fielders": [
                    {
                      "name": "HS Liyanage"
                    }
                  ],
                  "kind": "caught"
                }
              ]
            },
            {
              "batter": "G Malkan",
              "bowler": "I Wijesundera",
              "non_striker": "S Malshan",
              "runs": {
                "batter": 1,
                "extras": 0,
                "total": 1
              }
            }
          ]
        },
        {
          "over": 11,
          "deliveries": [
            {
              "batter": "G Malkan",
              "bowler": "D Hemananda",
              "non_striker": "S Malshan",
              "runs": {
                "batter": 1,
                "extras": 0,
                "total": 1
              }
            },
            {
              "batter": "S Malshan",
              "bowler": "D Hemananda",
              "non_striker": "G Malkan",
              "runs": {
                "batter": 1,
                "extras": 0,
                "total": 1
              }
            },
            {
              "batter": "G Malkan",
              "bowler": "D Hemananda",
              "non_striker": "S Malshan",
              "runs": {
                "batter": 3,
                "extras": 0,
                "total": 3
              }
            },
            {
              "batter": "S Malshan",
              "bowler": "D Hemananda",
              "non_striker": "G Malkan",
              "runs": {
                "batter": 1,
                "extras": 0,
                "total": 1
              }
            },
            {
              "batter": "G Malkan",
              "bowler": "D Hemananda",
              "non_striker": "S Malshan",
              "runs": {
                "batter": 1,
                "extras": 0,
                "total": 1
              }
            },
            {
              "batter": "S Malshan",
              "bowler": "D Hemananda",
              "extras": {
                "legbyes": 1
              },
              "non_striker": "G Malkan",
              "runs": {
                "batter": 0,
                "extras": 1,
                "total": 1
              }
            }
          ]
        },
        {
          "over": 12,
          "deliveries": [
            {
              "batter": "S Malshan",
              "bowler": "T Mathew",
              "non_striker": "G Malkan",
              "runs": {
                "batter": 1,
                "extras": 0,
                "total": 1
              }
            },
            {
              "batter": "G Malkan",
              "bowler": "T Mathew",
              "non_striker": "S Malshan",
              "runs": {
                "batter": 1,
                "extras": 0,
                "total": 1
              }
            },
            {
              "batter": "S Malshan",
              "bowler": "T Mathew",
              "non_striker": "G Malkan",
              "runs": {
                "batter": 2,
                "extras": 0,
                "total": 2
              }
            },
            {
              "batter": "S Malshan",
              "bowler": "T Mathew",
              "non_striker": "G Malkan",
              "runs": {
                "batter": 1,
                "extras": 0,
                "total": 1
              }
            },
            {
              "batter": "G Malkan",
              "bowler": "T Mathew",
              "non_striker": "S Malshan",
              "runs": {
                "batter": 0,
                "extras": 0,
                "total": 0
              }
            },
            {
              "batter": "G Malkan",
              "bowler": "T Mathew",
              "non_striker": "S Malshan",
              "runs": {
                "batter": 1,
                "extras": 0,
                "total": 1
              }
            }
          ]
        },
        {
          "over": 13,
          "deliveries": [
            {
              "batter": "G Malkan",
              "bowler": "W Sahan",
              "non_striker": "S Malshan",
              "runs": {
                "batter": 0,
                "extras": 0,
                "total": 0
              },
              "wickets": [
                {
                  "player_out": "G Malkan",
                  "fielders": [
                    {
                      "name": "C Battage"
                    }
                  ],
                  "kind": "caught"
                }
              ]
            },
            {
              "batter": "N Vimukthi",
              "bowler": "W Sahan",
              "non_striker": "S Malshan",
              "runs": {
                "batter": 1,
                "extras": 0,
                "total": 1
              }
            },
            {
              "batter": "S Malshan",
              "bowler": "W Sahan",
              "non_striker": "N Vimukthi",
              "runs": {
                "batter": 2,
                "extras": 0,
                "total": 2
              }
            },
            {
              "batter": "S Malshan",
              "bowler": "W Sahan",
              "non_striker": "N Vimukthi",
              "runs": {
                "batter": 1,
                "extras": 0,
                "total": 1
              }
            },
            {
              "batter": "N Vimukthi",
              "bowler": "W Sahan",
              "non_striker": "S Malshan",
              "runs": {
                "batter": 1,
                "extras": 0,
                "total": 1
              }
            },
            {
              "batter": "S Malshan",
              "bowler": "W Sahan",
              "non_striker": "N Vimukthi",
              "runs": {
                "batter": 1,
                "extras": 0,
                "total": 1
              }
            }
          ]
        },
        {
          "over": 14,
          "deliveries": [
            {
              "batter": "S Malshan",
              "bowler": "C Battage",
              "non_striker": "N Vimukthi",
              "runs": {
                "batter": 2,
                "extras": 0,
                "total": 2
              }
            },
            {
              "batter": "S Malshan",
              "bowler": "C Battage",
              "non_striker": "N Vimukthi",
              "runs": {
                "batter": 1,
                "extras": 0,
                "total": 1
              }
            },
            {
              "batter": "N Vimukthi",
              "bowler": "C Battage",
              "non_striker": "S Malshan",
              "runs": {
                "batter": 1,
                "extras": 0,
                "total": 1
              }
            },
            {
              "batter": "S Malshan",
              "bowler": "C Battage",
              "non_striker": "N Vimukthi",
              "runs": {
                "batter": 4,
                "extras": 0,
                "total": 4
              }
            }
          ]
        }
      ],
      "powerplays": [
        {
          "from": 0.1,
          "to": 4.7,
          "type": "mandatory"
        }
      ],
      "target": {
        "overs": 16,
        "runs": 101
      }
    }
  ]
}