{
  "meta": {
    "data_version": "1.1.0",
    "created": "2025-07-13",
    "revision": 1
  },
  "info": {
    "balls_per_over": 6,
    "city": "Colombo",
    "dates": [
      "2025-06-08"
    ],
    "event": {
      "name": "Major Clubs T20 Tournament",
      "group": "A"
    },
    "gender": "male",
    "match_type": "T20",
    "officials": {
      "match_referees": [
        "GF Labrooy"
      ],
      "reserve_umpires": [
        "RD Kottahachchi"
      ],
      "umpires": [
        "R Dulsiri",
        "RSA Palliyaguruge"
      ]
    },
    "outcome": {
      "winner": "Moors Sports Club",
      "by": {
        "wickets": 4
      }
    },
    "overs": 20,
    "players": {
      "Badureliya Sports Club": [
        "DD de Soysa",
        "Y Dilruk",
        "Shehan Madusanka",
        "Y Dewthusa",
        "HUP Kaldera",
        "S Prasanna",
        "S Deshapriya",
        "K Nuwantha",
        "R Koshitha",
        "SNA Nethmika",
        "KPD Perera"
      ],
      "Moors Sports Club": [
        "BOL Mendis",
        "Ravishan de Silva",
        "S Samarawickrama",
        "S Gimhan",
        "UVS Fernando",
        "RTM Mendis",
        "M Tharupathi",
        "L Abeyratne",
        "SA Fernando",
        "P Jayawickrama",
        "D Kumarasingha"
      ]
    },
    "registry": {
      "people": {
        "BOL Mendis": "9614d123",
        "D Kumarasingha": "334360c4",
        "DD de Soysa": "c3e40574",
        "GF Labrooy": "8e088dbc",
        "HUP Kaldera": "52fe9053",
        "K Nuwantha": "7d8773b4",
        "KPD Perera": "2c51aa51",
        "L Abeyratne": "4ff4e5a1",
        "M Tharupathi": "ec0b9258",
        "P Jayawickrama": "b7d1eadd",
        "R Dulsiri": "a7d3d23c",
        "R Koshitha": "4d2068e9",
        "RD Kottahachchi": "92e41d14",
        "RSA Palliyaguruge": "4339c19d",
        "RTM Mendis": "1be67d37",
        "Ravishan de Silva": "dad30a05",
        "S Deshapriya": "48536ee2",
        "S Gimhan": "81acb5f5",
        "S Prasanna": "f78e7113",
        "S Samarawickrama": "9ab2914d",
        "SA Fernando": "49fb57d4",
        "SNA Nethmika": "3bec2696",
        "Shehan Madusanka": "d5464b57",
        "UVS Fernando": "7625e5df",
        "Y Dewthusa": "f7966437",
        "Y Dilruk": "3c9f8f5f"
      }
    },
    "season": "2025",
    "team_type": "club",
    "teams": [
      "Badureliya Sports Club",
      "Moors Sports Club"
    ],
    "toss": {
      "decision": "field",
      "winner": "Moors Sports Club"
    },
    "venue": "Colts Cricket Club Ground, Colombo"
  },
  "innings": [
    {
      "team": "Badureliya Sports Club",
      "overs": [
        {
          "over": 0,
          "deliveries": [
            {
              "batter": "DD de Soysa",
              "bowler": "D Kumarasingha",
              "non_striker": "Y Dilruk",
              "runs": {
                "batter": 1,
                "extras": 0,
                "total": 1
              }
            },
            {
              "batter": "Y Dilruk",
              "bowler": "D Kumarasingha",
              "non_striker": "DD de Soysa",
              "runs": {
                "batter": 0,
                "extras": 0,
                "total": 0
              },
              "wickets": [
                {
                  "player_out": "Y Dilruk",
                  "fielders": [
                    {
                      "name": "BOL Mendis"
                    }
                  ],
                  "kind": "caught"
                }
              ]
            },
            {
              "batter": "Shehan Madusanka",
              "bowler": "D Kumarasingha",
              "non_striker": "DD de Soysa",
              "runs": {
                "batter": 1,
                "extras": 0,
                "total": 1
              }
            },
            {
              "batter": "DD de Soysa",
              "bowler": "D Kumarasingha",
              "non_striker": "Shehan Madusanka",
              "runs": {
                "batter": 0,
                "extras": 0,
                "total": 0
              }
            },
            {
              "batter": "DD de Soysa",
              "bowler": "D Kumarasingha",
              "non_striker": "Shehan Madusanka",
              "runs": {
                "batter": 1,
                "extras": 0,
                "total": 1
              }
            },
            {
              "batter": "Shehan Madusanka",
              "bowler": "D Kumarasingha",
              "non_striker": "DD de Soysa",
              "runs": {
                "batter": 6,
                "extras": 0,
                "total": 6
              }
            }
          ]
        },
        {
          "over": 1,
          "deliveries": [
            {
              "batter": "DD de Soysa",
              "bowler": "SA Fernando",
              "extras": {
                "wides": 1
              },
              "non_striker": "Shehan Madusanka",
              "runs": {
                "batter": 0,
                "extras": 1,
                "total": 1
              }
            },
            {
              "batter": "DD de Soysa",
              "bowler": "SA Fernando",
              "non_striker": "Shehan Madusanka",
              "runs": {
                "batter": 4,
                "extras": 0,
                "total": 4
              }
            },
            {
              "batter": "DD de Soysa",
              "bowler": "SA Fernando",
              "non_striker": "Shehan Madusanka",
              "runs": {
                "batter": 0,
                "extras": 0,
                "total": 0
              }
            },
            {
              "batter": "DD de Soysa",
              "bowler": "SA Fernando",
              "non_striker": "Shehan Madusanka",
              "runs": {
                "batter": 1,
                "extras": 0,
                "total": 1
              }
            },
            {
              "batter": "Shehan Madusanka",
              "bowler": "SA Fernando",
              "non_striker": "DD de Soysa",
              "runs": {
                "batter": 1,
                "extras": 0,
                "total": 1
              }
            },
            {
              "batter": "DD de Soysa",
              "bowler": "SA Fernando",
              "non_striker": "Shehan Madusanka",
              "runs": {
                "batter": 0,
                "extras": 0,
                "total": 0
              },
              "wickets": [
                {
                  "player_out": "DD de Soysa",
                  "fielders": [
                    {
                      "name": "RTM Mendis"
                    }
                  ],
                  "kind": "caught"
                }
              ]
            },
            {
              "batter": "Y Dewthusa",
              "bowler": "SA Fernando",
              "non_striker": "Shehan Madusanka",
              "runs": {
                "batter": 0,
                "extras": 0,
                "total": 0
              }
            }
          ]
        },
        {
          "over": 2,
          "deliveries": [
            {
              "batter": "Shehan Madusanka",
              "bowler": "D Kumarasingha",
              "non_striker": "Y Dewthusa",
              "runs": {
                "batter": 4,
                "extras": 0,
                "total": 4
              }
            },
            {
              "batter": "Shehan Madusanka",
              "bowler": "D Kumarasingha",
              "non_striker": "Y Dewthusa",
              "runs": {
                "batter": 1,
                "extras": 0,
                "total": 1
              }
            },
            {
              "batter": "Y Dewthusa",
              "bowler": "D Kumarasingha",
              "non_striker": "Shehan Madusanka",
              "runs": {
                "batter": 0,
                "extras": 0,
                "total": 0
              },
              "wickets": [
                {
                  "player_out": "Y Dewthusa",
                  "fielders": [
                    {
                      "name": "SA Fernando"
                    }
                  ],
                  "kind": "run out"
                }
              ]
            },
            {
              "batter": "HUP Kaldera",
              "bowler": "D Kumarasingha",
              "non_striker": "Shehan Madusanka",
              "runs": {
                "batter": 1,
                "extras": 0,
                "total": 1
              }
            },
            {
              "batter": "Shehan Madusanka",
              "bowler": "D Kumarasingha",
              "non_striker": "HUP Kaldera",
              "runs": {
                "batter": 4,
                "extras": 0,
                "total": 4
              }
            },
            {
              "batter": "Shehan Madusanka",
              "bowler": "D Kumarasingha",
              "non_striker": "HUP Kaldera",
              "runs": {
                "batter": 0,
                "extras": 0,
                "total": 0
              }
            }
          ]
        },
        {
          "over": 3,
          "deliveries": [
            {
              "batter": "HUP Kaldera",
              "bowler": "P Jayawickrama",
              "non_striker": "Shehan Madusanka",
              "runs": {
                "batter": 0,
                "extras": 0,
                "total": 0
              }
            },
            {
              "batter": "HUP Kaldera",
              "bowler": "P Jayawickrama",
              "non_striker": "Shehan Madusanka",
              "runs": {
                "batter": 0,
                "extras": 0,
                "total": 0
              }
            },
            {
              "batter": "HUP Kaldera",
              "bowler": "P Jayawickrama",
              "non_striker": "Shehan Madusanka",
              "runs": {
                "batter": 0,
                "extras": 0,
                "total": 0
              },
              "wickets": [
                {
                  "player_out": "HUP Kaldera",
                  "kind": "bowled"
                }
              ]
            },
            {
              "batter": "S Prasanna",
              "bowler": "P Jayawickrama",
              "non_striker": "Shehan Madusanka",
              "runs": {
                "batter": 0,
                "extras": 0,
                "total": 0
              }
            },
            {
              "batter": "S Prasanna",
              "bowler": "P Jayawickrama",
              "non_striker": "Shehan Madusanka",
              "runs": {
                "batter": 0,
                "extras": 0,
                "total": 0
              }
            },
            {
              "batter": "S Prasanna",
              "bowler": "P Jayawickrama",
              "non_striker": "Shehan Madusanka",
              "runs": {
                "batter": 0,
                "extras": 0,
                "total": 0
              }
            }
          ]
        },
        {
          "over": 4,
          "deliveries": [
            {
              "batter": "Shehan Madusanka",
              "bowler": "SA Fernando",
              "non_striker": "S Prasanna",
              "runs": {
                "batter": 4,
                "extras": 0,
                "total": 4
              }
            },
            {
              "batter": "Shehan Madusanka",
              "bowler": "SA Fernando",
              "non_striker": "S Prasanna",
              "runs": {
                "batter": 0,
                "extras": 0,
                "total": 0
              },
              "wickets": [
                {
                  "player_out": "Shehan Madusanka",
                  "fielders": [
                    {
                      "name": "M Tharupathi"
                    }
                  ],
                  "kind": "caught"
                }
              ]
            },
            {
              "batter": "S Deshapriya",
              "bowler": "SA Fernando",
              "non_striker": "S Prasanna",
              "runs": {
                "batter": 1,
                "extras": 0,
                "total": 1
              }
            },
            {
              "batter": "S Prasanna",
              "bowler": "SA Fernando",
              "non_striker": "S Deshapriya",
              "runs": {
                "batter": 4,
                "extras": 0,
                "total": 4
              }
            },
            {
              "batter": "S Prasanna",
              "bowler": "SA Fernando",
              "non_striker": "S Deshapriya",
              "runs": {
                "batter": 1,
                "extras": 0,
                "total": 1
              }
            },
            {
              "batter": "S Deshapriya",
              "bowler": "SA Fernando",
              "non_striker": "S Prasanna",
              "runs": {
                "batter": 0,
                "extras": 0,
                "total": 0
              }
            }
          ]
        },
        {
          "over": 5,
          "deliveries": [
            {
              "batter": "S Prasanna",
              "bowler": "P Jayawickrama",
              "non_striker": "S Deshapriya",
              "runs": {
                "batter": 0,
                "extras": 0,
                "total": 0
              }
            },
            {
              "batter": "S Prasanna",
              "bowler": "P Jayawickrama",
              "non_striker": "S Deshapriya",
              "runs": {
                "batter": 1,
                "extras": 0,
                "total": 1
              }
            },
            {
              "batter": "S Deshapriya",
              "bowler": "P Jayawickrama",
              "non_striker": "S Prasanna",
              "runs": {
                "batter": 1,
                "extras": 0,
                "total": 1
              }
            },
            {
              "batter": "S Prasanna",
              "bowler": "P Jayawickrama",
              "non_striker": "S Deshapriya",
              "runs": {
                "batter": 0,
                "extras": 0,
                "total": 0
              }
            },
            {
              "batter": "S Prasanna",
              "bowler": "P Jayawickrama",
              "non_striker": "S Deshapriya",
              "runs": {
                "batter": 0,
                "extras": 0,
                "total": 0
              },
              "wickets": [
                {
                  "player_out": "S Prasanna",
                  "kind": "bowled"
                }
              ]
            },
            {
              "batter": "K Nuwantha",
              "bowler": "P Jayawickrama",
              "non_striker": "S Deshapriya",
              "runs": {
                "batter": 0,
                "extras": 0,
                "total": 0
              }
            }
          ]
        },
        {
          "over": 6,
          "deliveries": [
            {
              "batter": "S Deshapriya",
              "bowler": "RTM Mendis",
              "non_striker": "K Nuwantha",
              "runs": {
                "batter": 1,
                "extras": 0,
                "total": 1
              }
            },
            {
              "batter": "K Nuwantha",
              "bowler": "RTM Mendis",
              "non_striker": "S Deshapriya",
              "runs": {
                "batter": 0,
                "extras": 0,
                "total": 0
              }
            },
            {
              "batter": "K Nuwantha",
              "bowler": "RTM Mendis",
              "non_striker": "S Deshapriya",
              "runs": {
                "batter": 2,
                "extras": 0,
                "total": 2
              }
            },
            {
              "batter": "K Nuwantha",
              "bowler": "RTM Mendis",
              "non_striker": "S Deshapriya",
              "runs": {
                "batter": 6,
                "extras": 0,
                "total": 6
              }
            },
            {
              "batter": "K Nuwantha",
              "bowler": "RTM Mendis",
              "non_striker": "S Deshapriya",
              "runs": {
                "batter": 0,
                "extras": 0,
                "total": 0
              }
            },
            {
              "batter": "K Nuwantha",
              "bowler": "RTM Mendis",
              "non_striker": "S Deshapriya",
              "runs": {
                "batter": 1,
                "extras": 0,
                "total": 1
              }
            }
          ]
        },
        {
          "over": 7,
          "deliveries": [
            {
              "batter": "K Nuwantha",
              "bowler": "Ravishan de Silva",
              "non_striker": "S Deshapriya",
              "runs": {
                "batter": 0,
                "extras": 0,
                "total": 0
              }
            },
            {
              "batter": "K Nuwantha",
              "bowler": "Ravishan de Silva",
              "non_striker": "S Deshapriya",
              "runs": {
                "batter": 1,
                "extras": 0,
                "total": 1
              }
            },
            {
              "batter": "S Deshapriya",
              "bowler": "Ravishan de Silva",
              "non_striker": "K Nuwantha",
              "runs": {
                "batter": 1,
                "extras": 0,
                "total": 1
              }
            },
            {
              "batter": "K Nuwantha",
              "bowler": "Ravishan de Silva",
              "non_striker": "S Deshapriya",
              "runs": {
                "batter": 1,
                "extras": 0,
                "total": 1
              }
            },
            {
              "batter": "S Deshapriya",
              "bowler": "Ravishan de Silva",
              "non_striker": "K Nuwantha",
              "runs": {
                "batter": 0,
                "extras": 0,
                "total": 0
              }
            },
            {
              "batter": "S Deshapriya",
              "bowler": "Ravishan de Silva",
              "non_striker": "K Nuwantha",
              "runs": {
                "batter": 1,
                "extras": 0,
                "total": 1
              }
            }
          ]
        },
        {
          "over": 8,
          "deliveries": [
            {
              "batter": "S Deshapriya",
              "bowler": "M Tharupathi",
              "non_striker": "K Nuwantha",
              "runs": {
                "batter": 1,
                "extras": 0,
                "total": 1
              }
            },
            {
              "batter": "K Nuwantha",
              "bowler": "M Tharupathi",
              "non_striker": "S Deshapriya",
              "runs": {
                "batter": 4,
                "extras": 0,
                "total": 4
              }
            },
            {
              "batter": "K Nuwantha",
              "bowler": "M Tharupathi",
              "non_striker": "S Deshapriya",
              "runs": {
                "batter": 0,
                "extras": 0,
                "total": 0
              }
            },
            {
              "batter": "K Nuwantha",
              "bowler": "M Tharupathi",
              "non_striker": "S Deshapriya",
              "runs": {
                "batter": 1,
                "extras": 0,
                "total": 1
              }
            },
            {
              "batter": "S Deshapriya",
              "bowler": "M Tharupathi",
              "extras": {
                "wides": 1
              },
              "non_striker": "K Nuwantha",
              "runs": {
                "batter": 0,
                "extras": 1,
                "total": 1
              }
            },
            {
              "batter": "S Deshapriya",
              "bowler": "M Tharupathi",
              "non_striker": "K Nuwantha",
              "runs": {
                "batter": 1,
                "extras": 0,
                "total": 1
              }
            },
            {
              "batter": "K Nuwantha",
              "bowler": "M Tharupathi",
              "non_striker": "S Deshapriya",
              "runs": {
                "batter": 4,
                "extras": 0,
                "total": 4
              }
            }
          ]
        },
        {
          "over": 9,
          "deliveries": [
            {
              "batter": "S Deshapriya",
              "bowler": "Ravishan de Silva",
              "non_striker": "K Nuwantha",
              "runs": {
                "batter": 1,
                "extras": 0,
                "total": 1
              }
            },
            {
              "batter": "K Nuwantha",
              "bowler": "Ravishan de Silva",
              "non_striker": "S Deshapriya",
              "runs": {
                "batter": 0,
                "extras": 0,
                "total": 0
              }
            },
            {
              "batter": "K Nuwantha",
              "bowler": "Ravishan de Silva",
              "non_striker": "S Deshapriya",
              "runs": {
                "batter": 2,
                "extras": 0,
                "total": 2
              }
            },
            {
              "batter": "K Nuwantha",
              "bowler": "Ravishan de Silva",
              "non_striker": "S Deshapriya",
              "runs": {
                "batter": 6,
                "extras": 0,
                "total": 6
              }
            },
            {
              "batter": "K Nuwantha",
              "bowler": "Ravishan de Silva",
              "non_striker": "S Deshapriya",
              "runs": {
                "batter": 0,
                "extras": 0,
                "total": 0
              }
            },
            {
              "batter": "K Nuwantha",
              "bowler": "Ravishan de Silva",
              "non_striker": "S Deshapriya",
              "runs": {
                "batter": 0,
                "extras": 0,
                "total": 0
              }
            }
          ]
        },
        {
          "over": 10,
          "deliveries": [
            {
              "batter": "S Deshapriya",
              "bowler": "P Jayawickrama",
              "non_striker": "K Nuwantha",
              "runs": {
                "batter": 0,
                "extras": 0,
                "total": 0
              }
            },
            {
              "batter": "S Deshapriya",
              "bowler": "P Jayawickrama",
              "non_striker": "K Nuwantha",
              "runs": {
                "batter": 1,
                "extras": 0,
                "total": 1
              }
            },
            {
              "batter": "K Nuwantha",
              "bowler": "P Jayawickrama",
              "non_striker": "S Deshapriya",
              "runs": {
                "batter": 4,
                "extras": 0,
                "total": 4
              }
            },
            {
              "batter": "K Nuwantha",
              "bowler": "P Jayawickrama",
              "non_striker": "S Deshapriya",
              "runs": {
                "batter": 1,
                "extras": 0,
                "total": 1
              }
            },
            {
              "batter": "S Deshapriya",
              "bowler": "P Jayawickrama",
              "non_striker": "K Nuwantha",
              "runs": {
                "batter": 1,
                "extras": 0,
                "total": 1
              }
            },
            {
              "batter": "K Nuwantha",
              "bowler": "P Jayawickrama",
              "non_striker": "S Deshapriya",
              "runs": {
                "batter": 1,
                "extras": 0,
                "total": 1
              }
            }
          ]
        },
        {
          "over": 11,
          "deliveries": [
            {
              "batter": "K Nuwantha",
              "bowler": "RTM Mendis",
              "non_striker": "S Deshapriya",
              "runs": {
                "batter": 1,
                "extras": 0,
                "total": 1
              }
            },
            {
              "batter": "S Deshapriya",
              "bowler": "RTM Mendis",
              "non_striker": "K Nuwantha",
              "runs": {
                "batter": 1,
                "extras": 0,
                "total": 1
              }
            },
            {
              "batter": "K Nuwantha",
              "bowler": "RTM Mendis",
              "extras": {
                "legbyes": 1
              },
              "non_striker": "S Deshapriya",
              "runs": {
                "batter": 0,
                "extras": 1,
                "total": 1
              }
            },
            {
              "batter": "S Deshapriya",
              "bowler": "RTM Mendis",
              "non_striker": "K Nuwantha",
              "runs": {
                "batter": 1,
                "extras": 0,
                "total": 1
              }
            },
            {
              "batter": "K Nuwantha",
              "bowler": "RTM Mendis",
              "non_striker": "S Deshapriya",
              "runs": {
                "batter": 4,
                "extras": 0,
                "total": 4
              }
            },
            {
              "batter": "K Nuwantha",
              "bowler": "RTM Mendis",
              "non_striker": "S Deshapriya",
              "runs": {
                "batter": 1,
                "extras": 0,
                "total": 1
              }
            }
          ]
        },
        {
          "over": 12,
          "deliveries": [
            {
              "batter": "K Nuwantha",
              "bowler": "D Kumarasingha",
              "non_striker": "S Deshapriya",
              "runs": {
                "batter": 1,
                "extras": 0,
                "total": 1
              }
            },
            {
              "batter": "S Deshapriya",
              "bowler": "D Kumarasingha",
              "non_striker": "K Nuwantha",
              "runs": {
                "batter": 1,
                "extras": 0,
                "total": 1
              }
            },
            {
              "batter": "K Nuwantha",
              "bowler": "D Kumarasingha",
              "non_striker": "S Deshapriya",
              "runs": {
                "batter": 4,
                "extras": 0,
                "total": 4
              }
            },
            {
              "batter": "K Nuwantha",
              "bowler": "D Kumarasingha",
              "non_striker": "S Deshapriya",
              "runs": {
                "batter": 1,
                "extras": 0,
                "total": 1
              }
            },
            {
              "batter": "S Deshapriya",
              "bowler": "D Kumarasingha",
              "non_striker": "K Nuwantha",
              "runs": {
                "batter": 1,
                "extras": 0,
                "total": 1
              }
            },
            {
              "batter": "K Nuwantha",
              "bowler": "D Kumarasingha",
              "non_striker": "S Deshapriya",
              "runs": {
                "batter": 1,
                "extras": 0,
                "total": 1
              }
            }
          ]
        },
        {
          "over": 13,
          "deliveries": [
            {
              "batter": "K Nuwantha",
              "bowler": "M Tharupathi",
              "non_striker": "S Deshapriya",
              "runs": {
                "batter": 0,
                "extras": 0,
                "total": 0
              }
            },
            {
              "batter": "K Nuwantha",
              "bowler": "M Tharupathi",
              "non_striker": "S Deshapriya",
              "runs": {
                "batter": 1,
                "extras": 0,
                "total": 1
              }
            },
            {
              "batter": "S Deshapriya",
              "bowler": "M Tharupathi",
              "non_striker": "K Nuwantha",
              "runs": {
                "batter": 0,
                "extras": 0,
                "total": 0
              }
            },
            {
              "batter": "S Deshapriya",
              "bowler": "M Tharupathi",
              "non_striker": "K Nuwantha",
              "runs": {
                "batter": 1,
                "extras": 0,
                "total": 1
              }
            },
            {
              "batter": "K Nuwantha",
              "bowler": "M Tharupathi",
              "non_striker": "S Deshapriya",
              "runs": {
                "batter": 1,
                "extras": 0,
                "total": 1
              }
            },
            {
              "batter": "S Deshapriya",
              "bowler": "M Tharupathi",
              "non_striker": "K Nuwantha",
              "runs": {
                "batter": 1,
                "extras": 0,
                "total": 1
              }
            }
          ]
        },
        {
          "over": 14,
          "deliveries": [
            {
              "batter": "S Deshapriya",
              "bowler": "SA Fernando",
              "non_striker": "K Nuwantha",
              "runs": {
                "batter": 0,
                "extras": 0,
                "total": 0
              }
            },
            {
              "batter": "S Deshapriya",
              "bowler": "SA Fernando",
              "non_striker": "K Nuwantha",
              "runs": {
                "batter": 1,
                "extras": 0,
                "total": 1
              }
            },
            {
              "batter": "K Nuwantha",
              "bowler": "SA Fernando",
              "non_striker": "S Deshapriya",
              "runs": {
                "batter": 0,
                "extras": 0,
                "total": 0
              }
            },
            {
              "batter": "K Nuwantha",
              "bowler": "SA Fernando",
              "non_striker": "S Deshapriya",
              "runs": {
                "batter": 1,
                "extras": 0,
                "total": 1
              }
            },
            {
              "batter": "S Deshapriya",
              "bowler": "SA Fernando",
              "non_striker": "K Nuwantha",
              "runs": {
                "batter": 1,
                "extras": 0,
                "total": 1
              }
            },
            {
              "batter": "K Nuwantha",
              "bowler": "SA Fernando",
              "non_striker": "S Deshapriya",
              "runs": {
                "batter": 1,
                "extras": 0,
                "total": 1
              }
            }
          ]
        },
        {
          "over": 15,
          "deliveries": [
            {
              "batter": "K Nuwantha",
              "bowler": "M Tharupathi",
              "non_striker": "S Deshapriya",
              "runs": {
                "batter": 1,
                "extras": 0,
                "total": 1
              }
            },
            {
              "batter": "S Deshapriya",
              "bowler": "M Tharupathi",
              "non_striker": "K Nuwantha",
              "runs": {
                "batter": 1,
                "extras": 0,
                "total": 1
              }
            },
            {
              "batter": "K Nuwantha",
              "bowler": "M Tharupathi",
              "non_striker": "S Deshapriya",
              "runs": {
                "batter": 0,
                "extras": 0,
                "total": 0
              }
            },
            {
              "batter": "K Nuwantha",
              "bowler": "M Tharupathi",
              "non_striker": "S Deshapriya",
              "runs": {
                "batter": 1,
                "extras": 0,
                "total": 1
              }
            },
            {
              "batter": "S Deshapriya",
              "bowler": "M Tharupathi",
              "non_striker": "K Nuwantha",
              "runs": {
                "batter": 1,
                "extras": 0,
                "total": 1
              }
            },
            {
              "batter": "K Nuwantha",
              "bowler": "M Tharupathi",
              "non_striker": "S Deshapriya",
              "runs": {
                "batter": 0,
                "extras": 0,
                "total": 0
              }
            }
          ]
        },
        {
          "over": 16,
          "deliveries": [
            {
              "batter": "S Deshapriya",
              "bowler": "SA Fernando",
              "non_striker": "K Nuwantha",
              "runs": {
                "batter": 1,
                "extras": 0,
                "total": 1
              }
            },
            {
              "batter": "K Nuwantha",
              "bowler": "SA Fernando",
              "non_striker": "S Deshapriya",
              "runs": {
                "batter": 0,
                "extras": 0,
                "total": 0
              }
            },
            {
              "batter": "K Nuwantha",
              "bowler": "SA Fernando",
              "non_striker": "S Deshapriya",
              "runs": {
                "batter": 0,
                "extras": 0,
                "total": 0
              }
            },
            {
              "batter": "K Nuwantha",
              "bowler": "SA Fernando",
              "non_striker": "S Deshapriya",
              "runs": {
                "batter": 4,
                "extras": 0,
                "total": 4
              }
            },
            {
              "batter": "K Nuwantha",
              "bowler": "SA Fernando",
              "non_striker": "S Deshapriya",
              "runs": {
                "batter": 0,
                "extras": 0,
                "total": 0
              }
            },
            {
              "batter": "K Nuwantha",
              "bowler": "SA Fernando",
              "extras": {
                "wides": 1
              },
              "non_striker": "S Deshapriya",
              "runs": {
                "batter": 0,
                "extras": 1,
                "total": 1
              }
            },
            {
              "batter": "K Nuwantha",
              "bowler": "SA Fernando",
              "non_striker": "S Deshapriya",
              "runs": {
                "batter": 0,
                "extras": 0,
                "total": 0
              }
            }
          ]
        },
        {
          "over": 17,
          "deliveries": [
            {
              "batter": "S Deshapriya",
              "bowler": "M Tharupathi",
              "non_striker": "K Nuwantha",
              "runs": {
                "batter": 1,
                "extras": 0,
                "total": 1
              }
            },
            {
              "batter": "K Nuwantha",
              "bowler": "M Tharupathi",
              "non_striker": "S Deshapriya",
              "runs": {
                "batter": 0,
                "extras": 0,
                "total": 0
              }
            },
            {
              "batter": "K Nuwantha",
              "bowler": "M Tharupathi",
              "non_striker": "S Deshapriya",
              "runs": {
                "batter": 0,
                "extras": 0,
                "total": 0
              },
              "wickets": [
                {
                  "player_out": "K Nuwantha",
                  "fielders": [
                    {
                      "name": "S Gimhan"
                    }
                  ],
                  "kind": "caught"
                }
              ]
            },
            {
              "batter": "R Koshitha",
              "bowler": "M Tharupathi",
              "non_striker": "S Deshapriya",
              "runs": {
                "batter": 0,
                "extras": 0,
                "total": 0
              }
            },
            {
              "batter": "R Koshitha",
              "bowler": "M Tharupathi",
              "non_striker": "S Deshapriya",
              "runs": {
                "batter": 0,
                "extras": 0,
                "total": 0
              }
            },
            {
              "batter": "R Koshitha",
              "bowler": "M Tharupathi",
              "non_striker": "S Deshapriya",
              "runs": {
                "batter": 0,
                "extras": 0,
                "total": 0
              },
              "wickets": [
                {
                  "player_out": "R Koshitha",
                  "fielders": [
                    {
                      "name": "S Gimhan"
                    }
                  ],
                  "kind": "caught"
                }
              ]
            }
          ]
        },
        {
          "over": 18,
          "deliveries": [
            {
              "batter": "S Deshapriya",
              "bowler": "P Jayawickrama",
              "non_striker": "SNA Nethmika",
              "runs": {
                "batter": 4,
                "extras": 0,
                "total": 4
              }
            },
            {
              "batter": "S Deshapriya",
              "bowler": "P Jayawickrama",
              "non_striker": "SNA Nethmika",
              "runs": {
                "batter": 0,
                "extras": 0,
                "total": 0
              }
            },
            {
              "batter": "S Deshapriya",
              "bowler": "P Jayawickrama",
              "non_striker": "SNA Nethmika",
              "runs": {
                "batter": 0,
                "extras": 0,
                "total": 0
              }
            },
            {
              "batter": "S Deshapriya",
              "bowler": "P Jayawickrama",
              "non_striker": "SNA Nethmika",
              "runs": {
                "batter": 0,
                "extras": 0,
                "total": 0
              }
            },
            {
              "batter": "S Deshapriya",
              "bowler": "P Jayawickrama",
              "non_striker": "SNA Nethmika",
              "runs": {
                "batter": 0,
                "extras": 0,
                "total": 0
              }
            },
            {
              "batter": "S Deshapriya",
              "bowler": "P Jayawickrama",
              "non_striker": "SNA Nethmika",
              "runs": {
                "batter": 1,
                "extras": 0,
                "total": 1
              }
            }
          ]
        },
        {
          "over": 19,
          "deliveries": [
            {
              "batter": "S Deshapriya",
              "bowler": "RTM Mendis",
              "non_striker": "SNA Nethmika",
              "runs": {
                "batter": 1,
                "extras": 0,
                "total": 1
              }
            },
            {
              "batter": "SNA Nethmika",
              "bowler": "RTM Mendis",
              "non_striker": "S Deshapriya",
              "runs": {
                "batter": 0,
                "extras": 0,
                "total": 0
              }
            },
            {
              "batter": "SNA Nethmika",
              "bowler": "RTM Mendis",
              "non_striker": "S Deshapriya",
              "runs": {
                "batter": 0,
                "extras": 0,
                "total": 0
              }
            },
            {
              "batter": "SNA Nethmika",
              "bowler": "RTM Mendis",
              "non_striker": "S Deshapriya",
              "runs": {
                "batter": 0,
                "extras": 0,
                "total": 0
              }
            },
            {
              "batter": "SNA Nethmika",
              "bowler": "RTM Mendis",
              "non_striker": "S Deshapriya",
              "runs": {
                "batter": 0,
                "extras": 0,
                "total": 0
              },
              "wickets": [
                {
                  "player_out": "SNA Nethmika",
                  "kind": "lbw"
                }
              ]
            },
            {
              "batter": "KPD Perera",
              "bowler": "RTM Mendis",
              "non_striker": "S Deshapriya",
              "runs": {
                "batter": 0,
                "extras": 0,
                "total": 0
              },
              "wickets": [
                {
                  "player_out": "KPD Perera",
                  "kind": "lbw"
                }
              ]
            }
          ]
        }
      ],
      "powerplays": [
        {
          "from": 0.1,
          "to": 5.6,
          "type": "mandatory"
        }
      ]
    },
    {
      "team": "Moors Sports Club",
      "overs": [
        {
          "over": 0,
          "deliveries": [
            {
              "batter": "BOL Mendis",
              "bowler": "R Koshitha",
              "non_striker": "Ravishan de Silva",
              "runs": {
                "batter": 0,
                "extras": 0,
                "total": 0
              }
            },
            {
              "batter": "BOL Mendis",
              "bowler": "R Koshitha",
              "non_striker": "Ravishan de Silva",
              "runs": {
                "batter": 0,
                "extras": 0,
                "total": 0
              }
            },
            {
              "batter": "BOL Mendis",
              "bowler": "R Koshitha",
              "non_striker": "Ravishan de Silva",
              "runs": {
                "batter": 0,
                "extras": 0,
                "total": 0
              }
            },
            {
              "batter": "BOL Mendis",
              "bowler": "R Koshitha",
              "non_striker": "Ravishan de Silva",
              "runs": {
                "batter": 6,
                "extras": 0,
                "total": 6
              }
            },
            {
              "batter": "BOL Mendis",
              "bowler": "R Koshitha",
              "non_striker": "Ravishan de Silva",
              "runs": {
                "batter": 0,
                "extras": 0,
                "total": 0
              }
            },
            {
              "batter": "BOL Mendis",
              "bowler": "R Koshitha",
              "non_striker": "Ravishan de Silva",
              "runs": {
                "batter": 0,
                "extras": 0,
                "total": 0
              }
            }
          ]
        },
        {
          "over": 1,
          "deliveries": [
            {
              "batter": "Ravishan de Silva",
              "bowler": "Y Dewthusa",
              "non_striker": "BOL Mendis",
              "runs": {
                "batter": 0,
                "extras": 0,
                "total": 0
              }
            },
            {
              "batter": "Ravishan de Silva",
              "bowler": "Y Dewthusa",
              "non_striker": "BOL Mendis",
              "runs": {
                "batter": 0,
                "extras": 0,
                "total": 0
              }
            },
            {
              "batter": "Ravishan de Silva",
              "bowler": "Y Dewthusa",
              "non_striker": "BOL Mendis",
              "runs": {
                "batter": 0,
                "extras": 0,
                "total": 0
              }
            },
            {
              "batter": "Ravishan de Silva",
              "bowler": "Y Dewthusa",
              "non_striker": "BOL Mendis",
              "runs": {
                "batter": 0,
                "extras": 0,
                "total": 0
              },
              "wickets": [
                {
                  "player_out": "Ravishan de Silva",
                  "kind": "lbw"
                }
              ]
            },
            {
              "batter": "S Samarawickrama",
              "bowler": "Y Dewthusa",
              "non_striker": "BOL Mendis",
              "runs": {
                "batter": 1,
                "extras": 0,
                "total": 1
              }
            },
            {
              "batter": "BOL Mendis",
              "bowler": "Y Dewthusa",
              "non_striker": "S Samarawickrama",
              "runs": {
                "batter": 4,
                "extras": 0,
                "total": 4
              }
            }
          ]
        },
        {
          "over": 2,
          "deliveries": [
            {
              "batter": "S Samarawickrama",
              "bowler": "R Koshitha",
              "non_striker": "BOL Mendis",
              "runs": {
                "batter": 1,
                "extras": 0,
                "total": 1
              }
            },
            {
              "batter": "BOL Mendis",
              "bowler": "R Koshitha",
              "non_striker": "S Samarawickrama",
              "runs": {
                "batter": 4,
                "extras": 0,
                "total": 4
              }
            },
            {
              "batter": "BOL Mendis",
              "bowler": "R Koshitha",
              "non_striker": "S Samarawickrama",
              "runs": {
                "batter": 0,
                "extras": 0,
                "total": 0
              }
            },
            {
              "batter": "BOL Mendis",
              "bowler": "R Koshitha",
              "non_striker": "S Samarawickrama",
              "runs": {
                "batter": 6,
                "extras": 0,
                "total": 6
              }
            },
            {
              "batter": "BOL Mendis",
              "bowler": "R Koshitha",
              "non_striker": "S Samarawickrama",
              "runs": {
                "batter": 1,
                "extras": 0,
                "total": 1
              }
            },
            {
              "batter": "S Samarawickrama",
              "bowler": "R Koshitha",
              "non_striker": "BOL Mendis",
              "runs": {
                "batter": 1,
                "extras": 0,
                "total": 1
              }
            }
          ]
        },
        {
          "over": 3,
          "deliveries": [
            {
              "batter": "S Samarawickrama",
              "bowler": "S Prasanna",
              "non_striker": "BOL Mendis",
              "runs": {
                "batter": 0,
                "extras": 0,
                "total": 0
              }
            },
            {
              "batter": "S Samarawickrama",
              "bowler": "S Prasanna",
              "non_striker": "BOL Mendis",
              "runs": {
                "batter": 1,
                "extras": 0,
                "total": 1
              }
            },
            {
              "batter": "BOL Mendis",
              "bowler": "S Prasanna",
              "non_striker": "S Samarawickrama",
              "runs": {
                "batter": 1,
                "extras": 0,
                "total": 1
              }
            },
            {
              "batter": "S Samarawickrama",
              "bowler": "S Prasanna",
              "non_striker": "BOL Mendis",
              "runs": {
                "batter": 4,
                "extras": 0,
                "total": 4
              }
            },
            {
              "batter": "S Samarawickrama",
              "bowler": "S Prasanna",
              "non_striker": "BOL Mendis",
              "runs": {
                "batter": 0,
                "extras": 0,
                "total": 0
              }
            },
            {
              "batter": "S Samarawickrama",
              "bowler": "S Prasanna",
              "non_striker": "BOL Mendis",
              "runs": {
                "batter": 4,
                "extras": 0,
                "total": 4
              }
            }
          ]
        },
        {
          "over": 4,
          "deliveries": [
            {
              "batter": "BOL Mendis",
              "bowler": "SNA Nethmika",
              "non_striker": "S Samarawickrama",
              "runs": {
                "batter": 0,
                "extras": 0,
                "total": 0
              }
            },
            {
              "batter": "BOL Mendis",
              "bowler": "SNA Nethmika",
              "non_striker": "S Samarawickrama",
              "runs": {
                "batter": 4,
                "extras": 0,
                "total": 4
              }
            },
            {
              "batter": "BOL Mendis",
              "bowler": "SNA Nethmika",
              "non_striker": "S Samarawickrama",
              "runs": {
                "batter": 6,
                "extras": 0,
                "total": 6
              }
            },
            {
              "batter": "BOL Mendis",
              "bowler": "SNA Nethmika",
              "non_striker": "S Samarawickrama",
              "runs": {
                "batter": 0,
                "extras": 0,
                "total": 0
              }
            },
            {
              "batter": "BOL Mendis",
              "bowler": "SNA Nethmika",
              "non_striker": "S Samarawickrama",
              "runs": {
                "batter": 1,
                "extras": 0,
                "total": 1
              }
            },
            {
              "batter": "S Samarawickrama",
              "bowler": "SNA Nethmika",
              "non_striker": "BOL Mendis",
              "runs": {
                "batter": 0,
                "extras": 0,
                "total": 0
              }
            }
          ]
        },
        {
          "over": 5,
          "deliveries": [
            {
              "batter": "BOL Mendis",
              "bowler": "Y Dewthusa",
              "non_striker": "S Samarawickrama",
              "runs": {
                "batter": 0,
                "extras": 0,
                "total": 0
              }
            },
            {
              "batter": "BOL Mendis",
              "bowler": "Y Dewthusa",
              "non_striker": "S Samarawickrama",
              "runs": {
                "batter": 4,
                "extras": 0,
                "total": 4
              }
            },
            {
              "batter": "BOL Mendis",
              "bowler": "Y Dewthusa",
              "non_striker": "S Samarawickrama",
              "runs": {
                "batter": 6,
                "extras": 0,
                "total": 6
              }
            },
            {
              "batter": "BOL Mendis",
              "bowler": "Y Dewthusa",
              "non_striker": "S Samarawickrama",
              "runs": {
                "batter": 1,
                "extras": 0,
                "total": 1
              }
            },
            {
              "batter": "S Samarawickrama",
              "bowler": "Y Dewthusa",
              "extras": {
                "legbyes": 1
              },
              "non_striker": "BOL Mendis",
              "runs": {
                "batter": 0,
                "extras": 1,
                "total": 1
              }
            },
            {
              "batter": "BOL Mendis",
              "bowler": "Y Dewthusa",
              "non_striker": "S Samarawickrama",
              "runs": {
                "batter": 1,
                "extras": 0,
                "total": 1
              }
            }
          ]
        },
        {
          "over": 6,
          "deliveries": [
            {
              "batter": "BOL Mendis",
              "bowler": "K Nuwantha",
              "non_striker": "S Samarawickrama",
              "runs": {
                "batter": 1,
                "extras": 0,
                "total": 1
              }
            },
            {
              "batter": "S Samarawickrama",
              "bowler": "K Nuwantha",
              "non_striker": "BOL Mendis",
              "runs": {
                "batter": 2,
                "extras": 0,
                "total": 2
              }
            },
            {
              "batter": "S Samarawickrama",
              "bowler": "K Nuwantha",
              "non_striker": "BOL Mendis",
              "runs": {
                "batter": 0,
                "extras": 0,
                "total": 0
              }
            },
            {
              "batter": "S Samarawickrama",
              "bowler": "K Nuwantha",
              "non_striker": "BOL Mendis",
              "runs": {
                "batter": 0,
                "extras": 0,
                "total": 0
              }
            },
            {
              "batter": "S Samarawickrama",
              "bowler": "K Nuwantha",
              "non_striker": "BOL Mendis",
              "runs": {
                "batter": 4,
                "extras": 0,
                "total": 4
              }
            },
            {
              "batter": "S Samarawickrama",
              "bowler": "K Nuwantha",
              "non_striker": "BOL Mendis",
              "runs": {
                "batter": 1,
                "extras": 0,
                "total": 1
              }
            }
          ]
        },
        {
          "over": 7,
          "deliveries": [
            {
              "batter": "S Samarawickrama",
              "bowler": "HUP Kaldera",
              "non_striker": "BOL Mendis",
              "runs": {
                "batter": 1,
                "extras": 0,
                "total": 1
              }
            },
            {
              "batter": "BOL Mendis",
              "bowler": "HUP Kaldera",
              "non_striker": "S Samarawickrama",
              "runs": {
                "batter": 4,
                "extras": 0,
                "total": 4
              }
            },
            {
              "batter": "BOL Mendis",
              "bowler": "HUP Kaldera",
              "non_striker": "S Samarawickrama",
              "runs": {
                "batter": 0,
                "extras": 0,
                "total": 0
              }
            },
            {
              "batter": "BOL Mendis",
              "bowler": "HUP Kaldera",
              "non_striker": "S Samarawickrama",
              "runs": {
                "batter": 1,
                "extras": 0,
                "total": 1
              }
            },
            {
              "batter": "S Samarawickrama",
              "bowler": "HUP Kaldera",
              "non_striker": "BOL Mendis",
              "runs": {
                "batter": 0,
                "extras": 0,
                "total": 0
              }
            },
            {
              "batter": "S Samarawickrama",
              "bowler": "HUP Kaldera",
              "non_striker": "BOL Mendis",
              "runs": {
                "batter": 4,
                "extras": 0,
                "total": 4
              }
            }
          ]
        },
        {
          "over": 8,
          "deliveries": [
            {
              "batter": "BOL Mendis",
              "bowler": "K Nuwantha",
              "non_striker": "S Samarawickrama",
              "runs": {
                "batter": 0,
                "extras": 0,
                "total": 0
              }
            },
            {
              "batter": "BOL Mendis",
              "bowler": "K Nuwantha",
              "non_striker": "S Samarawickrama",
              "runs": {
                "batter": 0,
                "extras": 0,
                "total": 0
              },
              "wickets": [
                {
                  "player_out": "BOL Mendis",
                  "kind": "bowled"
                }
              ]
            },
            {
              "batter": "S Gimhan",
              "bowler": "K Nuwantha",
              "non_striker": "S Samarawickrama",
              "runs": {
                "batter": 1,
                "extras": 0,
                "total": 1
              }
            },
            {
              "batter": "S Samarawickrama",
              "bowler": "K Nuwantha",
              "non_striker": "S Gimhan",
              "runs": {
                "batter": 1,
                "extras": 0,
                "total": 1
              }
            },
            {
              "batter": "S Gimhan",
              "bowler": "K Nuwantha",
              "non_striker": "S Samarawickrama",
              "runs": {
                "batter": 0,
                "extras": 0,
                "total": 0
              }
            },
            {
              "batter": "S Gimhan",
              "bowler": "K Nuwantha",
              "non_striker": "S Samarawickrama",
              "runs": {
                "batter": 0,
                "extras": 0,
                "total": 0
              }
            }
          ]
        },
        {
          "over": 9,
          "deliveries": [
            {
              "batter": "S Samarawickrama",
              "bowler": "HUP Kaldera",
              "non_striker": "S Gimhan",
              "runs": {
                "batter": 1,
                "extras": 0,
                "total": 1
              }
            },
            {
              "batter": "S Gimhan",
              "bowler": "HUP Kaldera",
              "non_striker": "S Samarawickrama",
              "runs": {
                "batter": 0,
                "extras": 0,
                "total": 0
              }
            },
            {
              "batter": "S Gimhan",
              "bowler": "HUP Kaldera",
              "non_striker": "S Samarawickrama",
              "runs": {
                "batter": 1,
                "extras": 0,
                "total": 1
              }
            },
            {
              "batter": "S Samarawickrama",
              "bowler": "HUP Kaldera",
              "non_striker": "S Gimhan",
              "runs": {
                "batter": 4,
                "extras": 0,
                "total": 4
              }
            },
            {
              "batter": "S Samarawickrama",
              "bowler": "HUP Kaldera",
              "non_striker": "S Gimhan",
              "runs": {
                "batter": 1,
                "extras": 0,
                "total": 1
              }
            },
            {
              "batter": "S Gimhan",
              "bowler": "HUP Kaldera",
              "non_striker": "S Samarawickrama",
              "runs": {
                "batter": 1,
                "extras": 0,
                "total": 1
              }
            }
          ]
        },
        {
          "over": 10,
          "deliveries": [
            {
              "batter": "S Gimhan",
              "bowler": "K Nuwantha",
              "non_striker": "S Samarawickrama",
              "runs": {
                "batter": 0,
                "extras": 0,
                "total": 0
              },
              "wickets": [
                {
                  "player_out": "S Gimhan",
                  "kind": "lbw"
                }
              ]
            },
            {
              "batter": "UVS Fernando",
              "bowler": "K Nuwantha",
              "non_striker": "S Samarawickrama",
              "runs": {
                "batter": 4,
                "extras": 0,
                "total": 4
              }
            },
            {
              "batter": "UVS Fernando",
              "bowler": "K Nuwantha",
              "non_striker": "S Samarawickrama",
              "runs": {
                "batter": 0,
                "extras": 0,
                "total": 0
              }
            },
            {
              "batter": "UVS Fernando",
              "bowler": "K Nuwantha",
              "non_striker": "S Samarawickrama",
              "runs": {
                "batter": 4,
                "extras": 0,
                "total": 4
              }
            },
            {
              "batter": "UVS Fernando",
              "bowler": "K Nuwantha",
              "non_striker": "S Samarawickrama",
              "runs": {
                "batter": 4,
                "extras": 0,
                "total": 4
              }
            },
            {
              "batter": "UVS Fernando",
              "bowler": "K Nuwantha",
              "non_striker": "S Samarawickrama",
              "runs": {
                "batter": 1,
                "extras": 0,
                "total": 1
              }
            }
          ]
        },
        {
          "over": 11,
          "deliveries": [
            {
              "batter": "UVS Fernando",
              "bowler": "R Koshitha",
              "non_striker": "S Samarawickrama",
              "runs": {
                "batter": 0,
                "extras": 0,
                "total": 0
              },
              "wickets": [
                {
                  "player_out": "UVS Fernando",
                  "fielders": [
                    {
                      "name": "S Deshapriya"
                    }
                  ],
                  "kind": "stumped"
                }
              ]
            },
            {
              "batter": "RTM Mendis",
              "bowler": "R Koshitha",
              "non_striker": "S Samarawickrama",
              "runs": {
                "batter": 0,
                "extras": 0,
                "total": 0
              }
            },
            {
              "batter": "RTM Mendis",
              "bowler": "R Koshitha",
              "non_striker": "S Samarawickrama",
              "runs": {
                "batter": 0,
                "extras": 0,
                "total": 0
              }
            },
            {
              "batter": "RTM Mendis",
              "bowler": "R Koshitha",
              "non_striker": "S Samarawickrama",
              "runs": {
                "batter": 1,
                "extras": 0,
                "total": 1
              }
            },
            {
              "batter": "S Samarawickrama",
              "bowler": "R Koshitha",
              "non_striker": "RTM Mendis",
              "runs": {
                "batter": 1,
                "extras": 0,
                "total": 1
              }
            },
            {
              "batter": "RTM Mendis",
              "bowler": "R Koshitha",
              "non_striker": "S Samarawickrama",
              "runs": {
                "batter": 0,
                "extras": 0,
                "total": 0
              }
            }
          ]
        },
        {
          "over": 12,
          "deliveries": [
            {
              "batter": "S Samarawickrama",
              "bowler": "Y Dewthusa",
              "non_striker": "RTM Mendis",
              "runs": {
                "batter": 0,
                "extras": 0,
                "total": 0
              }
            },
            {
              "batter": "S Samarawickrama",
              "bowler": "Y Dewthusa",
              "non_striker": "RTM Mendis",
              "runs": {
                "batter": 4,
                "extras": 0,
                "total": 4
              }
            },
            {
              "batter": "S Samarawickrama",
              "bowler": "Y Dewthusa",
              "non_striker": "RTM Mendis",
              "runs": {
                "batter": 2,
                "extras": 0,
                "total": 2
              }
            },
            {
              "batter": "S Samarawickrama",
              "bowler": "Y Dewthusa",
              "non_striker": "RTM Mendis",
              "runs": {
                "batter": 1,
                "extras": 0,
                "total": 1
              }
            },
            {
              "batter": "RTM Mendis",
              "bowler": "Y Dewthusa",
              "non_striker": "S Samarawickrama",
              "runs": {
                "batter": 1,
                "extras": 0,
                "total": 1
              }
            },
            {
              "batter": "S Samarawickrama",
              "bowler": "Y Dewthusa",
              "non_striker": "RTM Mendis",
              "runs": {
                "batter": 0,
                "extras": 0,
                "total": 0
              }
            }
          ]
        },
        {
          "over": 13,
          "deliveries": [
            {
              "batter": "RTM Mendis",
              "bowler": "R Koshitha",
              "non_striker": "S Samarawickrama",
              "runs": {
                "batter": 1,
                "extras": 0,
                "total": 1
              }
            },
            {
              "batter": "S Samarawickrama",
              "bowler": "R Koshitha",
              "non_striker": "RTM Mendis",
              "runs": {
                "batter": 1,
                "extras": 0,
                "total": 1
              }
            },
            {
              "batter": "RTM Mendis",
              "bowler": "R Koshitha",
              "non_striker": "S Samarawickrama",
              "runs": {
                "batter": 1,
                "extras": 0,
                "total": 1
              }
            },
            {
              "batter": "S Samarawickrama",
              "bowler": "R Koshitha",
              "non_striker": "RTM Mendis",
              "runs": {
                "batter": 1,
                "extras": 0,
                "total": 1
              }
            },
            {
              "batter": "RTM Mendis",
              "bowler": "R Koshitha",
              "non_striker": "S Samarawickrama",
              "runs": {
                "batter": 0,
                "extras": 0,
                "total": 0
              }
            },
            {
              "batter": "RTM Mendis",
              "bowler": "R Koshitha",
              "non_striker": "S Samarawickrama",
              "runs": {
                "batter": 1,
                "extras": 0,
                "total": 1
              }
            }
          ]
        },
        {
          "over": 14,
          "deliveries": [
            {
              "batter": "RTM Mendis",
              "bowler": "S Prasanna",
              "non_striker": "S Samarawickrama",
              "runs": {
                "batter": 4,
                "extras": 0,
                "total": 4
              }
            },
            {
              "batter": "RTM Mendis",
              "bowler": "S Prasanna",
              "non_striker": "S Samarawickrama",
              "runs": {
                "batter": 0,
                "extras": 0,
                "total": 0
              },
              "wickets": [
                {
                  "player_out": "RTM Mendis",
                  "kind": "bowled"
                }
              ]
            },
            {
              "batter": "M Tharupathi",
              "bowler": "S Prasanna",
              "non_striker": "S Samarawickrama",
              "runs": {
                "batter": 4,
                "extras": 0,
                "total": 4
              }
            },
            {
              "batter": "M Tharupathi",
              "bowler": "S Prasanna",
              "non_striker": "S Samarawickrama",
              "runs": {
                "batter": 0,
                "extras": 0,
                "total": 0
              },
              "wickets": [
                {
                  "player_out": "M Tharupathi",
                  "fielders": [
                    {
                      "name": "SNA Nethmika"
                    }
                  ],
                  "kind": "caught"
                }
              ]
            },
            {
              "batter": "L Abeyratne",
              "bowler": "S Prasanna",
              "non_striker": "S Samarawickrama",
              "runs": {
                "batter": 1,
                "extras": 0,
                "total": 1
              }
            },
            {
              "batter": "S Samarawickrama",
              "bowler": "S Prasanna",
              "extras": {
                "byes": 4
              },
              "non_striker": "L Abeyratne",
              "runs": {
                "batter": 0,
                "extras": 4,
                "total": 4
              }
            }
          ]
        }
      ],
      "powerplays": [
        {
          "from": 0.1,
          "to": 5.6,
          "type": "mandatory"
        }
      ],
      "target": {
        "overs": 20,
        "runs": 125
      }
    }
  ]
}