{
  "meta": {
    "data_version": "1.1.0",
    "created": "2025-07-13",
    "revision": 1
  },
  "info": {
    "balls_per_over": 6,
    "city": "Colombo",
    "dates": [
      "2025-06-06"
    ],
    "event": {
      "name": "Major Clubs T20 Tournament",
      "group": "A"
    },
    "gender": "male",
    "match_type": "T20",
    "officials": {
      "match_referees": [
        "BCMS Mendis"
      ],
      "reserve_umpires": [
        "ID Gunawardene"
      ],
      "umpires": [
        "LE Hannibal",
        "R Dulsiri"
      ]
    },
    "outcome": {
      "winner": "Nondescripts Cricket Club",
      "by": {
        "runs": 1
      }
    },
    "overs": 20,
    "players": {
      "Nondescripts Cricket Club": [
        "N Dickwella",
        "G Senhas",
        "K Mishara",
        "J Shashen",
        "SSD Arachchige",
        "C Karunaratne",
        "Kaveen Bandara",
        "RS Sayer",
        "S Nishshanka",
        "L Embuldeniya",
        "PVD Chameera"
      ],
      "Panadura Sports Club": [
        "JE Jayakodyge",
        "VS Halambage",
        "ND Ahangamage",
        "S Malshan",
        "MADI Hemantha",
        "G Malkan",
        "V Lahiru",
        "N Vimukthi",
        "Senitha Halambage",
        "KDA Manoj",
        "S Mihira"
      ]
    },
    "registry": {
      "people": {
        "BCMS Mendis": "e3f6e4ac",
        "C Karunaratne": "fb3e0d39",
        "G Malkan": "0c79cd0e",
        "G Senhas": "b146b897",
        "ID Gunawardene": "63841782",
        "J Shashen": "39b615aa",
        "JE Jayakodyge": "782ca295",
        "K Mishara": "65cebd5d",
        "KDA Manoj": "361c920a",
        "Kaveen Bandara": "fccb94c3",
        "L Embuldeniya": "b54b66b3",
        "LE Hannibal": "3c04e91a",
        "MADI Hemantha": "58431ca0",
        "N Dickwella": "45963d9e",
        "N Vimukthi": "b215a7be",
        "ND Ahangamage": "35a9b029",
        "PVD Chameera": "327b58d3",
        "R Dulsiri": "a7d3d23c",
        "RS Sayer": "b01544ff",
        "S Malshan": "68581793",
        "S Mihira": "9cd00650",
        "S Nishshanka": "b46554ed",
        "SSD Arachchige": "c05f9d20",
        "Senitha Halambage": "eab6aa30",
        "V Lahiru": "26cd5968",
        "VS Halambage": "9531d48f"
      }
    },
    "season": "2025",
    "team_type": "club",
    "teams": [
      "Nondescripts Cricket Club",
      "Panadura Sports Club"
    ],
    "toss": {
      "decision": "bat",
      "winner": "Nondescripts Cricket Club"
    },
    "venue": "Colombo Cricket Club Ground"
  },
  "innings": [
    {
      "team": "Nondescripts Cricket Club",
      "overs": [
        {
          "over": 0,
          "deliveries": [
            {
              "batter": "N Dickwella",
              "bowler": "N Vimukthi",
              "non_striker": "G Senhas",
              "runs": {
                "batter": 0,
                "extras": 0,
                "total": 0
              }
            },
            {
              "batter": "N Dickwella",
              "bowler": "N Vimukthi",
              "non_striker": "G Senhas",
              "runs": {
                "batter": 1,
                "extras": 0,
                "total": 1
              }
            },
            {
              "batter": "G Senhas",
              "bowler": "N Vimukthi",
              "non_striker": "N Dickwella",
              "runs": {
                "batter": 0,
                "extras": 0,
                "total": 0
              }
            },
            {
              "batter": "G Senhas",
              "bowler": "N Vimukthi",
              "non_striker": "N Dickwella",
              "runs": {
                "batter": 0,
                "extras": 0,
                "total": 0
              },
              "wickets": [
                {
                  "player_out": "G Senhas",
                  "fielders": [
                    {
                      "name": "ND Ahangamage"
                    }
                  ],
                  "kind": "caught"
                }
              ]
            },
            {
              "batter": "K Mishara",
              "bowler": "N Vimukthi",
              "non_striker": "N Dickwella",
              "runs": {
                "batter": 0,
                "extras": 0,
                "total": 0
              }
            },
            {
              "batter": "K Mishara",
              "bowler": "N Vimukthi",
              "extras": {
                "wides": 3
              },
              "non_striker": "N Dickwella",
              "runs": {
                "batter": 0,
                "extras": 3,
                "total": 3
              }
            },
            {
              "batter": "K Mishara",
              "bowler": "N Vimukthi",
              "non_striker": "N Dickwella",
              "runs": {
                "batter": 0,
                "extras": 0,
                "total": 0
              }
            }
          ]
        },
        {
          "over": 1,
          "deliveries": [
            {
              "batter": "N Dickwella",
              "bowler": "Senitha Halambage",
              "non_striker": "K Mishara",
              "runs": {
                "batter": 1,
                "extras": 0,
                "total": 1
              }
            },
            {
              "batter": "K Mishara",
              "bowler": "Senitha Halambage",
              "non_striker": "N Dickwella",
              "runs": {
                "batter": 1,
                "extras": 0,
                "total": 1
              }
            },
            {
              "batter": "N Dickwella",
              "bowler": "Senitha Halambage",
              "extras": {
                "wides": 2
              },
              "non_striker": "K Mishara",
              "runs": {
                "batter": 0,
                "extras": 2,
                "total": 2
              }
            },
            {
              "batter": "K Mishara",
              "bowler": "Senitha Halambage",
              "non_striker": "N Dickwella",
              "runs": {
                "batter": 0,
                "extras": 0,
                "total": 0
              },
              "wickets": [
                {
                  "player_out": "K Mishara",
                  "kind": "bowled"
                }
              ]
            },
            {
              "batter": "J Shashen",
              "bowler": "Senitha Halambage",
              "non_striker": "N Dickwella",
              "runs": {
                "batter": 0,
                "extras": 0,
                "total": 0
              }
            },
            {
              "batter": "J Shashen",
              "bowler": "Senitha Halambage",
              "non_striker": "N Dickwella",
              "runs": {
                "batter": 1,
                "extras": 0,
                "total": 1
              }
            },
            {
              "batter": "N Dickwella",
              "bowler": "Senitha Halambage",
              "extras": {
                "noballs": 1
              },
              "non_striker": "J Shashen",
              "runs": {
                "batter": 0,
                "extras": 1,
                "total": 1
              }
            },
            {
              "batter": "N Dickwella",
              "bowler": "Senitha Halambage",
              "non_striker": "J Shashen",
              "runs": {
                "batter": 1,
                "extras": 0,
                "total": 1
              }
            }
          ]
        },
        {
          "over": 2,
          "deliveries": [
            {
              "batter": "N Dickwella",
              "bowler": "N Vimukthi",
              "non_striker": "J Shashen",
              "runs": {
                "batter": 1,
                "extras": 0,
                "total": 1
              }
            },
            {
              "batter": "J Shashen",
              "bowler": "N Vimukthi",
              "non_striker": "N Dickwella",
              "runs": {
                "batter": 1,
                "extras": 0,
                "total": 1
              }
            },
            {
              "batter": "N Dickwella",
              "bowler": "N Vimukthi",
              "non_striker": "J Shashen",
              "runs": {
                "batter": 4,
                "extras": 0,
                "total": 4
              }
            },
            {
              "batter": "N Dickwella",
              "bowler": "N Vimukthi",
              "non_striker": "J Shashen",
              "runs": {
                "batter": 1,
                "extras": 0,
                "total": 1
              }
            },
            {
              "batter": "J Shashen",
              "bowler": "N Vimukthi",
              "non_striker": "N Dickwella",
              "runs": {
                "batter": 0,
                "extras": 0,
                "total": 0
              }
            },
            {
              "batter": "J Shashen",
              "bowler": "N Vimukthi",
              "non_striker": "N Dickwella",
              "runs": {
                "batter": 0,
                "extras": 0,
                "total": 0
              }
            }
          ]
        },
        {
          "over": 3,
          "deliveries": [
            {
              "batter": "N Dickwella",
              "bowler": "Senitha Halambage",
              "non_striker": "J Shashen",
              "runs": {
                "batter": 0,
                "extras": 0,
                "total": 0
              }
            },
            {
              "batter": "N Dickwella",
              "bowler": "Senitha Halambage",
              "extras": {
                "legbyes": 1
              },
              "non_striker": "J Shashen",
              "runs": {
                "batter": 0,
                "extras": 1,
                "total": 1
              }
            },
            {
              "batter": "J Shashen",
              "bowler": "Senitha Halambage",
              "non_striker": "N Dickwella",
              "runs": {
                "batter": 0,
                "extras": 0,
                "total": 0
              }
            },
            {
              "batter": "J Shashen",
              "bowler": "Senitha Halambage",
              "non_striker": "N Dickwella",
              "runs": {
                "batter": 1,
                "extras": 0,
                "total": 1
              }
            },
            {
              "batter": "N Dickwella",
              "bowler": "Senitha Halambage",
              "non_striker": "J Shashen",
              "runs": {
                "batter": 2,
                "extras": 0,
                "total": 2
              }
            },
            {
              "batter": "N Dickwella",
              "bowler": "Senitha Halambage",
              "non_striker": "J Shashen",
              "runs": {
                "batter": 0,
                "extras": 0,
                "total": 0
              }
            }
          ]
        },
        {
          "over": 4,
          "deliveries": [
            {
              "batter": "J Shashen",
              "bowler": "KDA Manoj",
              "extras": {
                "wides": 1
              },
              "non_striker": "N Dickwella",
              "runs": {
                "batter": 0,
                "extras": 1,
                "total": 1
              }
            },
            {
              "batter": "J Shashen",
              "bowler": "KDA Manoj",
              "non_striker": "N Dickwella",
              "runs": {
                "batter": 1,
                "extras": 0,
                "total": 1
              }
            },
            {
              "batter": "N Dickwella",
              "bowler": "KDA Manoj",
              "non_striker": "J Shashen",
              "runs": {
                "batter": 6,
                "extras": 0,
                "total": 6
              }
            },
            {
              "batter": "N Dickwella",
              "bowler": "KDA Manoj",
              "non_striker": "J Shashen",
              "runs": {
                "batter": 4,
                "extras": 0,
                "total": 4
              }
            },
            {
              "batter": "N Dickwella",
              "bowler": "KDA Manoj",
              "extras": {
                "noballs": 1
              },
              "non_striker": "J Shashen",
              "runs": {
                "batter": 6,
                "extras": 1,
                "total": 7
              }
            },
            {
              "batter": "N Dickwella",
              "bowler": "KDA Manoj",
              "non_striker": "J Shashen",
              "runs": {
                "batter": 4,
                "extras": 0,
                "total": 4
              }
            },
            {
              "batter": "N Dickwella",
              "bowler": "KDA Manoj",
              "extras": {
                "wides": 1
              },
              "non_striker": "J Shashen",
              "runs": {
                "batter": 0,
                "extras": 1,
                "total": 1
              }
            },
            {
              "batter": "N Dickwella",
              "bowler": "KDA Manoj",
              "extras": {
                "wides": 1
              },
              "non_striker": "J Shashen",
              "runs": {
                "batter": 0,
                "extras": 1,
                "total": 1
              }
            },
            {
              "batter": "N Dickwella",
              "bowler": "KDA Manoj",
              "non_striker": "J Shashen",
              "runs": {
                "batter": 0,
                "extras": 0,
                "total": 0
              }
            },
            {
              "batter": "N Dickwella",
              "bowler": "KDA Manoj",
              "non_striker": "J Shashen",
              "runs": {
                "batter": 2,
                "extras": 0,
                "total": 2
              }
            }
          ]
        },
        {
          "over": 5,
          "deliveries": [
            {
              "batter": "J Shashen",
              "bowler": "Senitha Halambage",
              "non_striker": "N Dickwella",
              "runs": {
                "batter": 1,
                "extras": 0,
                "total": 1
              }
            },
            {
              "batter": "N Dickwella",
              "bowler": "Senitha Halambage",
              "non_striker": "J Shashen",
              "runs": {
                "batter": 0,
                "extras": 0,
                "total": 0
              }
            },
            {
              "batter": "N Dickwella",
              "bowler": "Senitha Halambage",
              "non_striker": "J Shashen",
              "runs": {
                "batter": 2,
                "extras": 0,
                "total": 2
              }
            },
            {
              "batter": "N Dickwella",
              "bowler": "Senitha Halambage",
              "non_striker": "J Shashen",
              "runs": {
                "batter": 0,
                "extras": 0,
                "total": 0
              }
            },
            {
              "batter": "N Dickwella",
              "bowler": "Senitha Halambage",
              "non_striker": "J Shashen",
              "runs": {
                "batter": 2,
                "extras": 0,
                "total": 2
              }
            },
            {
              "batter": "N Dickwella",
              "bowler": "Senitha Halambage",
              "non_striker": "J Shashen",
              "runs": {
                "batter": 0,
                "extras": 0,
                "total": 0
              }
            }
          ]
        },
        {
          "over": 6,
          "deliveries": [
            {
              "batter": "J Shashen",
              "bowler": "MADI Hemantha",
              "non_striker": "N Dickwella",
              "runs": {
                "batter": 1,
                "extras": 0,
                "total": 1
              }
            },
            {
              "batter": "N Dickwella",
              "bowler": "MADI Hemantha",
              "non_striker": "J Shashen",
              "runs": {
                "batter": 0,
                "extras": 0,
                "total": 0
              }
            },
            {
              "batter": "N Dickwella",
              "bowler": "MADI Hemantha",
              "non_striker": "J Shashen",
              "runs": {
                "batter": 4,
                "extras": 0,
                "total": 4
              }
            },
            {
              "batter": "N Dickwella",
              "bowler": "MADI Hemantha",
              "non_striker": "J Shashen",
              "runs": {
                "batter": 1,
                "extras": 0,
                "total": 1
              }
            },
            {
              "batter": "J Shashen",
              "bowler": "MADI Hemantha",
              "non_striker": "N Dickwella",
              "runs": {
                "batter": 1,
                "extras": 0,
                "total": 1
              }
            },
            {
              "batter": "N Dickwella",
              "bowler": "MADI Hemantha",
              "extras": {
                "wides": 1
              },
              "non_striker": "J Shashen",
              "runs": {
                "batter": 0,
                "extras": 1,
                "total": 1
              }
            },
            {
              "batter": "N Dickwella",
              "bowler": "MADI Hemantha",
              "non_striker": "J Shashen",
              "runs": {
                "batter": 0,
                "extras": 0,
                "total": 0
              }
            }
          ]
        },
        {
          "over": 7,
          "deliveries": [
            {
              "batter": "J Shashen",
              "bowler": "S Mihira",
              "non_striker": "N Dickwella",
              "runs": {
                "batter": 1,
                "extras": 0,
                "total": 1
              }
            },
            {
              "batter": "N Dickwella",
              "bowler": "S Mihira",
              "non_striker": "J Shashen",
              "runs": {
                "batter": 1,
                "extras": 0,
                "total": 1
              }
            },
            {
              "batter": "J Shashen",
              "bowler": "S Mihira",
              "non_striker": "N Dickwella",
              "runs": {
                "batter": 1,
                "extras": 0,
                "total": 1
              }
            },
            {
              "batter": "N Dickwella",
              "bowler": "S Mihira",
              "non_striker": "J Shashen",
              "runs": {
                "batter": 1,
                "extras": 0,
                "total": 1
              }
            },
            {
              "batter": "J Shashen",
              "bowler": "S Mihira",
              "non_striker": "N Dickwella",
              "runs": {
                "batter": 0,
                "extras": 0,
                "total": 0
              }
            },
            {
              "batter": "J Shashen",
              "bowler": "S Mihira",
              "non_striker": "N Dickwella",
              "runs": {
                "batter": 4,
                "extras": 0,
                "total": 4
              }
            }
          ]
        },
        {
          "over": 8,
          "deliveries": [
            {
              "batter": "N Dickwella",
              "bowler": "MADI Hemantha",
              "non_striker": "J Shashen",
              "runs": {
                "batter": 0,
                "extras": 0,
                "total": 0
              },
              "wickets": [
                {
                  "player_out": "N Dickwella",
                  "fielders": [
                    {
                      "name": "ND Ahangamage"
                    }
                  ],
                  "kind": "caught"
                }
              ]
            },
            {
              "batter": "SSD Arachchige",
              "bowler": "MADI Hemantha",
              "non_striker": "J Shashen",
              "runs": {
                "batter": 1,
                "extras": 0,
                "total": 1
              }
            },
            {
              "batter": "J Shashen",
              "bowler": "MADI Hemantha",
              "non_striker": "SSD Arachchige",
              "runs": {
                "batter": 0,
                "extras": 0,
                "total": 0
              }
            },
            {
              "batter": "J Shashen",
              "bowler": "MADI Hemantha",
              "non_striker": "SSD Arachchige",
              "runs": {
                "batter": 1,
                "extras": 0,
                "total": 1
              }
            },
            {
              "batter": "SSD Arachchige",
              "bowler": "MADI Hemantha",
              "non_striker": "J Shashen",
              "runs": {
                "batter": 0,
                "extras": 0,
                "total": 0
              }
            },
            {
              "batter": "SSD Arachchige",
              "bowler": "MADI Hemantha",
              "non_striker": "J Shashen",
              "runs": {
                "batter": 1,
                "extras": 0,
                "total": 1
              }
            }
          ]
        },
        {
          "over": 9,
          "deliveries": [
            {
              "batter": "SSD Arachchige",
              "bowler": "S Mihira",
              "non_striker": "J Shashen",
              "runs": {
                "batter": 0,
                "extras": 0,
                "total": 0
              }
            },
            {
              "batter": "SSD Arachchige",
              "bowler": "S Mihira",
              "non_striker": "J Shashen",
              "runs": {
                "batter": 1,
                "extras": 0,
                "total": 1
              }
            },
            {
              "batter": "J Shashen",
              "bowler": "S Mihira",
              "non_striker": "SSD Arachchige",
              "runs": {
                "batter": 4,
                "extras": 0,
                "total": 4
              }
            },
            {
              "batter": "J Shashen",
              "bowler": "S Mihira",
              "non_striker": "SSD Arachchige",
              "runs": {
                "batter": 1,
                "extras": 0,
                "total": 1
              }
            },
            {
              "batter": "SSD Arachchige",
              "bowler": "S Mihira",
              "non_striker": "J Shashen",
              "runs": {
                "batter": 1,
                "extras": 0,
                "total": 1
              }
            },
            {
              "batter": "J Shashen",
              "bowler": "S Mihira",
              "non_striker": "SSD Arachchige",
              "runs": {
                "batter": 0,
                "extras": 0,
                "total": 0
              },
              "wickets": [
                {
                  "player_out": "J Shashen",
                  "fielders": [
                    {
                      "name": "V Lahiru"
                    }
                  ],
                  "kind": "caught"
                }
              ]
            }
          ]
        },
        {
          "over": 10,
          "deliveries": [
            {
              "batter": "SSD Arachchige",
              "bowler": "MADI Hemantha",
              "non_striker": "C Karunaratne",
              "runs": {
                "batter": 1,
                "extras": 0,
                "total": 1
              }
            },
            {
              "batter": "C Karunaratne",
              "bowler": "MADI Hemantha",
              "non_striker": "SSD Arachchige",
              "runs": {
                "batter": 1,
                "extras": 0,
                "total": 1
              }
            },
            {
              "batter": "SSD Arachchige",
              "bowler": "MADI Hemantha",
              "non_striker": "C Karunaratne",
              "runs": {
                "batter": 1,
                "extras": 0,
                "total": 1
              }
            },
            {
              "batter": "C Karunaratne",
              "bowler": "MADI Hemantha",
              "non_striker": "SSD Arachchige",
              "runs": {
                "batter": 1,
                "extras": 0,
                "total": 1
              }
            },
            {
              "batter": "SSD Arachchige",
              "bowler": "MADI Hemantha",
              "non_striker": "C Karunaratne",
              "runs": {
                "batter": 0,
                "extras": 0,
                "total": 0
              }
            },
            {
              "batter": "SSD Arachchige",
              "bowler": "MADI Hemantha",
              "non_striker": "C Karunaratne",
              "runs": {
                "batter": 1,
                "extras": 0,
                "total": 1
              }
            }
          ]
        },
        {
          "over": 11,
          "deliveries": [
            {
              "batter": "SSD Arachchige",
              "bowler": "S Mihira",
              "non_striker": "C Karunaratne",
              "runs": {
                "batter": 1,
                "extras": 0,
                "total": 1
              }
            },
            {
              "batter": "C Karunaratne",
              "bowler": "S Mihira",
              "non_striker": "SSD Arachchige",
              "runs": {
                "batter": 1,
                "extras": 0,
                "total": 1
              }
            },
            {
              "batter": "SSD Arachchige",
              "bowler": "S Mihira",
              "non_striker": "C Karunaratne",
              "runs": {
                "batter": 1,
                "extras": 0,
                "total": 1
              }
            },
            {
              "batter": "C Karunaratne",
              "bowler": "S Mihira",
              "non_striker": "SSD Arachchige",
              "runs": {
                "batter": 1,
                "extras": 0,
                "total": 1
              }
            },
            {
              "batter": "SSD Arachchige",
              "bowler": "S Mihira",
              "non_striker": "C Karunaratne",
              "runs": {
                "batter": 1,
                "extras": 0,
                "total": 1
              }
            },
            {
              "batter": "C Karunaratne",
              "bowler": "S Mihira",
              "non_striker": "SSD Arachchige",
              "runs": {
                "batter": 1,
                "extras": 0,
                "total": 1
              }
            }
          ]
        },
        {
          "over": 12,
          "deliveries": [
            {
              "batter": "C Karunaratne",
              "bowler": "VS Halambage",
              "non_striker": "SSD Arachchige",
              "runs": {
                "batter": 4,
                "extras": 0,
                "total": 4
              }
            },
            {
              "batter": "C Karunaratne",
              "bowler": "VS Halambage",
              "non_striker": "SSD Arachchige",
              "runs": {
                "batter": 1,
                "extras": 0,
                "total": 1
              }
            },
            {
              "batter": "SSD Arachchige",
              "bowler": "VS Halambage",
              "non_striker": "C Karunaratne",
              "runs": {
                "batter": 1,
                "extras": 0,
                "total": 1
              }
            },
            {
              "batter": "C Karunaratne",
              "bowler": "VS Halambage",
              "extras": {
                "noballs": 1
              },
              "non_striker": "SSD Arachchige",
              "runs": {
                "batter": 0,
                "extras": 1,
                "total": 1
              }
            },
            {
              "batter": "C Karunaratne",
              "bowler": "VS Halambage",
              "non_striker": "SSD Arachchige",
              "runs": {
                "batter": 4,
                "extras": 0,
                "total": 4
              }
            },
            {
              "batter": "C Karunaratne",
              "bowler": "VS Halambage",
              "non_striker": "SSD Arachchige",
              "runs": {
                "batter": 1,
                "extras": 0,
                "total": 1
              }
            },
            {
              "batter": "SSD Arachchige",
              "bowler": "VS Halambage",
              "non_striker": "C Karunaratne",
              "runs": {
                "batter": 1,
                "extras": 0,
                "total": 1
              }
            }
          ]
        },
        {
          "over": 13,
          "deliveries": [
            {
              "batter": "SSD Arachchige",
              "bowler": "V Lahiru",
              "non_striker": "C Karunaratne",
              "runs": {
                "batter": 0,
                "extras": 0,
                "total": 0
              }
            },
            {
              "batter": "SSD Arachchige",
              "bowler": "V Lahiru",
              "non_striker": "C Karunaratne",
              "runs": {
                "batter": 0,
                "extras": 0,
                "total": 0
              },
              "wickets": [
                {
                  "player_out": "SSD Arachchige",
                  "kind": "bowled"
                }
              ]
            },
            {
              "batter": "Kaveen Bandara",
              "bowler": "V Lahiru",
              "non_striker": "C Karunaratne",
              "runs": {
                "batter": 0,
                "extras": 0,
                "total": 0
              }
            },
            {
              "batter": "Kaveen Bandara",
              "bowler": "V Lahiru",
              "non_striker": "C Karunaratne",
              "runs": {
                "batter": 2,
                "extras": 0,
                "total": 2
              }
            },
            {
              "batter": "Kaveen Bandara",
              "bowler": "V Lahiru",
              "non_striker": "C Karunaratne",
              "runs": {
                "batter": 0,
                "extras": 0,
                "total": 0
              }
            },
            {
              "batter": "Kaveen Bandara",
              "bowler": "V Lahiru",
              "non_striker": "C Karunaratne",
              "runs": {
                "batter": 0,
                "extras": 0,
                "total": 0
              }
            }
          ]
        },
        {
          "over": 14,
          "deliveries": [
            {
              "batter": "C Karunaratne",
              "bowler": "N Vimukthi",
              "non_striker": "Kaveen Bandara",
              "runs": {
                "batter": 1,
                "extras": 0,
                "total": 1
              }
            },
            {
              "batter": "Kaveen Bandara",
              "bowler": "N Vimukthi",
              "non_striker": "C Karunaratne",
              "runs": {
                "batter": 1,
                "extras": 0,
                "total": 1
              }
            },
            {
              "batter": "C Karunaratne",
              "bowler": "N Vimukthi",
              "non_striker": "Kaveen Bandara",
              "runs": {
                "batter": 2,
                "extras": 0,
                "total": 2
              }
            },
            {
              "batter": "C Karunaratne",
              "bowler": "N Vimukthi",
              "non_striker": "Kaveen Bandara",
              "runs": {
                "batter": 2,
                "extras": 0,
                "total": 2
              }
            },
            {
              "batter": "C Karunaratne",
              "bowler": "N Vimukthi",
              "non_striker": "Kaveen Bandara",
              "runs": {
                "batter": 2,
                "extras": 0,
                "total": 2
              }
            },
            {
              "batter": "C Karunaratne",
              "bowler": "N Vimukthi",
              "non_striker": "Kaveen Bandara",
              "runs": {
                "batter": 1,
                "extras": 0,
                "total": 1
              }
            }
          ]
        },
        {
          "over": 15,
          "deliveries": [
            {
              "batter": "C Karunaratne",
              "bowler": "V Lahiru",
              "non_striker": "Kaveen Bandara",
              "runs": {
                "batter": 1,
                "extras": 0,
                "total": 1
              }
            },
            {
              "batter": "Kaveen Bandara",
              "bowler": "V Lahiru",
              "non_striker": "C Karunaratne",
              "runs": {
                "batter": 0,
                "extras": 0,
                "total": 0
              }
            },
            {
              "batter": "Kaveen Bandara",
              "bowler": "V Lahiru",
              "non_striker": "C Karunaratne",
              "runs": {
                "batter": 1,
                "extras": 0,
                "total": 1
              }
            },
            {
              "batter": "C Karunaratne",
              "bowler": "V Lahiru",
              "non_striker": "Kaveen Bandara",
              "runs": {
                "batter": 1,
                "extras": 0,
                "total": 1
              }
            },
            {
              "batter": "Kaveen Bandara",
              "bowler": "V Lahiru",
              "non_striker": "C Karunaratne",
              "runs": {
                "batter": 0,
                "extras": 0,
                "total": 0
              }
            },
            {
              "batter": "Kaveen Bandara",
              "bowler": "V Lahiru",
              "non_striker": "C Karunaratne",
              "runs": {
                "batter": 1,
                "extras": 0,
                "total": 1
              }
            }
          ]
        },
        {
          "over": 16,
          "deliveries": [
            {
              "batter": "Kaveen Bandara",
              "bowler": "MADI Hemantha",
              "non_striker": "C Karunaratne",
              "runs": {
                "batter": 0,
                "extras": 0,
                "total": 0
              }
            },
            {
              "batter": "Kaveen Bandara",
              "bowler": "MADI Hemantha",
              "non_striker": "C Karunaratne",
              "runs": {
                "batter": 1,
                "extras": 0,
                "total": 1
              }
            },
            {
              "batter": "C Karunaratne",
              "bowler": "MADI Hemantha",
              "non_striker": "Kaveen Bandara",
              "runs": {
                "batter": 1,
                "extras": 0,
                "total": 1
              }
            },
            {
              "batter": "Kaveen Bandara",
              "bowler": "MADI Hemantha",
              "non_striker": "C Karunaratne",
              "runs": {
                "batter": 4,
                "extras": 0,
                "total": 4
              }
            },
            {
              "batter": "Kaveen Bandara",
              "bowler": "MADI Hemantha",
              "non_striker": "C Karunaratne",
              "runs": {
                "batter": 0,
                "extras": 0,
                "total": 0
              },
              "wickets": [
                {
                  "player_out": "Kaveen Bandara",
                  "fielders": [
                    {
                      "name": "V Lahiru"
                    }
                  ],
                  "kind": "caught"
                }
              ]
            },
            {
              "batter": "RS Sayer",
              "bowler": "MADI Hemantha",
              "non_striker": "C Karunaratne",
              "runs": {
                "batter": 0,
                "extras": 0,
                "total": 0
              }
            }
          ]
        },
        {
          "over": 17,
          "deliveries": [
            {
              "batter": "C Karunaratne",
              "bowler": "V Lahiru",
              "non_striker": "RS Sayer",
              "runs": {
                "batter": 1,
                "extras": 0,
                "total": 1
              }
            },
            {
              "batter": "RS Sayer",
              "bowler": "V Lahiru",
              "non_striker": "C Karunaratne",
              "runs": {
                "batter": 0,
                "extras": 0,
                "total": 0
              }
            },
            {
              "batter": "RS Sayer",
              "bowler": "V Lahiru",
              "non_striker": "C Karunaratne",
              "runs": {
                "batter": 1,
                "extras": 0,
                "total": 1
              }
            },
            {
              "batter": "C Karunaratne",
              "bowler": "V Lahiru",
              "non_striker": "RS Sayer",
              "runs": {
                "batter": 0,
                "extras": 0,
                "total": 0
              }
            },
            {
              "batter": "C Karunaratne",
              "bowler": "V Lahiru",
              "non_striker": "RS Sayer",
              "runs": {
                "batter": 4,
                "extras": 0,
                "total": 4
              }
            },
            {
              "batter": "C Karunaratne",
              "bowler": "V Lahiru",
              "non_striker": "RS Sayer",
              "runs": {
                "batter": 1,
                "extras": 0,
                "total": 1
              }
            }
          ]
        },
        {
          "over": 18,
          "deliveries": [
            {
              "batter": "C Karunaratne",
              "bowler": "N Vimukthi",
              "extras": {
                "wides": 1
              },
              "non_striker": "RS Sayer",
              "runs": {
                "batter": 0,
                "extras": 1,
                "total": 1
              }
            },
            {
              "batter": "C Karunaratne",
              "bowler": "N Vimukthi",
              "non_striker": "RS Sayer",
              "runs": {
                "batter": 6,
                "extras": 0,
                "total": 6
              }
            },
            {
              "batter": "C Karunaratne",
              "bowler": "N Vimukthi",
              "non_striker": "RS Sayer",
              "runs": {
                "batter": 6,
                "extras": 0,
                "total": 6
              }
            },
            {
              "batter": "C Karunaratne",
              "bowler": "N Vimukthi",
              "extras": {
                "wides": 1
              },
              "non_striker": "RS Sayer",
              "runs": {
                "batter": 0,
                "extras": 1,
                "total": 1
              }
            },
            {
              "batter": "C Karunaratne",
              "bowler": "N Vimukthi",
              "non_striker": "RS Sayer",
              "runs": {
                "batter": 1,
                "extras": 0,
                "total": 1
              }
            },
            {
              "batter": "RS Sayer",
              "bowler": "N Vimukthi",
              "non_striker": "C Karunaratne",
              "runs": {
                "batter": 0,
                "extras": 0,
                "total": 0
              }
            },
            {
              "batter": "RS Sayer",
              "bowler": "N Vimukthi",
              "non_striker": "C Karunaratne",
              "runs": {
                "batter": 0,
                "extras": 0,
                "total": 0
              }
            },
            {
              "batter": "RS Sayer",
              "bowler": "N Vimukthi",
              "non_striker": "C Karunaratne",
              "runs": {
                "batter": 1,
                "extras": 0,
                "total": 1
              }
            }
          ]
        },
        {
          "over": 19,
          "deliveries": [
            {
              "batter": "RS Sayer",
              "bowler": "KDA Manoj",
              "non_striker": "C Karunaratne",
              "runs": {
                "batter": 1,
                "extras": 0,
                "total": 1
              }
            },
            {
              "batter": "C Karunaratne",
              "bowler": "KDA Manoj",
              "non_striker": "RS Sayer",
              "runs": {
                "batter": 4,
                "extras": 0,
                "total": 4
              }
            },
            {
              "batter": "C Karunaratne",
              "bowler": "KDA Manoj",
              "non_striker": "RS Sayer",
              "runs": {
                "batter": 1,
                "extras": 0,
                "total": 1
              }
            },
            {
              "batter": "RS Sayer",
              "bowler": "KDA Manoj",
              "non_striker": "C Karunaratne",
              "runs": {
                "batter": 4,
                "extras": 0,
                "total": 4
              }
            },
            {
              "batter": "RS Sayer",
              "bowler": "KDA Manoj",
              "non_striker": "C Karunaratne",
              "runs": {
                "batter": 1,
                "extras": 0,
                "total": 1
              }
            },
            {
              "batter": "C Karunaratne",
              "bowler": "KDA Manoj",
              "non_striker": "RS Sayer",
              "runs": {
                "batter": 0,
                "extras": 0,
                "total": 0
              }
            }
          ]
        }
      ],
      "powerplays": [
        {
          "from": 0.1,
          "to": 5.6,
          "type": "mandatory"
        }
      ]
    },
    {
      "team": "Panadura Sports Club",
      "overs": [
        {
          "over": 0,
          "deliveries": [
            {
              "batter": "JE Jayakodyge",
              "bowler": "S Nishshanka",
              "non_striker": "VS Halambage",
              "runs": {
                "batter": 1,
                "extras": 0,
                "total": 1
              }
            },
            {
              "batter": "VS Halambage",
              "bowler": "S Nishshanka",
              "extras": {
                "noballs": 1
              },
              "non_striker": "JE Jayakodyge",
              "runs": {
                "batter": 0,
                "extras": 1,
                "total": 1
              }
            },
            {
              "batter": "VS Halambage",
              "bowler": "S Nishshanka",
              "non_striker": "JE Jayakodyge",
              "runs": {
                "batter": 4,
                "extras": 0,
                "total": 4
              }
            },
            {
              "batter": "VS Halambage",
              "bowler": "S Nishshanka",
              "non_striker": "JE Jayakodyge",
              "runs": {
                "batter": 1,
                "extras": 0,
                "total": 1
              }
            },
            {
              "batter": "JE Jayakodyge",
              "bowler": "S Nishshanka",
              "non_striker": "VS Halambage",
              "runs": {
                "batter": 4,
                "extras": 0,
                "total": 4
              }
            },
            {
              "batter": "JE Jayakodyge",
              "bowler": "S Nishshanka",
              "non_striker": "VS Halambage",
              "runs": {
                "batter": 1,
                "extras": 0,
                "total": 1
              }
            },
            {
              "batter": "VS Halambage",
              "bowler": "S Nishshanka",
              "non_striker": "JE Jayakodyge",
              "runs": {
                "batter": 0,
                "extras": 0,
                "total": 0
              }
            }
          ]
        },
        {
          "over": 1,
          "deliveries": [
            {
              "batter": "JE Jayakodyge",
              "bowler": "L Embuldeniya",
              "non_striker": "VS Halambage",
              "runs": {
                "batter": 1,
                "extras": 0,
                "total": 1
              }
            },
            {
              "batter": "VS Halambage",
              "bowler": "L Embuldeniya",
              "non_striker": "JE Jayakodyge",
              "runs": {
                "batter": 1,
                "extras": 0,
                "total": 1
              }
            },
            {
              "batter": "JE Jayakodyge",
              "bowler": "L Embuldeniya",
              "non_striker": "VS Halambage",
              "runs": {
                "batter": 1,
                "extras": 0,
                "total": 1
              }
            },
            {
              "batter": "VS Halambage",
              "bowler": "L Embuldeniya",
              "non_striker": "JE Jayakodyge",
              "runs": {
                "batter": 1,
                "extras": 0,
                "total": 1
              }
            },
            {
              "batter": "JE Jayakodyge",
              "bowler": "L Embuldeniya",
              "non_striker": "VS Halambage",
              "runs": {
                "batter": 1,
                "extras": 0,
                "total": 1
              }
            },
            {
              "batter": "VS Halambage",
              "bowler": "L Embuldeniya",
              "non_striker": "JE Jayakodyge",
              "runs": {
                "batter": 6,
                "extras": 0,
                "total": 6
              }
            }
          ]
        },
        {
          "over": 2,
          "deliveries": [
            {
              "batter": "JE Jayakodyge",
              "bowler": "SSD Arachchige",
              "non_striker": "VS Halambage",
              "runs": {
                "batter": 4,
                "extras": 0,
                "total": 4
              }
            },
            {
              "batter": "JE Jayakodyge",
              "bowler": "SSD Arachchige",
              "non_striker": "VS Halambage",
              "runs": {
                "batter": 0,
                "extras": 0,
                "total": 0
              }
            },
            {
              "batter": "JE Jayakodyge",
              "bowler": "SSD Arachchige",
              "non_striker": "VS Halambage",
              "runs": {
                "batter": 0,
                "extras": 0,
                "total": 0
              },
              "wickets": [
                {
                  "player_out": "JE Jayakodyge",
                  "kind": "bowled"
                }
              ]
            },
            {
              "batter": "ND Ahangamage",
              "bowler": "SSD Arachchige",
              "non_striker": "VS Halambage",
              "runs": {
                "batter": 4,
                "extras": 0,
                "total": 4
              }
            },
            {
              "batter": "ND Ahangamage",
              "bowler": "SSD Arachchige",
              "non_striker": "VS Halambage",
              "runs": {
                "batter": 0,
                "extras": 0,
                "total": 0
              }
            },
            {
              "batter": "ND Ahangamage",
              "bowler": "SSD Arachchige",
              "non_striker": "VS Halambage",
              "runs": {
                "batter": 0,
                "extras": 0,
                "total": 0
              }
            }
          ]
        },
        {
          "over": 3,
          "deliveries": [
            {
              "batter": "VS Halambage",
              "bowler": "PVD Chameera",
              "non_striker": "ND Ahangamage",
              "runs": {
                "batter": 4,
                "extras": 0,
                "total": 4
              }
            },
            {
              "batter": "VS Halambage",
              "bowler": "PVD Chameera",
              "non_striker": "ND Ahangamage",
              "runs": {
                "batter": 4,
                "extras": 0,
                "total": 4
              }
            },
            {
              "batter": "VS Halambage",
              "bowler": "PVD Chameera",
              "non_striker": "ND Ahangamage",
              "runs": {
                "batter": 6,
                "extras": 0,
                "total": 6
              }
            },
            {
              "batter": "VS Halambage",
              "bowler": "PVD Chameera",
              "non_striker": "ND Ahangamage",
              "runs": {
                "batter": 0,
                "extras": 0,
                "total": 0
              }
            },
            {
              "batter": "VS Halambage",
              "bowler": "PVD Chameera",
              "non_striker": "ND Ahangamage",
              "runs": {
                "batter": 4,
                "extras": 0,
                "total": 4
              }
            },
            {
              "batter": "VS Halambage",
              "bowler": "PVD Chameera",
              "non_striker": "ND Ahangamage",
              "runs": {
                "batter": 1,
                "extras": 0,
                "total": 1
              }
            }
          ]
        },
        {
          "over": 4,
          "deliveries": [
            {
              "batter": "VS Halambage",
              "bowler": "SSD Arachchige",
              "non_striker": "ND Ahangamage",
              "runs": {
                "batter": 2,
                "extras": 0,
                "total": 2
              }
            },
            {
              "batter": "VS Halambage",
              "bowler": "SSD Arachchige",
              "non_striker": "ND Ahangamage",
              "runs": {
                "batter": 4,
                "extras": 0,
                "total": 4
              }
            },
            {
              "batter": "VS Halambage",
              "bowler": "SSD Arachchige",
              "non_striker": "ND Ahangamage",
              "runs": {
                "batter": 4,
                "extras": 0,
                "total": 4
              }
            },
            {
              "batter": "VS Halambage",
              "bowler": "SSD Arachchige",
              "non_striker": "ND Ahangamage",
              "runs": {
                "batter": 1,
                "extras": 0,
                "total": 1
              }
            },
            {
              "batter": "ND Ahangamage",
              "bowler": "SSD Arachchige",
              "non_striker": "VS Halambage",
              "runs": {
                "batter": 0,
                "extras": 0,
                "total": 0
              }
            },
            {
              "batter": "ND Ahangamage",
              "bowler": "SSD Arachchige",
              "non_striker": "VS Halambage",
              "runs": {
                "batter": 1,
                "extras": 0,
                "total": 1
              }
            }
          ]
        },
        {
          "over": 5,
          "deliveries": [
            {
              "batter": "ND Ahangamage",
              "bowler": "RS Sayer",
              "non_striker": "VS Halambage",
              "runs": {
                "batter": 0,
                "extras": 0,
                "total": 0
              },
              "wickets": [
                {
                  "player_out": "ND Ahangamage",
                  "kind": "bowled"
                }
              ]
            },
            {
              "batter": "S Malshan",
              "bowler": "RS Sayer",
              "non_striker": "VS Halambage",
              "runs": {
                "batter": 0,
                "extras": 0,
                "total": 0
              }
            },
            {
              "batter": "S Malshan",
              "bowler": "RS Sayer",
              "non_striker": "VS Halambage",
              "runs": {
                "batter": 0,
                "extras": 0,
                "total": 0
              }
            },
            {
              "batter": "S Malshan",
              "bowler": "RS Sayer",
              "non_striker": "VS Halambage",
              "runs": {
                "batter": 1,
                "extras": 0,
                "total": 1
              }
            },
            {
              "batter": "VS Halambage",
              "bowler": "RS Sayer",
              "non_striker": "S Malshan",
              "runs": {
                "batter": 6,
                "extras": 0,
                "total": 6
              }
            },
            {
              "batter": "VS Halambage",
              "bowler": "RS Sayer",
              "non_striker": "S Malshan",
              "runs": {
                "batter": 4,
                "extras": 0,
                "total": 4
              }
            }
          ]
        },
        {
          "over": 6,
          "deliveries": [
            {
              "batter": "S Malshan",
              "bowler": "L Embuldeniya",
              "non_striker": "VS Halambage",
              "runs": {
                "batter": 0,
                "extras": 0,
                "total": 0
              }
            },
            {
              "batter": "S Malshan",
              "bowler": "L Embuldeniya",
              "non_striker": "VS Halambage",
              "runs": {
                "batter": 1,
                "extras": 0,
                "total": 1
              }
            },
            {
              "batter": "VS Halambage",
              "bowler": "L Embuldeniya",
              "non_striker": "S Malshan",
              "runs": {
                "batter": 0,
                "extras": 0,
                "total": 0
              }
            },
            {
              "batter": "VS Halambage",
              "bowler": "L Embuldeniya",
              "non_striker": "S Malshan",
              "runs": {
                "batter": 1,
                "extras": 0,
                "total": 1
              }
            },
            {
              "batter": "S Malshan",
              "bowler": "L Embuldeniya",
              "non_striker": "VS Halambage",
              "runs": {
                "batter": 0,
                "extras": 0,
                "total": 0
              }
            },
            {
              "batter": "S Malshan",
              "bowler": "L Embuldeniya",
              "non_striker": "VS Halambage",
              "runs": {
                "batter": 1,
                "extras": 0,
                "total": 1
              }
            }
          ]
        },
        {
          "over": 7,
          "deliveries": [
            {
              "batter": "S Malshan",
              "bowler": "PVD Chameera",
              "non_striker": "VS Halambage",
              "runs": {
                "batter": 0,
                "extras": 0,
                "total": 0
              }
            },
            {
              "batter": "S Malshan",
              "bowler": "PVD Chameera",
              "non_striker": "VS Halambage",
              "runs": {
                "batter": 1,
                "extras": 0,
                "total": 1
              }
            },
            {
              "batter": "VS Halambage",
              "bowler": "PVD Chameera",
              "non_striker": "S Malshan",
              "runs": {
                "batter": 1,
                "extras": 0,
                "total": 1
              }
            },
            {
              "batter": "S Malshan",
              "bowler": "PVD Chameera",
              "non_striker": "VS Halambage",
              "runs": {
                "batter": 0,
                "extras": 0,
                "total": 0
              },
              "wickets": [
                {
                  "player_out": "S Malshan",
                  "kind": "lbw"
                }
              ]
            },
            {
              "batter": "MADI Hemantha",
              "bowler": "PVD Chameera",
              "non_striker": "VS Halambage",
              "runs": {
                "batter": 1,
                "extras": 0,
                "total": 1
              }
            },
            {
              "batter": "VS Halambage",
              "bowler": "PVD Chameera",
              "non_striker": "MADI Hemantha",
              "runs": {
                "batter": 4,
                "extras": 0,
                "total": 4
              }
            }
          ]
        },
        {
          "over": 8,
          "deliveries": [
            {
              "batter": "MADI Hemantha",
              "bowler": "RS Sayer",
              "non_striker": "VS Halambage",
              "runs": {
                "batter": 1,
                "extras": 0,
                "total": 1
              }
            },
            {
              "batter": "VS Halambage",
              "bowler": "RS Sayer",
              "non_striker": "MADI Hemantha",
              "runs": {
                "batter": 1,
                "extras": 0,
                "total": 1
              }
            },
            {
              "batter": "MADI Hemantha",
              "bowler": "RS Sayer",
              "non_striker": "VS Halambage",
              "runs": {
                "batter": 1,
                "extras": 0,
                "total": 1
              }
            },
            {
              "batter": "VS Halambage",
              "bowler": "RS Sayer",
              "non_striker": "MADI Hemantha",
              "runs": {
                "batter": 1,
                "extras": 0,
                "total": 1
              }
            },
            {
              "batter": "MADI Hemantha",
              "bowler": "RS Sayer",
              "non_striker": "VS Halambage",
              "runs": {
                "batter": 1,
                "extras": 0,
                "total": 1
              }
            },
            {
              "batter": "VS Halambage",
              "bowler": "RS Sayer",
              "non_striker": "MADI Hemantha",
              "runs": {
                "batter": 1,
                "extras": 0,
                "total": 1
              }
            }
          ]
        },
        {
          "over": 9,
          "deliveries": [
            {
              "batter": "VS Halambage",
              "bowler": "S Nishshanka",
              "non_striker": "MADI Hemantha",
              "runs": {
                "batter": 6,
                "extras": 0,
                "total": 6
              }
            },
            {
              "batter": "VS Halambage",
              "bowler": "S Nishshanka",
              "non_striker": "MADI Hemantha",
              "runs": {
                "batter": 0,
                "extras": 0,
                "total": 0
              }
            },
            {
              "batter": "VS Halambage",
              "bowler": "S Nishshanka",
              "non_striker": "MADI Hemantha",
              "runs": {
                "batter": 1,
                "extras": 0,
                "total": 1
              }
            },
            {
              "batter": "MADI Hemantha",
              "bowler": "S Nishshanka",
              "non_striker": "VS Halambage",
              "runs": {
                "batter": 1,
                "extras": 0,
                "total": 1
              }
            },
            {
              "batter": "VS Halambage",
              "bowler": "S Nishshanka",
              "non_striker": "MADI Hemantha",
              "runs": {
                "batter": 1,
                "extras": 0,
                "total": 1
              }
            },
            {
              "batter": "MADI Hemantha",
              "bowler": "S Nishshanka",
              "non_striker": "VS Halambage",
              "runs": {
                "batter": 1,
                "extras": 0,
                "total": 1
              }
            }
          ]
        },
        {
          "over": 10,
          "deliveries": [
            {
              "batter": "MADI Hemantha",
              "bowler": "L Embuldeniya",
              "non_striker": "VS Halambage",
              "runs": {
                "batter": 0,
                "extras": 0,
                "total": 0
              },
              "wickets": [
                {
                  "player_out": "MADI Hemantha",
                  "kind": "lbw"
                }
              ]
            },
            {
              "batter": "G Malkan",
              "bowler": "L Embuldeniya",
              "non_striker": "VS Halambage",
              "runs": {
                "batter": 0,
                "extras": 0,
                "total": 0
              }
            },
            {
              "batter": "G Malkan",
              "bowler": "L Embuldeniya",
              "non_striker": "VS Halambage",
              "runs": {
                "batter": 1,
                "extras": 0,
                "total": 1
              }
            },
            {
              "batter": "VS Halambage",
              "bowler": "L Embuldeniya",
              "non_striker": "G Malkan",
              "runs": {
                "batter": 6,
                "extras": 0,
                "total": 6
              }
            },
            {
              "batter": "VS Halambage",
              "bowler": "L Embuldeniya",
              "non_striker": "G Malkan",
              "runs": {
                "batter": 0,
                "extras": 0,
                "total": 0
              }
            },
            {
              "batter": "VS Halambage",
              "bowler": "L Embuldeniya",
              "non_striker": "G Malkan",
              "runs": {
                "batter": 0,
                "extras": 0,
                "total": 0
              }
            }
          ]
        },
        {
          "over": 11,
          "deliveries": [
            {
              "batter": "G Malkan",
              "bowler": "PVD Chameera",
              "non_striker": "VS Halambage",
              "runs": {
                "batter": 0,
                "extras": 0,
                "total": 0
              }
            },
            {
              "batter": "G Malkan",
              "bowler": "PVD Chameera",
              "non_striker": "VS Halambage",
              "runs": {
                "batter": 0,
                "extras": 0,
                "total": 0
              }
            },
            {
              "batter": "G Malkan",
              "bowler": "PVD Chameera",
              "non_striker": "VS Halambage",
              "runs": {
                "batter": 1,
                "extras": 0,
                "total": 1
              }
            },
            {
              "batter": "VS Halambage",
              "bowler": "PVD Chameera",
              "non_striker": "G Malkan",
              "runs": {
                "batter": 1,
                "extras": 0,
                "total": 1
              }
            },
            {
              "batter": "G Malkan",
              "bowler": "PVD Chameera",
              "extras": {
                "noballs": 1
              },
              "non_striker": "VS Halambage",
              "runs": {
                "batter": 1,
                "extras": 1,
                "total": 2
              }
            },
            {
              "batter": "VS Halambage",
              "bowler": "PVD Chameera",
              "non_striker": "G Malkan",
              "runs": {
                "batter": 1,
                "extras": 0,
                "total": 1
              }
            },
            {
              "batter": "G Malkan",
              "bowler": "PVD Chameera",
              "extras": {
                "legbyes": 1
              },
              "non_striker": "VS Halambage",
              "runs": {
                "batter": 0,
                "extras": 1,
                "total": 1
              }
            }
          ]
        },
        {
          "over": 12,
          "deliveries": [
            {
              "batter": "G Malkan",
              "bowler": "SSD Arachchige",
              "non_striker": "VS Halambage",
              "runs": {
                "batter": 0,
                "extras": 0,
                "total": 0
              },
              "wickets": [
                {
                  "player_out": "G Malkan",
                  "kind": "bowled"
                }
              ]
            },
            {
              "batter": "V Lahiru",
              "bowler": "SSD Arachchige",
              "non_striker": "VS Halambage",
              "runs": {
                "batter": 0,
                "extras": 0,
                "total": 0
              }
            },
            {
              "batter": "V Lahiru",
              "bowler": "SSD Arachchige",
              "non_striker": "VS Halambage",
              "runs": {
                "batter": 1,
                "extras": 0,
                "total": 1
              }
            },
            {
              "batter": "VS Halambage",
              "bowler": "SSD Arachchige",
              "non_striker": "V Lahiru",
              "runs": {
                "batter": 4,
                "extras": 0,
                "total": 4
              }
            },
            {
              "batter": "VS Halambage",
              "bowler": "SSD Arachchige",
              "non_striker": "V Lahiru",
              "runs": {
                "batter": 1,
                "extras": 0,
                "total": 1
              }
            },
            {
              "batter": "V Lahiru",
              "bowler": "SSD Arachchige",
              "non_striker": "VS Halambage",
              "runs": {
                "batter": 0,
                "extras": 0,
                "total": 0
              }
            }
          ]
        },
        {
          "over": 13,
          "deliveries": [
            {
              "batter": "VS Halambage",
              "bowler": "S Nishshanka",
              "non_striker": "V Lahiru",
              "runs": {
                "batter": 0,
                "extras": 0,
                "total": 0
              }
            },
            {
              "batter": "VS Halambage",
              "bowler": "S Nishshanka",
              "non_striker": "V Lahiru",
              "runs": {
                "batter": 0,
                "extras": 0,
                "total": 0
              },
              "wickets": [
                {
                  "player_out": "VS Halambage",
                  "fielders": [
                    {
                      "name": "SSD Arachchige"
                    }
                  ],
                  "kind": "caught"
                }
              ]
            },
            {
              "batter": "N Vimukthi",
              "bowler": "S Nishshanka",
              "non_striker": "V Lahiru",
              "runs": {
                "batter": 4,
                "extras": 0,
                "total": 4
              }
            },
            {
              "batter": "N Vimukthi",
              "bowler": "S Nishshanka",
              "non_striker": "V Lahiru",
              "runs": {
                "batter": 1,
                "extras": 0,
                "total": 1
              }
            },
            {
              "batter": "V Lahiru",
              "bowler": "S Nishshanka",
              "non_striker": "N Vimukthi",
              "runs": {
                "batter": 0,
                "extras": 0,
                "total": 0
              }
            },
            {
              "batter": "V Lahiru",
              "bowler": "S Nishshanka",
              "non_striker": "N Vimukthi",
              "runs": {
                "batter": 1,
                "extras": 0,
                "total": 1
              }
            }
          ]
        },
        {
          "over": 14,
          "deliveries": [
            {
              "batter": "V Lahiru",
              "bowler": "SSD Arachchige",
              "non_striker": "N Vimukthi",
              "runs": {
                "batter": 1,
                "extras": 0,
                "total": 1
              }
            },
            {
              "batter": "N Vimukthi",
              "bowler": "SSD Arachchige",
              "non_striker": "V Lahiru",
              "runs": {
                "batter": 0,
                "extras": 0,
                "total": 0
              }
            },
            {
              "batter": "N Vimukthi",
              "bowler": "SSD Arachchige",
              "non_striker": "V Lahiru",
              "runs": {
                "batter": 2,
                "extras": 0,
                "total": 2
              }
            },
            {
              "batter": "N Vimukthi",
              "bowler": "SSD Arachchige",
              "non_striker": "V Lahiru",
              "runs": {
                "batter": 0,
                "extras": 0,
                "total": 0
              }
            },
            {
              "batter": "N Vimukthi",
              "bowler": "SSD Arachchige",
              "non_striker": "V Lahiru",
              "runs": {
                "batter": 0,
                "extras": 0,
                "total": 0
              },
              "wickets": [
                {
                  "player_out": "N Vimukthi",
                  "kind": "lbw"
                }
              ]
            },
            {
              "batter": "Senitha Halambage",
              "bowler": "SSD Arachchige",
              "non_striker": "V Lahiru",
              "runs": {
                "batter": 0,
                "extras": 0,
                "total": 0
              }
            }
          ]
        },
        {
          "over": 15,
          "deliveries": [
            {
              "batter": "V Lahiru",
              "bowler": "L Embuldeniya",
              "non_striker": "Senitha Halambage",
              "runs": {
                "batter": 1,
                "extras": 0,
                "total": 1
              }
            },
            {
              "batter": "Senitha Halambage",
              "bowler": "L Embuldeniya",
              "non_striker": "V Lahiru",
              "runs": {
                "batter": 0,
                "extras": 0,
                "total": 0
              }
            },
            {
              "batter": "Senitha Halambage",
              "bowler": "L Embuldeniya",
              "non_striker": "V Lahiru",
              "runs": {
                "batter": 0,
                "extras": 0,
                "total": 0
              }
            },
            {
              "batter": "Senitha Halambage",
              "bowler": "L Embuldeniya",
              "non_striker": "V Lahiru",
              "runs": {
                "batter": 1,
                "extras": 0,
                "total": 1
              }
            },
            {
              "batter": "V Lahiru",
              "bowler": "L Embuldeniya",
              "non_striker": "Senitha Halambage",
              "runs": {
                "batter": 4,
                "extras": 0,
                "non_boundary": true,
                "total": 4
              }
            },
            {
              "batter": "V Lahiru",
              "bowler": "L Embuldeniya",
              "non_striker": "Senitha Halambage",
              "runs": {
                "batter": 1,
                "extras": 0,
                "total": 1
              }
            }
          ]
        },
        {
          "over": 16,
          "deliveries": [
            {
              "batter": "V Lahiru",
              "bowler": "K Mishara",
              "non_striker": "Senitha Halambage",
              "runs": {
                "batter": 0,
                "extras": 0,
                "total": 0
              }
            },
            {
              "batter": "V Lahiru",
              "bowler": "K Mishara",
              "non_striker": "Senitha Halambage",
              "runs": {
                "batter": 1,
                "extras": 0,
                "total": 1
              }
            },
            {
              "batter": "Senitha Halambage",
              "bowler": "K Mishara",
              "non_striker": "V Lahiru",
              "runs": {
                "batter": 0,
                "extras": 0,
                "total": 0
              }
            },
            {
              "batter": "Senitha Halambage",
              "bowler": "K Mishara",
              "non_striker": "V Lahiru",
              "runs": {
                "batter": 1,
                "extras": 0,
                "total": 1
              }
            },
            {
              "batter": "V Lahiru",
              "bowler": "K Mishara",
              "non_striker": "Senitha Halambage",
              "runs": {
                "batter": 1,
                "extras": 0,
                "total": 1
              }
            },
            {
              "batter": "Senitha Halambage",
              "bowler": "K Mishara",
              "non_striker": "V Lahiru",
              "runs": {
                "batter": 1,
                "extras": 0,
                "total": 1
              }
            }
          ]
        },
        {
          "over": 17,
          "deliveries": [
            {
              "batter": "Senitha Halambage",
              "bowler": "PVD Chameera",
              "non_striker": "V Lahiru",
              "runs": {
                "batter": 2,
                "extras": 0,
                "total": 2
              }
            },
            {
              "batter": "Senitha Halambage",
              "bowler": "PVD Chameera",
              "non_striker": "V Lahiru",
              "runs": {
                "batter": 0,
                "extras": 0,
                "total": 0
              }
            },
            {
              "batter": "Senitha Halambage",
              "bowler": "PVD Chameera",
              "non_striker": "V Lahiru",
              "runs": {
                "batter": 0,
                "extras": 0,
                "total": 0
              }
            },
            {
              "batter": "Senitha Halambage",
              "bowler": "PVD Chameera",
              "non_striker": "V Lahiru",
              "runs": {
                "batter": 1,
                "extras": 0,
                "total": 1
              }
            },
            {
              "batter": "V Lahiru",
              "bowler": "PVD Chameera",
              "non_striker": "Senitha Halambage",
              "runs": {
                "batter": 0,
                "extras": 0,
                "total": 0
              }
            },
            {
              "batter": "V Lahiru",
              "bowler": "PVD Chameera",
              "non_striker": "Senitha Halambage",
              "runs": {
                "batter": 1,
                "extras": 0,
                "total": 1
              }
            }
          ]
        },
        {
          "over": 18,
          "deliveries": [
            {
              "batter": "V Lahiru",
              "bowler": "K Mishara",
              "non_striker": "Senitha Halambage",
              "runs": {
                "batter": 0,
                "extras": 0,
                "total": 0
              }
            },
            {
              "batter": "V Lahiru",
              "bowler": "K Mishara",
              "non_striker": "Senitha Halambage",
              "runs": {
                "batter": 1,
                "extras": 0,
                "total": 1
              }
            },
            {
              "batter": "Senitha Halambage",
              "bowler": "K Mishara",
              "non_striker": "V Lahiru",
              "runs": {
                "batter": 2,
                "extras": 0,
                "total": 2
              }
            },
            {
              "batter": "Senitha Halambage",
              "bowler": "K Mishara",
              "non_striker": "V Lahiru",
              "runs": {
                "batter": 1,
                "extras": 0,
                "total": 1
              }
            },
            {
              "batter": "V Lahiru",
              "bowler": "K Mishara",
              "non_striker": "Senitha Halambage",
              "runs": {
                "batter": 6,
                "extras": 0,
                "total": 6
              }
            },
            {
              "batter": "V Lahiru",
              "bowler": "K Mishara",
              "non_striker": "Senitha Halambage",
              "runs": {
                "batter": 1,
                "extras": 0,
                "total": 1
              }
            }
          ]
        },
        {
          "over": 19,
          "deliveries": [
            {
              "batter": "V Lahiru",
              "bowler": "S Nishshanka",
              "non_striker": "Senitha Halambage",
              "runs": {
                "batter": 0,
                "extras": 0,
                "total": 0
              }
            },
            {
              "batter": "V Lahiru",
              "bowler": "S Nishshanka",
              "non_striker": "Senitha Halambage",
              "runs": {
                "batter": 1,
                "extras": 0,
                "total": 1
              }
            },
            {
              "batter": "Senitha Halambage",
              "bowler": "S Nishshanka",
              "non_striker": "V Lahiru",
              "runs": {
                "batter": 1,
                "extras": 0,
                "total": 1
              }
            },
            {
              "batter": "V Lahiru",
              "bowler": "S Nishshanka",
              "non_striker": "Senitha Halambage",
              "runs": {
                "batter": 1,
                "extras": 0,
                "total": 1
              }
            },
            {
              "batter": "Senitha Halambage",
              "bowler": "S Nishshanka",
              "non_striker": "V Lahiru",
              "runs": {
                "batter": 1,
                "extras": 0,
                "total": 1
              }
            },
            {
              "batter": "V Lahiru",
              "bowler": "S Nishshanka",
              "non_striker": "Senitha Halambage",
              "runs": {
                "batter": 1,
                "extras": 0,
                "total": 1
              },
              "wickets": [
                {
                  "player_out": "V Lahiru",
                  "fielders": [
                    {
                      "name": "N Dickwella"
                    },
                    {
                      "name": "SSD Arachchige"
                    }
                  ],
                  "kind": "run out"
                }
              ]
            }
          ]
        }
      ],
      "powerplays": [
        {
          "from": 0.1,
          "to": 5.6,
          "type": "mandatory"
        }
      ],
      "target": {
        "overs": 20,
        "runs": 160
      }
    }
  ]
}