{
  "meta": {
    "data_version": "1.1.0",
    "created": "2025-07-13",
    "revision": 1
  },
  "info": {
    "balls_per_over": 6,
    "city": "Colombo",
    "dates": [
      "2025-06-13"
    ],
    "event": {
      "name": "Major Clubs T20 Tournament",
      "stage": "Semi Final"
    },
    "gender": "male",
    "match_type": "T20",
    "officials": {
      "match_referees": [
        "WC Labrooy"
      ],
      "reserve_umpires": [
        "JWHD Boteju"
      ],
      "umpires": [
        "LE Hannibal",
        "RA Kottahachchi"
      ]
    },
    "outcome": {
      "winner": "Colombo Cricket Club",
      "by": {
        "wickets": 8
      }
    },
    "overs": 20,
    "players": {
      "Moors Sports Club": [
        "BOL Mendis",
        "UVS Fernando",
        "S Samarawickrama",
        "S Fernando",
        "RTM Mendis",
        "M Tharupathi",
        "SA Fernando",
        "S Gimhan",
        "P Jayawickrama",
        "H Kenula",
        "T Navodya"
      ],
      "Colombo Cricket Club": [
        "KNM Fernando",
        "L Croospulle",
        "PC de Silva",
        "D Sigera",
        "N Thushara",
        "I Karannagoda",
        "I Udana",
        "PWH de Silva",
        "Pawan Sandesh",
        "MVT Fernando",
        "KN Peiris"
      ]
    },
    "registry": {
      "people": {
        "BOL Mendis": "9614d123",
        "D Sigera": "6c15c035",
        "H Kenula": "00a3b5a1",
        "I Karannagoda": "ddce5289",
        "I Udana": "ac5ae4af",
        "JWHD Boteju": "7934d6fb",
        "KN Peiris": "d0cc2738",
        "KNM Fernando": "d2a2bb1a",
        "L Croospulle": "e30c9b2d",
        "LE Hannibal": "3c04e91a",
        "M Tharupathi": "ec0b9258",
        "MVT Fernando": "5eef2118",
        "N Thushara": "ee1b6c27",
        "P Jayawickrama": "b7d1eadd",
        "PC de Silva": "b40ee8a8",
        "PWH de Silva": "a97c8ec2",
        "Pawan Sandesh": "6ed543ed",
        "RA Kottahachchi": "808f2939",
        "RTM Mendis": "1be67d37",
        "S Fernando": "2cbe4f4d",
        "S Gimhan": "81acb5f5",
        "S Samarawickrama": "9ab2914d",
        "SA Fernando": "49fb57d4",
        "T Navodya": "46987dc7",
        "UVS Fernando": "7625e5df",
        "WC Labrooy": "29d4e29b"
      }
    },
    "season": "2025",
    "team_type": "club",
    "teams": [
      "Moors Sports Club",
      "Colombo Cricket Club"
    ],
    "toss": {
      "decision": "field",
      "winner": "Colombo Cricket Club"
    },
    "venue": "Colombo Cricket Club Ground"
  },
  "innings": [
    {
      "team": "Moors Sports Club",
      "overs": [
        {
          "over": 0,
          "deliveries": [
            {
              "batter": "BOL Mendis",
              "bowler": "MVT Fernando",
              "non_striker": "UVS Fernando",
              "runs": {
                "batter": 0,
                "extras": 0,
                "total": 0
              }
            },
            {
              "batter": "BOL Mendis",
              "bowler": "MVT Fernando",
              "non_striker": "UVS Fernando",
              "runs": {
                "batter": 0,
                "extras": 0,
                "total": 0
              }
            },
            {
              "batter": "BOL Mendis",
              "bowler": "MVT Fernando",
              "non_striker": "UVS Fernando",
              "runs": {
                "batter": 0,
                "extras": 0,
                "total": 0
              }
            },
            {
              "batter": "BOL Mendis",
              "bowler": "MVT Fernando",
              "non_striker": "UVS Fernando",
              "runs": {
                "batter": 0,
                "extras": 0,
                "total": 0
              }
            },
            {
              "batter": "BOL Mendis",
              "bowler": "MVT Fernando",
              "non_striker": "UVS Fernando",
              "runs": {
                "batter": 4,
                "extras": 0,
                "total": 4
              }
            },
            {
              "batter": "BOL Mendis",
              "bowler": "MVT Fernando",
              "non_striker": "UVS Fernando",
              "runs": {
                "batter": 1,
                "extras": 0,
                "total": 1
              }
            }
          ]
        },
        {
          "over": 1,
          "deliveries": [
            {
              "batter": "BOL Mendis",
              "bowler": "N Thushara",
              "non_striker": "UVS Fernando",
              "runs": {
                "batter": 0,
                "extras": 0,
                "total": 0
              },
              "wickets": [
                {
                  "player_out": "BOL Mendis",
                  "kind": "bowled"
                }
              ]
            },
            {
              "batter": "S Samarawickrama",
              "bowler": "N Thushara",
              "non_striker": "UVS Fernando",
              "runs": {
                "batter": 1,
                "extras": 0,
                "total": 1
              }
            },
            {
              "batter": "UVS Fernando",
              "bowler": "N Thushara",
              "non_striker": "S Samarawickrama",
              "runs": {
                "batter": 1,
                "extras": 0,
                "total": 1
              }
            },
            {
              "batter": "S Samarawickrama",
              "bowler": "N Thushara",
              "non_striker": "UVS Fernando",
              "runs": {
                "batter": 6,
                "extras": 0,
                "total": 6
              }
            },
            {
              "batter": "S Samarawickrama",
              "bowler": "N Thushara",
              "non_striker": "UVS Fernando",
              "runs": {
                "batter": 1,
                "extras": 0,
                "total": 1
              }
            },
            {
              "batter": "UVS Fernando",
              "bowler": "N Thushara",
              "non_striker": "S Samarawickrama",
              "runs": {
                "batter": 1,
                "extras": 0,
                "total": 1
              }
            }
          ]
        },
        {
          "over": 2,
          "deliveries": [
            {
              "batter": "UVS Fernando",
              "bowler": "MVT Fernando",
              "non_striker": "S Samarawickrama",
              "runs": {
                "batter": 1,
                "extras": 0,
                "total": 1
              }
            },
            {
              "batter": "S Samarawickrama",
              "bowler": "MVT Fernando",
              "non_striker": "UVS Fernando",
              "runs": {
                "batter": 4,
                "extras": 0,
                "total": 4
              }
            },
            {
              "batter": "S Samarawickrama",
              "bowler": "MVT Fernando",
              "non_striker": "UVS Fernando",
              "runs": {
                "batter": 1,
                "extras": 0,
                "total": 1
              }
            },
            {
              "batter": "UVS Fernando",
              "bowler": "MVT Fernando",
              "non_striker": "S Samarawickrama",
              "runs": {
                "batter": 4,
                "extras": 0,
                "total": 4
              }
            },
            {
              "batter": "UVS Fernando",
              "bowler": "MVT Fernando",
              "non_striker": "S Samarawickrama",
              "runs": {
                "batter": 0,
                "extras": 0,
                "total": 0
              }
            },
            {
              "batter": "UVS Fernando",
              "bowler": "MVT Fernando",
              "non_striker": "S Samarawickrama",
              "runs": {
                "batter": 4,
                "extras": 0,
                "total": 4
              }
            }
          ]
        },
        {
          "over": 3,
          "deliveries": [
            {
              "batter": "S Samarawickrama",
              "bowler": "PWH de Silva",
              "non_striker": "UVS Fernando",
              "runs": {
                "batter": 1,
                "extras": 0,
                "total": 1
              }
            },
            {
              "batter": "UVS Fernando",
              "bowler": "PWH de Silva",
              "non_striker": "S Samarawickrama",
              "runs": {
                "batter": 1,
                "extras": 0,
                "total": 1
              }
            },
            {
              "batter": "S Samarawickrama",
              "bowler": "PWH de Silva",
              "extras": {
                "legbyes": 1
              },
              "non_striker": "UVS Fernando",
              "runs": {
                "batter": 0,
                "extras": 1,
                "total": 1
              }
            },
            {
              "batter": "UVS Fernando",
              "bowler": "PWH de Silva",
              "non_striker": "S Samarawickrama",
              "runs": {
                "batter": 2,
                "extras": 0,
                "total": 2
              }
            },
            {
              "batter": "UVS Fernando",
              "bowler": "PWH de Silva",
              "non_striker": "S Samarawickrama",
              "runs": {
                "batter": 2,
                "extras": 0,
                "total": 2
              }
            },
            {
              "batter": "UVS Fernando",
              "bowler": "PWH de Silva",
              "non_striker": "S Samarawickrama",
              "runs": {
                "batter": 0,
                "extras": 0,
                "total": 0
              }
            }
          ]
        },
        {
          "over": 4,
          "deliveries": [
            {
              "batter": "S Samarawickrama",
              "bowler": "I Udana",
              "non_striker": "UVS Fernando",
              "runs": {
                "batter": 1,
                "extras": 0,
                "total": 1
              }
            },
            {
              "batter": "UVS Fernando",
              "bowler": "I Udana",
              "non_striker": "S Samarawickrama",
              "runs": {
                "batter": 0,
                "extras": 0,
                "total": 0
              },
              "wickets": [
                {
                  "player_out": "UVS Fernando",
                  "fielders": [
                    {
                      "name": "KNM Fernando"
                    }
                  ],
                  "kind": "caught"
                }
              ]
            },
            {
              "batter": "S Fernando",
              "bowler": "I Udana",
              "non_striker": "S Samarawickrama",
              "runs": {
                "batter": 4,
                "extras": 0,
                "total": 4
              }
            },
            {
              "batter": "S Fernando",
              "bowler": "I Udana",
              "non_striker": "S Samarawickrama",
              "runs": {
                "batter": 1,
                "extras": 0,
                "total": 1
              }
            },
            {
              "batter": "S Samarawickrama",
              "bowler": "I Udana",
              "non_striker": "S Fernando",
              "runs": {
                "batter": 2,
                "extras": 0,
                "total": 2
              }
            },
            {
              "batter": "S Samarawickrama",
              "bowler": "I Udana",
              "non_striker": "S Fernando",
              "runs": {
                "batter": 0,
                "extras": 0,
                "total": 0
              },
              "wickets": [
                {
                  "player_out": "S Samarawickrama",
                  "fielders": [
                    {
                      "name": "KNM Fernando"
                    }
                  ],
                  "kind": "caught"
                }
              ]
            }
          ]
        },
        {
          "over": 5,
          "deliveries": [
            {
              "batter": "S Fernando",
              "bowler": "KN Peiris",
              "extras": {
                "legbyes": 1
              },
              "non_striker": "RTM Mendis",
              "runs": {
                "batter": 0,
                "extras": 1,
                "total": 1
              }
            },
            {
              "batter": "RTM Mendis",
              "bowler": "KN Peiris",
              "non_striker": "S Fernando",
              "runs": {
                "batter": 6,
                "extras": 0,
                "total": 6
              }
            },
            {
              "batter": "RTM Mendis",
              "bowler": "KN Peiris",
              "non_striker": "S Fernando",
              "runs": {
                "batter": 2,
                "extras": 0,
                "total": 2
              }
            },
            {
              "batter": "RTM Mendis",
              "bowler": "KN Peiris",
              "non_striker": "S Fernando",
              "runs": {
                "batter": 2,
                "extras": 0,
                "total": 2
              }
            },
            {
              "batter": "RTM Mendis",
              "bowler": "KN Peiris",
              "non_striker": "S Fernando",
              "runs": {
                "batter": 2,
                "extras": 0,
                "total": 2
              }
            },
            {
              "batter": "RTM Mendis",
              "bowler": "KN Peiris",
              "non_striker": "S Fernando",
              "runs": {
                "batter": 1,
                "extras": 0,
                "total": 1
              }
            }
          ]
        },
        {
          "over": 6,
          "deliveries": [
            {
              "batter": "RTM Mendis",
              "bowler": "I Udana",
              "non_striker": "S Fernando",
              "runs": {
                "batter": 0,
                "extras": 0,
                "total": 0
              }
            },
            {
              "batter": "RTM Mendis",
              "bowler": "I Udana",
              "non_striker": "S Fernando",
              "runs": {
                "batter": 6,
                "extras": 0,
                "total": 6
              }
            },
            {
              "batter": "RTM Mendis",
              "bowler": "I Udana",
              "non_striker": "S Fernando",
              "runs": {
                "batter": 0,
                "extras": 0,
                "total": 0
              }
            },
            {
              "batter": "RTM Mendis",
              "bowler": "I Udana",
              "non_striker": "S Fernando",
              "runs": {
                "batter": 1,
                "extras": 0,
                "total": 1
              },
              "wickets": [
                {
                  "player_out": "S Fernando",
                  "fielders": [
                    {
                      "name": "Pawan Sandesh"
                    }
                  ],
                  "kind": "run out"
                }
              ]
            },
            {
              "batter": "M Tharupathi",
              "bowler": "I Udana",
              "non_striker": "RTM Mendis",
              "runs": {
                "batter": 4,
                "extras": 0,
                "total": 4
              }
            },
            {
              "batter": "M Tharupathi",
              "bowler": "I Udana",
              "non_striker": "RTM Mendis",
              "runs": {
                "batter": 1,
                "extras": 0,
                "total": 1
              }
            }
          ]
        },
        {
          "over": 7,
          "deliveries": [
            {
              "batter": "M Tharupathi",
              "bowler": "N Thushara",
              "extras": {
                "byes": 2
              },
              "non_striker": "RTM Mendis",
              "runs": {
                "batter": 0,
                "extras": 2,
                "total": 2
              }
            },
            {
              "batter": "M Tharupathi",
              "bowler": "N Thushara",
              "non_striker": "RTM Mendis",
              "runs": {
                "batter": 0,
                "extras": 0,
                "total": 0
              }
            },
            {
              "batter": "M Tharupathi",
              "bowler": "N Thushara",
              "non_striker": "RTM Mendis",
              "runs": {
                "batter": 6,
                "extras": 0,
                "total": 6
              }
            },
            {
              "batter": "M Tharupathi",
              "bowler": "N Thushara",
              "non_striker": "RTM Mendis",
              "runs": {
                "batter": 0,
                "extras": 0,
                "total": 0
              },
              "wickets": [
                {
                  "player_out": "M Tharupathi",
                  "fielders": [
                    {
                      "name": "KNM Fernando"
                    }
                  ],
                  "kind": "run out"
                }
              ]
            },
            {
              "batter": "RTM Mendis",
              "bowler": "N Thushara",
              "non_striker": "SA Fernando",
              "runs": {
                "batter": 6,
                "extras": 0,
                "total": 6
              }
            },
            {
              "batter": "RTM Mendis",
              "bowler": "N Thushara",
              "non_striker": "SA Fernando",
              "runs": {
                "batter": 2,
                "extras": 0,
                "total": 2
              }
            }
          ]
        }
      ],
      "powerplays": [
        {
          "from": 0.1,
          "to": 1.6,
          "type": "mandatory"
        }
      ]
    },
    {
      "team": "Colombo Cricket Club",
      "overs": [
        {
          "over": 0,
          "deliveries": [
            {
              "batter": "KNM Fernando",
              "bowler": "SA Fernando",
              "non_striker": "L Croospulle",
              "runs": {
                "batter": 6,
                "extras": 0,
                "total": 6
              }
            },
            {
              "batter": "KNM Fernando",
              "bowler": "SA Fernando",
              "non_striker": "L Croospulle",
              "runs": {
                "batter": 6,
                "extras": 0,
                "total": 6
              }
            },
            {
              "batter": "KNM Fernando",
              "bowler": "SA Fernando",
              "non_striker": "L Croospulle",
              "runs": {
                "batter": 4,
                "extras": 0,
                "total": 4
              }
            },
            {
              "batter": "KNM Fernando",
              "bowler": "SA Fernando",
              "non_striker": "L Croospulle",
              "runs": {
                "batter": 4,
                "extras": 0,
                "total": 4
              }
            },
            {
              "batter": "KNM Fernando",
              "bowler": "SA Fernando",
              "non_striker": "L Croospulle",
              "runs": {
                "batter": 1,
                "extras": 0,
                "total": 1
              }
            },
            {
              "batter": "L Croospulle",
              "bowler": "SA Fernando",
              "non_striker": "KNM Fernando",
              "runs": {
                "batter": 1,
                "extras": 0,
                "total": 1
              }
            }
          ]
        },
        {
          "over": 1,
          "deliveries": [
            {
              "batter": "L Croospulle",
              "bowler": "P Jayawickrama",
              "non_striker": "KNM Fernando",
              "runs": {
                "batter": 1,
                "extras": 0,
                "total": 1
              }
            },
            {
              "batter": "KNM Fernando",
              "bowler": "P Jayawickrama",
              "non_striker": "L Croospulle",
              "runs": {
                "batter": 1,
                "extras": 0,
                "total": 1
              }
            },
            {
              "batter": "L Croospulle",
              "bowler": "P Jayawickrama",
              "non_striker": "KNM Fernando",
              "runs": {
                "batter": 1,
                "extras": 0,
                "total": 1
              }
            },
            {
              "batter": "KNM Fernando",
              "bowler": "P Jayawickrama",
              "extras": {
                "legbyes": 1
              },
              "non_striker": "L Croospulle",
              "runs": {
                "batter": 0,
                "extras": 1,
                "total": 1
              }
            },
            {
              "batter": "L Croospulle",
              "bowler": "P Jayawickrama",
              "non_striker": "KNM Fernando",
              "runs": {
                "batter": 1,
                "extras": 0,
                "total": 1
              }
            },
            {
              "batter": "KNM Fernando",
              "bowler": "P Jayawickrama",
              "non_striker": "L Croospulle",
              "runs": {
                "batter": 1,
                "extras": 0,
                "total": 1
              }
            }
          ]
        },
        {
          "over": 2,
          "deliveries": [
            {
              "batter": "KNM Fernando",
              "bowler": "M Tharupathi",
              "non_striker": "L Croospulle",
              "runs": {
                "batter": 1,
                "extras": 0,
                "total": 1
              }
            },
            {
              "batter": "L Croospulle",
              "bowler": "M Tharupathi",
              "non_striker": "KNM Fernando",
              "runs": {
                "batter": 0,
                "extras": 0,
                "total": 0
              },
              "wickets": [
                {
                  "player_out": "L Croospulle",
                  "kind": "bowled"
                }
              ]
            },
            {
              "batter": "PC de Silva",
              "bowler": "M Tharupathi",
              "non_striker": "KNM Fernando",
              "runs": {
                "batter": 4,
                "extras": 0,
                "total": 4
              }
            },
            {
              "batter": "PC de Silva",
              "bowler": "M Tharupathi",
              "non_striker": "KNM Fernando",
              "runs": {
                "batter": 6,
                "extras": 0,
                "total": 6
              }
            },
            {
              "batter": "PC de Silva",
              "bowler": "M Tharupathi",
              "non_striker": "KNM Fernando",
              "runs": {
                "batter": 1,
                "extras": 0,
                "total": 1
              }
            },
            {
              "batter": "KNM Fernando",
              "bowler": "M Tharupathi",
              "non_striker": "PC de Silva",
              "runs": {
                "batter": 0,
                "extras": 0,
                "total": 0
              }
            }
          ]
        },
        {
          "over": 3,
          "deliveries": [
            {
              "batter": "PC de Silva",
              "bowler": "T Navodya",
              "non_striker": "KNM Fernando",
              "runs": {
                "batter": 6,
                "extras": 0,
                "total": 6
              }
            },
            {
              "batter": "PC de Silva",
              "bowler": "T Navodya",
              "non_striker": "KNM Fernando",
              "runs": {
                "batter": 2,
                "extras": 0,
                "total": 2
              }
            },
            {
              "batter": "PC de Silva",
              "bowler": "T Navodya",
              "non_striker": "KNM Fernando",
              "runs": {
                "batter": 1,
                "extras": 0,
                "total": 1
              }
            },
            {
              "batter": "KNM Fernando",
              "bowler": "T Navodya",
              "non_striker": "PC de Silva",
              "runs": {
                "batter": 2,
                "extras": 0,
                "total": 2
              }
            },
            {
              "batter": "KNM Fernando",
              "bowler": "T Navodya",
              "non_striker": "PC de Silva",
              "runs": {
                "batter": 4,
                "extras": 0,
                "total": 4
              }
            },
            {
              "batter": "KNM Fernando",
              "bowler": "T Navodya",
              "non_striker": "PC de Silva",
              "runs": {
                "batter": 6,
                "extras": 0,
                "total": 6
              }
            }
          ]
        },
        {
          "over": 4,
          "deliveries": [
            {
              "batter": "PC de Silva",
              "bowler": "P Jayawickrama",
              "non_striker": "KNM Fernando",
              "runs": {
                "batter": 1,
                "extras": 0,
                "total": 1
              }
            },
            {
              "batter": "KNM Fernando",
              "bowler": "P Jayawickrama",
              "non_striker": "PC de Silva",
              "runs": {
                "batter": 4,
                "extras": 0,
                "total": 4
              }
            },
            {
              "batter": "KNM Fernando",
              "bowler": "P Jayawickrama",
              "non_striker": "PC de Silva",
              "runs": {
                "batter": 1,
                "extras": 0,
                "total": 1
              }
            },
            {
              "batter": "PC de Silva",
              "bowler": "P Jayawickrama",
              "non_striker": "KNM Fernando",
              "runs": {
                "batter": 1,
                "extras": 0,
                "total": 1
              }
            },
            {
              "batter": "KNM Fernando",
              "bowler": "P Jayawickrama",
              "non_striker": "PC de Silva",
              "runs": {
                "batter": 2,
                "extras": 0,
                "total": 2
              }
            },
            {
              "batter": "KNM Fernando",
              "bowler": "P Jayawickrama",
              "extras": {
                "wides": 1
              },
              "non_striker": "PC de Silva",
              "runs": {
                "batter": 0,
                "extras": 1,
                "total": 1
              }
            },
            {
              "batter": "KNM Fernando",
              "bowler": "P Jayawickrama",
              "non_striker": "PC de Silva",
              "runs": {
                "batter": 2,
                "extras": 0,
                "total": 2
              }
            }
          ]
        },
        {
          "over": 5,
          "deliveries": [
            {
              "batter": "PC de Silva",
              "bowler": "RTM Mendis",
              "non_striker": "KNM Fernando",
              "runs": {
                "batter": 0,
                "extras": 0,
                "total": 0
              }
            },
            {
              "batter": "PC de Silva",
              "bowler": "RTM Mendis",
              "non_striker": "KNM Fernando",
              "runs": {
                "batter": 1,
                "extras": 0,
                "total": 1
              }
            },
            {
              "batter": "KNM Fernando",
              "bowler": "RTM Mendis",
              "non_striker": "PC de Silva",
              "runs": {
                "batter": 1,
                "extras": 0,
                "total": 1
              }
            },
            {
              "batter": "PC de Silva",
              "bowler": "RTM Mendis",
              "extras": {
                "wides": 1
              },
              "non_striker": "KNM Fernando",
              "runs": {
                "batter": 0,
                "extras": 1,
                "total": 1
              }
            },
            {
              "batter": "PC de Silva",
              "bowler": "RTM Mendis",
              "non_striker": "KNM Fernando",
              "runs": {
                "batter": 1,
                "extras": 0,
                "total": 1
              }
            },
            {
              "batter": "KNM Fernando",
              "bowler": "RTM Mendis",
              "extras": {
                "wides": 1
              },
              "non_striker": "PC de Silva",
              "runs": {
                "batter": 0,
                "extras": 1,
                "total": 1
              }
            },
            {
              "batter": "KNM Fernando",
              "bowler": "RTM Mendis",
              "non_striker": "PC de Silva",
              "runs": {
                "batter": 1,
                "extras": 0,
                "total": 1
              }
            },
            {
              "batter": "PC de Silva",
              "bowler": "RTM Mendis",
              "non_striker": "KNM Fernando",
              "runs": {
                "batter": 6,
                "extras": 0,
                "total": 6
              }
            }
          ]
        },
        {
          "over": 6,
          "deliveries": [
            {
              "batter": "KNM Fernando",
              "bowler": "M Tharupathi",
              "non_striker": "PC de Silva",
              "runs": {
                "batter": 0,
                "extras": 0,
                "total": 0
              },
              "wickets": [
                {
                  "player_out": "KNM Fernando",
                  "kind": "bowled"
                }
              ]
            },
            {
              "batter": "D Sigera",
              "bowler": "M Tharupathi",
              "non_striker": "PC de Silva",
              "runs": {
                "batter": 0,
                "extras": 0,
                "total": 0
              }
            },
            {
              "batter": "D Sigera",
              "bowler": "M Tharupathi",
              "non_striker": "PC de Silva",
              "runs": {
                "batter": 0,
                "extras": 0,
                "total": 0
              }
            },
            {
              "batter": "D Sigera",
              "bowler": "M Tharupathi",
              "non_striker": "PC de Silva",
              "runs": {
                "batter": 4,
                "extras": 0,
                "total": 4
              }
            }
          ]
        }
      ],
      "powerplays": [
        {
          "from": 0.1,
          "to": 1.6,
          "type": "mandatory"
        }
      ],
      "target": {
        "overs": 8,
        "runs": 87
      }
    }
  ]
}