{
  "meta": {
    "data_version": "1.1.0",
    "created": "2025-07-13",
    "revision": 1
  },
  "info": {
    "balls_per_over": 6,
    "city": "Colombo",
    "dates": [
      "2025-06-05"
    ],
    "event": {
      "name": "Major Clubs T20 Tournament",
      "group": "B"
    },
    "gender": "male",
    "match_type": "T20",
    "officials": {
      "match_referees": [
        "V Bowen"
      ],
      "reserve_umpires": [
        "IC Soysa"
      ],
      "umpires": [
        "BCN Amarasinghe",
        "LE Hannibal"
      ]
    },
    "outcome": {
      "winner": "Burgher Recreation Club",
      "by": {
        "wickets": 2
      }
    },
    "overs": 20,
    "players": {
      "Bloomfield Cricket and Athletic Club": [
        "K Withanapathirana",
        "RK Chandraguptha",
        "J Liyanage",
        "KPNM Karunanayake",
        "M Premaratne",
        "LD Madushanka",
        "TN Guruge",
        "EDBH Jayasinghe",
        "JDF Vandersay",
        "K Piyumal",
        "E Malinga"
      ],
      "Burgher Recreation Club": [
        "R Sandaruwan",
        "T Ashel",
        "Kusal Wijethunga",
        "GRL Weerasuriya",
        "DS Abeywickramasingha",
        "Vishwa Supun",
        "M Subasingha",
        "M Abinash",
        "C Dissanayake",
        "PWS Dulshan",
        "LS Samarajeewa"
      ]
    },
    "registry": {
      "people": {
        "BCN Amarasinghe": "ccd560d6",
        "C Dissanayake": "fa004e59",
        "DS Abeywickramasingha": "55715105",
        "E Malinga": "5750bcb4",
        "EDBH Jayasinghe": "868345b5",
        "GRL Weerasuriya": "29b67b4f",
        "IC Soysa": "717a7971",
        "J Liyanage": "84212ffb",
        "JDF Vandersay": "aceb7654",
        "K Piyumal": "d5b6fe5f",
        "K Withanapathirana": "b45accc7",
        "KPNM Karunanayake": "532cc5b8",
        "Kusal Wijethunga": "2fa66783",
        "LD Madushanka": "de063a39",
        "LE Hannibal": "3c04e91a",
        "LS Samarajeewa": "61cb03b6",
        "M Abinash": "077f83bf",
        "M Premaratne": "7677ef70",
        "M Subasingha": "5d499f67",
        "PWS Dulshan": "cd63866f",
        "R Sandaruwan": "cf6acc0d",
        "RK Chandraguptha": "f51ed6ad",
        "T Ashel": "493a5224",
        "TN Guruge": "6adee1a9",
        "V Bowen": "7297ac4d",
        "Vishwa Supun": "9260ee4e"
      }
    },
    "season": "2025",
    "team_type": "club",
    "teams": [
      "Bloomfield Cricket and Athletic Club",
      "Burgher Recreation Club"
    ],
    "toss": {
      "decision": "bat",
      "winner": "Bloomfield Cricket and Athletic Club"
    },
    "venue": "Colombo Cricket Club Ground"
  },
  "innings": [
    {
      "team": "Bloomfield Cricket and Athletic Club",
      "overs": [
        {
          "over": 0,
          "deliveries": [
            {
              "batter": "K Withanapathirana",
              "bowler": "M Abinash",
              "non_striker": "RK Chandraguptha",
              "runs": {
                "batter": 0,
                "extras": 0,
                "total": 0
              }
            },
            {
              "batter": "K Withanapathirana",
              "bowler": "M Abinash",
              "non_striker": "RK Chandraguptha",
              "runs": {
                "batter": 0,
                "extras": 0,
                "total": 0
              }
            },
            {
              "batter": "K Withanapathirana",
              "bowler": "M Abinash",
              "non_striker": "RK Chandraguptha",
              "runs": {
                "batter": 4,
                "extras": 0,
                "total": 4
              }
            },
            {
              "batter": "K Withanapathirana",
              "bowler": "M Abinash",
              "non_striker": "RK Chandraguptha",
              "runs": {
                "batter": 1,
                "extras": 0,
                "total": 1
              }
            },
            {
              "batter": "RK Chandraguptha",
              "bowler": "M Abinash",
              "non_striker": "K Withanapathirana",
              "runs": {
                "batter": 0,
                "extras": 0,
                "total": 0
              }
            },
            {
              "batter": "RK Chandraguptha",
              "bowler": "M Abinash",
              "non_striker": "K Withanapathirana",
              "runs": {
                "batter": 1,
                "extras": 0,
                "total": 1
              }
            }
          ]
        },
        {
          "over": 1,
          "deliveries": [
            {
              "batter": "RK Chandraguptha",
              "bowler": "T Ashel",
              "non_striker": "K Withanapathirana",
              "runs": {
                "batter": 0,
                "extras": 0,
                "total": 0
              },
              "wickets": [
                {
                  "player_out": "RK Chandraguptha",
                  "kind": "bowled"
                }
              ]
            },
            {
              "batter": "J Liyanage",
              "bowler": "T Ashel",
              "non_striker": "K Withanapathirana",
              "runs": {
                "batter": 0,
                "extras": 0,
                "total": 0
              }
            },
            {
              "batter": "J Liyanage",
              "bowler": "T Ashel",
              "non_striker": "K Withanapathirana",
              "runs": {
                "batter": 1,
                "extras": 0,
                "total": 1
              }
            },
            {
              "batter": "K Withanapathirana",
              "bowler": "T Ashel",
              "non_striker": "J Liyanage",
              "runs": {
                "batter": 0,
                "extras": 0,
                "total": 0
              },
              "wickets": [
                {
                  "player_out": "K Withanapathirana",
                  "fielders": [
                    {
                      "name": "M Abinash"
                    }
                  ],
                  "kind": "caught"
                }
              ]
            },
            {
              "batter": "KPNM Karunanayake",
              "bowler": "T Ashel",
              "non_striker": "J Liyanage",
              "runs": {
                "batter": 0,
                "extras": 0,
                "total": 0
              }
            },
            {
              "batter": "KPNM Karunanayake",
              "bowler": "T Ashel",
              "non_striker": "J Liyanage",
              "runs": {
                "batter": 0,
                "extras": 0,
                "total": 0
              },
              "wickets": [
                {
                  "player_out": "KPNM Karunanayake",
                  "fielders": [
                    {
                      "name": "GRL Weerasuriya"
                    },
                    {
                      "name": "DS Abeywickramasingha"
                    }
                  ],
                  "kind": "run out"
                }
              ]
            }
          ]
        },
        {
          "over": 2,
          "deliveries": [
            {
              "batter": "J Liyanage",
              "bowler": "PWS Dulshan",
              "extras": {
                "wides": 1
              },
              "non_striker": "M Premaratne",
              "runs": {
                "batter": 0,
                "extras": 1,
                "total": 1
              }
            },
            {
              "batter": "J Liyanage",
              "bowler": "PWS Dulshan",
              "non_striker": "M Premaratne",
              "runs": {
                "batter": 4,
                "extras": 0,
                "total": 4
              }
            },
            {
              "batter": "J Liyanage",
              "bowler": "PWS Dulshan",
              "non_striker": "M Premaratne",
              "runs": {
                "batter": 4,
                "extras": 0,
                "total": 4
              }
            },
            {
              "batter": "J Liyanage",
              "bowler": "PWS Dulshan",
              "non_striker": "M Premaratne",
              "runs": {
                "batter": 1,
                "extras": 0,
                "total": 1
              }
            },
            {
              "batter": "M Premaratne",
              "bowler": "PWS Dulshan",
              "non_striker": "J Liyanage",
              "runs": {
                "batter": 0,
                "extras": 0,
                "total": 0
              }
            },
            {
              "batter": "M Premaratne",
              "bowler": "PWS Dulshan",
              "non_striker": "J Liyanage",
              "runs": {
                "batter": 1,
                "extras": 0,
                "total": 1
              }
            },
            {
              "batter": "J Liyanage",
              "bowler": "PWS Dulshan",
              "non_striker": "M Premaratne",
              "runs": {
                "batter": 0,
                "extras": 0,
                "total": 0
              }
            }
          ]
        },
        {
          "over": 3,
          "deliveries": [
            {
              "batter": "M Premaratne",
              "bowler": "C Dissanayake",
              "extras": {
                "wides": 1
              },
              "non_striker": "J Liyanage",
              "runs": {
                "batter": 0,
                "extras": 1,
                "total": 1
              }
            },
            {
              "batter": "M Premaratne",
              "bowler": "C Dissanayake",
              "non_striker": "J Liyanage",
              "runs": {
                "batter": 0,
                "extras": 0,
                "total": 0
              }
            },
            {
              "batter": "M Premaratne",
              "bowler": "C Dissanayake",
              "non_striker": "J Liyanage",
              "runs": {
                "batter": 1,
                "extras": 0,
                "total": 1
              }
            },
            {
              "batter": "J Liyanage",
              "bowler": "C Dissanayake",
              "non_striker": "M Premaratne",
              "runs": {
                "batter": 1,
                "extras": 0,
                "total": 1
              }
            },
            {
              "batter": "M Premaratne",
              "bowler": "C Dissanayake",
              "non_striker": "J Liyanage",
              "runs": {
                "batter": 1,
                "extras": 0,
                "total": 1
              }
            },
            {
              "batter": "J Liyanage",
              "bowler": "C Dissanayake",
              "non_striker": "M Premaratne",
              "runs": {
                "batter": 4,
                "extras": 0,
                "total": 4
              }
            },
            {
              "batter": "J Liyanage",
              "bowler": "C Dissanayake",
              "non_striker": "M Premaratne",
              "runs": {
                "batter": 1,
                "extras": 0,
                "total": 1
              }
            }
          ]
        },
        {
          "over": 4,
          "deliveries": [
            {
              "batter": "J Liyanage",
              "bowler": "PWS Dulshan",
              "non_striker": "M Premaratne",
              "runs": {
                "batter": 0,
                "extras": 0,
                "total": 0
              }
            },
            {
              "batter": "J Liyanage",
              "bowler": "PWS Dulshan",
              "non_striker": "M Premaratne",
              "runs": {
                "batter": 1,
                "extras": 0,
                "total": 1
              }
            },
            {
              "batter": "M Premaratne",
              "bowler": "PWS Dulshan",
              "non_striker": "J Liyanage",
              "runs": {
                "batter": 0,
                "extras": 0,
                "total": 0
              }
            },
            {
              "batter": "M Premaratne",
              "bowler": "PWS Dulshan",
              "non_striker": "J Liyanage",
              "runs": {
                "batter": 0,
                "extras": 0,
                "total": 0
              }
            },
            {
              "batter": "M Premaratne",
              "bowler": "PWS Dulshan",
              "non_striker": "J Liyanage",
              "runs": {
                "batter": 0,
                "extras": 0,
                "total": 0
              }
            },
            {
              "batter": "M Premaratne",
              "bowler": "PWS Dulshan",
              "non_striker": "J Liyanage",
              "runs": {
                "batter": 0,
                "extras": 0,
                "total": 0
              }
            }
          ]
        },
        {
          "over": 5,
          "deliveries": [
            {
              "batter": "J Liyanage",
              "bowler": "C Dissanayake",
              "non_striker": "M Premaratne",
              "runs": {
                "batter": 0,
                "extras": 0,
                "total": 0
              },
              "wickets": [
                {
                  "player_out": "J Liyanage",
                  "fielders": [
                    {
                      "name": "Kusal Wijethunga"
                    }
                  ],
                  "kind": "caught"
                }
              ]
            },
            {
              "batter": "LD Madushanka",
              "bowler": "C Dissanayake",
              "non_striker": "M Premaratne",
              "runs": {
                "batter": 0,
                "extras": 0,
                "total": 0
              }
            },
            {
              "batter": "LD Madushanka",
              "bowler": "C Dissanayake",
              "non_striker": "M Premaratne",
              "runs": {
                "batter": 0,
                "extras": 0,
                "total": 0
              }
            },
            {
              "batter": "LD Madushanka",
              "bowler": "C Dissanayake",
              "extras": {
                "legbyes": 1
              },
              "non_striker": "M Premaratne",
              "runs": {
                "batter": 0,
                "extras": 1,
                "total": 1
              }
            },
            {
              "batter": "M Premaratne",
              "bowler": "C Dissanayake",
              "non_striker": "LD Madushanka",
              "runs": {
                "batter": 0,
                "extras": 0,
                "total": 0
              }
            },
            {
              "batter": "M Premaratne",
              "bowler": "C Dissanayake",
              "non_striker": "LD Madushanka",
              "runs": {
                "batter": 0,
                "extras": 0,
                "total": 0
              }
            }
          ]
        },
        {
          "over": 6,
          "deliveries": [
            {
              "batter": "LD Madushanka",
              "bowler": "M Abinash",
              "non_striker": "M Premaratne",
              "runs": {
                "batter": 1,
                "extras": 0,
                "total": 1
              }
            },
            {
              "batter": "M Premaratne",
              "bowler": "M Abinash",
              "non_striker": "LD Madushanka",
              "runs": {
                "batter": 0,
                "extras": 0,
                "total": 0
              }
            },
            {
              "batter": "M Premaratne",
              "bowler": "M Abinash",
              "non_striker": "LD Madushanka",
              "runs": {
                "batter": 0,
                "extras": 0,
                "total": 0
              },
              "wickets": [
                {
                  "player_out": "M Premaratne",
                  "fielders": [
                    {
                      "name": "C Dissanayake"
                    }
                  ],
                  "kind": "caught"
                }
              ]
            },
            {
              "batter": "TN Guruge",
              "bowler": "M Abinash",
              "non_striker": "LD Madushanka",
              "runs": {
                "batter": 1,
                "extras": 0,
                "total": 1
              }
            },
            {
              "batter": "LD Madushanka",
              "bowler": "M Abinash",
              "non_striker": "TN Guruge",
              "runs": {
                "batter": 0,
                "extras": 0,
                "total": 0
              }
            },
            {
              "batter": "LD Madushanka",
              "bowler": "M Abinash",
              "non_striker": "TN Guruge",
              "runs": {
                "batter": 1,
                "extras": 0,
                "total": 1
              }
            }
          ]
        },
        {
          "over": 7,
          "deliveries": [
            {
              "batter": "LD Madushanka",
              "bowler": "M Subasingha",
              "non_striker": "TN Guruge",
              "runs": {
                "batter": 1,
                "extras": 0,
                "total": 1
              }
            },
            {
              "batter": "TN Guruge",
              "bowler": "M Subasingha",
              "non_striker": "LD Madushanka",
              "runs": {
                "batter": 0,
                "extras": 0,
                "total": 0
              }
            },
            {
              "batter": "TN Guruge",
              "bowler": "M Subasingha",
              "non_striker": "LD Madushanka",
              "runs": {
                "batter": 2,
                "extras": 0,
                "total": 2
              }
            },
            {
              "batter": "TN Guruge",
              "bowler": "M Subasingha",
              "non_striker": "LD Madushanka",
              "runs": {
                "batter": 0,
                "extras": 0,
                "total": 0
              }
            },
            {
              "batter": "TN Guruge",
              "bowler": "M Subasingha",
              "non_striker": "LD Madushanka",
              "runs": {
                "batter": 0,
                "extras": 0,
                "total": 0
              }
            },
            {
              "batter": "TN Guruge",
              "bowler": "M Subasingha",
              "non_striker": "LD Madushanka",
              "runs": {
                "batter": 0,
                "extras": 0,
                "total": 0
              }
            }
          ]
        },
        {
          "over": 8,
          "deliveries": [
            {
              "batter": "LD Madushanka",
              "bowler": "T Ashel",
              "non_striker": "TN Guruge",
              "runs": {
                "batter": 0,
                "extras": 0,
                "total": 0
              }
            },
            {
              "batter": "LD Madushanka",
              "bowler": "T Ashel",
              "non_striker": "TN Guruge",
              "runs": {
                "batter": 1,
                "extras": 0,
                "total": 1
              }
            },
            {
              "batter": "TN Guruge",
              "bowler": "T Ashel",
              "non_striker": "LD Madushanka",
              "runs": {
                "batter": 0,
                "extras": 0,
                "total": 0
              }
            },
            {
              "batter": "TN Guruge",
              "bowler": "T Ashel",
              "non_striker": "LD Madushanka",
              "runs": {
                "batter": 1,
                "extras": 0,
                "total": 1
              }
            },
            {
              "batter": "LD Madushanka",
              "bowler": "T Ashel",
              "non_striker": "TN Guruge",
              "runs": {
                "batter": 0,
                "extras": 0,
                "total": 0
              }
            },
            {
              "batter": "LD Madushanka",
              "bowler": "T Ashel",
              "non_striker": "TN Guruge",
              "runs": {
                "batter": 0,
                "extras": 0,
                "total": 0
              }
            }
          ]
        },
        {
          "over": 9,
          "deliveries": [
            {
              "batter": "TN Guruge",
              "bowler": "M Subasingha",
              "non_striker": "LD Madushanka",
              "runs": {
                "batter": 1,
                "extras": 0,
                "total": 1
              }
            },
            {
              "batter": "LD Madushanka",
              "bowler": "M Subasingha",
              "non_striker": "TN Guruge",
              "runs": {
                "batter": 3,
                "extras": 0,
                "total": 3
              }
            },
            {
              "batter": "TN Guruge",
              "bowler": "M Subasingha",
              "non_striker": "LD Madushanka",
              "runs": {
                "batter": 1,
                "extras": 0,
                "total": 1
              }
            },
            {
              "batter": "LD Madushanka",
              "bowler": "M Subasingha",
              "non_striker": "TN Guruge",
              "runs": {
                "batter": 1,
                "extras": 0,
                "total": 1
              }
            },
            {
              "batter": "TN Guruge",
              "bowler": "M Subasingha",
              "non_striker": "LD Madushanka",
              "runs": {
                "batter": 1,
                "extras": 0,
                "total": 1
              }
            },
            {
              "batter": "LD Madushanka",
              "bowler": "M Subasingha",
              "non_striker": "TN Guruge",
              "runs": {
                "batter": 4,
                "extras": 0,
                "total": 4
              }
            }
          ]
        },
        {
          "over": 10,
          "deliveries": [
            {
              "batter": "TN Guruge",
              "bowler": "T Ashel",
              "non_striker": "LD Madushanka",
              "runs": {
                "batter": 2,
                "extras": 0,
                "total": 2
              }
            },
            {
              "batter": "TN Guruge",
              "bowler": "T Ashel",
              "non_striker": "LD Madushanka",
              "runs": {
                "batter": 0,
                "extras": 0,
                "total": 0
              }
            },
            {
              "batter": "TN Guruge",
              "bowler": "T Ashel",
              "non_striker": "LD Madushanka",
              "runs": {
                "batter": 1,
                "extras": 0,
                "total": 1
              }
            },
            {
              "batter": "LD Madushanka",
              "bowler": "T Ashel",
              "non_striker": "TN Guruge",
              "runs": {
                "batter": 2,
                "extras": 0,
                "total": 2
              }
            },
            {
              "batter": "LD Madushanka",
              "bowler": "T Ashel",
              "non_striker": "TN Guruge",
              "runs": {
                "batter": 1,
                "extras": 0,
                "total": 1
              }
            },
            {
              "batter": "TN Guruge",
              "bowler": "T Ashel",
              "non_striker": "LD Madushanka",
              "runs": {
                "batter": 1,
                "extras": 0,
                "total": 1
              }
            }
          ]
        },
        {
          "over": 11,
          "deliveries": [
            {
              "batter": "TN Guruge",
              "bowler": "PWS Dulshan",
              "extras": {
                "wides": 1
              },
              "non_striker": "LD Madushanka",
              "runs": {
                "batter": 0,
                "extras": 1,
                "total": 1
              }
            },
            {
              "batter": "TN Guruge",
              "bowler": "PWS Dulshan",
              "non_striker": "LD Madushanka",
              "runs": {
                "batter": 1,
                "extras": 0,
                "total": 1
              }
            },
            {
              "batter": "LD Madushanka",
              "bowler": "PWS Dulshan",
              "non_striker": "TN Guruge",
              "runs": {
                "batter": 0,
                "extras": 0,
                "total": 0
              }
            },
            {
              "batter": "LD Madushanka",
              "bowler": "PWS Dulshan",
              "non_striker": "TN Guruge",
              "runs": {
                "batter": 1,
                "extras": 0,
                "total": 1
              }
            },
            {
              "batter": "TN Guruge",
              "bowler": "PWS Dulshan",
              "extras": {
                "wides": 1
              },
              "non_striker": "LD Madushanka",
              "runs": {
                "batter": 0,
                "extras": 1,
                "total": 1
              }
            },
            {
              "batter": "TN Guruge",
              "bowler": "PWS Dulshan",
              "non_striker": "LD Madushanka",
              "runs": {
                "batter": 1,
                "extras": 0,
                "total": 1
              }
            },
            {
              "batter": "LD Madushanka",
              "bowler": "PWS Dulshan",
              "non_striker": "TN Guruge",
              "runs": {
                "batter": 1,
                "extras": 0,
                "total": 1
              }
            },
            {
              "batter": "TN Guruge",
              "bowler": "PWS Dulshan",
              "non_striker": "LD Madushanka",
              "runs": {
                "batter": 0,
                "extras": 0,
                "total": 0
              },
              "wickets": [
                {
                  "player_out": "TN Guruge",
                  "fielders": [
                    {
                      "name": "M Abinash"
                    }
                  ],
                  "kind": "caught"
                }
              ]
            }
          ]
        },
        {
          "over": 12,
          "deliveries": [
            {
              "batter": "LD Madushanka",
              "bowler": "C Dissanayake",
              "non_striker": "EDBH Jayasinghe",
              "runs": {
                "batter": 1,
                "extras": 0,
                "total": 1
              }
            },
            {
              "batter": "EDBH Jayasinghe",
              "bowler": "C Dissanayake",
              "non_striker": "LD Madushanka",
              "runs": {
                "batter": 1,
                "extras": 0,
                "total": 1
              }
            },
            {
              "batter": "LD Madushanka",
              "bowler": "C Dissanayake",
              "non_striker": "EDBH Jayasinghe",
              "runs": {
                "batter": 1,
                "extras": 0,
                "total": 1
              }
            },
            {
              "batter": "EDBH Jayasinghe",
              "bowler": "C Dissanayake",
              "non_striker": "LD Madushanka",
              "runs": {
                "batter": 0,
                "extras": 0,
                "total": 0
              }
            },
            {
              "batter": "EDBH Jayasinghe",
              "bowler": "C Dissanayake",
              "non_striker": "LD Madushanka",
              "runs": {
                "batter": 1,
                "extras": 0,
                "total": 1
              }
            },
            {
              "batter": "LD Madushanka",
              "bowler": "C Dissanayake",
              "non_striker": "EDBH Jayasinghe",
              "runs": {
                "batter": 0,
                "extras": 0,
                "total": 0
              }
            }
          ]
        },
        {
          "over": 13,
          "deliveries": [
            {
              "batter": "EDBH Jayasinghe",
              "bowler": "PWS Dulshan",
              "non_striker": "LD Madushanka",
              "runs": {
                "batter": 1,
                "extras": 0,
                "total": 1
              }
            },
            {
              "batter": "LD Madushanka",
              "bowler": "PWS Dulshan",
              "non_striker": "EDBH Jayasinghe",
              "runs": {
                "batter": 0,
                "extras": 0,
                "total": 0
              }
            },
            {
              "batter": "LD Madushanka",
              "bowler": "PWS Dulshan",
              "non_striker": "EDBH Jayasinghe",
              "runs": {
                "batter": 0,
                "extras": 0,
                "total": 0
              }
            },
            {
              "batter": "LD Madushanka",
              "bowler": "PWS Dulshan",
              "non_striker": "EDBH Jayasinghe",
              "runs": {
                "batter": 1,
                "extras": 0,
                "total": 1
              }
            },
            {
              "batter": "EDBH Jayasinghe",
              "bowler": "PWS Dulshan",
              "non_striker": "LD Madushanka",
              "runs": {
                "batter": 0,
                "extras": 0,
                "total": 0
              },
              "wickets": [
                {
                  "player_out": "EDBH Jayasinghe",
                  "fielders": [
                    {
                      "name": "GRL Weerasuriya"
                    },
                    {
                      "name": "Vishwa Supun"
                    }
                  ],
                  "kind": "run out"
                }
              ]
            },
            {
              "batter": "JDF Vandersay",
              "bowler": "PWS Dulshan",
              "non_striker": "LD Madushanka",
              "runs": {
                "batter": 2,
                "extras": 0,
                "total": 2
              }
            }
          ]
        },
        {
          "over": 14,
          "deliveries": [
            {
              "batter": "LD Madushanka",
              "bowler": "M Subasingha",
              "non_striker": "JDF Vandersay",
              "runs": {
                "batter": 1,
                "extras": 0,
                "total": 1
              }
            },
            {
              "batter": "JDF Vandersay",
              "bowler": "M Subasingha",
              "non_striker": "LD Madushanka",
              "runs": {
                "batter": 0,
                "extras": 0,
                "total": 0
              }
            },
            {
              "batter": "JDF Vandersay",
              "bowler": "M Subasingha",
              "non_striker": "LD Madushanka",
              "runs": {
                "batter": 1,
                "extras": 0,
                "total": 1
              }
            },
            {
              "batter": "LD Madushanka",
              "bowler": "M Subasingha",
              "non_striker": "JDF Vandersay",
              "runs": {
                "batter": 1,
                "extras": 0,
                "total": 1
              }
            },
            {
              "batter": "JDF Vandersay",
              "bowler": "M Subasingha",
              "non_striker": "LD Madushanka",
              "runs": {
                "batter": 1,
                "extras": 0,
                "total": 1
              }
            },
            {
              "batter": "LD Madushanka",
              "bowler": "M Subasingha",
              "non_striker": "JDF Vandersay",
              "runs": {
                "batter": 1,
                "extras": 0,
                "total": 1
              }
            }
          ]
        },
        {
          "over": 15,
          "deliveries": [
            {
              "batter": "LD Madushanka",
              "bowler": "C Dissanayake",
              "non_striker": "JDF Vandersay",
              "runs": {
                "batter": 1,
                "extras": 0,
                "total": 1
              }
            },
            {
              "batter": "JDF Vandersay",
              "bowler": "C Dissanayake",
              "non_striker": "LD Madushanka",
              "runs": {
                "batter": 0,
                "extras": 0,
                "total": 0
              }
            },
            {
              "batter": "JDF Vandersay",
              "bowler": "C Dissanayake",
              "non_striker": "LD Madushanka",
              "runs": {
                "batter": 1,
                "extras": 0,
                "total": 1
              }
            },
            {
              "batter": "LD Madushanka",
              "bowler": "C Dissanayake",
              "non_striker": "JDF Vandersay",
              "runs": {
                "batter": 1,
                "extras": 0,
                "total": 1
              }
            },
            {
              "batter": "JDF Vandersay",
              "bowler": "C Dissanayake",
              "non_striker": "LD Madushanka",
              "runs": {
                "batter": 0,
                "extras": 0,
                "total": 0
              },
              "wickets": [
                {
                  "player_out": "JDF Vandersay",
                  "fielders": [
                    {
                      "name": "M Abinash"
                    }
                  ],
                  "kind": "caught"
                }
              ]
            },
            {
              "batter": "K Piyumal",
              "bowler": "C Dissanayake",
              "non_striker": "LD Madushanka",
              "runs": {
                "batter": 0,
                "extras": 0,
                "total": 0
              }
            }
          ]
        },
        {
          "over": 16,
          "deliveries": [
            {
              "batter": "LD Madushanka",
              "bowler": "M Subasingha",
              "non_striker": "K Piyumal",
              "runs": {
                "batter": 1,
                "extras": 0,
                "total": 1
              }
            },
            {
              "batter": "K Piyumal",
              "bowler": "M Subasingha",
              "extras": {
                "byes": 1
              },
              "non_striker": "LD Madushanka",
              "runs": {
                "batter": 0,
                "extras": 1,
                "total": 1
              }
            },
            {
              "batter": "LD Madushanka",
              "bowler": "M Subasingha",
              "non_striker": "K Piyumal",
              "runs": {
                "batter": 6,
                "extras": 0,
                "total": 6
              }
            },
            {
              "batter": "LD Madushanka",
              "bowler": "M Subasingha",
              "non_striker": "K Piyumal",
              "runs": {
                "batter": 6,
                "extras": 0,
                "total": 6
              }
            },
            {
              "batter": "LD Madushanka",
              "bowler": "M Subasingha",
              "non_striker": "K Piyumal",
              "runs": {
                "batter": 1,
                "extras": 0,
                "total": 1
              }
            },
            {
              "batter": "K Piyumal",
              "bowler": "M Subasingha",
              "non_striker": "LD Madushanka",
              "runs": {
                "batter": 0,
                "extras": 0,
                "total": 0
              }
            }
          ]
        },
        {
          "over": 17,
          "deliveries": [
            {
              "batter": "LD Madushanka",
              "bowler": "M Abinash",
              "non_striker": "K Piyumal",
              "runs": {
                "batter": 1,
                "extras": 0,
                "total": 1
              }
            },
            {
              "batter": "K Piyumal",
              "bowler": "M Abinash",
              "non_striker": "LD Madushanka",
              "runs": {
                "batter": 0,
                "extras": 0,
                "total": 0
              }
            },
            {
              "batter": "K Piyumal",
              "bowler": "M Abinash",
              "non_striker": "LD Madushanka",
              "runs": {
                "batter": 0,
                "extras": 0,
                "total": 0
              }
            },
            {
              "batter": "K Piyumal",
              "bowler": "M Abinash",
              "non_striker": "LD Madushanka",
              "runs": {
                "batter": 2,
                "extras": 0,
                "total": 2
              }
            },
            {
              "batter": "K Piyumal",
              "bowler": "M Abinash",
              "non_striker": "LD Madushanka",
              "runs": {
                "batter": 0,
                "extras": 0,
                "total": 0
              }
            },
            {
              "batter": "K Piyumal",
              "bowler": "M Abinash",
              "non_striker": "LD Madushanka",
              "runs": {
                "batter": 0,
                "extras": 0,
                "total": 0
              },
              "wickets": [
                {
                  "player_out": "K Piyumal",
                  "kind": "lbw"
                }
              ]
            }
          ]
        },
        {
          "over": 18,
          "deliveries": [
            {
              "batter": "LD Madushanka",
              "bowler": "T Ashel",
              "non_striker": "E Malinga",
              "runs": {
                "batter": 0,
                "extras": 0,
                "total": 0
              }
            },
            {
              "batter": "LD Madushanka",
              "bowler": "T Ashel",
              "non_striker": "E Malinga",
              "runs": {
                "batter": 0,
                "extras": 0,
                "total": 0
              }
            },
            {
              "batter": "LD Madushanka",
              "bowler": "T Ashel",
              "non_striker": "E Malinga",
              "runs": {
                "batter": 0,
                "extras": 0,
                "total": 0
              }
            },
            {
              "batter": "LD Madushanka",
              "bowler": "T Ashel",
              "non_striker": "E Malinga",
              "runs": {
                "batter": 0,
                "extras": 0,
                "total": 0
              }
            },
            {
              "batter": "LD Madushanka",
              "bowler": "T Ashel",
              "non_striker": "E Malinga",
              "runs": {
                "batter": 1,
                "extras": 0,
                "total": 1
              }
            },
            {
              "batter": "E Malinga",
              "bowler": "T Ashel",
              "non_striker": "LD Madushanka",
              "runs": {
                "batter": 0,
                "extras": 0,
                "total": 0
              }
            }
          ]
        },
        {
          "over": 19,
          "deliveries": [
            {
              "batter": "LD Madushanka",
              "bowler": "M Abinash",
              "non_striker": "E Malinga",
              "runs": {
                "batter": 0,
                "extras": 0,
                "total": 0
              },
              "wickets": [
                {
                  "player_out": "LD Madushanka",
                  "fielders": [
                    {
                      "name": "DS Abeywickramasingha"
                    }
                  ],
                  "kind": "caught"
                }
              ]
            }
          ]
        }
      ],
      "powerplays": [
        {
          "from": 0.1,
          "to": 5.6,
          "type": "mandatory"
        }
      ]
    },
    {
      "team": "Burgher Recreation Club",
      "overs": [
        {
          "over": 0,
          "deliveries": [
            {
              "batter": "R Sandaruwan",
              "bowler": "E Malinga",
              "non_striker": "T Ashel",
              "runs": {
                "batter": 0,
                "extras": 0,
                "total": 0
              }
            },
            {
              "batter": "R Sandaruwan",
              "bowler": "E Malinga",
              "non_striker": "T Ashel",
              "runs": {
                "batter": 0,
                "extras": 0,
                "total": 0
              }
            },
            {
              "batter": "R Sandaruwan",
              "bowler": "E Malinga",
              "non_striker": "T Ashel",
              "runs": {
                "batter": 0,
                "extras": 0,
                "total": 0
              }
            },
            {
              "batter": "R Sandaruwan",
              "bowler": "E Malinga",
              "non_striker": "T Ashel",
              "runs": {
                "batter": 4,
                "extras": 0,
                "total": 4
              }
            },
            {
              "batter": "R Sandaruwan",
              "bowler": "E Malinga",
              "non_striker": "T Ashel",
              "runs": {
                "batter": 0,
                "extras": 0,
                "total": 0
              },
              "wickets": [
                {
                  "player_out": "R Sandaruwan",
                  "fielders": [
                    {
                      "name": "J Liyanage"
                    }
                  ],
                  "kind": "caught"
                }
              ]
            },
            {
              "batter": "Kusal Wijethunga",
              "bowler": "E Malinga",
              "non_striker": "T Ashel",
              "runs": {
                "batter": 0,
                "extras": 0,
                "total": 0
              }
            }
          ]
        },
        {
          "over": 1,
          "deliveries": [
            {
              "batter": "T Ashel",
              "bowler": "TN Guruge",
              "non_striker": "Kusal Wijethunga",
              "runs": {
                "batter": 0,
                "extras": 0,
                "total": 0
              }
            },
            {
              "batter": "T Ashel",
              "bowler": "TN Guruge",
              "non_striker": "Kusal Wijethunga",
              "runs": {
                "batter": 0,
                "extras": 0,
                "total": 0
              }
            },
            {
              "batter": "T Ashel",
              "bowler": "TN Guruge",
              "non_striker": "Kusal Wijethunga",
              "runs": {
                "batter": 0,
                "extras": 0,
                "total": 0
              }
            },
            {
              "batter": "T Ashel",
              "bowler": "TN Guruge",
              "non_striker": "Kusal Wijethunga",
              "runs": {
                "batter": 0,
                "extras": 0,
                "total": 0
              }
            },
            {
              "batter": "T Ashel",
              "bowler": "TN Guruge",
              "non_striker": "Kusal Wijethunga",
              "runs": {
                "batter": 6,
                "extras": 0,
                "total": 6
              }
            },
            {
              "batter": "T Ashel",
              "bowler": "TN Guruge",
              "non_striker": "Kusal Wijethunga",
              "runs": {
                "batter": 4,
                "extras": 0,
                "total": 4
              }
            }
          ]
        },
        {
          "over": 2,
          "deliveries": [
            {
              "batter": "Kusal Wijethunga",
              "bowler": "E Malinga",
              "non_striker": "T Ashel",
              "runs": {
                "batter": 1,
                "extras": 0,
                "total": 1
              }
            },
            {
              "batter": "T Ashel",
              "bowler": "E Malinga",
              "extras": {
                "legbyes": 1
              },
              "non_striker": "Kusal Wijethunga",
              "runs": {
                "batter": 0,
                "extras": 1,
                "total": 1
              }
            },
            {
              "batter": "Kusal Wijethunga",
              "bowler": "E Malinga",
              "non_striker": "T Ashel",
              "runs": {
                "batter": 4,
                "extras": 0,
                "total": 4
              }
            },
            {
              "batter": "Kusal Wijethunga",
              "bowler": "E Malinga",
              "non_striker": "T Ashel",
              "runs": {
                "batter": 0,
                "extras": 0,
                "total": 0
              }
            },
            {
              "batter": "Kusal Wijethunga",
              "bowler": "E Malinga",
              "non_striker": "T Ashel",
              "runs": {
                "batter": 0,
                "extras": 0,
                "total": 0
              }
            },
            {
              "batter": "Kusal Wijethunga",
              "bowler": "E Malinga",
              "non_striker": "T Ashel",
              "runs": {
                "batter": 0,
                "extras": 0,
                "total": 0
              }
            }
          ]
        },
        {
          "over": 3,
          "deliveries": [
            {
              "batter": "T Ashel",
              "bowler": "LD Madushanka",
              "non_striker": "Kusal Wijethunga",
              "runs": {
                "batter": 1,
                "extras": 0,
                "total": 1
              }
            },
            {
              "batter": "Kusal Wijethunga",
              "bowler": "LD Madushanka",
              "non_striker": "T Ashel",
              "runs": {
                "batter": 1,
                "extras": 0,
                "total": 1
              }
            },
            {
              "batter": "T Ashel",
              "bowler": "LD Madushanka",
              "non_striker": "Kusal Wijethunga",
              "runs": {
                "batter": 2,
                "extras": 0,
                "total": 2
              }
            },
            {
              "batter": "T Ashel",
              "bowler": "LD Madushanka",
              "non_striker": "Kusal Wijethunga",
              "runs": {
                "batter": 1,
                "extras": 0,
                "total": 1
              }
            },
            {
              "batter": "Kusal Wijethunga",
              "bowler": "LD Madushanka",
              "non_striker": "T Ashel",
              "runs": {
                "batter": 1,
                "extras": 0,
                "total": 1
              }
            },
            {
              "batter": "T Ashel",
              "bowler": "LD Madushanka",
              "non_striker": "Kusal Wijethunga",
              "runs": {
                "batter": 0,
                "extras": 0,
                "total": 0
              },
              "wickets": [
                {
                  "player_out": "T Ashel",
                  "fielders": [
                    {
                      "name": "E Malinga"
                    }
                  ],
                  "kind": "caught"
                }
              ]
            }
          ]
        },
        {
          "over": 4,
          "deliveries": [
            {
              "batter": "Kusal Wijethunga",
              "bowler": "TN Guruge",
              "non_striker": "GRL Weerasuriya",
              "runs": {
                "batter": 0,
                "extras": 0,
                "total": 0
              },
              "wickets": [
                {
                  "player_out": "Kusal Wijethunga",
                  "kind": "lbw"
                }
              ]
            },
            {
              "batter": "DS Abeywickramasingha",
              "bowler": "TN Guruge",
              "non_striker": "GRL Weerasuriya",
              "runs": {
                "batter": 0,
                "extras": 0,
                "total": 0
              }
            },
            {
              "batter": "DS Abeywickramasingha",
              "bowler": "TN Guruge",
              "non_striker": "GRL Weerasuriya",
              "runs": {
                "batter": 0,
                "extras": 0,
                "total": 0
              }
            },
            {
              "batter": "DS Abeywickramasingha",
              "bowler": "TN Guruge",
              "non_striker": "GRL Weerasuriya",
              "runs": {
                "batter": 1,
                "extras": 0,
                "total": 1
              }
            },
            {
              "batter": "GRL Weerasuriya",
              "bowler": "TN Guruge",
              "non_striker": "DS Abeywickramasingha",
              "runs": {
                "batter": 0,
                "extras": 0,
                "total": 0
              }
            },
            {
              "batter": "GRL Weerasuriya",
              "bowler": "TN Guruge",
              "non_striker": "DS Abeywickramasingha",
              "runs": {
                "batter": 0,
                "extras": 0,
                "total": 0
              }
            }
          ]
        },
        {
          "over": 5,
          "deliveries": [
            {
              "batter": "DS Abeywickramasingha",
              "bowler": "LD Madushanka",
              "non_striker": "GRL Weerasuriya",
              "runs": {
                "batter": 1,
                "extras": 0,
                "total": 1
              }
            },
            {
              "batter": "GRL Weerasuriya",
              "bowler": "LD Madushanka",
              "non_striker": "DS Abeywickramasingha",
              "runs": {
                "batter": 0,
                "extras": 0,
                "total": 0
              }
            },
            {
              "batter": "GRL Weerasuriya",
              "bowler": "LD Madushanka",
              "non_striker": "DS Abeywickramasingha",
              "runs": {
                "batter": 1,
                "extras": 0,
                "total": 1
              }
            },
            {
              "batter": "DS Abeywickramasingha",
              "bowler": "LD Madushanka",
              "non_striker": "GRL Weerasuriya",
              "runs": {
                "batter": 1,
                "extras": 0,
                "total": 1
              }
            },
            {
              "batter": "GRL Weerasuriya",
              "bowler": "LD Madushanka",
              "non_striker": "DS Abeywickramasingha",
              "runs": {
                "batter": 0,
                "extras": 0,
                "total": 0
              }
            },
            {
              "batter": "GRL Weerasuriya",
              "bowler": "LD Madushanka",
              "non_striker": "DS Abeywickramasingha",
              "runs": {
                "batter": 0,
                "extras": 0,
                "total": 0
              }
            }
          ]
        },
        {
          "over": 6,
          "deliveries": [
            {
              "batter": "DS Abeywickramasingha",
              "bowler": "TN Guruge",
              "non_striker": "GRL Weerasuriya",
              "runs": {
                "batter": 0,
                "extras": 0,
                "total": 0
              },
              "wickets": [
                {
                  "player_out": "DS Abeywickramasingha",
                  "kind": "lbw"
                }
              ]
            },
            {
              "batter": "Vishwa Supun",
              "bowler": "TN Guruge",
              "non_striker": "GRL Weerasuriya",
              "runs": {
                "batter": 1,
                "extras": 0,
                "total": 1
              }
            },
            {
              "batter": "GRL Weerasuriya",
              "bowler": "TN Guruge",
              "non_striker": "Vishwa Supun",
              "runs": {
                "batter": 0,
                "extras": 0,
                "total": 0
              }
            },
            {
              "batter": "GRL Weerasuriya",
              "bowler": "TN Guruge",
              "non_striker": "Vishwa Supun",
              "runs": {
                "batter": 1,
                "extras": 0,
                "total": 1
              }
            },
            {
              "batter": "Vishwa Supun",
              "bowler": "TN Guruge",
              "non_striker": "GRL Weerasuriya",
              "runs": {
                "batter": 0,
                "extras": 0,
                "total": 0
              }
            },
            {
              "batter": "Vishwa Supun",
              "bowler": "TN Guruge",
              "non_striker": "GRL Weerasuriya",
              "runs": {
                "batter": 0,
                "extras": 0,
                "total": 0
              }
            }
          ]
        },
        {
          "over": 7,
          "deliveries": [
            {
              "batter": "GRL Weerasuriya",
              "bowler": "K Piyumal",
              "non_striker": "Vishwa Supun",
              "runs": {
                "batter": 1,
                "extras": 0,
                "total": 1
              }
            },
            {
              "batter": "Vishwa Supun",
              "bowler": "K Piyumal",
              "non_striker": "GRL Weerasuriya",
              "runs": {
                "batter": 4,
                "extras": 0,
                "total": 4
              }
            },
            {
              "batter": "Vishwa Supun",
              "bowler": "K Piyumal",
              "non_striker": "GRL Weerasuriya",
              "runs": {
                "batter": 0,
                "extras": 0,
                "total": 0
              }
            },
            {
              "batter": "Vishwa Supun",
              "bowler": "K Piyumal",
              "non_striker": "GRL Weerasuriya",
              "runs": {
                "batter": 0,
                "extras": 0,
                "total": 0
              },
              "wickets": [
                {
                  "player_out": "Vishwa Supun",
                  "kind": "lbw"
                }
              ]
            },
            {
              "batter": "M Subasingha",
              "bowler": "K Piyumal",
              "non_striker": "GRL Weerasuriya",
              "runs": {
                "batter": 1,
                "extras": 0,
                "total": 1
              }
            },
            {
              "batter": "GRL Weerasuriya",
              "bowler": "K Piyumal",
              "non_striker": "M Subasingha",
              "runs": {
                "batter": 1,
                "extras": 0,
                "total": 1
              }
            }
          ]
        },
        {
          "over": 8,
          "deliveries": [
            {
              "batter": "GRL Weerasuriya",
              "bowler": "JDF Vandersay",
              "non_striker": "M Subasingha",
              "runs": {
                "batter": 1,
                "extras": 0,
                "total": 1
              }
            },
            {
              "batter": "M Subasingha",
              "bowler": "JDF Vandersay",
              "non_striker": "GRL Weerasuriya",
              "runs": {
                "batter": 1,
                "extras": 0,
                "total": 1
              }
            },
            {
              "batter": "GRL Weerasuriya",
              "bowler": "JDF Vandersay",
              "non_striker": "M Subasingha",
              "runs": {
                "batter": 0,
                "extras": 0,
                "total": 0
              }
            },
            {
              "batter": "GRL Weerasuriya",
              "bowler": "JDF Vandersay",
              "non_striker": "M Subasingha",
              "runs": {
                "batter": 1,
                "extras": 0,
                "total": 1
              }
            },
            {
              "batter": "M Subasingha",
              "bowler": "JDF Vandersay",
              "non_striker": "GRL Weerasuriya",
              "runs": {
                "batter": 6,
                "extras": 0,
                "total": 6
              }
            },
            {
              "batter": "M Subasingha",
              "bowler": "JDF Vandersay",
              "non_striker": "GRL Weerasuriya",
              "runs": {
                "batter": 1,
                "extras": 0,
                "total": 1
              }
            }
          ]
        },
        {
          "over": 9,
          "deliveries": [
            {
              "batter": "M Subasingha",
              "bowler": "E Malinga",
              "non_striker": "GRL Weerasuriya",
              "runs": {
                "batter": 1,
                "extras": 0,
                "total": 1
              }
            },
            {
              "batter": "GRL Weerasuriya",
              "bowler": "E Malinga",
              "extras": {
                "legbyes": 1
              },
              "non_striker": "M Subasingha",
              "runs": {
                "batter": 0,
                "extras": 1,
                "total": 1
              }
            },
            {
              "batter": "M Subasingha",
              "bowler": "E Malinga",
              "non_striker": "GRL Weerasuriya",
              "runs": {
                "batter": 2,
                "extras": 0,
                "total": 2
              }
            },
            {
              "batter": "M Subasingha",
              "bowler": "E Malinga",
              "non_striker": "GRL Weerasuriya",
              "runs": {
                "batter": 4,
                "extras": 0,
                "total": 4
              }
            },
            {
              "batter": "M Subasingha",
              "bowler": "E Malinga",
              "non_striker": "GRL Weerasuriya",
              "runs": {
                "batter": 2,
                "extras": 0,
                "total": 2
              }
            },
            {
              "batter": "M Subasingha",
              "bowler": "E Malinga",
              "extras": {
                "wides": 1
              },
              "non_striker": "GRL Weerasuriya",
              "runs": {
                "batter": 0,
                "extras": 1,
                "total": 1
              }
            },
            {
              "batter": "M Subasingha",
              "bowler": "E Malinga",
              "non_striker": "GRL Weerasuriya",
              "runs": {
                "batter": 0,
                "extras": 0,
                "total": 0
              }
            }
          ]
        },
        {
          "over": 10,
          "deliveries": [
            {
              "batter": "GRL Weerasuriya",
              "bowler": "JDF Vandersay",
              "non_striker": "M Subasingha",
              "runs": {
                "batter": 1,
                "extras": 0,
                "total": 1
              }
            },
            {
              "batter": "M Subasingha",
              "bowler": "JDF Vandersay",
              "non_striker": "GRL Weerasuriya",
              "runs": {
                "batter": 0,
                "extras": 0,
                "total": 0
              }
            },
            {
              "batter": "M Subasingha",
              "bowler": "JDF Vandersay",
              "extras": {
                "wides": 1
              },
              "non_striker": "GRL Weerasuriya",
              "runs": {
                "batter": 0,
                "extras": 1,
                "total": 1
              }
            },
            {
              "batter": "M Subasingha",
              "bowler": "JDF Vandersay",
              "non_striker": "GRL Weerasuriya",
              "runs": {
                "batter": 1,
                "extras": 0,
                "total": 1
              }
            },
            {
              "batter": "GRL Weerasuriya",
              "bowler": "JDF Vandersay",
              "non_striker": "M Subasingha",
              "runs": {
                "batter": 1,
                "extras": 0,
                "total": 1
              }
            },
            {
              "batter": "M Subasingha",
              "bowler": "JDF Vandersay",
              "non_striker": "GRL Weerasuriya",
              "runs": {
                "batter": 1,
                "extras": 0,
                "total": 1
              }
            },
            {
              "batter": "GRL Weerasuriya",
              "bowler": "JDF Vandersay",
              "non_striker": "M Subasingha",
              "runs": {
                "batter": 1,
                "extras": 0,
                "total": 1
              }
            }
          ]
        },
        {
          "over": 11,
          "deliveries": [
            {
              "batter": "GRL Weerasuriya",
              "bowler": "K Piyumal",
              "non_striker": "M Subasingha",
              "runs": {
                "batter": 0,
                "extras": 0,
                "total": 0
              }
            },
            {
              "batter": "GRL Weerasuriya",
              "bowler": "K Piyumal",
              "non_striker": "M Subasingha",
              "runs": {
                "batter": 0,
                "extras": 0,
                "total": 0
              },
              "wickets": [
                {
                  "player_out": "GRL Weerasuriya",
                  "fielders": [
                    {
                      "name": "EDBH Jayasinghe"
                    }
                  ],
                  "kind": "caught"
                }
              ]
            },
            {
              "batter": "M Abinash",
              "bowler": "K Piyumal",
              "non_striker": "M Subasingha",
              "runs": {
                "batter": 0,
                "extras": 0,
                "total": 0
              }
            },
            {
              "batter": "M Abinash",
              "bowler": "K Piyumal",
              "non_striker": "M Subasingha",
              "runs": {
                "batter": 0,
                "extras": 0,
                "total": 0
              }
            },
            {
              "batter": "M Abinash",
              "bowler": "K Piyumal",
              "non_striker": "M Subasingha",
              "runs": {
                "batter": 0,
                "extras": 0,
                "total": 0
              }
            },
            {
              "batter": "M Abinash",
              "bowler": "K Piyumal",
              "non_striker": "M Subasingha",
              "runs": {
                "batter": 1,
                "extras": 0,
                "total": 1
              }
            }
          ]
        },
        {
          "over": 12,
          "deliveries": [
            {
              "batter": "M Abinash",
              "bowler": "JDF Vandersay",
              "non_striker": "M Subasingha",
              "runs": {
                "batter": 0,
                "extras": 0,
                "total": 0
              }
            },
            {
              "batter": "M Abinash",
              "bowler": "JDF Vandersay",
              "non_striker": "M Subasingha",
              "runs": {
                "batter": 1,
                "extras": 0,
                "total": 1
              }
            },
            {
              "batter": "M Subasingha",
              "bowler": "JDF Vandersay",
              "non_striker": "M Abinash",
              "runs": {
                "batter": 1,
                "extras": 0,
                "total": 1
              }
            },
            {
              "batter": "M Abinash",
              "bowler": "JDF Vandersay",
              "non_striker": "M Subasingha",
              "runs": {
                "batter": 0,
                "extras": 0,
                "total": 0
              }
            },
            {
              "batter": "M Abinash",
              "bowler": "JDF Vandersay",
              "non_striker": "M Subasingha",
              "runs": {
                "batter": 2,
                "extras": 0,
                "total": 2
              }
            },
            {
              "batter": "M Abinash",
              "bowler": "JDF Vandersay",
              "non_striker": "M Subasingha",
              "runs": {
                "batter": 0,
                "extras": 0,
                "total": 0
              }
            }
          ]
        },
        {
          "over": 13,
          "deliveries": [
            {
              "batter": "M Subasingha",
              "bowler": "K Piyumal",
              "non_striker": "M Abinash",
              "runs": {
                "batter": 0,
                "extras": 0,
                "total": 0
              },
              "wickets": [
                {
                  "player_out": "M Subasingha",
                  "kind": "bowled"
                }
              ]
            },
            {
              "batter": "C Dissanayake",
              "bowler": "K Piyumal",
              "non_striker": "M Abinash",
              "runs": {
                "batter": 0,
                "extras": 0,
                "total": 0
              }
            },
            {
              "batter": "C Dissanayake",
              "bowler": "K Piyumal",
              "non_striker": "M Abinash",
              "runs": {
                "batter": 0,
                "extras": 0,
                "total": 0
              }
            },
            {
              "batter": "C Dissanayake",
              "bowler": "K Piyumal",
              "non_striker": "M Abinash",
              "runs": {
                "batter": 0,
                "extras": 0,
                "total": 0
              }
            },
            {
              "batter": "C Dissanayake",
              "bowler": "K Piyumal",
              "non_striker": "M Abinash",
              "runs": {
                "batter": 0,
                "extras": 0,
                "total": 0
              }
            },
            {
              "batter": "C Dissanayake",
              "bowler": "K Piyumal",
              "non_striker": "M Abinash",
              "runs": {
                "batter": 0,
                "extras": 0,
                "total": 0
              }
            }
          ]
        },
        {
          "over": 14,
          "deliveries": [
            {
              "batter": "M Abinash",
              "bowler": "TN Guruge",
              "non_striker": "C Dissanayake",
              "runs": {
                "batter": 1,
                "extras": 0,
                "total": 1
              }
            },
            {
              "batter": "C Dissanayake",
              "bowler": "TN Guruge",
              "non_striker": "M Abinash",
              "runs": {
                "batter": 0,
                "extras": 0,
                "total": 0
              }
            },
            {
              "batter": "C Dissanayake",
              "bowler": "TN Guruge",
              "non_striker": "M Abinash",
              "runs": {
                "batter": 1,
                "extras": 0,
                "total": 1
              }
            },
            {
              "batter": "M Abinash",
              "bowler": "TN Guruge",
              "extras": {
                "wides": 1
              },
              "non_striker": "C Dissanayake",
              "runs": {
                "batter": 0,
                "extras": 1,
                "total": 1
              }
            },
            {
              "batter": "M Abinash",
              "bowler": "TN Guruge",
              "non_striker": "C Dissanayake",
              "runs": {
                "batter": 1,
                "extras": 0,
                "total": 1
              }
            },
            {
              "batter": "C Dissanayake",
              "bowler": "TN Guruge",
              "non_striker": "M Abinash",
              "runs": {
                "batter": 0,
                "extras": 0,
                "total": 0
              }
            },
            {
              "batter": "C Dissanayake",
              "bowler": "TN Guruge",
              "non_striker": "M Abinash",
              "runs": {
                "batter": 0,
                "extras": 0,
                "total": 0
              }
            }
          ]
        },
        {
          "over": 15,
          "deliveries": [
            {
              "batter": "M Abinash",
              "bowler": "LD Madushanka",
              "non_striker": "C Dissanayake",
              "runs": {
                "batter": 0,
                "extras": 0,
                "total": 0
              }
            },
            {
              "batter": "M Abinash",
              "bowler": "LD Madushanka",
              "non_striker": "C Dissanayake",
              "runs": {
                "batter": 1,
                "extras": 0,
                "total": 1
              }
            },
            {
              "batter": "C Dissanayake",
              "bowler": "LD Madushanka",
              "non_striker": "M Abinash",
              "runs": {
                "batter": 1,
                "extras": 0,
                "total": 1
              }
            },
            {
              "batter": "M Abinash",
              "bowler": "LD Madushanka",
              "non_striker": "C Dissanayake",
              "runs": {
                "batter": 0,
                "extras": 0,
                "total": 0
              }
            },
            {
              "batter": "M Abinash",
              "bowler": "LD Madushanka",
              "non_striker": "C Dissanayake",
              "runs": {
                "batter": 0,
                "extras": 0,
                "total": 0
              }
            },
            {
              "batter": "M Abinash",
              "bowler": "LD Madushanka",
              "non_striker": "C Dissanayake",
              "runs": {
                "batter": 1,
                "extras": 0,
                "total": 1
              }
            }
          ]
        },
        {
          "over": 16,
          "deliveries": [
            {
              "batter": "M Abinash",
              "bowler": "JDF Vandersay",
              "non_striker": "C Dissanayake",
              "runs": {
                "batter": 1,
                "extras": 0,
                "total": 1
              }
            },
            {
              "batter": "C Dissanayake",
              "bowler": "JDF Vandersay",
              "non_striker": "M Abinash",
              "runs": {
                "batter": 1,
                "extras": 0,
                "total": 1
              }
            },
            {
              "batter": "M Abinash",
              "bowler": "JDF Vandersay",
              "non_striker": "C Dissanayake",
              "runs": {
                "batter": 0,
                "extras": 0,
                "total": 0
              }
            },
            {
              "batter": "M Abinash",
              "bowler": "JDF Vandersay",
              "non_striker": "C Dissanayake",
              "runs": {
                "batter": 0,
                "extras": 0,
                "total": 0
              }
            },
            {
              "batter": "M Abinash",
              "bowler": "JDF Vandersay",
              "non_striker": "C Dissanayake",
              "runs": {
                "batter": 1,
                "extras": 0,
                "total": 1
              }
            },
            {
              "batter": "C Dissanayake",
              "bowler": "JDF Vandersay",
              "non_striker": "M Abinash",
              "runs": {
                "batter": 0,
                "extras": 0,
                "total": 0
              }
            }
          ]
        },
        {
          "over": 17,
          "deliveries": [
            {
              "batter": "M Abinash",
              "bowler": "K Piyumal",
              "non_striker": "C Dissanayake",
              "runs": {
                "batter": 2,
                "extras": 0,
                "total": 2
              }
            },
            {
              "batter": "M Abinash",
              "bowler": "K Piyumal",
              "non_striker": "C Dissanayake",
              "runs": {
                "batter": 0,
                "extras": 0,
                "total": 0
              }
            },
            {
              "batter": "M Abinash",
              "bowler": "K Piyumal",
              "non_striker": "C Dissanayake",
              "runs": {
                "batter": 1,
                "extras": 0,
                "total": 1
              }
            },
            {
              "batter": "C Dissanayake",
              "bowler": "K Piyumal",
              "non_striker": "M Abinash",
              "runs": {
                "batter": 0,
                "extras": 0,
                "total": 0
              },
              "wickets": [
                {
                  "player_out": "C Dissanayake",
                  "kind": "bowled"
                }
              ]
            },
            {
              "batter": "PWS Dulshan",
              "bowler": "K Piyumal",
              "non_striker": "M Abinash",
              "runs": {
                "batter": 0,
                "extras": 0,
                "total": 0
              }
            },
            {
              "batter": "PWS Dulshan",
              "bowler": "K Piyumal",
              "extras": {
                "noballs": 1
              },
              "non_striker": "M Abinash",
              "runs": {
                "batter": 1,
                "extras": 1,
                "total": 2
              }
            },
            {
              "batter": "M Abinash",
              "bowler": "K Piyumal",
              "non_striker": "PWS Dulshan",
              "runs": {
                "batter": 6,
                "extras": 0,
                "total": 6
              }
            }
          ]
        },
        {
          "over": 18,
          "deliveries": [
            {
              "batter": "PWS Dulshan",
              "bowler": "E Malinga",
              "non_striker": "M Abinash",
              "runs": {
                "batter": 0,
                "extras": 0,
                "total": 0
              }
            },
            {
              "batter": "PWS Dulshan",
              "bowler": "E Malinga",
              "non_striker": "M Abinash",
              "runs": {
                "batter": 2,
                "extras": 0,
                "total": 2
              }
            },
            {
              "batter": "PWS Dulshan",
              "bowler": "E Malinga",
              "non_striker": "M Abinash",
              "runs": {
                "batter": 0,
                "extras": 0,
                "total": 0
              }
            },
            {
              "batter": "PWS Dulshan",
              "bowler": "E Malinga",
              "non_striker": "M Abinash",
              "runs": {
                "batter": 0,
                "extras": 0,
                "total": 0
              }
            },
            {
              "batter": "PWS Dulshan",
              "bowler": "E Malinga",
              "non_striker": "M Abinash",
              "runs": {
                "batter": 1,
                "extras": 0,
                "total": 1
              }
            },
            {
              "batter": "M Abinash",
              "bowler": "E Malinga",
              "non_striker": "PWS Dulshan",
              "runs": {
                "batter": 0,
                "extras": 0,
                "total": 0
              }
            }
          ]
        },
        {
          "over": 19,
          "deliveries": [
            {
              "batter": "PWS Dulshan",
              "bowler": "K Withanapathirana",
              "non_striker": "M Abinash",
              "runs": {
                "batter": 0,
                "extras": 0,
                "total": 0
              }
            },
            {
              "batter": "PWS Dulshan",
              "bowler": "K Withanapathirana",
              "non_striker": "M Abinash",
              "runs": {
                "batter": 4,
                "extras": 0,
                "total": 4
              }
            }
          ]
        }
      ],
      "powerplays": [
        {
          "from": 0.1,
          "to": 5.6,
          "type": "mandatory"
        }
      ],
      "target": {
        "overs": 20,
        "runs": 97
      }
    }
  ]
}