{
  "meta": {
    "data_version": "1.1.0",
    "created": "2025-07-13",
    "revision": 1
  },
  "info": {
    "balls_per_over": 6,
    "city": "Colombo",
    "dates": [
      "2025-05-16"
    ],
    "event": {
      "name": "Major Clubs T20 Tournament",
      "group": "A"
    },
    "gender": "male",
    "match_type": "T20",
    "officials": {
      "match_referees": [
        "BCMS Mendis"
      ],
      "reserve_umpires": [
        "KADA Nanayakkara"
      ],
      "umpires": [
        "ID Gunawardene",
        "RR Wimalasiri"
      ]
    },
    "outcome": {
      "winner": "Moors Sports Club",
      "by": {
        "wickets": 7
      }
    },
    "overs": 20,
    "players": {
      "Panadura Sports Club": [
        "BOP Fernando",
        "VS Halambage",
        "JE Jayakodyge",
        "S Malshan",
        "MADI Hemantha",
        "Kanchana de Livera",
        "NT Gamage",
        "Y Avishka",
        "N Vimukthi",
        "Senitha Halambage",
        "KDA Manoj"
      ],
      "Moors Sports Club": [
        "J Perera",
        "S de Livera",
        "S Samarawickrama",
        "DPS Sooriyabandara",
        "S Fernando",
        "RTM Mendis",
        "UVS Fernando",
        "M Tharupathi",
        "SA Fernando",
        "P Jayawickrama",
        "G Sanketh"
      ]
    },
    "registry": {
      "people": {
        "BCMS Mendis": "e3f6e4ac",
        "BOP Fernando": "1d048deb",
        "DPS Sooriyabandara": "cc17536f",
        "G Sanketh": "40db4769",
        "ID Gunawardene": "63841782",
        "J Perera": "0e0d4577",
        "JE Jayakodyge": "782ca295",
        "KADA Nanayakkara": "9ee551f5",
        "KDA Manoj": "361c920a",
        "Kanchana de Livera": "05464bcd",
        "M Tharupathi": "ec0b9258",
        "MADI Hemantha": "58431ca0",
        "N Vimukthi": "b215a7be",
        "NT Gamage": "f66b8839",
        "P Jayawickrama": "b7d1eadd",
        "RR Wimalasiri": "4950c8db",
        "RTM Mendis": "1be67d37",
        "S Fernando": "2cbe4f4d",
        "S Malshan": "68581793",
        "S Samarawickrama": "9ab2914d",
        "S de Livera": "77708937",
        "SA Fernando": "49fb57d4",
        "Senitha Halambage": "eab6aa30",
        "UVS Fernando": "7625e5df",
        "VS Halambage": "9531d48f",
        "Y Avishka": "c226b4b6"
      }
    },
    "season": "2025",
    "team_type": "club",
    "teams": [
      "Panadura Sports Club",
      "Moors Sports Club"
    ],
    "toss": {
      "decision": "field",
      "winner": "Moors Sports Club"
    },
    "venue": "P Sara Oval, Colombo"
  },
  "innings": [
    {
      "team": "Panadura Sports Club",
      "overs": [
        {
          "over": 0,
          "deliveries": [
            {
              "batter": "BOP Fernando",
              "bowler": "J Perera",
              "non_striker": "VS Halambage",
              "runs": {
                "batter": 1,
                "extras": 0,
                "total": 1
              }
            },
            {
              "batter": "VS Halambage",
              "bowler": "J Perera",
              "non_striker": "BOP Fernando",
              "runs": {
                "batter": 0,
                "extras": 0,
                "total": 0
              }
            },
            {
              "batter": "VS Halambage",
              "bowler": "J Perera",
              "non_striker": "BOP Fernando",
              "runs": {
                "batter": 1,
                "extras": 0,
                "total": 1
              }
            },
            {
              "batter": "BOP Fernando",
              "bowler": "J Perera",
              "non_striker": "VS Halambage",
              "runs": {
                "batter": 1,
                "extras": 0,
                "total": 1
              }
            },
            {
              "batter": "VS Halambage",
              "bowler": "J Perera",
              "non_striker": "BOP Fernando",
              "runs": {
                "batter": 4,
                "extras": 0,
                "total": 4
              }
            },
            {
              "batter": "VS Halambage",
              "bowler": "J Perera",
              "non_striker": "BOP Fernando",
              "runs": {
                "batter": 4,
                "extras": 0,
                "total": 4
              }
            }
          ]
        },
        {
          "over": 1,
          "deliveries": [
            {
              "batter": "BOP Fernando",
              "bowler": "SA Fernando",
              "non_striker": "VS Halambage",
              "runs": {
                "batter": 1,
                "extras": 0,
                "total": 1
              }
            },
            {
              "batter": "VS Halambage",
              "bowler": "SA Fernando",
              "non_striker": "BOP Fernando",
              "runs": {
                "batter": 0,
                "extras": 0,
                "total": 0
              }
            },
            {
              "batter": "VS Halambage",
              "bowler": "SA Fernando",
              "non_striker": "BOP Fernando",
              "runs": {
                "batter": 4,
                "extras": 0,
                "total": 4
              }
            },
            {
              "batter": "VS Halambage",
              "bowler": "SA Fernando",
              "non_striker": "BOP Fernando",
              "runs": {
                "batter": 0,
                "extras": 0,
                "total": 0
              }
            },
            {
              "batter": "VS Halambage",
              "bowler": "SA Fernando",
              "non_striker": "BOP Fernando",
              "runs": {
                "batter": 0,
                "extras": 0,
                "total": 0
              }
            },
            {
              "batter": "VS Halambage",
              "bowler": "SA Fernando",
              "non_striker": "BOP Fernando",
              "runs": {
                "batter": 1,
                "extras": 0,
                "total": 1
              }
            }
          ]
        },
        {
          "over": 2,
          "deliveries": [
            {
              "batter": "VS Halambage",
              "bowler": "P Jayawickrama",
              "non_striker": "BOP Fernando",
              "runs": {
                "batter": 2,
                "extras": 0,
                "total": 2
              }
            },
            {
              "batter": "VS Halambage",
              "bowler": "P Jayawickrama",
              "non_striker": "BOP Fernando",
              "runs": {
                "batter": 0,
                "extras": 0,
                "total": 0
              }
            },
            {
              "batter": "VS Halambage",
              "bowler": "P Jayawickrama",
              "non_striker": "BOP Fernando",
              "runs": {
                "batter": 1,
                "extras": 0,
                "total": 1
              }
            },
            {
              "batter": "BOP Fernando",
              "bowler": "P Jayawickrama",
              "non_striker": "VS Halambage",
              "runs": {
                "batter": 6,
                "extras": 0,
                "total": 6
              }
            },
            {
              "batter": "BOP Fernando",
              "bowler": "P Jayawickrama",
              "non_striker": "VS Halambage",
              "runs": {
                "batter": 0,
                "extras": 0,
                "total": 0
              }
            },
            {
              "batter": "BOP Fernando",
              "bowler": "P Jayawickrama",
              "non_striker": "VS Halambage",
              "runs": {
                "batter": 4,
                "extras": 0,
                "total": 4
              }
            }
          ]
        },
        {
          "over": 3,
          "deliveries": [
            {
              "batter": "VS Halambage",
              "bowler": "SA Fernando",
              "non_striker": "BOP Fernando",
              "runs": {
                "batter": 1,
                "extras": 0,
                "total": 1
              }
            },
            {
              "batter": "BOP Fernando",
              "bowler": "SA Fernando",
              "non_striker": "VS Halambage",
              "runs": {
                "batter": 1,
                "extras": 0,
                "total": 1
              }
            },
            {
              "batter": "VS Halambage",
              "bowler": "SA Fernando",
              "non_striker": "BOP Fernando",
              "runs": {
                "batter": 4,
                "extras": 0,
                "total": 4
              }
            },
            {
              "batter": "VS Halambage",
              "bowler": "SA Fernando",
              "non_striker": "BOP Fernando",
              "runs": {
                "batter": 0,
                "extras": 0,
                "total": 0
              }
            },
            {
              "batter": "VS Halambage",
              "bowler": "SA Fernando",
              "non_striker": "BOP Fernando",
              "runs": {
                "batter": 0,
                "extras": 0,
                "total": 0
              }
            },
            {
              "batter": "VS Halambage",
              "bowler": "SA Fernando",
              "non_striker": "BOP Fernando",
              "runs": {
                "batter": 0,
                "extras": 0,
                "total": 0
              }
            }
          ]
        },
        {
          "over": 4,
          "deliveries": [
            {
              "batter": "BOP Fernando",
              "bowler": "P Jayawickrama",
              "non_striker": "VS Halambage",
              "runs": {
                "batter": 0,
                "extras": 0,
                "total": 0
              }
            },
            {
              "batter": "BOP Fernando",
              "bowler": "P Jayawickrama",
              "extras": {
                "legbyes": 1
              },
              "non_striker": "VS Halambage",
              "runs": {
                "batter": 0,
                "extras": 1,
                "total": 1
              }
            },
            {
              "batter": "VS Halambage",
              "bowler": "P Jayawickrama",
              "non_striker": "BOP Fernando",
              "runs": {
                "batter": 1,
                "extras": 0,
                "total": 1
              },
              "wickets": [
                {
                  "player_out": "VS Halambage",
                  "fielders": [
                    {
                      "name": "S de Livera"
                    },
                    {
                      "name": "RTM Mendis"
                    }
                  ],
                  "kind": "run out"
                }
              ]
            },
            {
              "batter": "JE Jayakodyge",
              "bowler": "P Jayawickrama",
              "non_striker": "BOP Fernando",
              "runs": {
                "batter": 0,
                "extras": 0,
                "total": 0
              }
            },
            {
              "batter": "JE Jayakodyge",
              "bowler": "P Jayawickrama",
              "non_striker": "BOP Fernando",
              "runs": {
                "batter": 0,
                "extras": 0,
                "total": 0
              }
            },
            {
              "batter": "JE Jayakodyge",
              "bowler": "P Jayawickrama",
              "non_striker": "BOP Fernando",
              "runs": {
                "batter": 0,
                "extras": 0,
                "total": 0
              }
            }
          ]
        },
        {
          "over": 5,
          "deliveries": [
            {
              "batter": "BOP Fernando",
              "bowler": "G Sanketh",
              "non_striker": "JE Jayakodyge",
              "runs": {
                "batter": 0,
                "extras": 0,
                "total": 0
              },
              "wickets": [
                {
                  "player_out": "BOP Fernando",
                  "fielders": [
                    {
                      "name": "P Jayawickrama"
                    }
                  ],
                  "kind": "caught"
                }
              ]
            },
            {
              "batter": "S Malshan",
              "bowler": "G Sanketh",
              "non_striker": "JE Jayakodyge",
              "runs": {
                "batter": 0,
                "extras": 0,
                "total": 0
              }
            },
            {
              "batter": "S Malshan",
              "bowler": "G Sanketh",
              "non_striker": "JE Jayakodyge",
              "runs": {
                "batter": 1,
                "extras": 0,
                "total": 1
              }
            },
            {
              "batter": "JE Jayakodyge",
              "bowler": "G Sanketh",
              "non_striker": "S Malshan",
              "runs": {
                "batter": 0,
                "extras": 0,
                "total": 0
              }
            },
            {
              "batter": "JE Jayakodyge",
              "bowler": "G Sanketh",
              "non_striker": "S Malshan",
              "runs": {
                "batter": 1,
                "extras": 0,
                "total": 1
              }
            },
            {
              "batter": "S Malshan",
              "bowler": "G Sanketh",
              "non_striker": "JE Jayakodyge",
              "runs": {
                "batter": 1,
                "extras": 0,
                "total": 1
              }
            }
          ]
        },
        {
          "over": 6,
          "deliveries": [
            {
              "batter": "S Malshan",
              "bowler": "M Tharupathi",
              "non_striker": "JE Jayakodyge",
              "runs": {
                "batter": 0,
                "extras": 0,
                "total": 0
              }
            },
            {
              "batter": "S Malshan",
              "bowler": "M Tharupathi",
              "non_striker": "JE Jayakodyge",
              "runs": {
                "batter": 0,
                "extras": 0,
                "total": 0
              }
            },
            {
              "batter": "S Malshan",
              "bowler": "M Tharupathi",
              "non_striker": "JE Jayakodyge",
              "runs": {
                "batter": 1,
                "extras": 0,
                "total": 1
              }
            },
            {
              "batter": "JE Jayakodyge",
              "bowler": "M Tharupathi",
              "non_striker": "S Malshan",
              "runs": {
                "batter": 0,
                "extras": 0,
                "total": 0
              }
            },
            {
              "batter": "JE Jayakodyge",
              "bowler": "M Tharupathi",
              "non_striker": "S Malshan",
              "runs": {
                "batter": 0,
                "extras": 0,
                "total": 0
              }
            },
            {
              "batter": "JE Jayakodyge",
              "bowler": "M Tharupathi",
              "non_striker": "S Malshan",
              "runs": {
                "batter": 1,
                "extras": 0,
                "total": 1
              }
            }
          ]
        },
        {
          "over": 7,
          "deliveries": [
            {
              "batter": "JE Jayakodyge",
              "bowler": "RTM Mendis",
              "non_striker": "S Malshan",
              "runs": {
                "batter": 4,
                "extras": 0,
                "total": 4
              }
            },
            {
              "batter": "JE Jayakodyge",
              "bowler": "RTM Mendis",
              "non_striker": "S Malshan",
              "runs": {
                "batter": 1,
                "extras": 0,
                "total": 1
              }
            },
            {
              "batter": "S Malshan",
              "bowler": "RTM Mendis",
              "non_striker": "JE Jayakodyge",
              "runs": {
                "batter": 0,
                "extras": 0,
                "total": 0
              },
              "wickets": [
                {
                  "player_out": "S Malshan",
                  "fielders": [
                    {
                      "name": "S Fernando"
                    }
                  ],
                  "kind": "caught"
                }
              ]
            },
            {
              "batter": "MADI Hemantha",
              "bowler": "RTM Mendis",
              "non_striker": "JE Jayakodyge",
              "runs": {
                "batter": 1,
                "extras": 0,
                "total": 1
              }
            },
            {
              "batter": "JE Jayakodyge",
              "bowler": "RTM Mendis",
              "non_striker": "MADI Hemantha",
              "runs": {
                "batter": 0,
                "extras": 0,
                "total": 0
              }
            },
            {
              "batter": "JE Jayakodyge",
              "bowler": "RTM Mendis",
              "non_striker": "MADI Hemantha",
              "runs": {
                "batter": 6,
                "extras": 0,
                "total": 6
              }
            }
          ]
        },
        {
          "over": 8,
          "deliveries": [
            {
              "batter": "MADI Hemantha",
              "bowler": "M Tharupathi",
              "non_striker": "JE Jayakodyge",
              "runs": {
                "batter": 0,
                "extras": 0,
                "total": 0
              }
            },
            {
              "batter": "MADI Hemantha",
              "bowler": "M Tharupathi",
              "non_striker": "JE Jayakodyge",
              "runs": {
                "batter": 0,
                "extras": 0,
                "total": 0
              }
            },
            {
              "batter": "MADI Hemantha",
              "bowler": "M Tharupathi",
              "non_striker": "JE Jayakodyge",
              "runs": {
                "batter": 1,
                "extras": 0,
                "total": 1
              }
            },
            {
              "batter": "JE Jayakodyge",
              "bowler": "M Tharupathi",
              "non_striker": "MADI Hemantha",
              "runs": {
                "batter": 1,
                "extras": 0,
                "total": 1
              }
            },
            {
              "batter": "MADI Hemantha",
              "bowler": "M Tharupathi",
              "non_striker": "JE Jayakodyge",
              "runs": {
                "batter": 0,
                "extras": 0,
                "total": 0
              }
            },
            {
              "batter": "MADI Hemantha",
              "bowler": "M Tharupathi",
              "non_striker": "JE Jayakodyge",
              "runs": {
                "batter": 2,
                "extras": 0,
                "total": 2
              }
            }
          ]
        },
        {
          "over": 9,
          "deliveries": [
            {
              "batter": "JE Jayakodyge",
              "bowler": "RTM Mendis",
              "non_striker": "MADI Hemantha",
              "runs": {
                "batter": 1,
                "extras": 0,
                "total": 1
              }
            },
            {
              "batter": "MADI Hemantha",
              "bowler": "RTM Mendis",
              "extras": {
                "wides": 2
              },
              "non_striker": "JE Jayakodyge",
              "runs": {
                "batter": 0,
                "extras": 2,
                "total": 2
              }
            },
            {
              "batter": "JE Jayakodyge",
              "bowler": "RTM Mendis",
              "non_striker": "MADI Hemantha",
              "runs": {
                "batter": 0,
                "extras": 0,
                "total": 0
              },
              "wickets": [
                {
                  "player_out": "JE Jayakodyge",
                  "fielders": [
                    {
                      "name": "G Sanketh"
                    }
                  ],
                  "kind": "caught"
                }
              ]
            },
            {
              "batter": "Kanchana de Livera",
              "bowler": "RTM Mendis",
              "non_striker": "MADI Hemantha",
              "runs": {
                "batter": 1,
                "extras": 0,
                "total": 1
              }
            },
            {
              "batter": "MADI Hemantha",
              "bowler": "RTM Mendis",
              "non_striker": "Kanchana de Livera",
              "runs": {
                "batter": 1,
                "extras": 0,
                "total": 1
              }
            },
            {
              "batter": "Kanchana de Livera",
              "bowler": "RTM Mendis",
              "non_striker": "MADI Hemantha",
              "runs": {
                "batter": 1,
                "extras": 0,
                "total": 1
              }
            },
            {
              "batter": "MADI Hemantha",
              "bowler": "RTM Mendis",
              "non_striker": "Kanchana de Livera",
              "runs": {
                "batter": 1,
                "extras": 0,
                "total": 1
              }
            }
          ]
        },
        {
          "over": 10,
          "deliveries": [
            {
              "batter": "MADI Hemantha",
              "bowler": "P Jayawickrama",
              "non_striker": "Kanchana de Livera",
              "runs": {
                "batter": 1,
                "extras": 0,
                "total": 1
              }
            },
            {
              "batter": "Kanchana de Livera",
              "bowler": "P Jayawickrama",
              "non_striker": "MADI Hemantha",
              "runs": {
                "batter": 1,
                "extras": 0,
                "total": 1
              }
            },
            {
              "batter": "MADI Hemantha",
              "bowler": "P Jayawickrama",
              "non_striker": "Kanchana de Livera",
              "runs": {
                "batter": 1,
                "extras": 0,
                "total": 1
              }
            },
            {
              "batter": "Kanchana de Livera",
              "bowler": "P Jayawickrama",
              "non_striker": "MADI Hemantha",
              "runs": {
                "batter": 1,
                "extras": 0,
                "total": 1
              }
            },
            {
              "batter": "MADI Hemantha",
              "bowler": "P Jayawickrama",
              "non_striker": "Kanchana de Livera",
              "runs": {
                "batter": 1,
                "extras": 0,
                "total": 1
              }
            },
            {
              "batter": "Kanchana de Livera",
              "bowler": "P Jayawickrama",
              "non_striker": "MADI Hemantha",
              "runs": {
                "batter": 0,
                "extras": 0,
                "total": 0
              }
            }
          ]
        },
        {
          "over": 11,
          "deliveries": [
            {
              "batter": "MADI Hemantha",
              "bowler": "RTM Mendis",
              "non_striker": "Kanchana de Livera",
              "runs": {
                "batter": 1,
                "extras": 0,
                "total": 1
              }
            },
            {
              "batter": "Kanchana de Livera",
              "bowler": "RTM Mendis",
              "non_striker": "MADI Hemantha",
              "runs": {
                "batter": 0,
                "extras": 0,
                "total": 0
              }
            },
            {
              "batter": "Kanchana de Livera",
              "bowler": "RTM Mendis",
              "non_striker": "MADI Hemantha",
              "runs": {
                "batter": 0,
                "extras": 0,
                "total": 0
              }
            },
            {
              "batter": "Kanchana de Livera",
              "bowler": "RTM Mendis",
              "non_striker": "MADI Hemantha",
              "runs": {
                "batter": 0,
                "extras": 0,
                "total": 0
              }
            },
            {
              "batter": "Kanchana de Livera",
              "bowler": "RTM Mendis",
              "extras": {
                "byes": 1
              },
              "non_striker": "MADI Hemantha",
              "runs": {
                "batter": 0,
                "extras": 1,
                "total": 1
              }
            },
            {
              "batter": "MADI Hemantha",
              "bowler": "RTM Mendis",
              "non_striker": "Kanchana de Livera",
              "runs": {
                "batter": 1,
                "extras": 0,
                "total": 1
              }
            }
          ]
        },
        {
          "over": 12,
          "deliveries": [
            {
              "batter": "MADI Hemantha",
              "bowler": "P Jayawickrama",
              "non_striker": "Kanchana de Livera",
              "runs": {
                "batter": 1,
                "extras": 0,
                "total": 1
              }
            },
            {
              "batter": "Kanchana de Livera",
              "bowler": "P Jayawickrama",
              "non_striker": "MADI Hemantha",
              "runs": {
                "batter": 0,
                "extras": 0,
                "total": 0
              },
              "wickets": [
                {
                  "player_out": "Kanchana de Livera",
                  "fielders": [
                    {
                      "name": "S de Livera"
                    },
                    {
                      "name": "RTM Mendis"
                    }
                  ],
                  "kind": "run out"
                }
              ]
            },
            {
              "batter": "NT Gamage",
              "bowler": "P Jayawickrama",
              "non_striker": "MADI Hemantha",
              "runs": {
                "batter": 0,
                "extras": 0,
                "total": 0
              }
            },
            {
              "batter": "NT Gamage",
              "bowler": "P Jayawickrama",
              "non_striker": "MADI Hemantha",
              "runs": {
                "batter": 1,
                "extras": 0,
                "total": 1
              }
            },
            {
              "batter": "MADI Hemantha",
              "bowler": "P Jayawickrama",
              "non_striker": "NT Gamage",
              "runs": {
                "batter": 1,
                "extras": 0,
                "total": 1
              }
            },
            {
              "batter": "NT Gamage",
              "bowler": "P Jayawickrama",
              "non_striker": "MADI Hemantha",
              "runs": {
                "batter": 0,
                "extras": 0,
                "total": 0
              }
            }
          ]
        },
        {
          "over": 13,
          "deliveries": [
            {
              "batter": "MADI Hemantha",
              "bowler": "M Tharupathi",
              "non_striker": "NT Gamage",
              "runs": {
                "batter": 1,
                "extras": 0,
                "total": 1
              }
            },
            {
              "batter": "NT Gamage",
              "bowler": "M Tharupathi",
              "non_striker": "MADI Hemantha",
              "runs": {
                "batter": 1,
                "extras": 0,
                "total": 1
              }
            },
            {
              "batter": "MADI Hemantha",
              "bowler": "M Tharupathi",
              "non_striker": "NT Gamage",
              "runs": {
                "batter": 2,
                "extras": 0,
                "total": 2
              }
            },
            {
              "batter": "MADI Hemantha",
              "bowler": "M Tharupathi",
              "non_striker": "NT Gamage",
              "runs": {
                "batter": 0,
                "extras": 0,
                "total": 0
              }
            },
            {
              "batter": "MADI Hemantha",
              "bowler": "M Tharupathi",
              "non_striker": "NT Gamage",
              "runs": {
                "batter": 0,
                "extras": 0,
                "total": 0
              }
            },
            {
              "batter": "MADI Hemantha",
              "bowler": "M Tharupathi",
              "non_striker": "NT Gamage",
              "runs": {
                "batter": 1,
                "extras": 0,
                "total": 1
              }
            }
          ]
        },
        {
          "over": 14,
          "deliveries": [
            {
              "batter": "MADI Hemantha",
              "bowler": "G Sanketh",
              "non_striker": "NT Gamage",
              "runs": {
                "batter": 1,
                "extras": 0,
                "total": 1
              }
            },
            {
              "batter": "NT Gamage",
              "bowler": "G Sanketh",
              "non_striker": "MADI Hemantha",
              "runs": {
                "batter": 1,
                "extras": 0,
                "total": 1
              }
            },
            {
              "batter": "MADI Hemantha",
              "bowler": "G Sanketh",
              "non_striker": "NT Gamage",
              "runs": {
                "batter": 0,
                "extras": 0,
                "total": 0
              }
            },
            {
              "batter": "MADI Hemantha",
              "bowler": "G Sanketh",
              "extras": {
                "wides": 1
              },
              "non_striker": "NT Gamage",
              "runs": {
                "batter": 0,
                "extras": 1,
                "total": 1
              }
            },
            {
              "batter": "MADI Hemantha",
              "bowler": "G Sanketh",
              "non_striker": "NT Gamage",
              "runs": {
                "batter": 0,
                "extras": 0,
                "total": 0
              },
              "wickets": [
                {
                  "player_out": "MADI Hemantha",
                  "kind": "lbw"
                }
              ]
            },
            {
              "batter": "Y Avishka",
              "bowler": "G Sanketh",
              "non_striker": "NT Gamage",
              "runs": {
                "batter": 1,
                "extras": 0,
                "total": 1
              }
            },
            {
              "batter": "NT Gamage",
              "bowler": "G Sanketh",
              "non_striker": "Y Avishka",
              "runs": {
                "batter": 0,
                "extras": 0,
                "total": 0
              }
            }
          ]
        },
        {
          "over": 15,
          "deliveries": [
            {
              "batter": "Y Avishka",
              "bowler": "M Tharupathi",
              "non_striker": "NT Gamage",
              "runs": {
                "batter": 1,
                "extras": 0,
                "total": 1
              }
            },
            {
              "batter": "NT Gamage",
              "bowler": "M Tharupathi",
              "non_striker": "Y Avishka",
              "runs": {
                "batter": 1,
                "extras": 0,
                "total": 1
              }
            },
            {
              "batter": "Y Avishka",
              "bowler": "M Tharupathi",
              "non_striker": "NT Gamage",
              "runs": {
                "batter": 2,
                "extras": 0,
                "total": 2
              }
            },
            {
              "batter": "Y Avishka",
              "bowler": "M Tharupathi",
              "non_striker": "NT Gamage",
              "runs": {
                "batter": 1,
                "extras": 0,
                "total": 1
              }
            },
            {
              "batter": "NT Gamage",
              "bowler": "M Tharupathi",
              "non_striker": "Y Avishka",
              "runs": {
                "batter": 1,
                "extras": 0,
                "total": 1
              }
            },
            {
              "batter": "Y Avishka",
              "bowler": "M Tharupathi",
              "non_striker": "NT Gamage",
              "runs": {
                "batter": 0,
                "extras": 0,
                "total": 0
              }
            }
          ]
        },
        {
          "over": 16,
          "deliveries": [
            {
              "batter": "NT Gamage",
              "bowler": "SA Fernando",
              "non_striker": "Y Avishka",
              "runs": {
                "batter": 1,
                "extras": 0,
                "total": 1
              }
            },
            {
              "batter": "Y Avishka",
              "bowler": "SA Fernando",
              "non_striker": "NT Gamage",
              "runs": {
                "batter": 0,
                "extras": 0,
                "total": 0
              }
            },
            {
              "batter": "Y Avishka",
              "bowler": "SA Fernando",
              "non_striker": "NT Gamage",
              "runs": {
                "batter": 2,
                "extras": 0,
                "total": 2
              }
            },
            {
              "batter": "Y Avishka",
              "bowler": "SA Fernando",
              "non_striker": "NT Gamage",
              "runs": {
                "batter": 1,
                "extras": 0,
                "total": 1
              }
            },
            {
              "batter": "NT Gamage",
              "bowler": "SA Fernando",
              "non_striker": "Y Avishka",
              "runs": {
                "batter": 1,
                "extras": 0,
                "total": 1
              }
            },
            {
              "batter": "Y Avishka",
              "bowler": "SA Fernando",
              "non_striker": "NT Gamage",
              "runs": {
                "batter": 0,
                "extras": 0,
                "total": 0
              }
            }
          ]
        },
        {
          "over": 17,
          "deliveries": [
            {
              "batter": "NT Gamage",
              "bowler": "G Sanketh",
              "non_striker": "Y Avishka",
              "runs": {
                "batter": 1,
                "extras": 0,
                "total": 1
              }
            },
            {
              "batter": "Y Avishka",
              "bowler": "G Sanketh",
              "non_striker": "NT Gamage",
              "runs": {
                "batter": 0,
                "extras": 0,
                "total": 0
              }
            },
            {
              "batter": "Y Avishka",
              "bowler": "G Sanketh",
              "non_striker": "NT Gamage",
              "runs": {
                "batter": 4,
                "extras": 0,
                "total": 4
              }
            },
            {
              "batter": "Y Avishka",
              "bowler": "G Sanketh",
              "extras": {
                "legbyes": 1
              },
              "non_striker": "NT Gamage",
              "runs": {
                "batter": 0,
                "extras": 1,
                "total": 1
              }
            },
            {
              "batter": "NT Gamage",
              "bowler": "G Sanketh",
              "non_striker": "Y Avishka",
              "runs": {
                "batter": 4,
                "extras": 0,
                "total": 4
              }
            },
            {
              "batter": "NT Gamage",
              "bowler": "G Sanketh",
              "non_striker": "Y Avishka",
              "runs": {
                "batter": 1,
                "extras": 0,
                "total": 1
              }
            }
          ]
        },
        {
          "over": 18,
          "deliveries": [
            {
              "batter": "NT Gamage",
              "bowler": "SA Fernando",
              "non_striker": "Y Avishka",
              "runs": {
                "batter": 4,
                "extras": 0,
                "total": 4
              }
            },
            {
              "batter": "NT Gamage",
              "bowler": "SA Fernando",
              "non_striker": "Y Avishka",
              "runs": {
                "batter": 6,
                "extras": 0,
                "total": 6
              }
            },
            {
              "batter": "NT Gamage",
              "bowler": "SA Fernando",
              "non_striker": "Y Avishka",
              "runs": {
                "batter": 0,
                "extras": 0,
                "total": 0
              }
            },
            {
              "batter": "NT Gamage",
              "bowler": "SA Fernando",
              "non_striker": "Y Avishka",
              "runs": {
                "batter": 1,
                "extras": 0,
                "total": 1
              }
            },
            {
              "batter": "Y Avishka",
              "bowler": "SA Fernando",
              "non_striker": "NT Gamage",
              "runs": {
                "batter": 0,
                "extras": 0,
                "total": 0
              },
              "wickets": [
                {
                  "player_out": "Y Avishka",
                  "fielders": [
                    {
                      "name": "SA Fernando"
                    }
                  ],
                  "kind": "run out"
                }
              ]
            },
            {
              "batter": "NT Gamage",
              "bowler": "SA Fernando",
              "extras": {
                "legbyes": 1
              },
              "non_striker": "N Vimukthi",
              "runs": {
                "batter": 0,
                "extras": 1,
                "total": 1
              }
            }
          ]
        },
        {
          "over": 19,
          "deliveries": [
            {
              "batter": "NT Gamage",
              "bowler": "G Sanketh",
              "non_striker": "N Vimukthi",
              "runs": {
                "batter": 1,
                "extras": 0,
                "total": 1
              }
            },
            {
              "batter": "N Vimukthi",
              "bowler": "G Sanketh",
              "non_striker": "NT Gamage",
              "runs": {
                "batter": 2,
                "extras": 0,
                "total": 2
              }
            },
            {
              "batter": "N Vimukthi",
              "bowler": "G Sanketh",
              "extras": {
                "byes": 2
              },
              "non_striker": "NT Gamage",
              "runs": {
                "batter": 0,
                "extras": 2,
                "total": 2
              }
            },
            {
              "batter": "N Vimukthi",
              "bowler": "G Sanketh",
              "extras": {
                "noballs": 1
              },
              "non_striker": "NT Gamage",
              "runs": {
                "batter": 1,
                "extras": 1,
                "total": 2
              },
              "wickets": [
                {
                  "player_out": "N Vimukthi",
                  "fielders": [
                    {
                      "name": "S de Livera"
                    },
                    {
                      "name": "SA Fernando"
                    }
                  ],
                  "kind": "run out"
                }
              ]
            },
            {
              "batter": "Senitha Halambage",
              "bowler": "G Sanketh",
              "non_striker": "NT Gamage",
              "runs": {
                "batter": 1,
                "extras": 0,
                "total": 1
              }
            },
            {
              "batter": "NT Gamage",
              "bowler": "G Sanketh",
              "non_striker": "Senitha Halambage",
              "runs": {
                "batter": 0,
                "extras": 0,
                "total": 0
              }
            },
            {
              "batter": "NT Gamage",
              "bowler": "G Sanketh",
              "non_striker": "Senitha Halambage",
              "runs": {
                "batter": 2,
                "extras": 0,
                "total": 2
              }
            }
          ]
        }
      ],
      "powerplays": [
        {
          "from": 0.1,
          "to": 5.6,
          "type": "mandatory"
        }
      ]
    },
    {
      "team": "Moors Sports Club",
      "overs": [
        {
          "over": 0,
          "deliveries": [
            {
              "batter": "J Perera",
              "bowler": "Y Avishka",
              "non_striker": "S de Livera",
              "runs": {
                "batter": 0,
                "extras": 0,
                "total": 0
              }
            },
            {
              "batter": "J Perera",
              "bowler": "Y Avishka",
              "non_striker": "S de Livera",
              "runs": {
                "batter": 0,
                "extras": 0,
                "total": 0
              }
            },
            {
              "batter": "J Perera",
              "bowler": "Y Avishka",
              "extras": {
                "wides": 1
              },
              "non_striker": "S de Livera",
              "runs": {
                "batter": 0,
                "extras": 1,
                "total": 1
              }
            },
            {
              "batter": "J Perera",
              "bowler": "Y Avishka",
              "non_striker": "S de Livera",
              "runs": {
                "batter": 4,
                "extras": 0,
                "total": 4
              }
            },
            {
              "batter": "J Perera",
              "bowler": "Y Avishka",
              "non_striker": "S de Livera",
              "runs": {
                "batter": 0,
                "extras": 0,
                "total": 0
              }
            },
            {
              "batter": "J Perera",
              "bowler": "Y Avishka",
              "non_striker": "S de Livera",
              "runs": {
                "batter": 1,
                "extras": 0,
                "total": 1
              }
            },
            {
              "batter": "S de Livera",
              "bowler": "Y Avishka",
              "non_striker": "J Perera",
              "runs": {
                "batter": 1,
                "extras": 0,
                "total": 1
              }
            }
          ]
        },
        {
          "over": 1,
          "deliveries": [
            {
              "batter": "S de Livera",
              "bowler": "NT Gamage",
              "non_striker": "J Perera",
              "runs": {
                "batter": 6,
                "extras": 0,
                "total": 6
              }
            },
            {
              "batter": "S de Livera",
              "bowler": "NT Gamage",
              "non_striker": "J Perera",
              "runs": {
                "batter": 0,
                "extras": 0,
                "total": 0
              }
            },
            {
              "batter": "S de Livera",
              "bowler": "NT Gamage",
              "non_striker": "J Perera",
              "runs": {
                "batter": 0,
                "extras": 0,
                "total": 0
              }
            },
            {
              "batter": "S de Livera",
              "bowler": "NT Gamage",
              "non_striker": "J Perera",
              "runs": {
                "batter": 0,
                "extras": 0,
                "total": 0
              }
            },
            {
              "batter": "S de Livera",
              "bowler": "NT Gamage",
              "extras": {
                "wides": 1
              },
              "non_striker": "J Perera",
              "runs": {
                "batter": 0,
                "extras": 1,
                "total": 1
              }
            },
            {
              "batter": "S de Livera",
              "bowler": "NT Gamage",
              "non_striker": "J Perera",
              "runs": {
                "batter": 2,
                "extras": 0,
                "total": 2
              }
            },
            {
              "batter": "S de Livera",
              "bowler": "NT Gamage",
              "non_striker": "J Perera",
              "runs": {
                "batter": 0,
                "extras": 0,
                "total": 0
              }
            }
          ]
        },
        {
          "over": 2,
          "deliveries": [
            {
              "batter": "J Perera",
              "bowler": "Y Avishka",
              "non_striker": "S de Livera",
              "runs": {
                "batter": 2,
                "extras": 0,
                "total": 2
              }
            },
            {
              "batter": "J Perera",
              "bowler": "Y Avishka",
              "non_striker": "S de Livera",
              "runs": {
                "batter": 1,
                "extras": 0,
                "total": 1
              }
            },
            {
              "batter": "S de Livera",
              "bowler": "Y Avishka",
              "non_striker": "J Perera",
              "runs": {
                "batter": 2,
                "extras": 0,
                "total": 2
              }
            },
            {
              "batter": "S de Livera",
              "bowler": "Y Avishka",
              "non_striker": "J Perera",
              "runs": {
                "batter": 4,
                "extras": 0,
                "total": 4
              }
            },
            {
              "batter": "S de Livera",
              "bowler": "Y Avishka",
              "non_striker": "J Perera",
              "runs": {
                "batter": 1,
                "extras": 0,
                "total": 1
              }
            },
            {
              "batter": "J Perera",
              "bowler": "Y Avishka",
              "non_striker": "S de Livera",
              "runs": {
                "batter": 4,
                "extras": 0,
                "total": 4
              }
            }
          ]
        },
        {
          "over": 3,
          "deliveries": [
            {
              "batter": "S de Livera",
              "bowler": "Senitha Halambage",
              "extras": {
                "wides": 1
              },
              "non_striker": "J Perera",
              "runs": {
                "batter": 0,
                "extras": 1,
                "total": 1
              }
            },
            {
              "batter": "S de Livera",
              "bowler": "Senitha Halambage",
              "non_striker": "J Perera",
              "runs": {
                "batter": 1,
                "extras": 0,
                "total": 1
              }
            },
            {
              "batter": "J Perera",
              "bowler": "Senitha Halambage",
              "non_striker": "S de Livera",
              "runs": {
                "batter": 6,
                "extras": 0,
                "total": 6
              }
            },
            {
              "batter": "J Perera",
              "bowler": "Senitha Halambage",
              "non_striker": "S de Livera",
              "runs": {
                "batter": 0,
                "extras": 0,
                "total": 0
              },
              "wickets": [
                {
                  "player_out": "J Perera",
                  "fielders": [
                    {
                      "name": "VS Halambage"
                    }
                  ],
                  "kind": "caught"
                }
              ]
            },
            {
              "batter": "S Samarawickrama",
              "bowler": "Senitha Halambage",
              "non_striker": "S de Livera",
              "runs": {
                "batter": 0,
                "extras": 0,
                "total": 0
              }
            },
            {
              "batter": "S Samarawickrama",
              "bowler": "Senitha Halambage",
              "non_striker": "S de Livera",
              "runs": {
                "batter": 0,
                "extras": 0,
                "total": 0
              }
            },
            {
              "batter": "S Samarawickrama",
              "bowler": "Senitha Halambage",
              "non_striker": "S de Livera",
              "runs": {
                "batter": 2,
                "extras": 0,
                "total": 2
              }
            }
          ]
        },
        {
          "over": 4,
          "deliveries": [
            {
              "batter": "S de Livera",
              "bowler": "KDA Manoj",
              "extras": {
                "noballs": 1
              },
              "non_striker": "S Samarawickrama",
              "runs": {
                "batter": 4,
                "extras": 1,
                "total": 5
              }
            },
            {
              "batter": "S de Livera",
              "bowler": "KDA Manoj",
              "non_striker": "S Samarawickrama",
              "runs": {
                "batter": 1,
                "extras": 0,
                "total": 1
              }
            },
            {
              "batter": "S Samarawickrama",
              "bowler": "KDA Manoj",
              "non_striker": "S de Livera",
              "runs": {
                "batter": 0,
                "extras": 0,
                "total": 0
              }
            },
            {
              "batter": "S Samarawickrama",
              "bowler": "KDA Manoj",
              "non_striker": "S de Livera",
              "runs": {
                "batter": 4,
                "extras": 0,
                "total": 4
              }
            },
            {
              "batter": "S Samarawickrama",
              "bowler": "KDA Manoj",
              "non_striker": "S de Livera",
              "runs": {
                "batter": 1,
                "extras": 0,
                "total": 1
              }
            },
            {
              "batter": "S de Livera",
              "bowler": "KDA Manoj",
              "non_striker": "S Samarawickrama",
              "runs": {
                "batter": 2,
                "extras": 0,
                "total": 2
              }
            },
            {
              "batter": "S de Livera",
              "bowler": "KDA Manoj",
              "non_striker": "S Samarawickrama",
              "runs": {
                "batter": 4,
                "extras": 0,
                "total": 4
              }
            }
          ]
        },
        {
          "over": 5,
          "deliveries": [
            {
              "batter": "S Samarawickrama",
              "bowler": "Senitha Halambage",
              "non_striker": "S de Livera",
              "runs": {
                "batter": 0,
                "extras": 0,
                "total": 0
              }
            },
            {
              "batter": "S Samarawickrama",
              "bowler": "Senitha Halambage",
              "non_striker": "S de Livera",
              "runs": {
                "batter": 4,
                "extras": 0,
                "total": 4
              }
            },
            {
              "batter": "S Samarawickrama",
              "bowler": "Senitha Halambage",
              "non_striker": "S de Livera",
              "runs": {
                "batter": 1,
                "extras": 0,
                "total": 1
              }
            },
            {
              "batter": "S de Livera",
              "bowler": "Senitha Halambage",
              "non_striker": "S Samarawickrama",
              "runs": {
                "batter": 1,
                "extras": 0,
                "total": 1
              }
            },
            {
              "batter": "S Samarawickrama",
              "bowler": "Senitha Halambage",
              "non_striker": "S de Livera",
              "runs": {
                "batter": 2,
                "extras": 0,
                "total": 2
              }
            },
            {
              "batter": "S Samarawickrama",
              "bowler": "Senitha Halambage",
              "non_striker": "S de Livera",
              "runs": {
                "batter": 0,
                "extras": 0,
                "total": 0
              },
              "wickets": [
                {
                  "player_out": "S Samarawickrama",
                  "fielders": [
                    {
                      "name": "KDA Manoj"
                    }
                  ],
                  "kind": "caught"
                }
              ]
            }
          ]
        },
        {
          "over": 6,
          "deliveries": [
            {
              "batter": "S de Livera",
              "bowler": "KDA Manoj",
              "non_striker": "DPS Sooriyabandara",
              "runs": {
                "batter": 1,
                "extras": 0,
                "total": 1
              }
            },
            {
              "batter": "DPS Sooriyabandara",
              "bowler": "KDA Manoj",
              "non_striker": "S de Livera",
              "runs": {
                "batter": 1,
                "extras": 0,
                "total": 1
              }
            },
            {
              "batter": "S de Livera",
              "bowler": "KDA Manoj",
              "non_striker": "DPS Sooriyabandara",
              "runs": {
                "batter": 1,
                "extras": 0,
                "total": 1
              }
            },
            {
              "batter": "DPS Sooriyabandara",
              "bowler": "KDA Manoj",
              "non_striker": "S de Livera",
              "runs": {
                "batter": 0,
                "extras": 0,
                "total": 0
              }
            },
            {
              "batter": "DPS Sooriyabandara",
              "bowler": "KDA Manoj",
              "non_striker": "S de Livera",
              "runs": {
                "batter": 1,
                "extras": 0,
                "total": 1
              }
            },
            {
              "batter": "S de Livera",
              "bowler": "KDA Manoj",
              "extras": {
                "wides": 1
              },
              "non_striker": "DPS Sooriyabandara",
              "runs": {
                "batter": 0,
                "extras": 1,
                "total": 1
              }
            },
            {
              "batter": "S de Livera",
              "bowler": "KDA Manoj",
              "non_striker": "DPS Sooriyabandara",
              "runs": {
                "batter": 4,
                "extras": 0,
                "total": 4
              }
            }
          ]
        },
        {
          "over": 7,
          "deliveries": [
            {
              "batter": "DPS Sooriyabandara",
              "bowler": "Senitha Halambage",
              "non_striker": "S de Livera",
              "runs": {
                "batter": 2,
                "extras": 0,
                "total": 2
              }
            },
            {
              "batter": "DPS Sooriyabandara",
              "bowler": "Senitha Halambage",
              "non_striker": "S de Livera",
              "runs": {
                "batter": 1,
                "extras": 0,
                "total": 1
              }
            },
            {
              "batter": "S de Livera",
              "bowler": "Senitha Halambage",
              "non_striker": "DPS Sooriyabandara",
              "runs": {
                "batter": 1,
                "extras": 0,
                "total": 1
              }
            },
            {
              "batter": "DPS Sooriyabandara",
              "bowler": "Senitha Halambage",
              "extras": {
                "legbyes": 1
              },
              "non_striker": "S de Livera",
              "runs": {
                "batter": 0,
                "extras": 1,
                "total": 1
              }
            },
            {
              "batter": "S de Livera",
              "bowler": "Senitha Halambage",
              "non_striker": "DPS Sooriyabandara",
              "runs": {
                "batter": 1,
                "extras": 0,
                "total": 1
              }
            },
            {
              "batter": "DPS Sooriyabandara",
              "bowler": "Senitha Halambage",
              "non_striker": "S de Livera",
              "runs": {
                "batter": 1,
                "extras": 0,
                "total": 1
              }
            }
          ]
        },
        {
          "over": 8,
          "deliveries": [
            {
              "batter": "DPS Sooriyabandara",
              "bowler": "MADI Hemantha",
              "non_striker": "S de Livera",
              "runs": {
                "batter": 1,
                "extras": 0,
                "total": 1
              }
            },
            {
              "batter": "S de Livera",
              "bowler": "MADI Hemantha",
              "non_striker": "DPS Sooriyabandara",
              "runs": {
                "batter": 1,
                "extras": 0,
                "total": 1
              }
            },
            {
              "batter": "DPS Sooriyabandara",
              "bowler": "MADI Hemantha",
              "non_striker": "S de Livera",
              "runs": {
                "batter": 4,
                "extras": 0,
                "total": 4
              }
            },
            {
              "batter": "DPS Sooriyabandara",
              "bowler": "MADI Hemantha",
              "non_striker": "S de Livera",
              "runs": {
                "batter": 1,
                "extras": 0,
                "total": 1
              }
            },
            {
              "batter": "S de Livera",
              "bowler": "MADI Hemantha",
              "non_striker": "DPS Sooriyabandara",
              "runs": {
                "batter": 0,
                "extras": 0,
                "total": 0
              }
            },
            {
              "batter": "S de Livera",
              "bowler": "MADI Hemantha",
              "non_striker": "DPS Sooriyabandara",
              "runs": {
                "batter": 1,
                "extras": 0,
                "total": 1
              }
            }
          ]
        },
        {
          "over": 9,
          "deliveries": [
            {
              "batter": "S de Livera",
              "bowler": "Senitha Halambage",
              "non_striker": "DPS Sooriyabandara",
              "runs": {
                "batter": 2,
                "extras": 0,
                "total": 2
              }
            },
            {
              "batter": "S de Livera",
              "bowler": "Senitha Halambage",
              "non_striker": "DPS Sooriyabandara",
              "runs": {
                "batter": 1,
                "extras": 0,
                "total": 1
              }
            },
            {
              "batter": "DPS Sooriyabandara",
              "bowler": "Senitha Halambage",
              "non_striker": "S de Livera",
              "runs": {
                "batter": 1,
                "extras": 0,
                "total": 1
              }
            },
            {
              "batter": "S de Livera",
              "bowler": "Senitha Halambage",
              "non_striker": "DPS Sooriyabandara",
              "runs": {
                "batter": 4,
                "extras": 0,
                "total": 4
              }
            },
            {
              "batter": "S de Livera",
              "bowler": "Senitha Halambage",
              "non_striker": "DPS Sooriyabandara",
              "runs": {
                "batter": 0,
                "extras": 0,
                "total": 0
              },
              "wickets": [
                {
                  "player_out": "S de Livera",
                  "kind": "bowled"
                }
              ]
            },
            {
              "batter": "S Fernando",
              "bowler": "Senitha Halambage",
              "non_striker": "DPS Sooriyabandara",
              "runs": {
                "batter": 0,
                "extras": 0,
                "total": 0
              }
            }
          ]
        },
        {
          "over": 10,
          "deliveries": [
            {
              "batter": "DPS Sooriyabandara",
              "bowler": "N Vimukthi",
              "non_striker": "S Fernando",
              "runs": {
                "batter": 1,
                "extras": 0,
                "total": 1
              }
            },
            {
              "batter": "S Fernando",
              "bowler": "N Vimukthi",
              "non_striker": "DPS Sooriyabandara",
              "runs": {
                "batter": 1,
                "extras": 0,
                "total": 1
              }
            },
            {
              "batter": "DPS Sooriyabandara",
              "bowler": "N Vimukthi",
              "non_striker": "S Fernando",
              "runs": {
                "batter": 0,
                "extras": 0,
                "total": 0
              }
            },
            {
              "batter": "DPS Sooriyabandara",
              "bowler": "N Vimukthi",
              "non_striker": "S Fernando",
              "runs": {
                "batter": 1,
                "extras": 0,
                "total": 1
              }
            },
            {
              "batter": "S Fernando",
              "bowler": "N Vimukthi",
              "non_striker": "DPS Sooriyabandara",
              "runs": {
                "batter": 0,
                "extras": 0,
                "total": 0
              }
            },
            {
              "batter": "S Fernando",
              "bowler": "N Vimukthi",
              "non_striker": "DPS Sooriyabandara",
              "runs": {
                "batter": 4,
                "extras": 0,
                "total": 4
              }
            }
          ]
        },
        {
          "over": 11,
          "deliveries": [
            {
              "batter": "DPS Sooriyabandara",
              "bowler": "MADI Hemantha",
              "non_striker": "S Fernando",
              "runs": {
                "batter": 6,
                "extras": 0,
                "total": 6
              }
            },
            {
              "batter": "DPS Sooriyabandara",
              "bowler": "MADI Hemantha",
              "non_striker": "S Fernando",
              "runs": {
                "batter": 6,
                "extras": 0,
                "total": 6
              }
            },
            {
              "batter": "DPS Sooriyabandara",
              "bowler": "MADI Hemantha",
              "non_striker": "S Fernando",
              "runs": {
                "batter": 1,
                "extras": 0,
                "total": 1
              }
            },
            {
              "batter": "S Fernando",
              "bowler": "MADI Hemantha",
              "non_striker": "DPS Sooriyabandara",
              "runs": {
                "batter": 1,
                "extras": 0,
                "total": 1
              }
            },
            {
              "batter": "DPS Sooriyabandara",
              "bowler": "MADI Hemantha",
              "non_striker": "S Fernando",
              "runs": {
                "batter": 2,
                "extras": 0,
                "total": 2
              }
            },
            {
              "batter": "DPS Sooriyabandara",
              "bowler": "MADI Hemantha",
              "non_striker": "S Fernando",
              "runs": {
                "batter": 6,
                "extras": 0,
                "total": 6
              }
            }
          ]
        },
        {
          "over": 12,
          "deliveries": [
            {
              "batter": "S Fernando",
              "bowler": "N Vimukthi",
              "non_striker": "DPS Sooriyabandara",
              "runs": {
                "batter": 2,
                "extras": 0,
                "total": 2
              }
            },
            {
              "batter": "S Fernando",
              "bowler": "N Vimukthi",
              "non_striker": "DPS Sooriyabandara",
              "runs": {
                "batter": 0,
                "extras": 0,
                "total": 0
              }
            },
            {
              "batter": "S Fernando",
              "bowler": "N Vimukthi",
              "non_striker": "DPS Sooriyabandara",
              "runs": {
                "batter": 1,
                "extras": 0,
                "total": 1
              }
            },
            {
              "batter": "DPS Sooriyabandara",
              "bowler": "N Vimukthi",
              "non_striker": "S Fernando",
              "runs": {
                "batter": 1,
                "extras": 0,
                "total": 1
              }
            },
            {
              "batter": "S Fernando",
              "bowler": "N Vimukthi",
              "non_striker": "DPS Sooriyabandara",
              "runs": {
                "batter": 1,
                "extras": 0,
                "total": 1
              }
            }
          ]
        }
      ],
      "powerplays": [
        {
          "from": 0.1,
          "to": 5.6,
          "type": "mandatory"
        }
      ],
      "target": {
        "overs": 20,
        "runs": 131
      }
    }
  ]
}