{
  "meta": {
    "data_version": "1.1.0",
    "created": "2025-07-13",
    "revision": 1
  },
  "info": {
    "balls_per_over": 6,
    "city": "Colombo",
    "dates": [
      "2025-06-08"
    ],
    "event": {
      "name": "Major Clubs T20 Tournament",
      "group": "B"
    },
    "gender": "male",
    "match_type": "T20",
    "officials": {
      "match_referees": [
        "THR Priyantha"
      ],
      "reserve_umpires": [
        "BSP Fernando"
      ],
      "umpires": [
        "JWHD Boteju",
        "LE Hannibal"
      ]
    },
    "outcome": {
      "winner": "Colts Cricket Club",
      "by": {
        "runs": 59
      }
    },
    "overs": 20,
    "players": {
      "Colts Cricket Club": [
        "MMMS Cooray",
        "HM Kapurubandara",
        "H Gallage",
        "WRKS Darshika",
        "R Ganganath",
        "DN Wellalage",
        "M Lakshan",
        "K Anjula",
        "T Wimaladharma",
        "D Madushanka",
        "S Krishnashriram"
      ],
      "Police Sports Club": [
        "Vishad Randika",
        "N Balasooriya",
        "HMCB Jayathilake",
        "D Induwara",
        "R Gamage",
        "VAI Akash",
        "NN Fernando",
        "D Kappagoda",
        "C Jayathilake",
        "T Palihawadana",
        "WACP Wijelath"
      ]
    },
    "registry": {
      "people": {
        "BSP Fernando": "8a49883f",
        "C Jayathilake": "89996651",
        "D Induwara": "7f280989",
        "D Kappagoda": "c10f9b62",
        "D Madushanka": "de7d833e",
        "DN Wellalage": "736123bb",
        "H Gallage": "17b3e75c",
        "HM Kapurubandara": "64c88fab",
        "HMCB Jayathilake": "f8fa8b1c",
        "JWHD Boteju": "7934d6fb",
        "K Anjula": "363e36a7",
        "LE Hannibal": "3c04e91a",
        "M Lakshan": "aa844d38",
        "MMMS Cooray": "54fff140",
        "N Balasooriya": "e57312fb",
        "NN Fernando": "bd386d09",
        "R Gamage": "9a2f6db9",
        "R Ganganath": "2d62198b",
        "S Krishnashriram": "284c4330",
        "T Palihawadana": "253ba431",
        "T Wimaladharma": "f87db036",
        "THR Priyantha": "33f2a901",
        "VAI Akash": "8c12937c",
        "Vishad Randika": "7075624e",
        "WACP Wijelath": "b7e98f01",
        "WRKS Darshika": "268af93b"
      }
    },
    "season": "2025",
    "team_type": "club",
    "teams": [
      "Colts Cricket Club",
      "Police Sports Club"
    ],
    "toss": {
      "decision": "bat",
      "winner": "Colts Cricket Club"
    },
    "venue": "P Sara Oval, Colombo"
  },
  "innings": [
    {
      "team": "Colts Cricket Club",
      "overs": [
        {
          "over": 0,
          "deliveries": [
            {
              "batter": "MMMS Cooray",
              "bowler": "WACP Wijelath",
              "non_striker": "HM Kapurubandara",
              "runs": {
                "batter": 0,
                "extras": 0,
                "total": 0
              }
            },
            {
              "batter": "MMMS Cooray",
              "bowler": "WACP Wijelath",
              "non_striker": "HM Kapurubandara",
              "runs": {
                "batter": 2,
                "extras": 0,
                "total": 2
              }
            },
            {
              "batter": "MMMS Cooray",
              "bowler": "WACP Wijelath",
              "non_striker": "HM Kapurubandara",
              "runs": {
                "batter": 0,
                "extras": 0,
                "total": 0
              }
            },
            {
              "batter": "MMMS Cooray",
              "bowler": "WACP Wijelath",
              "non_striker": "HM Kapurubandara",
              "runs": {
                "batter": 4,
                "extras": 0,
                "total": 4
              }
            },
            {
              "batter": "MMMS Cooray",
              "bowler": "WACP Wijelath",
              "non_striker": "HM Kapurubandara",
              "runs": {
                "batter": 1,
                "extras": 0,
                "total": 1
              }
            },
            {
              "batter": "HM Kapurubandara",
              "bowler": "WACP Wijelath",
              "non_striker": "MMMS Cooray",
              "runs": {
                "batter": 1,
                "extras": 0,
                "total": 1
              }
            }
          ]
        },
        {
          "over": 1,
          "deliveries": [
            {
              "batter": "HM Kapurubandara",
              "bowler": "C Jayathilake",
              "non_striker": "MMMS Cooray",
              "runs": {
                "batter": 1,
                "extras": 0,
                "total": 1
              }
            },
            {
              "batter": "MMMS Cooray",
              "bowler": "C Jayathilake",
              "non_striker": "HM Kapurubandara",
              "runs": {
                "batter": 4,
                "extras": 0,
                "total": 4
              }
            },
            {
              "batter": "MMMS Cooray",
              "bowler": "C Jayathilake",
              "extras": {
                "legbyes": 1
              },
              "non_striker": "HM Kapurubandara",
              "runs": {
                "batter": 0,
                "extras": 1,
                "total": 1
              }
            },
            {
              "batter": "HM Kapurubandara",
              "bowler": "C Jayathilake",
              "non_striker": "MMMS Cooray",
              "runs": {
                "batter": 0,
                "extras": 0,
                "total": 0
              },
              "wickets": [
                {
                  "player_out": "HM Kapurubandara",
                  "kind": "lbw"
                }
              ]
            },
            {
              "batter": "H Gallage",
              "bowler": "C Jayathilake",
              "non_striker": "MMMS Cooray",
              "runs": {
                "batter": 0,
                "extras": 0,
                "total": 0
              }
            },
            {
              "batter": "H Gallage",
              "bowler": "C Jayathilake",
              "non_striker": "MMMS Cooray",
              "runs": {
                "batter": 0,
                "extras": 0,
                "total": 0
              }
            }
          ]
        },
        {
          "over": 2,
          "deliveries": [
            {
              "batter": "MMMS Cooray",
              "bowler": "WACP Wijelath",
              "extras": {
                "noballs": 1
              },
              "non_striker": "H Gallage",
              "runs": {
                "batter": 4,
                "extras": 1,
                "total": 5
              }
            },
            {
              "batter": "MMMS Cooray",
              "bowler": "WACP Wijelath",
              "non_striker": "H Gallage",
              "runs": {
                "batter": 6,
                "extras": 0,
                "total": 6
              }
            },
            {
              "batter": "MMMS Cooray",
              "bowler": "WACP Wijelath",
              "non_striker": "H Gallage",
              "runs": {
                "batter": 6,
                "extras": 0,
                "total": 6
              }
            },
            {
              "batter": "MMMS Cooray",
              "bowler": "WACP Wijelath",
              "non_striker": "H Gallage",
              "runs": {
                "batter": 0,
                "extras": 0,
                "total": 0
              }
            },
            {
              "batter": "MMMS Cooray",
              "bowler": "WACP Wijelath",
              "non_striker": "H Gallage",
              "runs": {
                "batter": 2,
                "extras": 0,
                "total": 2
              }
            },
            {
              "batter": "MMMS Cooray",
              "bowler": "WACP Wijelath",
              "non_striker": "H Gallage",
              "runs": {
                "batter": 1,
                "extras": 0,
                "total": 1
              }
            },
            {
              "batter": "H Gallage",
              "bowler": "WACP Wijelath",
              "non_striker": "MMMS Cooray",
              "runs": {
                "batter": 1,
                "extras": 0,
                "total": 1
              }
            }
          ]
        },
        {
          "over": 3,
          "deliveries": [
            {
              "batter": "H Gallage",
              "bowler": "T Palihawadana",
              "non_striker": "MMMS Cooray",
              "runs": {
                "batter": 0,
                "extras": 0,
                "total": 0
              }
            },
            {
              "batter": "H Gallage",
              "bowler": "T Palihawadana",
              "non_striker": "MMMS Cooray",
              "runs": {
                "batter": 2,
                "extras": 0,
                "total": 2
              }
            },
            {
              "batter": "H Gallage",
              "bowler": "T Palihawadana",
              "non_striker": "MMMS Cooray",
              "runs": {
                "batter": 2,
                "extras": 0,
                "total": 2
              }
            },
            {
              "batter": "H Gallage",
              "bowler": "T Palihawadana",
              "non_striker": "MMMS Cooray",
              "runs": {
                "batter": 4,
                "extras": 0,
                "total": 4
              }
            },
            {
              "batter": "H Gallage",
              "bowler": "T Palihawadana",
              "non_striker": "MMMS Cooray",
              "runs": {
                "batter": 0,
                "extras": 0,
                "total": 0
              }
            },
            {
              "batter": "H Gallage",
              "bowler": "T Palihawadana",
              "non_striker": "MMMS Cooray",
              "runs": {
                "batter": 1,
                "extras": 0,
                "total": 1
              }
            }
          ]
        },
        {
          "over": 4,
          "deliveries": [
            {
              "batter": "H Gallage",
              "bowler": "C Jayathilake",
              "non_striker": "MMMS Cooray",
              "runs": {
                "batter": 4,
                "extras": 0,
                "total": 4
              }
            },
            {
              "batter": "H Gallage",
              "bowler": "C Jayathilake",
              "non_striker": "MMMS Cooray",
              "runs": {
                "batter": 4,
                "extras": 0,
                "total": 4
              }
            },
            {
              "batter": "H Gallage",
              "bowler": "C Jayathilake",
              "non_striker": "MMMS Cooray",
              "runs": {
                "batter": 0,
                "extras": 0,
                "total": 0
              },
              "wickets": [
                {
                  "player_out": "H Gallage",
                  "fielders": [
                    {
                      "name": "WACP Wijelath"
                    }
                  ],
                  "kind": "caught"
                }
              ]
            },
            {
              "batter": "WRKS Darshika",
              "bowler": "C Jayathilake",
              "non_striker": "MMMS Cooray",
              "runs": {
                "batter": 4,
                "extras": 0,
                "total": 4
              }
            },
            {
              "batter": "WRKS Darshika",
              "bowler": "C Jayathilake",
              "non_striker": "MMMS Cooray",
              "runs": {
                "batter": 0,
                "extras": 0,
                "total": 0
              }
            },
            {
              "batter": "WRKS Darshika",
              "bowler": "C Jayathilake",
              "non_striker": "MMMS Cooray",
              "runs": {
                "batter": 1,
                "extras": 0,
                "total": 1
              }
            }
          ]
        },
        {
          "over": 5,
          "deliveries": [
            {
              "batter": "WRKS Darshika",
              "bowler": "T Palihawadana",
              "non_striker": "MMMS Cooray",
              "runs": {
                "batter": 4,
                "extras": 0,
                "total": 4
              }
            },
            {
              "batter": "WRKS Darshika",
              "bowler": "T Palihawadana",
              "non_striker": "MMMS Cooray",
              "runs": {
                "batter": 1,
                "extras": 0,
                "total": 1
              }
            },
            {
              "batter": "MMMS Cooray",
              "bowler": "T Palihawadana",
              "non_striker": "WRKS Darshika",
              "runs": {
                "batter": 4,
                "extras": 0,
                "total": 4
              }
            },
            {
              "batter": "MMMS Cooray",
              "bowler": "T Palihawadana",
              "non_striker": "WRKS Darshika",
              "runs": {
                "batter": 1,
                "extras": 0,
                "total": 1
              }
            },
            {
              "batter": "WRKS Darshika",
              "bowler": "T Palihawadana",
              "non_striker": "MMMS Cooray",
              "runs": {
                "batter": 0,
                "extras": 0,
                "total": 0
              },
              "wickets": [
                {
                  "player_out": "WRKS Darshika",
                  "fielders": [
                    {
                      "name": "WACP Wijelath"
                    }
                  ],
                  "kind": "caught"
                }
              ]
            },
            {
              "batter": "R Ganganath",
              "bowler": "T Palihawadana",
              "non_striker": "MMMS Cooray",
              "runs": {
                "batter": 0,
                "extras": 0,
                "total": 0
              }
            }
          ]
        },
        {
          "over": 6,
          "deliveries": [
            {
              "batter": "MMMS Cooray",
              "bowler": "D Kappagoda",
              "non_striker": "R Ganganath",
              "runs": {
                "batter": 2,
                "extras": 0,
                "total": 2
              }
            },
            {
              "batter": "MMMS Cooray",
              "bowler": "D Kappagoda",
              "non_striker": "R Ganganath",
              "runs": {
                "batter": 0,
                "extras": 0,
                "total": 0
              }
            },
            {
              "batter": "MMMS Cooray",
              "bowler": "D Kappagoda",
              "non_striker": "R Ganganath",
              "runs": {
                "batter": 1,
                "extras": 0,
                "total": 1
              }
            },
            {
              "batter": "R Ganganath",
              "bowler": "D Kappagoda",
              "non_striker": "MMMS Cooray",
              "runs": {
                "batter": 0,
                "extras": 0,
                "total": 0
              }
            },
            {
              "batter": "R Ganganath",
              "bowler": "D Kappagoda",
              "non_striker": "MMMS Cooray",
              "runs": {
                "batter": 1,
                "extras": 0,
                "total": 1
              }
            },
            {
              "batter": "MMMS Cooray",
              "bowler": "D Kappagoda",
              "non_striker": "R Ganganath",
              "runs": {
                "batter": 1,
                "extras": 0,
                "total": 1
              }
            }
          ]
        },
        {
          "over": 7,
          "deliveries": [
            {
              "batter": "MMMS Cooray",
              "bowler": "N Balasooriya",
              "non_striker": "R Ganganath",
              "runs": {
                "batter": 1,
                "extras": 0,
                "total": 1
              }
            },
            {
              "batter": "R Ganganath",
              "bowler": "N Balasooriya",
              "non_striker": "MMMS Cooray",
              "runs": {
                "batter": 1,
                "extras": 0,
                "total": 1
              }
            },
            {
              "batter": "MMMS Cooray",
              "bowler": "N Balasooriya",
              "non_striker": "R Ganganath",
              "runs": {
                "batter": 1,
                "extras": 0,
                "total": 1
              }
            },
            {
              "batter": "R Ganganath",
              "bowler": "N Balasooriya",
              "non_striker": "MMMS Cooray",
              "runs": {
                "batter": 1,
                "extras": 0,
                "total": 1
              }
            },
            {
              "batter": "MMMS Cooray",
              "bowler": "N Balasooriya",
              "non_striker": "R Ganganath",
              "runs": {
                "batter": 0,
                "extras": 0,
                "total": 0
              }
            },
            {
              "batter": "MMMS Cooray",
              "bowler": "N Balasooriya",
              "non_striker": "R Ganganath",
              "runs": {
                "batter": 1,
                "extras": 0,
                "total": 1
              }
            }
          ]
        },
        {
          "over": 8,
          "deliveries": [
            {
              "batter": "MMMS Cooray",
              "bowler": "D Kappagoda",
              "non_striker": "R Ganganath",
              "runs": {
                "batter": 1,
                "extras": 0,
                "total": 1
              }
            },
            {
              "batter": "R Ganganath",
              "bowler": "D Kappagoda",
              "non_striker": "MMMS Cooray",
              "runs": {
                "batter": 0,
                "extras": 0,
                "total": 0
              }
            },
            {
              "batter": "R Ganganath",
              "bowler": "D Kappagoda",
              "non_striker": "MMMS Cooray",
              "runs": {
                "batter": 1,
                "extras": 0,
                "total": 1
              }
            },
            {
              "batter": "MMMS Cooray",
              "bowler": "D Kappagoda",
              "non_striker": "R Ganganath",
              "runs": {
                "batter": 1,
                "extras": 0,
                "total": 1
              }
            },
            {
              "batter": "R Ganganath",
              "bowler": "D Kappagoda",
              "non_striker": "MMMS Cooray",
              "runs": {
                "batter": 0,
                "extras": 0,
                "total": 0
              }
            },
            {
              "batter": "R Ganganath",
              "bowler": "D Kappagoda",
              "non_striker": "MMMS Cooray",
              "runs": {
                "batter": 1,
                "extras": 0,
                "total": 1
              }
            }
          ]
        },
        {
          "over": 9,
          "deliveries": [
            {
              "batter": "R Ganganath",
              "bowler": "N Balasooriya",
              "non_striker": "MMMS Cooray",
              "runs": {
                "batter": 0,
                "extras": 0,
                "total": 0
              },
              "wickets": [
                {
                  "player_out": "R Ganganath",
                  "kind": "bowled"
                }
              ]
            },
            {
              "batter": "DN Wellalage",
              "bowler": "N Balasooriya",
              "non_striker": "MMMS Cooray",
              "runs": {
                "batter": 1,
                "extras": 0,
                "total": 1
              }
            },
            {
              "batter": "MMMS Cooray",
              "bowler": "N Balasooriya",
              "non_striker": "DN Wellalage",
              "runs": {
                "batter": 0,
                "extras": 0,
                "total": 0
              }
            },
            {
              "batter": "MMMS Cooray",
              "bowler": "N Balasooriya",
              "non_striker": "DN Wellalage",
              "runs": {
                "batter": 1,
                "extras": 0,
                "total": 1
              }
            },
            {
              "batter": "DN Wellalage",
              "bowler": "N Balasooriya",
              "non_striker": "MMMS Cooray",
              "runs": {
                "batter": 0,
                "extras": 0,
                "total": 0
              }
            },
            {
              "batter": "DN Wellalage",
              "bowler": "N Balasooriya",
              "extras": {
                "wides": 1
              },
              "non_striker": "MMMS Cooray",
              "runs": {
                "batter": 0,
                "extras": 1,
                "total": 1
              }
            },
            {
              "batter": "DN Wellalage",
              "bowler": "N Balasooriya",
              "non_striker": "MMMS Cooray",
              "runs": {
                "batter": 1,
                "extras": 0,
                "total": 1
              }
            }
          ]
        },
        {
          "over": 10,
          "deliveries": [
            {
              "batter": "DN Wellalage",
              "bowler": "R Gamage",
              "non_striker": "MMMS Cooray",
              "runs": {
                "batter": 0,
                "extras": 0,
                "total": 0
              }
            },
            {
              "batter": "DN Wellalage",
              "bowler": "R Gamage",
              "non_striker": "MMMS Cooray",
              "runs": {
                "batter": 1,
                "extras": 0,
                "total": 1
              }
            },
            {
              "batter": "MMMS Cooray",
              "bowler": "R Gamage",
              "non_striker": "DN Wellalage",
              "runs": {
                "batter": 2,
                "extras": 0,
                "total": 2
              }
            },
            {
              "batter": "MMMS Cooray",
              "bowler": "R Gamage",
              "non_striker": "DN Wellalage",
              "runs": {
                "batter": 1,
                "extras": 0,
                "total": 1
              }
            },
            {
              "batter": "DN Wellalage",
              "bowler": "R Gamage",
              "non_striker": "MMMS Cooray",
              "runs": {
                "batter": 1,
                "extras": 0,
                "total": 1
              }
            },
            {
              "batter": "MMMS Cooray",
              "bowler": "R Gamage",
              "non_striker": "DN Wellalage",
              "runs": {
                "batter": 1,
                "extras": 0,
                "total": 1
              }
            }
          ]
        },
        {
          "over": 11,
          "deliveries": [
            {
              "batter": "MMMS Cooray",
              "bowler": "N Balasooriya",
              "non_striker": "DN Wellalage",
              "runs": {
                "batter": 1,
                "extras": 0,
                "total": 1
              }
            },
            {
              "batter": "DN Wellalage",
              "bowler": "N Balasooriya",
              "non_striker": "MMMS Cooray",
              "runs": {
                "batter": 1,
                "extras": 0,
                "total": 1
              }
            },
            {
              "batter": "MMMS Cooray",
              "bowler": "N Balasooriya",
              "non_striker": "DN Wellalage",
              "runs": {
                "batter": 0,
                "extras": 0,
                "total": 0
              }
            },
            {
              "batter": "MMMS Cooray",
              "bowler": "N Balasooriya",
              "non_striker": "DN Wellalage",
              "runs": {
                "batter": 1,
                "extras": 0,
                "total": 1
              }
            },
            {
              "batter": "DN Wellalage",
              "bowler": "N Balasooriya",
              "non_striker": "MMMS Cooray",
              "runs": {
                "batter": 0,
                "extras": 0,
                "total": 0
              }
            },
            {
              "batter": "DN Wellalage",
              "bowler": "N Balasooriya",
              "non_striker": "MMMS Cooray",
              "runs": {
                "batter": 1,
                "extras": 0,
                "total": 1
              }
            }
          ]
        },
        {
          "over": 12,
          "deliveries": [
            {
              "batter": "DN Wellalage",
              "bowler": "R Gamage",
              "non_striker": "MMMS Cooray",
              "runs": {
                "batter": 0,
                "extras": 0,
                "total": 0
              }
            },
            {
              "batter": "DN Wellalage",
              "bowler": "R Gamage",
              "non_striker": "MMMS Cooray",
              "runs": {
                "batter": 1,
                "extras": 0,
                "total": 1
              }
            },
            {
              "batter": "MMMS Cooray",
              "bowler": "R Gamage",
              "non_striker": "DN Wellalage",
              "runs": {
                "batter": 1,
                "extras": 0,
                "total": 1
              }
            },
            {
              "batter": "DN Wellalage",
              "bowler": "R Gamage",
              "non_striker": "MMMS Cooray",
              "runs": {
                "batter": 1,
                "extras": 0,
                "total": 1
              }
            },
            {
              "batter": "MMMS Cooray",
              "bowler": "R Gamage",
              "non_striker": "DN Wellalage",
              "runs": {
                "batter": 1,
                "extras": 0,
                "total": 1
              }
            },
            {
              "batter": "DN Wellalage",
              "bowler": "R Gamage",
              "non_striker": "MMMS Cooray",
              "runs": {
                "batter": 6,
                "extras": 0,
                "total": 6
              }
            }
          ]
        },
        {
          "over": 13,
          "deliveries": [
            {
              "batter": "MMMS Cooray",
              "bowler": "NN Fernando",
              "non_striker": "DN Wellalage",
              "runs": {
                "batter": 4,
                "extras": 0,
                "total": 4
              }
            },
            {
              "batter": "MMMS Cooray",
              "bowler": "NN Fernando",
              "non_striker": "DN Wellalage",
              "runs": {
                "batter": 6,
                "extras": 0,
                "total": 6
              }
            },
            {
              "batter": "MMMS Cooray",
              "bowler": "NN Fernando",
              "non_striker": "DN Wellalage",
              "runs": {
                "batter": 1,
                "extras": 0,
                "total": 1
              }
            },
            {
              "batter": "DN Wellalage",
              "bowler": "NN Fernando",
              "non_striker": "MMMS Cooray",
              "runs": {
                "batter": 1,
                "extras": 0,
                "total": 1
              }
            },
            {
              "batter": "MMMS Cooray",
              "bowler": "NN Fernando",
              "non_striker": "DN Wellalage",
              "runs": {
                "batter": 4,
                "extras": 0,
                "total": 4
              }
            },
            {
              "batter": "MMMS Cooray",
              "bowler": "NN Fernando",
              "non_striker": "DN Wellalage",
              "runs": {
                "batter": 1,
                "extras": 0,
                "total": 1
              }
            }
          ]
        },
        {
          "over": 14,
          "deliveries": [
            {
              "batter": "MMMS Cooray",
              "bowler": "D Kappagoda",
              "non_striker": "DN Wellalage",
              "runs": {
                "batter": 0,
                "extras": 0,
                "total": 0
              }
            },
            {
              "batter": "MMMS Cooray",
              "bowler": "D Kappagoda",
              "non_striker": "DN Wellalage",
              "runs": {
                "batter": 0,
                "extras": 0,
                "total": 0
              }
            },
            {
              "batter": "MMMS Cooray",
              "bowler": "D Kappagoda",
              "non_striker": "DN Wellalage",
              "runs": {
                "batter": 1,
                "extras": 0,
                "total": 1
              }
            },
            {
              "batter": "DN Wellalage",
              "bowler": "D Kappagoda",
              "non_striker": "MMMS Cooray",
              "runs": {
                "batter": 2,
                "extras": 0,
                "total": 2
              }
            },
            {
              "batter": "DN Wellalage",
              "bowler": "D Kappagoda",
              "non_striker": "MMMS Cooray",
              "runs": {
                "batter": 0,
                "extras": 0,
                "total": 0
              }
            },
            {
              "batter": "DN Wellalage",
              "bowler": "D Kappagoda",
              "non_striker": "MMMS Cooray",
              "runs": {
                "batter": 4,
                "extras": 0,
                "total": 4
              }
            }
          ]
        },
        {
          "over": 15,
          "deliveries": [
            {
              "batter": "MMMS Cooray",
              "bowler": "R Gamage",
              "non_striker": "DN Wellalage",
              "runs": {
                "batter": 1,
                "extras": 0,
                "total": 1
              }
            },
            {
              "batter": "DN Wellalage",
              "bowler": "R Gamage",
              "non_striker": "MMMS Cooray",
              "runs": {
                "batter": 2,
                "extras": 0,
                "total": 2
              }
            },
            {
              "batter": "DN Wellalage",
              "bowler": "R Gamage",
              "non_striker": "MMMS Cooray",
              "runs": {
                "batter": 0,
                "extras": 0,
                "total": 0
              }
            },
            {
              "batter": "DN Wellalage",
              "bowler": "R Gamage",
              "non_striker": "MMMS Cooray",
              "runs": {
                "batter": 0,
                "extras": 0,
                "total": 0
              },
              "wickets": [
                {
                  "player_out": "DN Wellalage",
                  "fielders": [
                    {
                      "name": "N Balasooriya"
                    }
                  ],
                  "kind": "caught"
                }
              ]
            },
            {
              "batter": "M Lakshan",
              "bowler": "R Gamage",
              "non_striker": "MMMS Cooray",
              "runs": {
                "batter": 1,
                "extras": 0,
                "total": 1
              }
            },
            {
              "batter": "MMMS Cooray",
              "bowler": "R Gamage",
              "non_striker": "M Lakshan",
              "runs": {
                "batter": 1,
                "extras": 0,
                "total": 1
              }
            }
          ]
        },
        {
          "over": 16,
          "deliveries": [
            {
              "batter": "MMMS Cooray",
              "bowler": "N Balasooriya",
              "non_striker": "M Lakshan",
              "runs": {
                "batter": 1,
                "extras": 0,
                "total": 1
              }
            },
            {
              "batter": "M Lakshan",
              "bowler": "N Balasooriya",
              "non_striker": "MMMS Cooray",
              "runs": {
                "batter": 0,
                "extras": 0,
                "total": 0
              }
            },
            {
              "batter": "M Lakshan",
              "bowler": "N Balasooriya",
              "non_striker": "MMMS Cooray",
              "runs": {
                "batter": 1,
                "extras": 0,
                "total": 1
              }
            },
            {
              "batter": "MMMS Cooray",
              "bowler": "N Balasooriya",
              "non_striker": "M Lakshan",
              "runs": {
                "batter": 1,
                "extras": 0,
                "total": 1
              }
            },
            {
              "batter": "M Lakshan",
              "bowler": "N Balasooriya",
              "non_striker": "MMMS Cooray",
              "runs": {
                "batter": 2,
                "extras": 0,
                "total": 2
              }
            },
            {
              "batter": "M Lakshan",
              "bowler": "N Balasooriya",
              "non_striker": "MMMS Cooray",
              "runs": {
                "batter": 2,
                "extras": 0,
                "total": 2
              }
            }
          ]
        },
        {
          "over": 17,
          "deliveries": [
            {
              "batter": "MMMS Cooray",
              "bowler": "WACP Wijelath",
              "non_striker": "M Lakshan",
              "runs": {
                "batter": 1,
                "extras": 0,
                "total": 1
              }
            },
            {
              "batter": "M Lakshan",
              "bowler": "WACP Wijelath",
              "non_striker": "MMMS Cooray",
              "runs": {
                "batter": 1,
                "extras": 0,
                "total": 1
              }
            },
            {
              "batter": "MMMS Cooray",
              "bowler": "WACP Wijelath",
              "non_striker": "M Lakshan",
              "runs": {
                "batter": 6,
                "extras": 0,
                "total": 6
              }
            },
            {
              "batter": "MMMS Cooray",
              "bowler": "WACP Wijelath",
              "non_striker": "M Lakshan",
              "runs": {
                "batter": 0,
                "extras": 0,
                "total": 0
              }
            },
            {
              "batter": "MMMS Cooray",
              "bowler": "WACP Wijelath",
              "non_striker": "M Lakshan",
              "runs": {
                "batter": 2,
                "extras": 0,
                "total": 2
              }
            },
            {
              "batter": "MMMS Cooray",
              "bowler": "WACP Wijelath",
              "non_striker": "M Lakshan",
              "runs": {
                "batter": 1,
                "extras": 0,
                "total": 1
              }
            }
          ]
        },
        {
          "over": 18,
          "deliveries": [
            {
              "batter": "MMMS Cooray",
              "bowler": "D Kappagoda",
              "non_striker": "M Lakshan",
              "runs": {
                "batter": 0,
                "extras": 0,
                "total": 0
              }
            },
            {
              "batter": "MMMS Cooray",
              "bowler": "D Kappagoda",
              "non_striker": "M Lakshan",
              "runs": {
                "batter": 2,
                "extras": 0,
                "total": 2
              }
            },
            {
              "batter": "MMMS Cooray",
              "bowler": "D Kappagoda",
              "non_striker": "M Lakshan",
              "runs": {
                "batter": 4,
                "extras": 0,
                "total": 4
              }
            },
            {
              "batter": "MMMS Cooray",
              "bowler": "D Kappagoda",
              "non_striker": "M Lakshan",
              "runs": {
                "batter": 1,
                "extras": 0,
                "total": 1
              }
            },
            {
              "batter": "M Lakshan",
              "bowler": "D Kappagoda",
              "non_striker": "MMMS Cooray",
              "runs": {
                "batter": 0,
                "extras": 0,
                "total": 0
              },
              "wickets": [
                {
                  "player_out": "M Lakshan",
                  "fielders": [
                    {
                      "name": "NN Fernando"
                    }
                  ],
                  "kind": "caught"
                }
              ]
            },
            {
              "batter": "K Anjula",
              "bowler": "D Kappagoda",
              "non_striker": "MMMS Cooray",
              "runs": {
                "batter": 0,
                "extras": 0,
                "total": 0
              }
            }
          ]
        },
        {
          "over": 19,
          "deliveries": [
            {
              "batter": "MMMS Cooray",
              "bowler": "C Jayathilake",
              "non_striker": "K Anjula",
              "runs": {
                "batter": 1,
                "extras": 0,
                "total": 1
              }
            },
            {
              "batter": "K Anjula",
              "bowler": "C Jayathilake",
              "non_striker": "MMMS Cooray",
              "runs": {
                "batter": 4,
                "extras": 0,
                "total": 4
              }
            },
            {
              "batter": "K Anjula",
              "bowler": "C Jayathilake",
              "non_striker": "MMMS Cooray",
              "runs": {
                "batter": 0,
                "extras": 0,
                "total": 0
              }
            },
            {
              "batter": "K Anjula",
              "bowler": "C Jayathilake",
              "non_striker": "MMMS Cooray",
              "runs": {
                "batter": 1,
                "extras": 0,
                "total": 1
              }
            },
            {
              "batter": "MMMS Cooray",
              "bowler": "C Jayathilake",
              "non_striker": "K Anjula",
              "runs": {
                "batter": 0,
                "extras": 0,
                "total": 0
              }
            },
            {
              "batter": "MMMS Cooray",
              "bowler": "C Jayathilake",
              "non_striker": "K Anjula",
              "runs": {
                "batter": 1,
                "extras": 0,
                "total": 1
              }
            }
          ]
        }
      ],
      "powerplays": [
        {
          "from": 0.1,
          "to": 5.6,
          "type": "mandatory"
        }
      ]
    },
    {
      "team": "Police Sports Club",
      "overs": [
        {
          "over": 0,
          "deliveries": [
            {
              "batter": "Vishad Randika",
              "bowler": "D Madushanka",
              "non_striker": "N Balasooriya",
              "runs": {
                "batter": 0,
                "extras": 0,
                "total": 0
              }
            },
            {
              "batter": "Vishad Randika",
              "bowler": "D Madushanka",
              "non_striker": "N Balasooriya",
              "runs": {
                "batter": 0,
                "extras": 0,
                "total": 0
              }
            },
            {
              "batter": "Vishad Randika",
              "bowler": "D Madushanka",
              "non_striker": "N Balasooriya",
              "runs": {
                "batter": 1,
                "extras": 0,
                "total": 1
              }
            },
            {
              "batter": "N Balasooriya",
              "bowler": "D Madushanka",
              "non_striker": "Vishad Randika",
              "runs": {
                "batter": 0,
                "extras": 0,
                "total": 0
              }
            },
            {
              "batter": "N Balasooriya",
              "bowler": "D Madushanka",
              "non_striker": "Vishad Randika",
              "runs": {
                "batter": 0,
                "extras": 0,
                "total": 0
              },
              "wickets": [
                {
                  "player_out": "N Balasooriya",
                  "kind": "bowled"
                }
              ]
            },
            {
              "batter": "HMCB Jayathilake",
              "bowler": "D Madushanka",
              "extras": {
                "legbyes": 1
              },
              "non_striker": "Vishad Randika",
              "runs": {
                "batter": 0,
                "extras": 1,
                "total": 1
              }
            }
          ]
        },
        {
          "over": 1,
          "deliveries": [
            {
              "batter": "HMCB Jayathilake",
              "bowler": "DN Wellalage",
              "non_striker": "Vishad Randika",
              "runs": {
                "batter": 1,
                "extras": 0,
                "total": 1
              }
            },
            {
              "batter": "Vishad Randika",
              "bowler": "DN Wellalage",
              "non_striker": "HMCB Jayathilake",
              "runs": {
                "batter": 0,
                "extras": 0,
                "total": 0
              }
            },
            {
              "batter": "Vishad Randika",
              "bowler": "DN Wellalage",
              "non_striker": "HMCB Jayathilake",
              "runs": {
                "batter": 0,
                "extras": 0,
                "total": 0
              }
            },
            {
              "batter": "Vishad Randika",
              "bowler": "DN Wellalage",
              "non_striker": "HMCB Jayathilake",
              "runs": {
                "batter": 1,
                "extras": 0,
                "total": 1
              }
            },
            {
              "batter": "HMCB Jayathilake",
              "bowler": "DN Wellalage",
              "extras": {
                "wides": 5
              },
              "non_striker": "Vishad Randika",
              "runs": {
                "batter": 0,
                "extras": 5,
                "total": 5
              }
            },
            {
              "batter": "HMCB Jayathilake",
              "bowler": "DN Wellalage",
              "non_striker": "Vishad Randika",
              "runs": {
                "batter": 6,
                "extras": 0,
                "total": 6
              }
            },
            {
              "batter": "HMCB Jayathilake",
              "bowler": "DN Wellalage",
              "non_striker": "Vishad Randika",
              "runs": {
                "batter": 0,
                "extras": 0,
                "total": 0
              }
            }
          ]
        },
        {
          "over": 2,
          "deliveries": [
            {
              "batter": "Vishad Randika",
              "bowler": "D Madushanka",
              "non_striker": "HMCB Jayathilake",
              "runs": {
                "batter": 0,
                "extras": 0,
                "total": 0
              }
            },
            {
              "batter": "Vishad Randika",
              "bowler": "D Madushanka",
              "non_striker": "HMCB Jayathilake",
              "runs": {
                "batter": 4,
                "extras": 0,
                "total": 4
              }
            },
            {
              "batter": "Vishad Randika",
              "bowler": "D Madushanka",
              "non_striker": "HMCB Jayathilake",
              "runs": {
                "batter": 0,
                "extras": 0,
                "total": 0
              }
            },
            {
              "batter": "Vishad Randika",
              "bowler": "D Madushanka",
              "extras": {
                "wides": 1
              },
              "non_striker": "HMCB Jayathilake",
              "runs": {
                "batter": 0,
                "extras": 1,
                "total": 1
              }
            },
            {
              "batter": "Vishad Randika",
              "bowler": "D Madushanka",
              "non_striker": "HMCB Jayathilake",
              "runs": {
                "batter": 1,
                "extras": 0,
                "total": 1
              }
            },
            {
              "batter": "HMCB Jayathilake",
              "bowler": "D Madushanka",
              "non_striker": "Vishad Randika",
              "runs": {
                "batter": 1,
                "extras": 0,
                "total": 1
              }
            },
            {
              "batter": "Vishad Randika",
              "bowler": "D Madushanka",
              "non_striker": "HMCB Jayathilake",
              "runs": {
                "batter": 0,
                "extras": 0,
                "total": 0
              }
            }
          ]
        },
        {
          "over": 3,
          "deliveries": [
            {
              "batter": "HMCB Jayathilake",
              "bowler": "DN Wellalage",
              "non_striker": "Vishad Randika",
              "runs": {
                "batter": 0,
                "extras": 0,
                "total": 0
              }
            },
            {
              "batter": "HMCB Jayathilake",
              "bowler": "DN Wellalage",
              "non_striker": "Vishad Randika",
              "runs": {
                "batter": 6,
                "extras": 0,
                "total": 6
              }
            },
            {
              "batter": "HMCB Jayathilake",
              "bowler": "DN Wellalage",
              "non_striker": "Vishad Randika",
              "runs": {
                "batter": 2,
                "extras": 0,
                "total": 2
              }
            },
            {
              "batter": "HMCB Jayathilake",
              "bowler": "DN Wellalage",
              "non_striker": "Vishad Randika",
              "runs": {
                "batter": 4,
                "extras": 0,
                "total": 4
              }
            },
            {
              "batter": "HMCB Jayathilake",
              "bowler": "DN Wellalage",
              "non_striker": "Vishad Randika",
              "runs": {
                "batter": 0,
                "extras": 0,
                "total": 0
              }
            },
            {
              "batter": "HMCB Jayathilake",
              "bowler": "DN Wellalage",
              "non_striker": "Vishad Randika",
              "runs": {
                "batter": 1,
                "extras": 0,
                "total": 1
              }
            }
          ]
        },
        {
          "over": 4,
          "deliveries": [
            {
              "batter": "HMCB Jayathilake",
              "bowler": "K Anjula",
              "non_striker": "Vishad Randika",
              "runs": {
                "batter": 0,
                "extras": 0,
                "total": 0
              }
            },
            {
              "batter": "HMCB Jayathilake",
              "bowler": "K Anjula",
              "non_striker": "Vishad Randika",
              "runs": {
                "batter": 1,
                "extras": 0,
                "total": 1
              }
            },
            {
              "batter": "Vishad Randika",
              "bowler": "K Anjula",
              "non_striker": "HMCB Jayathilake",
              "runs": {
                "batter": 1,
                "extras": 0,
                "total": 1
              }
            },
            {
              "batter": "HMCB Jayathilake",
              "bowler": "K Anjula",
              "non_striker": "Vishad Randika",
              "runs": {
                "batter": 6,
                "extras": 0,
                "total": 6
              }
            },
            {
              "batter": "HMCB Jayathilake",
              "bowler": "K Anjula",
              "non_striker": "Vishad Randika",
              "runs": {
                "batter": 0,
                "extras": 0,
                "total": 0
              }
            },
            {
              "batter": "HMCB Jayathilake",
              "bowler": "K Anjula",
              "non_striker": "Vishad Randika",
              "runs": {
                "batter": 1,
                "extras": 0,
                "total": 1
              }
            }
          ]
        },
        {
          "over": 5,
          "deliveries": [
            {
              "batter": "HMCB Jayathilake",
              "bowler": "S Krishnashriram",
              "non_striker": "Vishad Randika",
              "runs": {
                "batter": 0,
                "extras": 0,
                "total": 0
              }
            },
            {
              "batter": "HMCB Jayathilake",
              "bowler": "S Krishnashriram",
              "non_striker": "Vishad Randika",
              "runs": {
                "batter": 1,
                "extras": 0,
                "total": 1
              }
            },
            {
              "batter": "Vishad Randika",
              "bowler": "S Krishnashriram",
              "non_striker": "HMCB Jayathilake",
              "runs": {
                "batter": 0,
                "extras": 0,
                "total": 0
              }
            },
            {
              "batter": "Vishad Randika",
              "bowler": "S Krishnashriram",
              "non_striker": "HMCB Jayathilake",
              "runs": {
                "batter": 4,
                "extras": 0,
                "total": 4
              }
            },
            {
              "batter": "Vishad Randika",
              "bowler": "S Krishnashriram",
              "non_striker": "HMCB Jayathilake",
              "runs": {
                "batter": 1,
                "extras": 0,
                "total": 1
              }
            },
            {
              "batter": "HMCB Jayathilake",
              "bowler": "S Krishnashriram",
              "non_striker": "Vishad Randika",
              "runs": {
                "batter": 0,
                "extras": 0,
                "total": 0
              },
              "wickets": [
                {
                  "player_out": "HMCB Jayathilake",
                  "kind": "bowled"
                }
              ]
            }
          ]
        },
        {
          "over": 6,
          "deliveries": [
            {
              "batter": "Vishad Randika",
              "bowler": "M Lakshan",
              "non_striker": "D Induwara",
              "runs": {
                "batter": 0,
                "extras": 0,
                "total": 0
              }
            },
            {
              "batter": "Vishad Randika",
              "bowler": "M Lakshan",
              "extras": {
                "legbyes": 1
              },
              "non_striker": "D Induwara",
              "runs": {
                "batter": 0,
                "extras": 1,
                "total": 1
              }
            },
            {
              "batter": "D Induwara",
              "bowler": "M Lakshan",
              "non_striker": "Vishad Randika",
              "runs": {
                "batter": 0,
                "extras": 0,
                "total": 0
              }
            },
            {
              "batter": "D Induwara",
              "bowler": "M Lakshan",
              "non_striker": "Vishad Randika",
              "runs": {
                "batter": 1,
                "extras": 0,
                "total": 1
              }
            },
            {
              "batter": "Vishad Randika",
              "bowler": "M Lakshan",
              "non_striker": "D Induwara",
              "runs": {
                "batter": 1,
                "extras": 0,
                "total": 1
              }
            },
            {
              "batter": "D Induwara",
              "bowler": "M Lakshan",
              "non_striker": "Vishad Randika",
              "runs": {
                "batter": 1,
                "extras": 0,
                "total": 1
              }
            }
          ]
        },
        {
          "over": 7,
          "deliveries": [
            {
              "batter": "D Induwara",
              "bowler": "S Krishnashriram",
              "non_striker": "Vishad Randika",
              "runs": {
                "batter": 0,
                "extras": 0,
                "total": 0
              }
            },
            {
              "batter": "D Induwara",
              "bowler": "S Krishnashriram",
              "non_striker": "Vishad Randika",
              "runs": {
                "batter": 1,
                "extras": 0,
                "total": 1
              }
            },
            {
              "batter": "Vishad Randika",
              "bowler": "S Krishnashriram",
              "non_striker": "D Induwara",
              "runs": {
                "batter": 0,
                "extras": 0,
                "total": 0
              }
            },
            {
              "batter": "Vishad Randika",
              "bowler": "S Krishnashriram",
              "non_striker": "D Induwara",
              "runs": {
                "batter": 1,
                "extras": 0,
                "total": 1
              }
            },
            {
              "batter": "D Induwara",
              "bowler": "S Krishnashriram",
              "non_striker": "Vishad Randika",
              "runs": {
                "batter": 1,
                "extras": 0,
                "total": 1
              }
            },
            {
              "batter": "Vishad Randika",
              "bowler": "S Krishnashriram",
              "non_striker": "D Induwara",
              "runs": {
                "batter": 0,
                "extras": 0,
                "total": 0
              }
            }
          ]
        },
        {
          "over": 8,
          "deliveries": [
            {
              "batter": "D Induwara",
              "bowler": "M Lakshan",
              "non_striker": "Vishad Randika",
              "runs": {
                "batter": 1,
                "extras": 0,
                "total": 1
              }
            },
            {
              "batter": "Vishad Randika",
              "bowler": "M Lakshan",
              "non_striker": "D Induwara",
              "runs": {
                "batter": 1,
                "extras": 0,
                "total": 1
              }
            },
            {
              "batter": "D Induwara",
              "bowler": "M Lakshan",
              "non_striker": "Vishad Randika",
              "runs": {
                "batter": 0,
                "extras": 0,
                "total": 0
              }
            },
            {
              "batter": "D Induwara",
              "bowler": "M Lakshan",
              "non_striker": "Vishad Randika",
              "runs": {
                "batter": 0,
                "extras": 0,
                "total": 0
              }
            },
            {
              "batter": "D Induwara",
              "bowler": "M Lakshan",
              "non_striker": "Vishad Randika",
              "runs": {
                "batter": 1,
                "extras": 0,
                "total": 1
              }
            },
            {
              "batter": "Vishad Randika",
              "bowler": "M Lakshan",
              "non_striker": "D Induwara",
              "runs": {
                "batter": 1,
                "extras": 0,
                "total": 1
              }
            }
          ]
        },
        {
          "over": 9,
          "deliveries": [
            {
              "batter": "Vishad Randika",
              "bowler": "WRKS Darshika",
              "non_striker": "D Induwara",
              "runs": {
                "batter": 1,
                "extras": 0,
                "total": 1
              }
            },
            {
              "batter": "D Induwara",
              "bowler": "WRKS Darshika",
              "non_striker": "Vishad Randika",
              "runs": {
                "batter": 0,
                "extras": 0,
                "total": 0
              }
            },
            {
              "batter": "D Induwara",
              "bowler": "WRKS Darshika",
              "non_striker": "Vishad Randika",
              "runs": {
                "batter": 0,
                "extras": 0,
                "total": 0
              },
              "wickets": [
                {
                  "player_out": "D Induwara",
                  "fielders": [
                    {
                      "name": "M Lakshan"
                    }
                  ],
                  "kind": "caught"
                }
              ]
            },
            {
              "batter": "R Gamage",
              "bowler": "WRKS Darshika",
              "non_striker": "Vishad Randika",
              "runs": {
                "batter": 1,
                "extras": 0,
                "total": 1
              }
            },
            {
              "batter": "Vishad Randika",
              "bowler": "WRKS Darshika",
              "non_striker": "R Gamage",
              "runs": {
                "batter": 0,
                "extras": 0,
                "total": 0
              }
            },
            {
              "batter": "Vishad Randika",
              "bowler": "WRKS Darshika",
              "non_striker": "R Gamage",
              "runs": {
                "batter": 1,
                "extras": 0,
                "total": 1
              }
            }
          ]
        },
        {
          "over": 10,
          "deliveries": [
            {
              "batter": "Vishad Randika",
              "bowler": "S Krishnashriram",
              "non_striker": "R Gamage",
              "runs": {
                "batter": 0,
                "extras": 0,
                "total": 0
              }
            },
            {
              "batter": "Vishad Randika",
              "bowler": "S Krishnashriram",
              "non_striker": "R Gamage",
              "runs": {
                "batter": 1,
                "extras": 0,
                "total": 1
              }
            },
            {
              "batter": "R Gamage",
              "bowler": "S Krishnashriram",
              "non_striker": "Vishad Randika",
              "runs": {
                "batter": 0,
                "extras": 0,
                "total": 0
              },
              "wickets": [
                {
                  "player_out": "R Gamage",
                  "fielders": [
                    {
                      "name": "T Wimaladharma"
                    }
                  ],
                  "kind": "caught"
                }
              ]
            },
            {
              "batter": "VAI Akash",
              "bowler": "S Krishnashriram",
              "non_striker": "Vishad Randika",
              "runs": {
                "batter": 0,
                "extras": 0,
                "total": 0
              }
            },
            {
              "batter": "VAI Akash",
              "bowler": "S Krishnashriram",
              "non_striker": "Vishad Randika",
              "runs": {
                "batter": 1,
                "extras": 0,
                "total": 1
              }
            },
            {
              "batter": "Vishad Randika",
              "bowler": "S Krishnashriram",
              "non_striker": "VAI Akash",
              "runs": {
                "batter": 1,
                "extras": 0,
                "total": 1
              }
            }
          ]
        },
        {
          "over": 11,
          "deliveries": [
            {
              "batter": "Vishad Randika",
              "bowler": "WRKS Darshika",
              "non_striker": "VAI Akash",
              "runs": {
                "batter": 6,
                "extras": 0,
                "total": 6
              }
            },
            {
              "batter": "Vishad Randika",
              "bowler": "WRKS Darshika",
              "non_striker": "VAI Akash",
              "runs": {
                "batter": 1,
                "extras": 0,
                "total": 1
              }
            },
            {
              "batter": "VAI Akash",
              "bowler": "WRKS Darshika",
              "non_striker": "Vishad Randika",
              "runs": {
                "batter": 0,
                "extras": 0,
                "total": 0
              }
            },
            {
              "batter": "VAI Akash",
              "bowler": "WRKS Darshika",
              "non_striker": "Vishad Randika",
              "runs": {
                "batter": 1,
                "extras": 0,
                "total": 1
              }
            },
            {
              "batter": "Vishad Randika",
              "bowler": "WRKS Darshika",
              "non_striker": "VAI Akash",
              "runs": {
                "batter": 0,
                "extras": 0,
                "total": 0
              }
            },
            {
              "batter": "Vishad Randika",
              "bowler": "WRKS Darshika",
              "non_striker": "VAI Akash",
              "runs": {
                "batter": 1,
                "extras": 0,
                "total": 1
              }
            }
          ]
        },
        {
          "over": 12,
          "deliveries": [
            {
              "batter": "Vishad Randika",
              "bowler": "S Krishnashriram",
              "non_striker": "VAI Akash",
              "runs": {
                "batter": 0,
                "extras": 0,
                "total": 0
              }
            },
            {
              "batter": "Vishad Randika",
              "bowler": "S Krishnashriram",
              "non_striker": "VAI Akash",
              "runs": {
                "batter": 0,
                "extras": 0,
                "total": 0
              }
            },
            {
              "batter": "Vishad Randika",
              "bowler": "S Krishnashriram",
              "non_striker": "VAI Akash",
              "runs": {
                "batter": 0,
                "extras": 0,
                "total": 0
              },
              "wickets": [
                {
                  "player_out": "Vishad Randika",
                  "fielders": [
                    {
                      "name": "DN Wellalage"
                    }
                  ],
                  "kind": "caught"
                }
              ]
            },
            {
              "batter": "NN Fernando",
              "bowler": "S Krishnashriram",
              "non_striker": "VAI Akash",
              "runs": {
                "batter": 1,
                "extras": 0,
                "total": 1
              }
            },
            {
              "batter": "VAI Akash",
              "bowler": "S Krishnashriram",
              "non_striker": "NN Fernando",
              "runs": {
                "batter": 0,
                "extras": 0,
                "total": 0
              }
            },
            {
              "batter": "VAI Akash",
              "bowler": "S Krishnashriram",
              "non_striker": "NN Fernando",
              "runs": {
                "batter": 0,
                "extras": 0,
                "total": 0
              }
            }
          ]
        },
        {
          "over": 13,
          "deliveries": [
            {
              "batter": "NN Fernando",
              "bowler": "DN Wellalage",
              "non_striker": "VAI Akash",
              "runs": {
                "batter": 1,
                "extras": 0,
                "total": 1
              }
            },
            {
              "batter": "VAI Akash",
              "bowler": "DN Wellalage",
              "non_striker": "NN Fernando",
              "runs": {
                "batter": 4,
                "extras": 0,
                "total": 4
              }
            },
            {
              "batter": "VAI Akash",
              "bowler": "DN Wellalage",
              "non_striker": "NN Fernando",
              "runs": {
                "batter": 0,
                "extras": 0,
                "total": 0
              },
              "wickets": [
                {
                  "player_out": "VAI Akash",
                  "kind": "bowled"
                }
              ]
            },
            {
              "batter": "D Kappagoda",
              "bowler": "DN Wellalage",
              "non_striker": "NN Fernando",
              "runs": {
                "batter": 0,
                "extras": 0,
                "total": 0
              }
            },
            {
              "batter": "D Kappagoda",
              "bowler": "DN Wellalage",
              "non_striker": "NN Fernando",
              "runs": {
                "batter": 0,
                "extras": 0,
                "total": 0
              }
            },
            {
              "batter": "D Kappagoda",
              "bowler": "DN Wellalage",
              "non_striker": "NN Fernando",
              "runs": {
                "batter": 1,
                "extras": 0,
                "total": 1
              }
            }
          ]
        },
        {
          "over": 14,
          "deliveries": [
            {
              "batter": "D Kappagoda",
              "bowler": "M Lakshan",
              "non_striker": "NN Fernando",
              "runs": {
                "batter": 0,
                "extras": 0,
                "total": 0
              }
            },
            {
              "batter": "D Kappagoda",
              "bowler": "M Lakshan",
              "non_striker": "NN Fernando",
              "runs": {
                "batter": 1,
                "extras": 0,
                "total": 1
              }
            },
            {
              "batter": "NN Fernando",
              "bowler": "M Lakshan",
              "non_striker": "D Kappagoda",
              "runs": {
                "batter": 1,
                "extras": 0,
                "total": 1
              }
            },
            {
              "batter": "D Kappagoda",
              "bowler": "M Lakshan",
              "non_striker": "NN Fernando",
              "runs": {
                "batter": 0,
                "extras": 0,
                "total": 0
              }
            },
            {
              "batter": "D Kappagoda",
              "bowler": "M Lakshan",
              "non_striker": "NN Fernando",
              "runs": {
                "batter": 0,
                "extras": 0,
                "total": 0
              }
            },
            {
              "batter": "D Kappagoda",
              "bowler": "M Lakshan",
              "non_striker": "NN Fernando",
              "runs": {
                "batter": 0,
                "extras": 0,
                "total": 0
              }
            }
          ]
        },
        {
          "over": 15,
          "deliveries": [
            {
              "batter": "NN Fernando",
              "bowler": "DN Wellalage",
              "non_striker": "D Kappagoda",
              "runs": {
                "batter": 1,
                "extras": 0,
                "total": 1
              }
            },
            {
              "batter": "D Kappagoda",
              "bowler": "DN Wellalage",
              "non_striker": "NN Fernando",
              "runs": {
                "batter": 0,
                "extras": 0,
                "total": 0
              }
            },
            {
              "batter": "D Kappagoda",
              "bowler": "DN Wellalage",
              "non_striker": "NN Fernando",
              "runs": {
                "batter": 1,
                "extras": 0,
                "total": 1
              }
            },
            {
              "batter": "NN Fernando",
              "bowler": "DN Wellalage",
              "non_striker": "D Kappagoda",
              "runs": {
                "batter": 1,
                "extras": 0,
                "total": 1
              }
            },
            {
              "batter": "D Kappagoda",
              "bowler": "DN Wellalage",
              "non_striker": "NN Fernando",
              "runs": {
                "batter": 1,
                "extras": 0,
                "total": 1
              }
            },
            {
              "batter": "NN Fernando",
              "bowler": "DN Wellalage",
              "non_striker": "D Kappagoda",
              "runs": {
                "batter": 1,
                "extras": 0,
                "total": 1
              }
            }
          ]
        },
        {
          "over": 16,
          "deliveries": [
            {
              "batter": "NN Fernando",
              "bowler": "M Lakshan",
              "non_striker": "D Kappagoda",
              "runs": {
                "batter": 2,
                "extras": 0,
                "total": 2
              }
            },
            {
              "batter": "NN Fernando",
              "bowler": "M Lakshan",
              "non_striker": "D Kappagoda",
              "runs": {
                "batter": 2,
                "extras": 0,
                "total": 2
              }
            },
            {
              "batter": "NN Fernando",
              "bowler": "M Lakshan",
              "non_striker": "D Kappagoda",
              "runs": {
                "batter": 0,
                "extras": 0,
                "total": 0
              }
            },
            {
              "batter": "NN Fernando",
              "bowler": "M Lakshan",
              "non_striker": "D Kappagoda",
              "runs": {
                "batter": 0,
                "extras": 0,
                "total": 0
              }
            },
            {
              "batter": "NN Fernando",
              "bowler": "M Lakshan",
              "non_striker": "D Kappagoda",
              "runs": {
                "batter": 0,
                "extras": 0,
                "total": 0
              },
              "wickets": [
                {
                  "player_out": "NN Fernando",
                  "kind": "bowled"
                }
              ]
            },
            {
              "batter": "C Jayathilake",
              "bowler": "M Lakshan",
              "non_striker": "D Kappagoda",
              "runs": {
                "batter": 0,
                "extras": 0,
                "total": 0
              }
            }
          ]
        },
        {
          "over": 17,
          "deliveries": [
            {
              "batter": "D Kappagoda",
              "bowler": "WRKS Darshika",
              "non_striker": "C Jayathilake",
              "runs": {
                "batter": 6,
                "extras": 0,
                "total": 6
              }
            },
            {
              "batter": "D Kappagoda",
              "bowler": "WRKS Darshika",
              "non_striker": "C Jayathilake",
              "runs": {
                "batter": 0,
                "extras": 0,
                "total": 0
              }
            },
            {
              "batter": "D Kappagoda",
              "bowler": "WRKS Darshika",
              "non_striker": "C Jayathilake",
              "runs": {
                "batter": 1,
                "extras": 0,
                "total": 1
              }
            },
            {
              "batter": "C Jayathilake",
              "bowler": "WRKS Darshika",
              "non_striker": "D Kappagoda",
              "runs": {
                "batter": 0,
                "extras": 0,
                "total": 0
              }
            },
            {
              "batter": "C Jayathilake",
              "bowler": "WRKS Darshika",
              "non_striker": "D Kappagoda",
              "runs": {
                "batter": 0,
                "extras": 0,
                "total": 0
              }
            },
            {
              "batter": "C Jayathilake",
              "bowler": "WRKS Darshika",
              "non_striker": "D Kappagoda",
              "runs": {
                "batter": 1,
                "extras": 0,
                "total": 1
              }
            }
          ]
        },
        {
          "over": 18,
          "deliveries": [
            {
              "batter": "C Jayathilake",
              "bowler": "D Madushanka",
              "non_striker": "D Kappagoda",
              "runs": {
                "batter": 1,
                "extras": 0,
                "total": 1
              }
            },
            {
              "batter": "D Kappagoda",
              "bowler": "D Madushanka",
              "non_striker": "C Jayathilake",
              "runs": {
                "batter": 1,
                "extras": 0,
                "total": 1
              }
            },
            {
              "batter": "C Jayathilake",
              "bowler": "D Madushanka",
              "non_striker": "D Kappagoda",
              "runs": {
                "batter": 1,
                "extras": 0,
                "total": 1
              }
            },
            {
              "batter": "D Kappagoda",
              "bowler": "D Madushanka",
              "non_striker": "C Jayathilake",
              "runs": {
                "batter": 1,
                "extras": 0,
                "total": 1
              }
            },
            {
              "batter": "C Jayathilake",
              "bowler": "D Madushanka",
              "non_striker": "D Kappagoda",
              "runs": {
                "batter": 0,
                "extras": 0,
                "total": 0
              },
              "wickets": [
                {
                  "player_out": "C Jayathilake",
                  "fielders": [
                    {
                      "name": "M Lakshan"
                    }
                  ],
                  "kind": "caught"
                }
              ]
            },
            {
              "batter": "T Palihawadana",
              "bowler": "D Madushanka",
              "non_striker": "D Kappagoda",
              "runs": {
                "batter": 0,
                "extras": 0,
                "total": 0
              },
              "wickets": [
                {
                  "player_out": "T Palihawadana",
                  "kind": "lbw"
                }
              ]
            }
          ]
        },
        {
          "over": 19,
          "deliveries": [
            {
              "batter": "D Kappagoda",
              "bowler": "K Anjula",
              "non_striker": "WACP Wijelath",
              "runs": {
                "batter": 0,
                "extras": 0,
                "total": 0
              }
            },
            {
              "batter": "D Kappagoda",
              "bowler": "K Anjula",
              "non_striker": "WACP Wijelath",
              "runs": {
                "batter": 0,
                "extras": 0,
                "total": 0
              }
            },
            {
              "batter": "D Kappagoda",
              "bowler": "K Anjula",
              "non_striker": "WACP Wijelath",
              "runs": {
                "batter": 0,
                "extras": 0,
                "total": 0
              }
            },
            {
              "batter": "D Kappagoda",
              "bowler": "K Anjula",
              "non_striker": "WACP Wijelath",
              "runs": {
                "batter": 0,
                "extras": 0,
                "total": 0
              }
            },
            {
              "batter": "D Kappagoda",
              "bowler": "K Anjula",
              "non_striker": "WACP Wijelath",
              "runs": {
                "batter": 0,
                "extras": 0,
                "total": 0
              }
            },
            {
              "batter": "D Kappagoda",
              "bowler": "K Anjula",
              "non_striker": "WACP Wijelath",
              "runs": {
                "batter": 1,
                "extras": 0,
                "total": 1
              }
            }
          ]
        }
      ],
      "powerplays": [
        {
          "from": 0.1,
          "to": 5.6,
          "type": "mandatory"
        }
      ],
      "target": {
        "overs": 20,
        "runs": 167
      }
    }
  ]
}