{
  "meta": {
    "data_version": "1.1.0",
    "created": "2025-07-13",
    "revision": 1
  },
  "info": {
    "balls_per_over": 6,
    "city": "Colombo",
    "dates": [
      "2025-06-13"
    ],
    "event": {
      "name": "Major Clubs T20 Tournament",
      "stage": "Semi Final"
    },
    "gender": "male",
    "match_type": "T20",
    "officials": {
      "match_referees": [
        "PS Jayaprakashdaran"
      ],
      "reserve_umpires": [
        "BCN Amarasinghe"
      ],
      "umpires": [
        "IC Soysa",
        "RMPJ Rambukwella"
      ]
    },
    "outcome": {
      "winner": "Panadura Sports Club",
      "by": {
        "runs": 48
      },
      "method": "D/L"
    },
    "overs": 20,
    "players": {
      "Panadura Sports Club": [
        "JE Jayakodyge",
        "VS Halambage",
        "NT Gamage",
        "S Malshan",
        "N Vimukthi",
        "MADI Hemantha",
        "V Lahiru",
        "S Mihira",
        "ND Ahangamage",
        "Senitha Halambage",
        "KDA Manoj"
      ],
      "Nondescripts Cricket Club": [
        "N Dickwella",
        "J Shashen",
        "K Mishara",
        "SSD Arachchige",
        "Kaveen Bandara",
        "PVD Chameera",
        "C Karunaratne",
        "D Goonewardena",
        "RS Sayer",
        "M Pathirana",
        "L Embuldeniya"
      ]
    },
    "registry": {
      "people": {
        "BCN Amarasinghe": "ccd560d6",
        "C Karunaratne": "fb3e0d39",
        "D Goonewardena": "79d724e7",
        "IC Soysa": "717a7971",
        "J Shashen": "39b615aa",
        "JE Jayakodyge": "782ca295",
        "K Mishara": "65cebd5d",
        "KDA Manoj": "361c920a",
        "Kaveen Bandara": "fccb94c3",
        "L Embuldeniya": "b54b66b3",
        "M Pathirana": "64839cb3",
        "MADI Hemantha": "58431ca0",
        "N Dickwella": "45963d9e",
        "N Vimukthi": "b215a7be",
        "ND Ahangamage": "35a9b029",
        "NT Gamage": "f66b8839",
        "PS Jayaprakashdaran": "5e6c7237",
        "PVD Chameera": "327b58d3",
        "RMPJ Rambukwella": "13fa6ffc",
        "RS Sayer": "b01544ff",
        "S Malshan": "68581793",
        "S Mihira": "9cd00650",
        "SSD Arachchige": "c05f9d20",
        "Senitha Halambage": "eab6aa30",
        "V Lahiru": "26cd5968",
        "VS Halambage": "9531d48f"
      }
    },
    "season": "2025",
    "team_type": "club",
    "teams": [
      "Panadura Sports Club",
      "Nondescripts Cricket Club"
    ],
    "toss": {
      "decision": "bat",
      "winner": "Panadura Sports Club"
    },
    "venue": "Colombo Cricket Club Ground"
  },
  "innings": [
    {
      "team": "Panadura Sports Club",
      "overs": [
        {
          "over": 0,
          "deliveries": [
            {
              "batter": "JE Jayakodyge",
              "bowler": "C Karunaratne",
              "non_striker": "VS Halambage",
              "runs": {
                "batter": 0,
                "extras": 0,
                "total": 0
              }
            },
            {
              "batter": "JE Jayakodyge",
              "bowler": "C Karunaratne",
              "non_striker": "VS Halambage",
              "runs": {
                "batter": 1,
                "extras": 0,
                "total": 1
              }
            },
            {
              "batter": "VS Halambage",
              "bowler": "C Karunaratne",
              "non_striker": "JE Jayakodyge",
              "runs": {
                "batter": 1,
                "extras": 0,
                "total": 1
              }
            },
            {
              "batter": "JE Jayakodyge",
              "bowler": "C Karunaratne",
              "non_striker": "VS Halambage",
              "runs": {
                "batter": 0,
                "extras": 0,
                "total": 0
              }
            },
            {
              "batter": "JE Jayakodyge",
              "bowler": "C Karunaratne",
              "non_striker": "VS Halambage",
              "runs": {
                "batter": 0,
                "extras": 0,
                "total": 0
              }
            },
            {
              "batter": "JE Jayakodyge",
              "bowler": "C Karunaratne",
              "non_striker": "VS Halambage",
              "runs": {
                "batter": 2,
                "extras": 0,
                "total": 2
              }
            }
          ]
        },
        {
          "over": 1,
          "deliveries": [
            {
              "batter": "VS Halambage",
              "bowler": "PVD Chameera",
              "non_striker": "JE Jayakodyge",
              "runs": {
                "batter": 2,
                "extras": 0,
                "total": 2
              }
            },
            {
              "batter": "VS Halambage",
              "bowler": "PVD Chameera",
              "non_striker": "JE Jayakodyge",
              "runs": {
                "batter": 1,
                "extras": 0,
                "total": 1
              }
            },
            {
              "batter": "JE Jayakodyge",
              "bowler": "PVD Chameera",
              "non_striker": "VS Halambage",
              "runs": {
                "batter": 4,
                "extras": 0,
                "total": 4
              }
            },
            {
              "batter": "JE Jayakodyge",
              "bowler": "PVD Chameera",
              "non_striker": "VS Halambage",
              "runs": {
                "batter": 0,
                "extras": 0,
                "total": 0
              }
            },
            {
              "batter": "JE Jayakodyge",
              "bowler": "PVD Chameera",
              "non_striker": "VS Halambage",
              "runs": {
                "batter": 0,
                "extras": 0,
                "total": 0
              }
            },
            {
              "batter": "JE Jayakodyge",
              "bowler": "PVD Chameera",
              "non_striker": "VS Halambage",
              "runs": {
                "batter": 0,
                "extras": 0,
                "total": 0
              }
            }
          ]
        },
        {
          "over": 2,
          "deliveries": [
            {
              "batter": "VS Halambage",
              "bowler": "C Karunaratne",
              "non_striker": "JE Jayakodyge",
              "runs": {
                "batter": 6,
                "extras": 0,
                "total": 6
              }
            },
            {
              "batter": "VS Halambage",
              "bowler": "C Karunaratne",
              "non_striker": "JE Jayakodyge",
              "runs": {
                "batter": 4,
                "extras": 0,
                "total": 4
              }
            },
            {
              "batter": "VS Halambage",
              "bowler": "C Karunaratne",
              "non_striker": "JE Jayakodyge",
              "runs": {
                "batter": 0,
                "extras": 0,
                "total": 0
              }
            },
            {
              "batter": "VS Halambage",
              "bowler": "C Karunaratne",
              "non_striker": "JE Jayakodyge",
              "runs": {
                "batter": 0,
                "extras": 0,
                "total": 0
              }
            },
            {
              "batter": "VS Halambage",
              "bowler": "C Karunaratne",
              "non_striker": "JE Jayakodyge",
              "runs": {
                "batter": 6,
                "extras": 0,
                "total": 6
              }
            },
            {
              "batter": "VS Halambage",
              "bowler": "C Karunaratne",
              "non_striker": "JE Jayakodyge",
              "runs": {
                "batter": 4,
                "extras": 0,
                "total": 4
              }
            }
          ]
        },
        {
          "over": 3,
          "deliveries": [
            {
              "batter": "JE Jayakodyge",
              "bowler": "L Embuldeniya",
              "non_striker": "VS Halambage",
              "runs": {
                "batter": 4,
                "extras": 0,
                "total": 4
              }
            },
            {
              "batter": "JE Jayakodyge",
              "bowler": "L Embuldeniya",
              "non_striker": "VS Halambage",
              "runs": {
                "batter": 1,
                "extras": 0,
                "total": 1
              }
            },
            {
              "batter": "VS Halambage",
              "bowler": "L Embuldeniya",
              "non_striker": "JE Jayakodyge",
              "runs": {
                "batter": 0,
                "extras": 0,
                "total": 0
              }
            },
            {
              "batter": "VS Halambage",
              "bowler": "L Embuldeniya",
              "non_striker": "JE Jayakodyge",
              "runs": {
                "batter": 0,
                "extras": 0,
                "total": 0
              }
            },
            {
              "batter": "VS Halambage",
              "bowler": "L Embuldeniya",
              "non_striker": "JE Jayakodyge",
              "runs": {
                "batter": 4,
                "extras": 0,
                "total": 4
              }
            },
            {
              "batter": "VS Halambage",
              "bowler": "L Embuldeniya",
              "non_striker": "JE Jayakodyge",
              "runs": {
                "batter": 4,
                "extras": 0,
                "total": 4
              }
            }
          ]
        },
        {
          "over": 4,
          "deliveries": [
            {
              "batter": "JE Jayakodyge",
              "bowler": "M Pathirana",
              "non_striker": "VS Halambage",
              "runs": {
                "batter": 0,
                "extras": 0,
                "total": 0
              }
            },
            {
              "batter": "JE Jayakodyge",
              "bowler": "M Pathirana",
              "non_striker": "VS Halambage",
              "runs": {
                "batter": 0,
                "extras": 0,
                "total": 0
              }
            },
            {
              "batter": "JE Jayakodyge",
              "bowler": "M Pathirana",
              "non_striker": "VS Halambage",
              "runs": {
                "batter": 0,
                "extras": 0,
                "total": 0
              },
              "wickets": [
                {
                  "player_out": "JE Jayakodyge",
                  "fielders": [
                    {
                      "name": "RS Sayer"
                    }
                  ],
                  "kind": "caught"
                }
              ]
            },
            {
              "batter": "NT Gamage",
              "bowler": "M Pathirana",
              "non_striker": "VS Halambage",
              "runs": {
                "batter": 1,
                "extras": 0,
                "total": 1
              }
            },
            {
              "batter": "VS Halambage",
              "bowler": "M Pathirana",
              "non_striker": "NT Gamage",
              "runs": {
                "batter": 4,
                "extras": 0,
                "total": 4
              }
            },
            {
              "batter": "VS Halambage",
              "bowler": "M Pathirana",
              "extras": {
                "wides": 1
              },
              "non_striker": "NT Gamage",
              "runs": {
                "batter": 0,
                "extras": 1,
                "total": 1
              }
            },
            {
              "batter": "VS Halambage",
              "bowler": "M Pathirana",
              "non_striker": "NT Gamage",
              "runs": {
                "batter": 6,
                "extras": 0,
                "total": 6
              }
            }
          ]
        },
        {
          "over": 5,
          "deliveries": [
            {
              "batter": "NT Gamage",
              "bowler": "PVD Chameera",
              "non_striker": "VS Halambage",
              "runs": {
                "batter": 1,
                "extras": 0,
                "total": 1
              }
            },
            {
              "batter": "VS Halambage",
              "bowler": "PVD Chameera",
              "non_striker": "NT Gamage",
              "runs": {
                "batter": 1,
                "extras": 0,
                "total": 1
              }
            },
            {
              "batter": "NT Gamage",
              "bowler": "PVD Chameera",
              "non_striker": "VS Halambage",
              "runs": {
                "batter": 0,
                "extras": 0,
                "total": 0
              }
            },
            {
              "batter": "NT Gamage",
              "bowler": "PVD Chameera",
              "extras": {
                "legbyes": 1
              },
              "non_striker": "VS Halambage",
              "runs": {
                "batter": 0,
                "extras": 1,
                "total": 1
              }
            },
            {
              "batter": "VS Halambage",
              "bowler": "PVD Chameera",
              "non_striker": "NT Gamage",
              "runs": {
                "batter": 1,
                "extras": 0,
                "total": 1
              }
            },
            {
              "batter": "NT Gamage",
              "bowler": "PVD Chameera",
              "non_striker": "VS Halambage",
              "runs": {
                "batter": 0,
                "extras": 0,
                "total": 0
              },
              "wickets": [
                {
                  "player_out": "NT Gamage",
                  "kind": "bowled"
                }
              ]
            }
          ]
        },
        {
          "over": 6,
          "deliveries": [
            {
              "batter": "VS Halambage",
              "bowler": "RS Sayer",
              "extras": {
                "wides": 1
              },
              "non_striker": "S Malshan",
              "runs": {
                "batter": 0,
                "extras": 1,
                "total": 1
              }
            },
            {
              "batter": "VS Halambage",
              "bowler": "RS Sayer",
              "non_striker": "S Malshan",
              "runs": {
                "batter": 1,
                "extras": 0,
                "total": 1
              }
            },
            {
              "batter": "S Malshan",
              "bowler": "RS Sayer",
              "non_striker": "VS Halambage",
              "runs": {
                "batter": 0,
                "extras": 0,
                "total": 0
              }
            },
            {
              "batter": "S Malshan",
              "bowler": "RS Sayer",
              "non_striker": "VS Halambage",
              "runs": {
                "batter": 1,
                "extras": 0,
                "total": 1
              }
            },
            {
              "batter": "VS Halambage",
              "bowler": "RS Sayer",
              "non_striker": "S Malshan",
              "runs": {
                "batter": 6,
                "extras": 0,
                "total": 6
              }
            },
            {
              "batter": "VS Halambage",
              "bowler": "RS Sayer",
              "non_striker": "S Malshan",
              "runs": {
                "batter": 0,
                "extras": 0,
                "total": 0
              }
            },
            {
              "batter": "VS Halambage",
              "bowler": "RS Sayer",
              "non_striker": "S Malshan",
              "runs": {
                "batter": 0,
                "extras": 0,
                "total": 0
              }
            }
          ]
        },
        {
          "over": 7,
          "deliveries": [
            {
              "batter": "S Malshan",
              "bowler": "L Embuldeniya",
              "non_striker": "VS Halambage",
              "runs": {
                "batter": 0,
                "extras": 0,
                "total": 0
              }
            },
            {
              "batter": "S Malshan",
              "bowler": "L Embuldeniya",
              "non_striker": "VS Halambage",
              "runs": {
                "batter": 0,
                "extras": 0,
                "total": 0
              }
            },
            {
              "batter": "S Malshan",
              "bowler": "L Embuldeniya",
              "non_striker": "VS Halambage",
              "runs": {
                "batter": 1,
                "extras": 0,
                "total": 1
              }
            },
            {
              "batter": "VS Halambage",
              "bowler": "L Embuldeniya",
              "non_striker": "S Malshan",
              "runs": {
                "batter": 1,
                "extras": 0,
                "total": 1
              }
            },
            {
              "batter": "S Malshan",
              "bowler": "L Embuldeniya",
              "non_striker": "VS Halambage",
              "runs": {
                "batter": 0,
                "extras": 0,
                "total": 0
              }
            },
            {
              "batter": "S Malshan",
              "bowler": "L Embuldeniya",
              "non_striker": "VS Halambage",
              "runs": {
                "batter": 0,
                "extras": 0,
                "total": 0
              }
            }
          ]
        },
        {
          "over": 8,
          "deliveries": [
            {
              "batter": "VS Halambage",
              "bowler": "RS Sayer",
              "non_striker": "S Malshan",
              "runs": {
                "batter": 2,
                "extras": 0,
                "total": 2
              }
            },
            {
              "batter": "VS Halambage",
              "bowler": "RS Sayer",
              "non_striker": "S Malshan",
              "runs": {
                "batter": 1,
                "extras": 0,
                "total": 1
              }
            },
            {
              "batter": "S Malshan",
              "bowler": "RS Sayer",
              "non_striker": "VS Halambage",
              "runs": {
                "batter": 1,
                "extras": 0,
                "total": 1
              }
            },
            {
              "batter": "VS Halambage",
              "bowler": "RS Sayer",
              "non_striker": "S Malshan",
              "runs": {
                "batter": 0,
                "extras": 0,
                "total": 0
              }
            },
            {
              "batter": "VS Halambage",
              "bowler": "RS Sayer",
              "non_striker": "S Malshan",
              "runs": {
                "batter": 0,
                "extras": 0,
                "total": 0
              },
              "wickets": [
                {
                  "player_out": "VS Halambage",
                  "fielders": [
                    {
                      "name": "J Shashen"
                    }
                  ],
                  "kind": "caught"
                }
              ]
            },
            {
              "batter": "N Vimukthi",
              "bowler": "RS Sayer",
              "non_striker": "S Malshan",
              "runs": {
                "batter": 1,
                "extras": 0,
                "total": 1
              }
            }
          ]
        },
        {
          "over": 9,
          "deliveries": [
            {
              "batter": "N Vimukthi",
              "bowler": "L Embuldeniya",
              "extras": {
                "wides": 2
              },
              "non_striker": "S Malshan",
              "runs": {
                "batter": 0,
                "extras": 2,
                "total": 2
              }
            },
            {
              "batter": "S Malshan",
              "bowler": "L Embuldeniya",
              "non_striker": "N Vimukthi",
              "runs": {
                "batter": 1,
                "extras": 0,
                "total": 1
              }
            },
            {
              "batter": "N Vimukthi",
              "bowler": "L Embuldeniya",
              "non_striker": "S Malshan",
              "runs": {
                "batter": 1,
                "extras": 0,
                "total": 1
              }
            },
            {
              "batter": "S Malshan",
              "bowler": "L Embuldeniya",
              "non_striker": "N Vimukthi",
              "runs": {
                "batter": 0,
                "extras": 0,
                "total": 0
              },
              "wickets": [
                {
                  "player_out": "S Malshan",
                  "fielders": [
                    {
                      "name": "D Goonewardena"
                    }
                  ],
                  "kind": "caught"
                }
              ]
            },
            {
              "batter": "MADI Hemantha",
              "bowler": "L Embuldeniya",
              "non_striker": "N Vimukthi",
              "runs": {
                "batter": 1,
                "extras": 0,
                "total": 1
              }
            },
            {
              "batter": "N Vimukthi",
              "bowler": "L Embuldeniya",
              "non_striker": "MADI Hemantha",
              "runs": {
                "batter": 1,
                "extras": 0,
                "total": 1
              }
            },
            {
              "batter": "MADI Hemantha",
              "bowler": "L Embuldeniya",
              "non_striker": "N Vimukthi",
              "runs": {
                "batter": 0,
                "extras": 0,
                "total": 0
              }
            }
          ]
        },
        {
          "over": 10,
          "deliveries": [
            {
              "batter": "N Vimukthi",
              "bowler": "RS Sayer",
              "non_striker": "MADI Hemantha",
              "runs": {
                "batter": 1,
                "extras": 0,
                "total": 1
              }
            },
            {
              "batter": "MADI Hemantha",
              "bowler": "RS Sayer",
              "non_striker": "N Vimukthi",
              "runs": {
                "batter": 2,
                "extras": 0,
                "total": 2
              }
            },
            {
              "batter": "MADI Hemantha",
              "bowler": "RS Sayer",
              "non_striker": "N Vimukthi",
              "runs": {
                "batter": 0,
                "extras": 0,
                "total": 0
              }
            },
            {
              "batter": "MADI Hemantha",
              "bowler": "RS Sayer",
              "non_striker": "N Vimukthi",
              "runs": {
                "batter": 1,
                "extras": 0,
                "total": 1
              }
            },
            {
              "batter": "N Vimukthi",
              "bowler": "RS Sayer",
              "non_striker": "MADI Hemantha",
              "runs": {
                "batter": 1,
                "extras": 0,
                "total": 1
              }
            },
            {
              "batter": "MADI Hemantha",
              "bowler": "RS Sayer",
              "non_striker": "N Vimukthi",
              "runs": {
                "batter": 1,
                "extras": 0,
                "total": 1
              }
            }
          ]
        },
        {
          "over": 11,
          "deliveries": [
            {
              "batter": "MADI Hemantha",
              "bowler": "L Embuldeniya",
              "non_striker": "N Vimukthi",
              "runs": {
                "batter": 1,
                "extras": 0,
                "total": 1
              }
            },
            {
              "batter": "N Vimukthi",
              "bowler": "L Embuldeniya",
              "non_striker": "MADI Hemantha",
              "runs": {
                "batter": 0,
                "extras": 0,
                "total": 0
              }
            },
            {
              "batter": "N Vimukthi",
              "bowler": "L Embuldeniya",
              "non_striker": "MADI Hemantha",
              "runs": {
                "batter": 3,
                "extras": 0,
                "total": 3
              }
            },
            {
              "batter": "MADI Hemantha",
              "bowler": "L Embuldeniya",
              "non_striker": "N Vimukthi",
              "runs": {
                "batter": 0,
                "extras": 0,
                "total": 0
              }
            },
            {
              "batter": "MADI Hemantha",
              "bowler": "L Embuldeniya",
              "non_striker": "N Vimukthi",
              "runs": {
                "batter": 1,
                "extras": 0,
                "total": 1
              }
            },
            {
              "batter": "N Vimukthi",
              "bowler": "L Embuldeniya",
              "non_striker": "MADI Hemantha",
              "runs": {
                "batter": 0,
                "extras": 0,
                "total": 0
              }
            }
          ]
        },
        {
          "over": 12,
          "deliveries": [
            {
              "batter": "MADI Hemantha",
              "bowler": "RS Sayer",
              "non_striker": "N Vimukthi",
              "runs": {
                "batter": 0,
                "extras": 0,
                "total": 0
              }
            },
            {
              "batter": "MADI Hemantha",
              "bowler": "RS Sayer",
              "non_striker": "N Vimukthi",
              "runs": {
                "batter": 1,
                "extras": 0,
                "total": 1
              }
            },
            {
              "batter": "N Vimukthi",
              "bowler": "RS Sayer",
              "non_striker": "MADI Hemantha",
              "runs": {
                "batter": 0,
                "extras": 0,
                "total": 0
              }
            },
            {
              "batter": "N Vimukthi",
              "bowler": "RS Sayer",
              "non_striker": "MADI Hemantha",
              "runs": {
                "batter": 1,
                "extras": 0,
                "total": 1
              }
            },
            {
              "batter": "MADI Hemantha",
              "bowler": "RS Sayer",
              "non_striker": "N Vimukthi",
              "runs": {
                "batter": 2,
                "extras": 0,
                "total": 2
              }
            },
            {
              "batter": "MADI Hemantha",
              "bowler": "RS Sayer",
              "non_striker": "N Vimukthi",
              "runs": {
                "batter": 1,
                "extras": 0,
                "total": 1
              }
            }
          ]
        },
        {
          "over": 13,
          "deliveries": [
            {
              "batter": "MADI Hemantha",
              "bowler": "M Pathirana",
              "non_striker": "N Vimukthi",
              "runs": {
                "batter": 6,
                "extras": 0,
                "total": 6
              }
            },
            {
              "batter": "MADI Hemantha",
              "bowler": "M Pathirana",
              "non_striker": "N Vimukthi",
              "runs": {
                "batter": 1,
                "extras": 0,
                "total": 1
              }
            },
            {
              "batter": "N Vimukthi",
              "bowler": "M Pathirana",
              "non_striker": "MADI Hemantha",
              "runs": {
                "batter": 4,
                "extras": 0,
                "total": 4
              }
            },
            {
              "batter": "N Vimukthi",
              "bowler": "M Pathirana",
              "non_striker": "MADI Hemantha",
              "runs": {
                "batter": 1,
                "extras": 0,
                "total": 1
              }
            },
            {
              "batter": "MADI Hemantha",
              "bowler": "M Pathirana",
              "non_striker": "N Vimukthi",
              "runs": {
                "batter": 1,
                "extras": 0,
                "total": 1
              }
            },
            {
              "batter": "N Vimukthi",
              "bowler": "M Pathirana",
              "non_striker": "MADI Hemantha",
              "runs": {
                "batter": 0,
                "extras": 0,
                "total": 0
              }
            }
          ]
        },
        {
          "over": 14,
          "deliveries": [
            {
              "batter": "MADI Hemantha",
              "bowler": "SSD Arachchige",
              "non_striker": "N Vimukthi",
              "runs": {
                "batter": 1,
                "extras": 0,
                "total": 1
              }
            },
            {
              "batter": "N Vimukthi",
              "bowler": "SSD Arachchige",
              "non_striker": "MADI Hemantha",
              "runs": {
                "batter": 2,
                "extras": 0,
                "total": 2
              }
            },
            {
              "batter": "N Vimukthi",
              "bowler": "SSD Arachchige",
              "non_striker": "MADI Hemantha",
              "runs": {
                "batter": 2,
                "extras": 0,
                "total": 2
              }
            },
            {
              "batter": "N Vimukthi",
              "bowler": "SSD Arachchige",
              "non_striker": "MADI Hemantha",
              "runs": {
                "batter": 1,
                "extras": 0,
                "total": 1
              }
            },
            {
              "batter": "MADI Hemantha",
              "bowler": "SSD Arachchige",
              "non_striker": "N Vimukthi",
              "runs": {
                "batter": 1,
                "extras": 0,
                "total": 1
              }
            },
            {
              "batter": "N Vimukthi",
              "bowler": "SSD Arachchige",
              "non_striker": "MADI Hemantha",
              "runs": {
                "batter": 1,
                "extras": 0,
                "total": 1
              }
            }
          ]
        },
        {
          "over": 15,
          "deliveries": [
            {
              "batter": "N Vimukthi",
              "bowler": "PVD Chameera",
              "extras": {
                "legbyes": 1
              },
              "non_striker": "MADI Hemantha",
              "runs": {
                "batter": 0,
                "extras": 1,
                "total": 1
              }
            },
            {
              "batter": "MADI Hemantha",
              "bowler": "PVD Chameera",
              "non_striker": "N Vimukthi",
              "runs": {
                "batter": 0,
                "extras": 0,
                "total": 0
              },
              "wickets": [
                {
                  "player_out": "MADI Hemantha",
                  "kind": "bowled"
                }
              ]
            },
            {
              "batter": "V Lahiru",
              "bowler": "PVD Chameera",
              "non_striker": "N Vimukthi",
              "runs": {
                "batter": 1,
                "extras": 0,
                "total": 1
              }
            },
            {
              "batter": "N Vimukthi",
              "bowler": "PVD Chameera",
              "non_striker": "V Lahiru",
              "runs": {
                "batter": 0,
                "extras": 0,
                "total": 0
              }
            },
            {
              "batter": "N Vimukthi",
              "bowler": "PVD Chameera",
              "non_striker": "V Lahiru",
              "runs": {
                "batter": 4,
                "extras": 0,
                "total": 4
              }
            },
            {
              "batter": "N Vimukthi",
              "bowler": "PVD Chameera",
              "non_striker": "V Lahiru",
              "runs": {
                "batter": 0,
                "extras": 0,
                "total": 0
              }
            }
          ]
        },
        {
          "over": 16,
          "deliveries": [
            {
              "batter": "V Lahiru",
              "bowler": "M Pathirana",
              "non_striker": "N Vimukthi",
              "runs": {
                "batter": 1,
                "extras": 0,
                "total": 1
              }
            },
            {
              "batter": "N Vimukthi",
              "bowler": "M Pathirana",
              "non_striker": "V Lahiru",
              "runs": {
                "batter": 1,
                "extras": 0,
                "total": 1
              }
            },
            {
              "batter": "V Lahiru",
              "bowler": "M Pathirana",
              "non_striker": "N Vimukthi",
              "runs": {
                "batter": 1,
                "extras": 0,
                "total": 1
              }
            },
            {
              "batter": "N Vimukthi",
              "bowler": "M Pathirana",
              "non_striker": "V Lahiru",
              "runs": {
                "batter": 0,
                "extras": 0,
                "total": 0
              }
            },
            {
              "batter": "N Vimukthi",
              "bowler": "M Pathirana",
              "non_striker": "V Lahiru",
              "runs": {
                "batter": 6,
                "extras": 0,
                "total": 6
              }
            },
            {
              "batter": "N Vimukthi",
              "bowler": "M Pathirana",
              "extras": {
                "legbyes": 1
              },
              "non_striker": "V Lahiru",
              "runs": {
                "batter": 0,
                "extras": 1,
                "total": 1
              }
            }
          ]
        },
        {
          "over": 17,
          "deliveries": [
            {
              "batter": "N Vimukthi",
              "bowler": "PVD Chameera",
              "non_striker": "V Lahiru",
              "runs": {
                "batter": 0,
                "extras": 0,
                "total": 0
              }
            },
            {
              "batter": "N Vimukthi",
              "bowler": "PVD Chameera",
              "non_striker": "V Lahiru",
              "runs": {
                "batter": 0,
                "extras": 0,
                "total": 0
              }
            },
            {
              "batter": "N Vimukthi",
              "bowler": "PVD Chameera",
              "extras": {
                "legbyes": 1
              },
              "non_striker": "V Lahiru",
              "runs": {
                "batter": 0,
                "extras": 1,
                "total": 1
              }
            },
            {
              "batter": "V Lahiru",
              "bowler": "PVD Chameera",
              "non_striker": "N Vimukthi",
              "runs": {
                "batter": 0,
                "extras": 0,
                "total": 0
              }
            },
            {
              "batter": "V Lahiru",
              "bowler": "PVD Chameera",
              "extras": {
                "wides": 1
              },
              "non_striker": "N Vimukthi",
              "runs": {
                "batter": 0,
                "extras": 1,
                "total": 1
              }
            },
            {
              "batter": "V Lahiru",
              "bowler": "PVD Chameera",
              "non_striker": "N Vimukthi",
              "runs": {
                "batter": 1,
                "extras": 0,
                "total": 1
              }
            },
            {
              "batter": "N Vimukthi",
              "bowler": "PVD Chameera",
              "non_striker": "V Lahiru",
              "runs": {
                "batter": 0,
                "extras": 0,
                "total": 0
              }
            }
          ]
        },
        {
          "over": 18,
          "deliveries": [
            {
              "batter": "V Lahiru",
              "bowler": "M Pathirana",
              "extras": {
                "legbyes": 1
              },
              "non_striker": "N Vimukthi",
              "runs": {
                "batter": 0,
                "extras": 1,
                "total": 1
              }
            },
            {
              "batter": "N Vimukthi",
              "bowler": "M Pathirana",
              "extras": {
                "wides": 1
              },
              "non_striker": "V Lahiru",
              "runs": {
                "batter": 0,
                "extras": 1,
                "total": 1
              }
            },
            {
              "batter": "N Vimukthi",
              "bowler": "M Pathirana",
              "non_striker": "V Lahiru",
              "runs": {
                "batter": 0,
                "extras": 0,
                "total": 0
              }
            },
            {
              "batter": "N Vimukthi",
              "bowler": "M Pathirana",
              "non_striker": "V Lahiru",
              "runs": {
                "batter": 4,
                "extras": 0,
                "total": 4
              }
            },
            {
              "batter": "N Vimukthi",
              "bowler": "M Pathirana",
              "non_striker": "V Lahiru",
              "runs": {
                "batter": 6,
                "extras": 0,
                "total": 6
              }
            },
            {
              "batter": "N Vimukthi",
              "bowler": "M Pathirana",
              "non_striker": "V Lahiru",
              "runs": {
                "batter": 0,
                "extras": 0,
                "total": 0
              }
            },
            {
              "batter": "N Vimukthi",
              "bowler": "M Pathirana",
              "extras": {
                "wides": 5
              },
              "non_striker": "V Lahiru",
              "runs": {
                "batter": 0,
                "extras": 5,
                "total": 5
              }
            },
            {
              "batter": "N Vimukthi",
              "bowler": "M Pathirana",
              "non_striker": "V Lahiru",
              "runs": {
                "batter": 1,
                "extras": 0,
                "total": 1
              }
            }
          ]
        },
        {
          "over": 19,
          "deliveries": [
            {
              "batter": "N Vimukthi",
              "bowler": "C Karunaratne",
              "non_striker": "V Lahiru",
              "runs": {
                "batter": 1,
                "extras": 0,
                "total": 1
              }
            },
            {
              "batter": "V Lahiru",
              "bowler": "C Karunaratne",
              "non_striker": "N Vimukthi",
              "runs": {
                "batter": 1,
                "extras": 0,
                "total": 1
              }
            },
            {
              "batter": "N Vimukthi",
              "bowler": "C Karunaratne",
              "non_striker": "V Lahiru",
              "runs": {
                "batter": 0,
                "extras": 0,
                "total": 0
              },
              "wickets": [
                {
                  "player_out": "N Vimukthi",
                  "fielders": [
                    {
                      "name": "Kaveen Bandara"
                    }
                  ],
                  "kind": "caught"
                }
              ]
            },
            {
              "batter": "S Mihira",
              "bowler": "C Karunaratne",
              "extras": {
                "wides": 2
              },
              "non_striker": "V Lahiru",
              "runs": {
                "batter": 0,
                "extras": 2,
                "total": 2
              }
            },
            {
              "batter": "V Lahiru",
              "bowler": "C Karunaratne",
              "non_striker": "S Mihira",
              "runs": {
                "batter": 1,
                "extras": 0,
                "total": 1
              }
            },
            {
              "batter": "S Mihira",
              "bowler": "C Karunaratne",
              "extras": {
                "wides": 2
              },
              "non_striker": "V Lahiru",
              "runs": {
                "batter": 0,
                "extras": 2,
                "total": 2
              }
            },
            {
              "batter": "V Lahiru",
              "bowler": "C Karunaratne",
              "non_striker": "S Mihira",
              "runs": {
                "batter": 1,
                "extras": 0,
                "total": 1
              },
              "wickets": [
                {
                  "player_out": "V Lahiru",
                  "fielders": [
                    {
                      "name": "M Pathirana"
                    }
                  ],
                  "kind": "run out"
                }
              ]
            },
            {
              "batter": "ND Ahangamage",
              "bowler": "C Karunaratne",
              "non_striker": "S Mihira",
              "runs": {
                "batter": 1,
                "extras": 0,
                "total": 1
              }
            }
          ]
        }
      ],
      "powerplays": [
        {
          "from": 0.1,
          "to": 5.6,
          "type": "mandatory"
        }
      ]
    },
    {
      "team": "Nondescripts Cricket Club",
      "overs": [
        {
          "over": 0,
          "deliveries": [
            {
              "batter": "N Dickwella",
              "bowler": "Senitha Halambage",
              "non_striker": "J Shashen",
              "runs": {
                "batter": 0,
                "extras": 0,
                "total": 0
              }
            },
            {
              "batter": "N Dickwella",
              "bowler": "Senitha Halambage",
              "non_striker": "J Shashen",
              "runs": {
                "batter": 2,
                "extras": 0,
                "total": 2
              }
            },
            {
              "batter": "N Dickwella",
              "bowler": "Senitha Halambage",
              "non_striker": "J Shashen",
              "runs": {
                "batter": 6,
                "extras": 0,
                "total": 6
              }
            },
            {
              "batter": "N Dickwella",
              "bowler": "Senitha Halambage",
              "extras": {
                "wides": 1
              },
              "non_striker": "J Shashen",
              "runs": {
                "batter": 0,
                "extras": 1,
                "total": 1
              }
            },
            {
              "batter": "N Dickwella",
              "bowler": "Senitha Halambage",
              "non_striker": "J Shashen",
              "runs": {
                "batter": 1,
                "extras": 0,
                "total": 1
              }
            },
            {
              "batter": "J Shashen",
              "bowler": "Senitha Halambage",
              "non_striker": "N Dickwella",
              "runs": {
                "batter": 0,
                "extras": 0,
                "total": 0
              }
            },
            {
              "batter": "J Shashen",
              "bowler": "Senitha Halambage",
              "non_striker": "N Dickwella",
              "runs": {
                "batter": 1,
                "extras": 0,
                "total": 1
              }
            }
          ]
        },
        {
          "over": 1,
          "deliveries": [
            {
              "batter": "J Shashen",
              "bowler": "N Vimukthi",
              "non_striker": "N Dickwella",
              "runs": {
                "batter": 0,
                "extras": 0,
                "total": 0
              }
            },
            {
              "batter": "J Shashen",
              "bowler": "N Vimukthi",
              "extras": {
                "legbyes": 1
              },
              "non_striker": "N Dickwella",
              "runs": {
                "batter": 0,
                "extras": 1,
                "total": 1
              }
            },
            {
              "batter": "N Dickwella",
              "bowler": "N Vimukthi",
              "non_striker": "J Shashen",
              "runs": {
                "batter": 0,
                "extras": 0,
                "total": 0
              }
            },
            {
              "batter": "N Dickwella",
              "bowler": "N Vimukthi",
              "non_striker": "J Shashen",
              "runs": {
                "batter": 0,
                "extras": 0,
                "total": 0
              }
            },
            {
              "batter": "N Dickwella",
              "bowler": "N Vimukthi",
              "non_striker": "J Shashen",
              "runs": {
                "batter": 4,
                "extras": 0,
                "total": 4
              }
            },
            {
              "batter": "N Dickwella",
              "bowler": "N Vimukthi",
              "non_striker": "J Shashen",
              "runs": {
                "batter": 0,
                "extras": 0,
                "total": 0
              }
            }
          ]
        },
        {
          "over": 2,
          "deliveries": [
            {
              "batter": "J Shashen",
              "bowler": "Senitha Halambage",
              "non_striker": "N Dickwella",
              "runs": {
                "batter": 1,
                "extras": 0,
                "total": 1
              }
            },
            {
              "batter": "N Dickwella",
              "bowler": "Senitha Halambage",
              "non_striker": "J Shashen",
              "runs": {
                "batter": 6,
                "extras": 0,
                "total": 6
              }
            },
            {
              "batter": "N Dickwella",
              "bowler": "Senitha Halambage",
              "non_striker": "J Shashen",
              "runs": {
                "batter": 0,
                "extras": 0,
                "total": 0
              },
              "wickets": [
                {
                  "player_out": "N Dickwella",
                  "kind": "bowled"
                }
              ]
            },
            {
              "batter": "K Mishara",
              "bowler": "Senitha Halambage",
              "non_striker": "J Shashen",
              "runs": {
                "batter": 0,
                "extras": 0,
                "total": 0
              },
              "wickets": [
                {
                  "player_out": "K Mishara",
                  "kind": "bowled"
                }
              ]
            },
            {
              "batter": "SSD Arachchige",
              "bowler": "Senitha Halambage",
              "non_striker": "J Shashen",
              "runs": {
                "batter": 0,
                "extras": 0,
                "total": 0
              }
            },
            {
              "batter": "SSD Arachchige",
              "bowler": "Senitha Halambage",
              "non_striker": "J Shashen",
              "runs": {
                "batter": 0,
                "extras": 0,
                "total": 0
              }
            }
          ]
        },
        {
          "over": 3,
          "deliveries": [
            {
              "batter": "J Shashen",
              "bowler": "N Vimukthi",
              "extras": {
                "wides": 1
              },
              "non_striker": "SSD Arachchige",
              "runs": {
                "batter": 0,
                "extras": 1,
                "total": 1
              }
            },
            {
              "batter": "J Shashen",
              "bowler": "N Vimukthi",
              "non_striker": "SSD Arachchige",
              "runs": {
                "batter": 0,
                "extras": 0,
                "total": 0
              }
            },
            {
              "batter": "J Shashen",
              "bowler": "N Vimukthi",
              "non_striker": "SSD Arachchige",
              "runs": {
                "batter": 0,
                "extras": 0,
                "total": 0
              }
            },
            {
              "batter": "J Shashen",
              "bowler": "N Vimukthi",
              "extras": {
                "legbyes": 1
              },
              "non_striker": "SSD Arachchige",
              "runs": {
                "batter": 0,
                "extras": 1,
                "total": 1
              }
            },
            {
              "batter": "SSD Arachchige",
              "bowler": "N Vimukthi",
              "non_striker": "J Shashen",
              "runs": {
                "batter": 1,
                "extras": 0,
                "total": 1
              }
            },
            {
              "batter": "J Shashen",
              "bowler": "N Vimukthi",
              "non_striker": "SSD Arachchige",
              "runs": {
                "batter": 0,
                "extras": 0,
                "total": 0
              }
            },
            {
              "batter": "J Shashen",
              "bowler": "N Vimukthi",
              "non_striker": "SSD Arachchige",
              "runs": {
                "batter": 1,
                "extras": 0,
                "total": 1
              }
            }
          ]
        },
        {
          "over": 4,
          "deliveries": [
            {
              "batter": "J Shashen",
              "bowler": "Senitha Halambage",
              "non_striker": "SSD Arachchige",
              "runs": {
                "batter": 1,
                "extras": 0,
                "total": 1
              }
            },
            {
              "batter": "SSD Arachchige",
              "bowler": "Senitha Halambage",
              "non_striker": "J Shashen",
              "runs": {
                "batter": 1,
                "extras": 0,
                "total": 1
              }
            },
            {
              "batter": "J Shashen",
              "bowler": "Senitha Halambage",
              "non_striker": "SSD Arachchige",
              "runs": {
                "batter": 0,
                "extras": 0,
                "total": 0
              }
            },
            {
              "batter": "J Shashen",
              "bowler": "Senitha Halambage",
              "non_striker": "SSD Arachchige",
              "runs": {
                "batter": 1,
                "extras": 0,
                "total": 1
              }
            },
            {
              "batter": "SSD Arachchige",
              "bowler": "Senitha Halambage",
              "non_striker": "J Shashen",
              "runs": {
                "batter": 1,
                "extras": 0,
                "total": 1
              }
            },
            {
              "batter": "J Shashen",
              "bowler": "Senitha Halambage",
              "non_striker": "SSD Arachchige",
              "runs": {
                "batter": 1,
                "extras": 0,
                "total": 1
              }
            }
          ]
        },
        {
          "over": 5,
          "deliveries": [
            {
              "batter": "J Shashen",
              "bowler": "N Vimukthi",
              "non_striker": "SSD Arachchige",
              "runs": {
                "batter": 4,
                "extras": 0,
                "total": 4
              }
            },
            {
              "batter": "J Shashen",
              "bowler": "N Vimukthi",
              "non_striker": "SSD Arachchige",
              "runs": {
                "batter": 0,
                "extras": 0,
                "total": 0
              }
            },
            {
              "batter": "J Shashen",
              "bowler": "N Vimukthi",
              "non_striker": "SSD Arachchige",
              "runs": {
                "batter": 2,
                "extras": 0,
                "total": 2
              }
            },
            {
              "batter": "J Shashen",
              "bowler": "N Vimukthi",
              "non_striker": "SSD Arachchige",
              "runs": {
                "batter": 0,
                "extras": 0,
                "total": 0
              }
            },
            {
              "batter": "J Shashen",
              "bowler": "N Vimukthi",
              "non_striker": "SSD Arachchige",
              "runs": {
                "batter": 1,
                "extras": 0,
                "total": 1
              }
            },
            {
              "batter": "SSD Arachchige",
              "bowler": "N Vimukthi",
              "non_striker": "J Shashen",
              "runs": {
                "batter": 0,
                "extras": 0,
                "total": 0
              }
            }
          ]
        },
        {
          "over": 6,
          "deliveries": [
            {
              "batter": "J Shashen",
              "bowler": "V Lahiru",
              "non_striker": "SSD Arachchige",
              "runs": {
                "batter": 0,
                "extras": 0,
                "total": 0
              }
            },
            {
              "batter": "J Shashen",
              "bowler": "V Lahiru",
              "non_striker": "SSD Arachchige",
              "runs": {
                "batter": 1,
                "extras": 0,
                "total": 1
              }
            },
            {
              "batter": "SSD Arachchige",
              "bowler": "V Lahiru",
              "non_striker": "J Shashen",
              "runs": {
                "batter": 0,
                "extras": 0,
                "total": 0
              }
            },
            {
              "batter": "SSD Arachchige",
              "bowler": "V Lahiru",
              "non_striker": "J Shashen",
              "runs": {
                "batter": 0,
                "extras": 0,
                "total": 0
              }
            },
            {
              "batter": "SSD Arachchige",
              "bowler": "V Lahiru",
              "non_striker": "J Shashen",
              "runs": {
                "batter": 1,
                "extras": 0,
                "total": 1
              }
            },
            {
              "batter": "J Shashen",
              "bowler": "V Lahiru",
              "non_striker": "SSD Arachchige",
              "runs": {
                "batter": 0,
                "extras": 0,
                "total": 0
              }
            }
          ]
        },
        {
          "over": 7,
          "deliveries": [
            {
              "batter": "SSD Arachchige",
              "bowler": "MADI Hemantha",
              "non_striker": "J Shashen",
              "runs": {
                "batter": 1,
                "extras": 0,
                "total": 1
              }
            },
            {
              "batter": "J Shashen",
              "bowler": "MADI Hemantha",
              "non_striker": "SSD Arachchige",
              "runs": {
                "batter": 0,
                "extras": 0,
                "total": 0
              }
            },
            {
              "batter": "J Shashen",
              "bowler": "MADI Hemantha",
              "non_striker": "SSD Arachchige",
              "runs": {
                "batter": 1,
                "extras": 0,
                "total": 1
              }
            },
            {
              "batter": "SSD Arachchige",
              "bowler": "MADI Hemantha",
              "non_striker": "J Shashen",
              "runs": {
                "batter": 1,
                "extras": 0,
                "total": 1
              }
            },
            {
              "batter": "J Shashen",
              "bowler": "MADI Hemantha",
              "non_striker": "SSD Arachchige",
              "runs": {
                "batter": 0,
                "extras": 0,
                "total": 0
              }
            },
            {
              "batter": "J Shashen",
              "bowler": "MADI Hemantha",
              "non_striker": "SSD Arachchige",
              "runs": {
                "batter": 1,
                "extras": 0,
                "total": 1
              }
            }
          ]
        },
        {
          "over": 8,
          "deliveries": [
            {
              "batter": "J Shashen",
              "bowler": "V Lahiru",
              "non_striker": "SSD Arachchige",
              "runs": {
                "batter": 0,
                "extras": 0,
                "total": 0
              }
            },
            {
              "batter": "J Shashen",
              "bowler": "V Lahiru",
              "non_striker": "SSD Arachchige",
              "runs": {
                "batter": 1,
                "extras": 0,
                "total": 1
              }
            },
            {
              "batter": "SSD Arachchige",
              "bowler": "V Lahiru",
              "non_striker": "J Shashen",
              "runs": {
                "batter": 0,
                "extras": 0,
                "total": 0
              },
              "wickets": [
                {
                  "player_out": "SSD Arachchige",
                  "fielders": [
                    {
                      "name": "N Vimukthi"
                    }
                  ],
                  "kind": "caught"
                }
              ]
            },
            {
              "batter": "Kaveen Bandara",
              "bowler": "V Lahiru",
              "non_striker": "J Shashen",
              "runs": {
                "batter": 0,
                "extras": 0,
                "total": 0
              }
            },
            {
              "batter": "Kaveen Bandara",
              "bowler": "V Lahiru",
              "non_striker": "J Shashen",
              "runs": {
                "batter": 1,
                "extras": 0,
                "total": 1
              }
            },
            {
              "batter": "J Shashen",
              "bowler": "V Lahiru",
              "non_striker": "Kaveen Bandara",
              "runs": {
                "batter": 1,
                "extras": 0,
                "total": 1
              }
            }
          ]
        },
        {
          "over": 9,
          "deliveries": [
            {
              "batter": "J Shashen",
              "bowler": "MADI Hemantha",
              "non_striker": "Kaveen Bandara",
              "runs": {
                "batter": 4,
                "extras": 0,
                "total": 4
              }
            },
            {
              "batter": "J Shashen",
              "bowler": "MADI Hemantha",
              "non_striker": "Kaveen Bandara",
              "runs": {
                "batter": 0,
                "extras": 0,
                "total": 0
              }
            },
            {
              "batter": "J Shashen",
              "bowler": "MADI Hemantha",
              "non_striker": "Kaveen Bandara",
              "runs": {
                "batter": 0,
                "extras": 0,
                "total": 0
              },
              "wickets": [
                {
                  "player_out": "J Shashen",
                  "kind": "caught and bowled"
                }
              ]
            },
            {
              "batter": "PVD Chameera",
              "bowler": "MADI Hemantha",
              "non_striker": "Kaveen Bandara",
              "runs": {
                "batter": 2,
                "extras": 0,
                "total": 2
              }
            },
            {
              "batter": "PVD Chameera",
              "bowler": "MADI Hemantha",
              "non_striker": "Kaveen Bandara",
              "runs": {
                "batter": 1,
                "extras": 0,
                "total": 1
              }
            },
            {
              "batter": "Kaveen Bandara",
              "bowler": "MADI Hemantha",
              "non_striker": "PVD Chameera",
              "runs": {
                "batter": 2,
                "extras": 0,
                "total": 2
              }
            }
          ]
        },
        {
          "over": 10,
          "deliveries": [
            {
              "batter": "PVD Chameera",
              "bowler": "V Lahiru",
              "non_striker": "Kaveen Bandara",
              "runs": {
                "batter": 1,
                "extras": 0,
                "total": 1
              }
            },
            {
              "batter": "Kaveen Bandara",
              "bowler": "V Lahiru",
              "non_striker": "PVD Chameera",
              "runs": {
                "batter": 1,
                "extras": 0,
                "total": 1
              }
            },
            {
              "batter": "PVD Chameera",
              "bowler": "V Lahiru",
              "non_striker": "Kaveen Bandara",
              "runs": {
                "batter": 0,
                "extras": 0,
                "total": 0
              }
            },
            {
              "batter": "PVD Chameera",
              "bowler": "V Lahiru",
              "non_striker": "Kaveen Bandara",
              "runs": {
                "batter": 0,
                "extras": 0,
                "total": 0
              },
              "wickets": [
                {
                  "player_out": "PVD Chameera",
                  "kind": "bowled"
                }
              ]
            },
            {
              "batter": "C Karunaratne",
              "bowler": "V Lahiru",
              "non_striker": "Kaveen Bandara",
              "runs": {
                "batter": 1,
                "extras": 0,
                "total": 1
              }
            },
            {
              "batter": "Kaveen Bandara",
              "bowler": "V Lahiru",
              "non_striker": "C Karunaratne",
              "runs": {
                "batter": 1,
                "extras": 0,
                "total": 1
              }
            }
          ]
        },
        {
          "over": 11,
          "deliveries": [
            {
              "batter": "Kaveen Bandara",
              "bowler": "MADI Hemantha",
              "non_striker": "C Karunaratne",
              "runs": {
                "batter": 1,
                "extras": 0,
                "total": 1
              }
            },
            {
              "batter": "C Karunaratne",
              "bowler": "MADI Hemantha",
              "non_striker": "Kaveen Bandara",
              "runs": {
                "batter": 1,
                "extras": 0,
                "total": 1
              }
            },
            {
              "batter": "Kaveen Bandara",
              "bowler": "MADI Hemantha",
              "non_striker": "C Karunaratne",
              "runs": {
                "batter": 1,
                "extras": 0,
                "total": 1
              }
            },
            {
              "batter": "C Karunaratne",
              "bowler": "MADI Hemantha",
              "non_striker": "Kaveen Bandara",
              "runs": {
                "batter": 1,
                "extras": 0,
                "total": 1
              }
            },
            {
              "batter": "Kaveen Bandara",
              "bowler": "MADI Hemantha",
              "non_striker": "C Karunaratne",
              "runs": {
                "batter": 4,
                "extras": 0,
                "total": 4
              }
            },
            {
              "batter": "Kaveen Bandara",
              "bowler": "MADI Hemantha",
              "non_striker": "C Karunaratne",
              "runs": {
                "batter": 0,
                "extras": 0,
                "total": 0
              },
              "wickets": [
                {
                  "player_out": "Kaveen Bandara",
                  "kind": "caught and bowled"
                }
              ]
            }
          ]
        },
        {
          "over": 12,
          "deliveries": [
            {
              "batter": "C Karunaratne",
              "bowler": "V Lahiru",
              "non_striker": "D Goonewardena",
              "runs": {
                "batter": 1,
                "extras": 0,
                "total": 1
              }
            },
            {
              "batter": "D Goonewardena",
              "bowler": "V Lahiru",
              "non_striker": "C Karunaratne",
              "runs": {
                "batter": 1,
                "extras": 0,
                "total": 1
              }
            },
            {
              "batter": "C Karunaratne",
              "bowler": "V Lahiru",
              "non_striker": "D Goonewardena",
              "runs": {
                "batter": 1,
                "extras": 0,
                "total": 1
              }
            },
            {
              "batter": "D Goonewardena",
              "bowler": "V Lahiru",
              "non_striker": "C Karunaratne",
              "runs": {
                "batter": 0,
                "extras": 0,
                "total": 0
              },
              "wickets": [
                {
                  "player_out": "D Goonewardena",
                  "fielders": [
                    {
                      "name": "JE Jayakodyge"
                    }
                  ],
                  "kind": "caught"
                }
              ]
            },
            {
              "batter": "RS Sayer",
              "bowler": "V Lahiru",
              "non_striker": "C Karunaratne",
              "runs": {
                "batter": 0,
                "extras": 0,
                "total": 0
              }
            },
            {
              "batter": "RS Sayer",
              "bowler": "V Lahiru",
              "extras": {
                "wides": 1
              },
              "non_striker": "C Karunaratne",
              "runs": {
                "batter": 0,
                "extras": 1,
                "total": 1
              }
            },
            {
              "batter": "RS Sayer",
              "bowler": "V Lahiru",
              "non_striker": "C Karunaratne",
              "runs": {
                "batter": 1,
                "extras": 0,
                "total": 1
              }
            }
          ]
        }
      ],
      "powerplays": [
        {
          "from": 0.1,
          "to": 5.6,
          "type": "mandatory"
        }
      ],
      "target": {
        "overs": 13,
        "runs": 123
      }
    }
  ]
}