{
  "meta": {
    "data_version": "1.1.0",
    "created": "2025-07-13",
    "revision": 1
  },
  "info": {
    "balls_per_over": 6,
    "city": "Colombo",
    "dates": [
      "2025-05-16"
    ],
    "event": {
      "name": "Major Clubs T20 Tournament",
      "group": "B"
    },
    "gender": "male",
    "match_type": "T20",
    "officials": {
      "match_referees": [
        "WC Labrooy"
      ],
      "reserve_umpires": [
        "BCN Amarasinghe"
      ],
      "umpires": [
        "Ranganath Prasanna",
        "RSA Palliyaguruge"
      ]
    },
    "outcome": {
      "winner": "Colts Cricket Club",
      "by": {
        "wickets": 4
      }
    },
    "overs": 20,
    "players": {
      "Tamil Union Cricket and Athletic Club": [
        "Mohamed Shamaz",
        "Sineth Jayawardena",
        "M Bhanuka",
        "V Viyaskanth",
        "PBB Rajapaksa",
        "K Nirmana",
        "S Jayathilake",
        "SMLD Samarakoon",
        "STS Senarathne",
        "KTH Ratnayake",
        "K Dilhara"
      ],
      "Colts Cricket Club": [
        "MMMS Cooray",
        "HM Kapurubandara",
        "R Rasantha",
        "D Lakshan",
        "DN Wellalage",
        "WRKS Darshika",
        "K Anjula",
        "M Lakshan",
        "A Dananjaya",
        "H Gallage",
        "D Madushanka"
      ]
    },
    "registry": {
      "people": {
        "A Dananjaya": "5b16a806",
        "BCN Amarasinghe": "ccd560d6",
        "D Lakshan": "0a2184d9",
        "D Madushanka": "de7d833e",
        "DN Wellalage": "736123bb",
        "H Gallage": "17b3e75c",
        "HM Kapurubandara": "64c88fab",
        "K Anjula": "363e36a7",
        "K Dilhara": "52bf4a58",
        "K Nirmana": "0319272d",
        "KTH Ratnayake": "4eb02f2e",
        "M Bhanuka": "684d21d7",
        "M Lakshan": "aa844d38",
        "MMMS Cooray": "54fff140",
        "Mohamed Shamaz": "93b6157d",
        "PBB Rajapaksa": "6c882e9a",
        "R Rasantha": "fb12d010",
        "RSA Palliyaguruge": "4339c19d",
        "Ranganath Prasanna": "9fc85271",
        "S Jayathilake": "6ba6ca1f",
        "SMLD Samarakoon": "d28f4d1c",
        "STS Senarathne": "cbafbb70",
        "Sineth Jayawardena": "e4bf3570",
        "V Viyaskanth": "03a83c50",
        "WC Labrooy": "29d4e29b",
        "WRKS Darshika": "268af93b"
      }
    },
    "season": "2025",
    "team_type": "club",
    "teams": [
      "Tamil Union Cricket and Athletic Club",
      "Colts Cricket Club"
    ],
    "toss": {
      "decision": "bat",
      "winner": "Tamil Union Cricket and Athletic Club"
    },
    "venue": "Colombo Cricket Club Ground"
  },
  "innings": [
    {
      "team": "Tamil Union Cricket and Athletic Club",
      "overs": [
        {
          "over": 0,
          "deliveries": [
            {
              "batter": "Mohamed Shamaz",
              "bowler": "MMMS Cooray",
              "non_striker": "Sineth Jayawardena",
              "runs": {
                "batter": 4,
                "extras": 0,
                "total": 4
              }
            },
            {
              "batter": "Mohamed Shamaz",
              "bowler": "MMMS Cooray",
              "non_striker": "Sineth Jayawardena",
              "runs": {
                "batter": 0,
                "extras": 0,
                "total": 0
              }
            },
            {
              "batter": "Mohamed Shamaz",
              "bowler": "MMMS Cooray",
              "non_striker": "Sineth Jayawardena",
              "runs": {
                "batter": 0,
                "extras": 0,
                "total": 0
              }
            },
            {
              "batter": "Mohamed Shamaz",
              "bowler": "MMMS Cooray",
              "non_striker": "Sineth Jayawardena",
              "runs": {
                "batter": 1,
                "extras": 0,
                "total": 1
              }
            },
            {
              "batter": "Sineth Jayawardena",
              "bowler": "MMMS Cooray",
              "non_striker": "Mohamed Shamaz",
              "runs": {
                "batter": 1,
                "extras": 0,
                "total": 1
              }
            },
            {
              "batter": "Mohamed Shamaz",
              "bowler": "MMMS Cooray",
              "non_striker": "Sineth Jayawardena",
              "runs": {
                "batter": 1,
                "extras": 0,
                "total": 1
              }
            }
          ]
        },
        {
          "over": 1,
          "deliveries": [
            {
              "batter": "Mohamed Shamaz",
              "bowler": "D Lakshan",
              "non_striker": "Sineth Jayawardena",
              "runs": {
                "batter": 0,
                "extras": 0,
                "total": 0
              }
            },
            {
              "batter": "Mohamed Shamaz",
              "bowler": "D Lakshan",
              "non_striker": "Sineth Jayawardena",
              "runs": {
                "batter": 4,
                "extras": 0,
                "total": 4
              }
            },
            {
              "batter": "Mohamed Shamaz",
              "bowler": "D Lakshan",
              "non_striker": "Sineth Jayawardena",
              "runs": {
                "batter": 0,
                "extras": 0,
                "total": 0
              },
              "wickets": [
                {
                  "player_out": "Mohamed Shamaz",
                  "kind": "bowled"
                }
              ]
            },
            {
              "batter": "M Bhanuka",
              "bowler": "D Lakshan",
              "non_striker": "Sineth Jayawardena",
              "runs": {
                "batter": 4,
                "extras": 0,
                "total": 4
              }
            },
            {
              "batter": "M Bhanuka",
              "bowler": "D Lakshan",
              "non_striker": "Sineth Jayawardena",
              "runs": {
                "batter": 4,
                "extras": 0,
                "total": 4
              }
            },
            {
              "batter": "M Bhanuka",
              "bowler": "D Lakshan",
              "non_striker": "Sineth Jayawardena",
              "runs": {
                "batter": 0,
                "extras": 0,
                "total": 0
              }
            }
          ]
        },
        {
          "over": 2,
          "deliveries": [
            {
              "batter": "Sineth Jayawardena",
              "bowler": "MMMS Cooray",
              "non_striker": "M Bhanuka",
              "runs": {
                "batter": 4,
                "extras": 0,
                "total": 4
              }
            },
            {
              "batter": "Sineth Jayawardena",
              "bowler": "MMMS Cooray",
              "non_striker": "M Bhanuka",
              "runs": {
                "batter": 0,
                "extras": 0,
                "total": 0
              }
            },
            {
              "batter": "Sineth Jayawardena",
              "bowler": "MMMS Cooray",
              "non_striker": "M Bhanuka",
              "runs": {
                "batter": 2,
                "extras": 0,
                "total": 2
              }
            },
            {
              "batter": "Sineth Jayawardena",
              "bowler": "MMMS Cooray",
              "non_striker": "M Bhanuka",
              "runs": {
                "batter": 6,
                "extras": 0,
                "total": 6
              }
            },
            {
              "batter": "Sineth Jayawardena",
              "bowler": "MMMS Cooray",
              "non_striker": "M Bhanuka",
              "runs": {
                "batter": 1,
                "extras": 0,
                "total": 1
              }
            },
            {
              "batter": "M Bhanuka",
              "bowler": "MMMS Cooray",
              "non_striker": "Sineth Jayawardena",
              "runs": {
                "batter": 1,
                "extras": 0,
                "total": 1
              }
            }
          ]
        },
        {
          "over": 3,
          "deliveries": [
            {
              "batter": "M Bhanuka",
              "bowler": "K Anjula",
              "non_striker": "Sineth Jayawardena",
              "runs": {
                "batter": 4,
                "extras": 0,
                "total": 4
              }
            },
            {
              "batter": "M Bhanuka",
              "bowler": "K Anjula",
              "non_striker": "Sineth Jayawardena",
              "runs": {
                "batter": 0,
                "extras": 0,
                "total": 0
              },
              "wickets": [
                {
                  "player_out": "M Bhanuka",
                  "fielders": [
                    {
                      "name": "HM Kapurubandara"
                    }
                  ],
                  "kind": "caught"
                }
              ]
            },
            {
              "batter": "V Viyaskanth",
              "bowler": "K Anjula",
              "non_striker": "Sineth Jayawardena",
              "runs": {
                "batter": 0,
                "extras": 0,
                "total": 0
              }
            },
            {
              "batter": "V Viyaskanth",
              "bowler": "K Anjula",
              "non_striker": "Sineth Jayawardena",
              "runs": {
                "batter": 1,
                "extras": 0,
                "total": 1
              }
            },
            {
              "batter": "Sineth Jayawardena",
              "bowler": "K Anjula",
              "non_striker": "V Viyaskanth",
              "runs": {
                "batter": 1,
                "extras": 0,
                "total": 1
              }
            },
            {
              "batter": "V Viyaskanth",
              "bowler": "K Anjula",
              "non_striker": "Sineth Jayawardena",
              "runs": {
                "batter": 0,
                "extras": 0,
                "total": 0
              }
            }
          ]
        },
        {
          "over": 4,
          "deliveries": [
            {
              "batter": "Sineth Jayawardena",
              "bowler": "D Madushanka",
              "non_striker": "V Viyaskanth",
              "runs": {
                "batter": 1,
                "extras": 0,
                "total": 1
              }
            },
            {
              "batter": "V Viyaskanth",
              "bowler": "D Madushanka",
              "non_striker": "Sineth Jayawardena",
              "runs": {
                "batter": 3,
                "extras": 0,
                "total": 3
              }
            },
            {
              "batter": "Sineth Jayawardena",
              "bowler": "D Madushanka",
              "non_striker": "V Viyaskanth",
              "runs": {
                "batter": 6,
                "extras": 0,
                "total": 6
              }
            },
            {
              "batter": "Sineth Jayawardena",
              "bowler": "D Madushanka",
              "non_striker": "V Viyaskanth",
              "runs": {
                "batter": 0,
                "extras": 0,
                "total": 0
              }
            },
            {
              "batter": "Sineth Jayawardena",
              "bowler": "D Madushanka",
              "non_striker": "V Viyaskanth",
              "runs": {
                "batter": 2,
                "extras": 0,
                "total": 2
              }
            },
            {
              "batter": "Sineth Jayawardena",
              "bowler": "D Madushanka",
              "non_striker": "V Viyaskanth",
              "runs": {
                "batter": 0,
                "extras": 0,
                "total": 0
              }
            }
          ]
        },
        {
          "over": 5,
          "deliveries": [
            {
              "batter": "V Viyaskanth",
              "bowler": "D Lakshan",
              "non_striker": "Sineth Jayawardena",
              "runs": {
                "batter": 0,
                "extras": 0,
                "total": 0
              },
              "wickets": [
                {
                  "player_out": "V Viyaskanth",
                  "fielders": [
                    {
                      "name": "HM Kapurubandara"
                    }
                  ],
                  "kind": "caught"
                }
              ]
            },
            {
              "batter": "PBB Rajapaksa",
              "bowler": "D Lakshan",
              "non_striker": "Sineth Jayawardena",
              "runs": {
                "batter": 0,
                "extras": 0,
                "total": 0
              }
            },
            {
              "batter": "PBB Rajapaksa",
              "bowler": "D Lakshan",
              "non_striker": "Sineth Jayawardena",
              "runs": {
                "batter": 1,
                "extras": 0,
                "total": 1
              }
            },
            {
              "batter": "Sineth Jayawardena",
              "bowler": "D Lakshan",
              "non_striker": "PBB Rajapaksa",
              "runs": {
                "batter": 1,
                "extras": 0,
                "total": 1
              }
            },
            {
              "batter": "PBB Rajapaksa",
              "bowler": "D Lakshan",
              "non_striker": "Sineth Jayawardena",
              "runs": {
                "batter": 0,
                "extras": 0,
                "total": 0
              }
            },
            {
              "batter": "PBB Rajapaksa",
              "bowler": "D Lakshan",
              "non_striker": "Sineth Jayawardena",
              "runs": {
                "batter": 1,
                "extras": 0,
                "total": 1
              }
            }
          ]
        },
        {
          "over": 6,
          "deliveries": [
            {
              "batter": "PBB Rajapaksa",
              "bowler": "A Dananjaya",
              "non_striker": "Sineth Jayawardena",
              "runs": {
                "batter": 2,
                "extras": 0,
                "total": 2
              }
            },
            {
              "batter": "PBB Rajapaksa",
              "bowler": "A Dananjaya",
              "non_striker": "Sineth Jayawardena",
              "runs": {
                "batter": 1,
                "extras": 0,
                "total": 1
              }
            },
            {
              "batter": "Sineth Jayawardena",
              "bowler": "A Dananjaya",
              "non_striker": "PBB Rajapaksa",
              "runs": {
                "batter": 1,
                "extras": 0,
                "total": 1
              }
            },
            {
              "batter": "PBB Rajapaksa",
              "bowler": "A Dananjaya",
              "extras": {
                "byes": 1
              },
              "non_striker": "Sineth Jayawardena",
              "runs": {
                "batter": 0,
                "extras": 1,
                "total": 1
              }
            },
            {
              "batter": "Sineth Jayawardena",
              "bowler": "A Dananjaya",
              "non_striker": "PBB Rajapaksa",
              "runs": {
                "batter": 6,
                "extras": 0,
                "total": 6
              }
            },
            {
              "batter": "Sineth Jayawardena",
              "bowler": "A Dananjaya",
              "non_striker": "PBB Rajapaksa",
              "runs": {
                "batter": 4,
                "extras": 0,
                "total": 4
              }
            }
          ]
        },
        {
          "over": 7,
          "deliveries": [
            {
              "batter": "PBB Rajapaksa",
              "bowler": "DN Wellalage",
              "non_striker": "Sineth Jayawardena",
              "runs": {
                "batter": 0,
                "extras": 0,
                "total": 0
              }
            },
            {
              "batter": "PBB Rajapaksa",
              "bowler": "DN Wellalage",
              "non_striker": "Sineth Jayawardena",
              "runs": {
                "batter": 1,
                "extras": 0,
                "total": 1
              }
            },
            {
              "batter": "Sineth Jayawardena",
              "bowler": "DN Wellalage",
              "non_striker": "PBB Rajapaksa",
              "runs": {
                "batter": 0,
                "extras": 0,
                "total": 0
              }
            },
            {
              "batter": "Sineth Jayawardena",
              "bowler": "DN Wellalage",
              "non_striker": "PBB Rajapaksa",
              "runs": {
                "batter": 4,
                "extras": 0,
                "total": 4
              }
            },
            {
              "batter": "Sineth Jayawardena",
              "bowler": "DN Wellalage",
              "non_striker": "PBB Rajapaksa",
              "runs": {
                "batter": 0,
                "extras": 0,
                "total": 0
              }
            },
            {
              "batter": "Sineth Jayawardena",
              "bowler": "DN Wellalage",
              "non_striker": "PBB Rajapaksa",
              "runs": {
                "batter": 0,
                "extras": 0,
                "total": 0
              }
            }
          ]
        },
        {
          "over": 8,
          "deliveries": [
            {
              "batter": "PBB Rajapaksa",
              "bowler": "D Madushanka",
              "non_striker": "Sineth Jayawardena",
              "runs": {
                "batter": 0,
                "extras": 0,
                "total": 0
              }
            },
            {
              "batter": "PBB Rajapaksa",
              "bowler": "D Madushanka",
              "non_striker": "Sineth Jayawardena",
              "runs": {
                "batter": 0,
                "extras": 0,
                "total": 0
              }
            },
            {
              "batter": "PBB Rajapaksa",
              "bowler": "D Madushanka",
              "non_striker": "Sineth Jayawardena",
              "runs": {
                "batter": 1,
                "extras": 0,
                "total": 1
              }
            },
            {
              "batter": "Sineth Jayawardena",
              "bowler": "D Madushanka",
              "non_striker": "PBB Rajapaksa",
              "runs": {
                "batter": 0,
                "extras": 0,
                "total": 0
              }
            },
            {
              "batter": "Sineth Jayawardena",
              "bowler": "D Madushanka",
              "extras": {
                "wides": 1
              },
              "non_striker": "PBB Rajapaksa",
              "runs": {
                "batter": 0,
                "extras": 1,
                "total": 1
              }
            },
            {
              "batter": "Sineth Jayawardena",
              "bowler": "D Madushanka",
              "non_striker": "PBB Rajapaksa",
              "runs": {
                "batter": 2,
                "extras": 0,
                "total": 2
              }
            },
            {
              "batter": "Sineth Jayawardena",
              "bowler": "D Madushanka",
              "non_striker": "PBB Rajapaksa",
              "runs": {
                "batter": 1,
                "extras": 0,
                "total": 1
              }
            }
          ]
        },
        {
          "over": 9,
          "deliveries": [
            {
              "batter": "Sineth Jayawardena",
              "bowler": "DN Wellalage",
              "non_striker": "PBB Rajapaksa",
              "runs": {
                "batter": 1,
                "extras": 0,
                "total": 1
              }
            },
            {
              "batter": "PBB Rajapaksa",
              "bowler": "DN Wellalage",
              "non_striker": "Sineth Jayawardena",
              "runs": {
                "batter": 4,
                "extras": 0,
                "total": 4
              }
            },
            {
              "batter": "PBB Rajapaksa",
              "bowler": "DN Wellalage",
              "non_striker": "Sineth Jayawardena",
              "runs": {
                "batter": 1,
                "extras": 0,
                "total": 1
              }
            },
            {
              "batter": "Sineth Jayawardena",
              "bowler": "DN Wellalage",
              "non_striker": "PBB Rajapaksa",
              "runs": {
                "batter": 4,
                "extras": 0,
                "total": 4
              }
            },
            {
              "batter": "Sineth Jayawardena",
              "bowler": "DN Wellalage",
              "non_striker": "PBB Rajapaksa",
              "runs": {
                "batter": 1,
                "extras": 0,
                "total": 1
              }
            },
            {
              "batter": "PBB Rajapaksa",
              "bowler": "DN Wellalage",
              "non_striker": "Sineth Jayawardena",
              "runs": {
                "batter": 1,
                "extras": 0,
                "total": 1
              }
            }
          ]
        },
        {
          "over": 10,
          "deliveries": [
            {
              "batter": "PBB Rajapaksa",
              "bowler": "A Dananjaya",
              "non_striker": "Sineth Jayawardena",
              "runs": {
                "batter": 1,
                "extras": 0,
                "total": 1
              }
            },
            {
              "batter": "Sineth Jayawardena",
              "bowler": "A Dananjaya",
              "non_striker": "PBB Rajapaksa",
              "runs": {
                "batter": 1,
                "extras": 0,
                "total": 1
              }
            },
            {
              "batter": "PBB Rajapaksa",
              "bowler": "A Dananjaya",
              "extras": {
                "wides": 1
              },
              "non_striker": "Sineth Jayawardena",
              "runs": {
                "batter": 0,
                "extras": 1,
                "total": 1
              }
            },
            {
              "batter": "PBB Rajapaksa",
              "bowler": "A Dananjaya",
              "non_striker": "Sineth Jayawardena",
              "runs": {
                "batter": 0,
                "extras": 0,
                "total": 0
              }
            },
            {
              "batter": "PBB Rajapaksa",
              "bowler": "A Dananjaya",
              "non_striker": "Sineth Jayawardena",
              "runs": {
                "batter": 1,
                "extras": 0,
                "total": 1
              }
            },
            {
              "batter": "Sineth Jayawardena",
              "bowler": "A Dananjaya",
              "non_striker": "PBB Rajapaksa",
              "runs": {
                "batter": 1,
                "extras": 0,
                "total": 1
              }
            },
            {
              "batter": "PBB Rajapaksa",
              "bowler": "A Dananjaya",
              "non_striker": "Sineth Jayawardena",
              "runs": {
                "batter": 1,
                "extras": 0,
                "total": 1
              }
            }
          ]
        },
        {
          "over": 11,
          "deliveries": [
            {
              "batter": "PBB Rajapaksa",
              "bowler": "M Lakshan",
              "non_striker": "Sineth Jayawardena",
              "runs": {
                "batter": 0,
                "extras": 0,
                "total": 0
              }
            },
            {
              "batter": "PBB Rajapaksa",
              "bowler": "M Lakshan",
              "non_striker": "Sineth Jayawardena",
              "runs": {
                "batter": 1,
                "extras": 0,
                "total": 1
              }
            },
            {
              "batter": "Sineth Jayawardena",
              "bowler": "M Lakshan",
              "non_striker": "PBB Rajapaksa",
              "runs": {
                "batter": 1,
                "extras": 0,
                "total": 1
              }
            },
            {
              "batter": "PBB Rajapaksa",
              "bowler": "M Lakshan",
              "non_striker": "Sineth Jayawardena",
              "runs": {
                "batter": 4,
                "extras": 0,
                "total": 4
              }
            },
            {
              "batter": "PBB Rajapaksa",
              "bowler": "M Lakshan",
              "non_striker": "Sineth Jayawardena",
              "runs": {
                "batter": 1,
                "extras": 0,
                "total": 1
              }
            },
            {
              "batter": "Sineth Jayawardena",
              "bowler": "M Lakshan",
              "non_striker": "PBB Rajapaksa",
              "runs": {
                "batter": 0,
                "extras": 0,
                "total": 0
              }
            }
          ]
        },
        {
          "over": 12,
          "deliveries": [
            {
              "batter": "PBB Rajapaksa",
              "bowler": "K Anjula",
              "non_striker": "Sineth Jayawardena",
              "runs": {
                "batter": 2,
                "extras": 0,
                "total": 2
              }
            },
            {
              "batter": "PBB Rajapaksa",
              "bowler": "K Anjula",
              "non_striker": "Sineth Jayawardena",
              "runs": {
                "batter": 1,
                "extras": 0,
                "total": 1
              }
            },
            {
              "batter": "Sineth Jayawardena",
              "bowler": "K Anjula",
              "non_striker": "PBB Rajapaksa",
              "runs": {
                "batter": 1,
                "extras": 0,
                "total": 1
              }
            },
            {
              "batter": "PBB Rajapaksa",
              "bowler": "K Anjula",
              "non_striker": "Sineth Jayawardena",
              "runs": {
                "batter": 0,
                "extras": 0,
                "total": 0
              },
              "wickets": [
                {
                  "player_out": "PBB Rajapaksa",
                  "fielders": [
                    {
                      "name": "D Madushanka"
                    }
                  ],
                  "kind": "caught"
                }
              ]
            },
            {
              "batter": "K Nirmana",
              "bowler": "K Anjula",
              "non_striker": "Sineth Jayawardena",
              "runs": {
                "batter": 0,
                "extras": 0,
                "total": 0
              }
            },
            {
              "batter": "K Nirmana",
              "bowler": "K Anjula",
              "non_striker": "Sineth Jayawardena",
              "runs": {
                "batter": 0,
                "extras": 0,
                "total": 0
              }
            }
          ]
        },
        {
          "over": 13,
          "deliveries": [
            {
              "batter": "Sineth Jayawardena",
              "bowler": "M Lakshan",
              "non_striker": "K Nirmana",
              "runs": {
                "batter": 0,
                "extras": 0,
                "total": 0
              }
            },
            {
              "batter": "Sineth Jayawardena",
              "bowler": "M Lakshan",
              "non_striker": "K Nirmana",
              "runs": {
                "batter": 2,
                "extras": 0,
                "total": 2
              }
            },
            {
              "batter": "Sineth Jayawardena",
              "bowler": "M Lakshan",
              "non_striker": "K Nirmana",
              "runs": {
                "batter": 6,
                "extras": 0,
                "total": 6
              }
            },
            {
              "batter": "Sineth Jayawardena",
              "bowler": "M Lakshan",
              "non_striker": "K Nirmana",
              "runs": {
                "batter": 0,
                "extras": 0,
                "total": 0
              },
              "wickets": [
                {
                  "player_out": "Sineth Jayawardena",
                  "fielders": [
                    {
                      "name": "R Rasantha"
                    }
                  ],
                  "kind": "caught"
                }
              ]
            },
            {
              "batter": "S Jayathilake",
              "bowler": "M Lakshan",
              "non_striker": "K Nirmana",
              "runs": {
                "batter": 0,
                "extras": 0,
                "total": 0
              }
            },
            {
              "batter": "S Jayathilake",
              "bowler": "M Lakshan",
              "non_striker": "K Nirmana",
              "runs": {
                "batter": 2,
                "extras": 0,
                "total": 2
              }
            }
          ]
        },
        {
          "over": 14,
          "deliveries": [
            {
              "batter": "K Nirmana",
              "bowler": "A Dananjaya",
              "non_striker": "S Jayathilake",
              "runs": {
                "batter": 1,
                "extras": 0,
                "total": 1
              }
            },
            {
              "batter": "S Jayathilake",
              "bowler": "A Dananjaya",
              "non_striker": "K Nirmana",
              "runs": {
                "batter": 1,
                "extras": 0,
                "total": 1
              }
            },
            {
              "batter": "K Nirmana",
              "bowler": "A Dananjaya",
              "non_striker": "S Jayathilake",
              "runs": {
                "batter": 6,
                "extras": 0,
                "total": 6
              }
            },
            {
              "batter": "K Nirmana",
              "bowler": "A Dananjaya",
              "non_striker": "S Jayathilake",
              "runs": {
                "batter": 1,
                "extras": 0,
                "total": 1
              }
            },
            {
              "batter": "S Jayathilake",
              "bowler": "A Dananjaya",
              "non_striker": "K Nirmana",
              "runs": {
                "batter": 1,
                "extras": 0,
                "total": 1
              }
            },
            {
              "batter": "K Nirmana",
              "bowler": "A Dananjaya",
              "non_striker": "S Jayathilake",
              "runs": {
                "batter": 1,
                "extras": 0,
                "total": 1
              }
            }
          ]
        },
        {
          "over": 15,
          "deliveries": [
            {
              "batter": "K Nirmana",
              "bowler": "DN Wellalage",
              "non_striker": "S Jayathilake",
              "runs": {
                "batter": 1,
                "extras": 0,
                "total": 1
              }
            },
            {
              "batter": "S Jayathilake",
              "bowler": "DN Wellalage",
              "non_striker": "K Nirmana",
              "runs": {
                "batter": 2,
                "extras": 0,
                "total": 2
              }
            },
            {
              "batter": "S Jayathilake",
              "bowler": "DN Wellalage",
              "non_striker": "K Nirmana",
              "runs": {
                "batter": 1,
                "extras": 0,
                "total": 1
              }
            },
            {
              "batter": "K Nirmana",
              "bowler": "DN Wellalage",
              "non_striker": "S Jayathilake",
              "runs": {
                "batter": 2,
                "extras": 0,
                "total": 2
              }
            },
            {
              "batter": "K Nirmana",
              "bowler": "DN Wellalage",
              "non_striker": "S Jayathilake",
              "runs": {
                "batter": 1,
                "extras": 0,
                "total": 1
              }
            },
            {
              "batter": "S Jayathilake",
              "bowler": "DN Wellalage",
              "non_striker": "K Nirmana",
              "runs": {
                "batter": 2,
                "extras": 0,
                "total": 2
              }
            }
          ]
        },
        {
          "over": 16,
          "deliveries": [
            {
              "batter": "K Nirmana",
              "bowler": "K Anjula",
              "non_striker": "S Jayathilake",
              "runs": {
                "batter": 1,
                "extras": 0,
                "total": 1
              }
            },
            {
              "batter": "S Jayathilake",
              "bowler": "K Anjula",
              "non_striker": "K Nirmana",
              "runs": {
                "batter": 1,
                "extras": 0,
                "total": 1
              }
            },
            {
              "batter": "K Nirmana",
              "bowler": "K Anjula",
              "non_striker": "S Jayathilake",
              "runs": {
                "batter": 0,
                "extras": 0,
                "total": 0
              },
              "wickets": [
                {
                  "player_out": "K Nirmana",
                  "fielders": [
                    {
                      "name": "MMMS Cooray"
                    }
                  ],
                  "kind": "caught"
                }
              ]
            },
            {
              "batter": "SMLD Samarakoon",
              "bowler": "K Anjula",
              "non_striker": "S Jayathilake",
              "runs": {
                "batter": 1,
                "extras": 0,
                "total": 1
              }
            },
            {
              "batter": "S Jayathilake",
              "bowler": "K Anjula",
              "non_striker": "SMLD Samarakoon",
              "runs": {
                "batter": 0,
                "extras": 0,
                "total": 0
              }
            },
            {
              "batter": "S Jayathilake",
              "bowler": "K Anjula",
              "non_striker": "SMLD Samarakoon",
              "runs": {
                "batter": 1,
                "extras": 0,
                "total": 1
              }
            }
          ]
        },
        {
          "over": 17,
          "deliveries": [
            {
              "batter": "S Jayathilake",
              "bowler": "D Madushanka",
              "non_striker": "SMLD Samarakoon",
              "runs": {
                "batter": 6,
                "extras": 0,
                "total": 6
              }
            },
            {
              "batter": "S Jayathilake",
              "bowler": "D Madushanka",
              "non_striker": "SMLD Samarakoon",
              "runs": {
                "batter": 1,
                "extras": 0,
                "total": 1
              }
            },
            {
              "batter": "SMLD Samarakoon",
              "bowler": "D Madushanka",
              "non_striker": "S Jayathilake",
              "runs": {
                "batter": 0,
                "extras": 0,
                "total": 0
              }
            },
            {
              "batter": "SMLD Samarakoon",
              "bowler": "D Madushanka",
              "non_striker": "S Jayathilake",
              "runs": {
                "batter": 1,
                "extras": 0,
                "total": 1
              }
            },
            {
              "batter": "S Jayathilake",
              "bowler": "D Madushanka",
              "non_striker": "SMLD Samarakoon",
              "runs": {
                "batter": 0,
                "extras": 0,
                "total": 0
              }
            },
            {
              "batter": "S Jayathilake",
              "bowler": "D Madushanka",
              "non_striker": "SMLD Samarakoon",
              "runs": {
                "batter": 4,
                "extras": 0,
                "total": 4
              }
            }
          ]
        },
        {
          "over": 18,
          "deliveries": [
            {
              "batter": "SMLD Samarakoon",
              "bowler": "K Anjula",
              "non_striker": "S Jayathilake",
              "runs": {
                "batter": 1,
                "extras": 0,
                "total": 1
              }
            },
            {
              "batter": "S Jayathilake",
              "bowler": "K Anjula",
              "non_striker": "SMLD Samarakoon",
              "runs": {
                "batter": 1,
                "extras": 0,
                "total": 1
              }
            },
            {
              "batter": "SMLD Samarakoon",
              "bowler": "K Anjula",
              "non_striker": "S Jayathilake",
              "runs": {
                "batter": 1,
                "extras": 0,
                "total": 1
              }
            },
            {
              "batter": "S Jayathilake",
              "bowler": "K Anjula",
              "non_striker": "SMLD Samarakoon",
              "runs": {
                "batter": 0,
                "extras": 0,
                "total": 0
              },
              "wickets": [
                {
                  "player_out": "S Jayathilake",
                  "fielders": [
                    {
                      "name": "DN Wellalage"
                    }
                  ],
                  "kind": "caught"
                }
              ]
            },
            {
              "batter": "STS Senarathne",
              "bowler": "K Anjula",
              "non_striker": "SMLD Samarakoon",
              "runs": {
                "batter": 1,
                "extras": 0,
                "total": 1
              }
            },
            {
              "batter": "SMLD Samarakoon",
              "bowler": "K Anjula",
              "non_striker": "STS Senarathne",
              "runs": {
                "batter": 1,
                "extras": 0,
                "total": 1
              }
            }
          ]
        },
        {
          "over": 19,
          "deliveries": [
            {
              "batter": "SMLD Samarakoon",
              "bowler": "D Madushanka",
              "non_striker": "STS Senarathne",
              "runs": {
                "batter": 1,
                "extras": 0,
                "total": 1
              }
            },
            {
              "batter": "STS Senarathne",
              "bowler": "D Madushanka",
              "non_striker": "SMLD Samarakoon",
              "runs": {
                "batter": 0,
                "extras": 0,
                "total": 0
              },
              "wickets": [
                {
                  "player_out": "STS Senarathne",
                  "fielders": [
                    {
                      "name": "M Lakshan"
                    }
                  ],
                  "kind": "caught"
                }
              ]
            },
            {
              "batter": "KTH Ratnayake",
              "bowler": "D Madushanka",
              "non_striker": "SMLD Samarakoon",
              "runs": {
                "batter": 1,
                "extras": 0,
                "total": 1
              }
            },
            {
              "batter": "SMLD Samarakoon",
              "bowler": "D Madushanka",
              "non_striker": "KTH Ratnayake",
              "runs": {
                "batter": 1,
                "extras": 0,
                "total": 1
              }
            },
            {
              "batter": "KTH Ratnayake",
              "bowler": "D Madushanka",
              "non_striker": "SMLD Samarakoon",
              "runs": {
                "batter": 2,
                "extras": 0,
                "total": 2
              }
            },
            {
              "batter": "KTH Ratnayake",
              "bowler": "D Madushanka",
              "non_striker": "SMLD Samarakoon",
              "runs": {
                "batter": 1,
                "extras": 0,
                "total": 1
              }
            }
          ]
        }
      ],
      "powerplays": [
        {
          "from": 0.1,
          "to": 5.6,
          "type": "mandatory"
        }
      ]
    },
    {
      "team": "Colts Cricket Club",
      "overs": [
        {
          "over": 0,
          "deliveries": [
            {
              "batter": "MMMS Cooray",
              "bowler": "SMLD Samarakoon",
              "extras": {
                "wides": 1
              },
              "non_striker": "HM Kapurubandara",
              "runs": {
                "batter": 0,
                "extras": 1,
                "total": 1
              }
            },
            {
              "batter": "MMMS Cooray",
              "bowler": "SMLD Samarakoon",
              "non_striker": "HM Kapurubandara",
              "runs": {
                "batter": 2,
                "extras": 0,
                "total": 2
              }
            },
            {
              "batter": "MMMS Cooray",
              "bowler": "SMLD Samarakoon",
              "non_striker": "HM Kapurubandara",
              "runs": {
                "batter": 1,
                "extras": 0,
                "total": 1
              }
            },
            {
              "batter": "HM Kapurubandara",
              "bowler": "SMLD Samarakoon",
              "non_striker": "MMMS Cooray",
              "runs": {
                "batter": 1,
                "extras": 0,
                "total": 1
              }
            },
            {
              "batter": "MMMS Cooray",
              "bowler": "SMLD Samarakoon",
              "non_striker": "HM Kapurubandara",
              "runs": {
                "batter": 0,
                "extras": 0,
                "total": 0
              }
            },
            {
              "batter": "MMMS Cooray",
              "bowler": "SMLD Samarakoon",
              "non_striker": "HM Kapurubandara",
              "runs": {
                "batter": 2,
                "extras": 0,
                "total": 2
              }
            },
            {
              "batter": "MMMS Cooray",
              "bowler": "SMLD Samarakoon",
              "non_striker": "HM Kapurubandara",
              "runs": {
                "batter": 0,
                "extras": 0,
                "total": 0
              },
              "wickets": [
                {
                  "player_out": "MMMS Cooray",
                  "fielders": [
                    {
                      "name": "PBB Rajapaksa"
                    }
                  ],
                  "kind": "caught"
                }
              ]
            }
          ]
        },
        {
          "over": 1,
          "deliveries": [
            {
              "batter": "HM Kapurubandara",
              "bowler": "K Dilhara",
              "non_striker": "R Rasantha",
              "runs": {
                "batter": 0,
                "extras": 0,
                "total": 0
              }
            },
            {
              "batter": "HM Kapurubandara",
              "bowler": "K Dilhara",
              "non_striker": "R Rasantha",
              "runs": {
                "batter": 0,
                "extras": 0,
                "total": 0
              }
            },
            {
              "batter": "HM Kapurubandara",
              "bowler": "K Dilhara",
              "non_striker": "R Rasantha",
              "runs": {
                "batter": 0,
                "extras": 0,
                "total": 0
              }
            },
            {
              "batter": "HM Kapurubandara",
              "bowler": "K Dilhara",
              "non_striker": "R Rasantha",
              "runs": {
                "batter": 0,
                "extras": 0,
                "total": 0
              }
            },
            {
              "batter": "HM Kapurubandara",
              "bowler": "K Dilhara",
              "extras": {
                "wides": 1
              },
              "non_striker": "R Rasantha",
              "runs": {
                "batter": 0,
                "extras": 1,
                "total": 1
              }
            },
            {
              "batter": "HM Kapurubandara",
              "bowler": "K Dilhara",
              "non_striker": "R Rasantha",
              "runs": {
                "batter": 2,
                "extras": 0,
                "total": 2
              }
            },
            {
              "batter": "HM Kapurubandara",
              "bowler": "K Dilhara",
              "extras": {
                "wides": 1
              },
              "non_striker": "R Rasantha",
              "runs": {
                "batter": 0,
                "extras": 1,
                "total": 1
              }
            },
            {
              "batter": "HM Kapurubandara",
              "bowler": "K Dilhara",
              "non_striker": "R Rasantha",
              "runs": {
                "batter": 0,
                "extras": 0,
                "total": 0
              },
              "wickets": [
                {
                  "player_out": "HM Kapurubandara",
                  "fielders": [
                    {
                      "name": "KTH Ratnayake"
                    }
                  ],
                  "kind": "caught"
                }
              ]
            }
          ]
        },
        {
          "over": 2,
          "deliveries": [
            {
              "batter": "R Rasantha",
              "bowler": "SMLD Samarakoon",
              "extras": {
                "wides": 1
              },
              "non_striker": "D Lakshan",
              "runs": {
                "batter": 0,
                "extras": 1,
                "total": 1
              }
            },
            {
              "batter": "R Rasantha",
              "bowler": "SMLD Samarakoon",
              "non_striker": "D Lakshan",
              "runs": {
                "batter": 4,
                "extras": 0,
                "total": 4
              }
            },
            {
              "batter": "R Rasantha",
              "bowler": "SMLD Samarakoon",
              "non_striker": "D Lakshan",
              "runs": {
                "batter": 6,
                "extras": 0,
                "total": 6
              }
            },
            {
              "batter": "R Rasantha",
              "bowler": "SMLD Samarakoon",
              "non_striker": "D Lakshan",
              "runs": {
                "batter": 0,
                "extras": 0,
                "total": 0
              }
            },
            {
              "batter": "R Rasantha",
              "bowler": "SMLD Samarakoon",
              "non_striker": "D Lakshan",
              "runs": {
                "batter": 0,
                "extras": 0,
                "total": 0
              }
            },
            {
              "batter": "R Rasantha",
              "bowler": "SMLD Samarakoon",
              "non_striker": "D Lakshan",
              "runs": {
                "batter": 6,
                "extras": 0,
                "total": 6
              }
            },
            {
              "batter": "R Rasantha",
              "bowler": "SMLD Samarakoon",
              "non_striker": "D Lakshan",
              "runs": {
                "batter": 0,
                "extras": 0,
                "total": 0
              }
            }
          ]
        },
        {
          "over": 3,
          "deliveries": [
            {
              "batter": "D Lakshan",
              "bowler": "K Dilhara",
              "non_striker": "R Rasantha",
              "runs": {
                "batter": 6,
                "extras": 0,
                "total": 6
              }
            },
            {
              "batter": "D Lakshan",
              "bowler": "K Dilhara",
              "non_striker": "R Rasantha",
              "runs": {
                "batter": 1,
                "extras": 0,
                "total": 1
              }
            },
            {
              "batter": "R Rasantha",
              "bowler": "K Dilhara",
              "non_striker": "D Lakshan",
              "runs": {
                "batter": 1,
                "extras": 0,
                "total": 1
              }
            },
            {
              "batter": "D Lakshan",
              "bowler": "K Dilhara",
              "non_striker": "R Rasantha",
              "runs": {
                "batter": 1,
                "extras": 0,
                "total": 1
              }
            },
            {
              "batter": "R Rasantha",
              "bowler": "K Dilhara",
              "non_striker": "D Lakshan",
              "runs": {
                "batter": 6,
                "extras": 0,
                "total": 6
              }
            },
            {
              "batter": "R Rasantha",
              "bowler": "K Dilhara",
              "non_striker": "D Lakshan",
              "runs": {
                "batter": 2,
                "extras": 0,
                "total": 2
              }
            }
          ]
        },
        {
          "over": 4,
          "deliveries": [
            {
              "batter": "D Lakshan",
              "bowler": "KTH Ratnayake",
              "extras": {
                "wides": 5
              },
              "non_striker": "R Rasantha",
              "runs": {
                "batter": 0,
                "extras": 5,
                "total": 5
              }
            },
            {
              "batter": "D Lakshan",
              "bowler": "KTH Ratnayake",
              "non_striker": "R Rasantha",
              "runs": {
                "batter": 4,
                "extras": 0,
                "total": 4
              }
            },
            {
              "batter": "D Lakshan",
              "bowler": "KTH Ratnayake",
              "non_striker": "R Rasantha",
              "runs": {
                "batter": 0,
                "extras": 0,
                "total": 0
              }
            },
            {
              "batter": "D Lakshan",
              "bowler": "KTH Ratnayake",
              "non_striker": "R Rasantha",
              "runs": {
                "batter": 4,
                "extras": 0,
                "total": 4
              }
            },
            {
              "batter": "D Lakshan",
              "bowler": "KTH Ratnayake",
              "non_striker": "R Rasantha",
              "runs": {
                "batter": 0,
                "extras": 0,
                "total": 0
              }
            },
            {
              "batter": "D Lakshan",
              "bowler": "KTH Ratnayake",
              "non_striker": "R Rasantha",
              "runs": {
                "batter": 2,
                "extras": 0,
                "total": 2
              }
            },
            {
              "batter": "D Lakshan",
              "bowler": "KTH Ratnayake",
              "non_striker": "R Rasantha",
              "runs": {
                "batter": 4,
                "extras": 0,
                "total": 4
              }
            }
          ]
        },
        {
          "over": 5,
          "deliveries": [
            {
              "batter": "R Rasantha",
              "bowler": "V Viyaskanth",
              "non_striker": "D Lakshan",
              "runs": {
                "batter": 2,
                "extras": 0,
                "total": 2
              }
            },
            {
              "batter": "R Rasantha",
              "bowler": "V Viyaskanth",
              "non_striker": "D Lakshan",
              "runs": {
                "batter": 1,
                "extras": 0,
                "total": 1
              }
            },
            {
              "batter": "D Lakshan",
              "bowler": "V Viyaskanth",
              "non_striker": "R Rasantha",
              "runs": {
                "batter": 4,
                "extras": 0,
                "total": 4
              }
            },
            {
              "batter": "D Lakshan",
              "bowler": "V Viyaskanth",
              "non_striker": "R Rasantha",
              "runs": {
                "batter": 0,
                "extras": 0,
                "total": 0
              },
              "wickets": [
                {
                  "player_out": "D Lakshan",
                  "kind": "bowled"
                }
              ]
            },
            {
              "batter": "DN Wellalage",
              "bowler": "V Viyaskanth",
              "non_striker": "R Rasantha",
              "runs": {
                "batter": 4,
                "extras": 0,
                "total": 4
              }
            },
            {
              "batter": "DN Wellalage",
              "bowler": "V Viyaskanth",
              "non_striker": "R Rasantha",
              "runs": {
                "batter": 0,
                "extras": 0,
                "total": 0
              }
            }
          ]
        },
        {
          "over": 6,
          "deliveries": [
            {
              "batter": "R Rasantha",
              "bowler": "KTH Ratnayake",
              "non_striker": "DN Wellalage",
              "runs": {
                "batter": 0,
                "extras": 0,
                "total": 0
              }
            },
            {
              "batter": "R Rasantha",
              "bowler": "KTH Ratnayake",
              "non_striker": "DN Wellalage",
              "runs": {
                "batter": 0,
                "extras": 0,
                "total": 0
              }
            },
            {
              "batter": "R Rasantha",
              "bowler": "KTH Ratnayake",
              "non_striker": "DN Wellalage",
              "runs": {
                "batter": 0,
                "extras": 0,
                "total": 0
              }
            },
            {
              "batter": "R Rasantha",
              "bowler": "KTH Ratnayake",
              "non_striker": "DN Wellalage",
              "runs": {
                "batter": 0,
                "extras": 0,
                "total": 0
              },
              "wickets": [
                {
                  "player_out": "R Rasantha",
                  "fielders": [
                    {
                      "name": "V Viyaskanth"
                    }
                  ],
                  "kind": "caught"
                }
              ]
            },
            {
              "batter": "WRKS Darshika",
              "bowler": "KTH Ratnayake",
              "non_striker": "DN Wellalage",
              "runs": {
                "batter": 0,
                "extras": 0,
                "total": 0
              }
            },
            {
              "batter": "WRKS Darshika",
              "bowler": "KTH Ratnayake",
              "non_striker": "DN Wellalage",
              "runs": {
                "batter": 1,
                "extras": 0,
                "total": 1
              }
            }
          ]
        },
        {
          "over": 7,
          "deliveries": [
            {
              "batter": "WRKS Darshika",
              "bowler": "V Viyaskanth",
              "non_striker": "DN Wellalage",
              "runs": {
                "batter": 1,
                "extras": 0,
                "total": 1
              }
            },
            {
              "batter": "DN Wellalage",
              "bowler": "V Viyaskanth",
              "non_striker": "WRKS Darshika",
              "runs": {
                "batter": 1,
                "extras": 0,
                "total": 1
              }
            },
            {
              "batter": "WRKS Darshika",
              "bowler": "V Viyaskanth",
              "non_striker": "DN Wellalage",
              "runs": {
                "batter": 4,
                "extras": 0,
                "total": 4
              }
            },
            {
              "batter": "WRKS Darshika",
              "bowler": "V Viyaskanth",
              "non_striker": "DN Wellalage",
              "runs": {
                "batter": 0,
                "extras": 0,
                "total": 0
              }
            },
            {
              "batter": "WRKS Darshika",
              "bowler": "V Viyaskanth",
              "non_striker": "DN Wellalage",
              "runs": {
                "batter": 0,
                "extras": 0,
                "total": 0
              }
            },
            {
              "batter": "WRKS Darshika",
              "bowler": "V Viyaskanth",
              "non_striker": "DN Wellalage",
              "runs": {
                "batter": 1,
                "extras": 0,
                "total": 1
              }
            }
          ]
        },
        {
          "over": 8,
          "deliveries": [
            {
              "batter": "WRKS Darshika",
              "bowler": "K Nirmana",
              "non_striker": "DN Wellalage",
              "runs": {
                "batter": 1,
                "extras": 0,
                "total": 1
              }
            },
            {
              "batter": "DN Wellalage",
              "bowler": "K Nirmana",
              "non_striker": "WRKS Darshika",
              "runs": {
                "batter": 1,
                "extras": 0,
                "total": 1
              }
            },
            {
              "batter": "WRKS Darshika",
              "bowler": "K Nirmana",
              "non_striker": "DN Wellalage",
              "runs": {
                "batter": 0,
                "extras": 0,
                "total": 0
              }
            },
            {
              "batter": "WRKS Darshika",
              "bowler": "K Nirmana",
              "non_striker": "DN Wellalage",
              "runs": {
                "batter": 1,
                "extras": 0,
                "total": 1
              }
            },
            {
              "batter": "DN Wellalage",
              "bowler": "K Nirmana",
              "extras": {
                "wides": 1
              },
              "non_striker": "WRKS Darshika",
              "runs": {
                "batter": 0,
                "extras": 1,
                "total": 1
              }
            },
            {
              "batter": "DN Wellalage",
              "bowler": "K Nirmana",
              "non_striker": "WRKS Darshika",
              "runs": {
                "batter": 1,
                "extras": 0,
                "total": 1
              }
            },
            {
              "batter": "WRKS Darshika",
              "bowler": "K Nirmana",
              "non_striker": "DN Wellalage",
              "runs": {
                "batter": 1,
                "extras": 0,
                "total": 1
              }
            }
          ]
        },
        {
          "over": 9,
          "deliveries": [
            {
              "batter": "WRKS Darshika",
              "bowler": "V Viyaskanth",
              "non_striker": "DN Wellalage",
              "runs": {
                "batter": 1,
                "extras": 0,
                "total": 1
              }
            },
            {
              "batter": "DN Wellalage",
              "bowler": "V Viyaskanth",
              "non_striker": "WRKS Darshika",
              "runs": {
                "batter": 1,
                "extras": 0,
                "total": 1
              }
            },
            {
              "batter": "WRKS Darshika",
              "bowler": "V Viyaskanth",
              "non_striker": "DN Wellalage",
              "runs": {
                "batter": 0,
                "extras": 0,
                "total": 0
              }
            },
            {
              "batter": "WRKS Darshika",
              "bowler": "V Viyaskanth",
              "non_striker": "DN Wellalage",
              "runs": {
                "batter": 4,
                "extras": 0,
                "total": 4
              }
            },
            {
              "batter": "WRKS Darshika",
              "bowler": "V Viyaskanth",
              "non_striker": "DN Wellalage",
              "runs": {
                "batter": 1,
                "extras": 0,
                "total": 1
              }
            },
            {
              "batter": "DN Wellalage",
              "bowler": "V Viyaskanth",
              "non_striker": "WRKS Darshika",
              "runs": {
                "batter": 0,
                "extras": 0,
                "total": 0
              }
            }
          ]
        },
        {
          "over": 10,
          "deliveries": [
            {
              "batter": "WRKS Darshika",
              "bowler": "K Nirmana",
              "non_striker": "DN Wellalage",
              "runs": {
                "batter": 2,
                "extras": 0,
                "total": 2
              }
            },
            {
              "batter": "WRKS Darshika",
              "bowler": "K Nirmana",
              "non_striker": "DN Wellalage",
              "runs": {
                "batter": 1,
                "extras": 0,
                "total": 1
              }
            },
            {
              "batter": "DN Wellalage",
              "bowler": "K Nirmana",
              "non_striker": "WRKS Darshika",
              "runs": {
                "batter": 1,
                "extras": 0,
                "total": 1
              }
            },
            {
              "batter": "WRKS Darshika",
              "bowler": "K Nirmana",
              "non_striker": "DN Wellalage",
              "runs": {
                "batter": 0,
                "extras": 0,
                "total": 0
              }
            },
            {
              "batter": "WRKS Darshika",
              "bowler": "K Nirmana",
              "extras": {
                "wides": 1
              },
              "non_striker": "DN Wellalage",
              "runs": {
                "batter": 0,
                "extras": 1,
                "total": 1
              }
            },
            {
              "batter": "WRKS Darshika",
              "bowler": "K Nirmana",
              "non_striker": "DN Wellalage",
              "runs": {
                "batter": 1,
                "extras": 0,
                "total": 1
              }
            },
            {
              "batter": "DN Wellalage",
              "bowler": "K Nirmana",
              "non_striker": "WRKS Darshika",
              "runs": {
                "batter": 1,
                "extras": 0,
                "total": 1
              }
            }
          ]
        },
        {
          "over": 11,
          "deliveries": [
            {
              "batter": "DN Wellalage",
              "bowler": "KTH Ratnayake",
              "non_striker": "WRKS Darshika",
              "runs": {
                "batter": 0,
                "extras": 0,
                "total": 0
              }
            },
            {
              "batter": "DN Wellalage",
              "bowler": "KTH Ratnayake",
              "non_striker": "WRKS Darshika",
              "runs": {
                "batter": 1,
                "extras": 0,
                "total": 1
              }
            },
            {
              "batter": "WRKS Darshika",
              "bowler": "KTH Ratnayake",
              "non_striker": "DN Wellalage",
              "runs": {
                "batter": 0,
                "extras": 0,
                "total": 0
              }
            },
            {
              "batter": "WRKS Darshika",
              "bowler": "KTH Ratnayake",
              "non_striker": "DN Wellalage",
              "runs": {
                "batter": 1,
                "extras": 0,
                "total": 1
              }
            },
            {
              "batter": "DN Wellalage",
              "bowler": "KTH Ratnayake",
              "non_striker": "WRKS Darshika",
              "runs": {
                "batter": 0,
                "extras": 0,
                "total": 0
              }
            },
            {
              "batter": "DN Wellalage",
              "bowler": "KTH Ratnayake",
              "non_striker": "WRKS Darshika",
              "runs": {
                "batter": 0,
                "extras": 0,
                "total": 0
              }
            }
          ]
        },
        {
          "over": 12,
          "deliveries": [
            {
              "batter": "WRKS Darshika",
              "bowler": "K Dilhara",
              "non_striker": "DN Wellalage",
              "runs": {
                "batter": 0,
                "extras": 0,
                "total": 0
              }
            },
            {
              "batter": "WRKS Darshika",
              "bowler": "K Dilhara",
              "extras": {
                "legbyes": 1
              },
              "non_striker": "DN Wellalage",
              "runs": {
                "batter": 0,
                "extras": 1,
                "total": 1
              }
            },
            {
              "batter": "DN Wellalage",
              "bowler": "K Dilhara",
              "non_striker": "WRKS Darshika",
              "runs": {
                "batter": 0,
                "extras": 0,
                "total": 0
              }
            },
            {
              "batter": "DN Wellalage",
              "bowler": "K Dilhara",
              "extras": {
                "wides": 1
              },
              "non_striker": "WRKS Darshika",
              "runs": {
                "batter": 0,
                "extras": 1,
                "total": 1
              }
            },
            {
              "batter": "DN Wellalage",
              "bowler": "K Dilhara",
              "extras": {
                "wides": 1
              },
              "non_striker": "WRKS Darshika",
              "runs": {
                "batter": 0,
                "extras": 1,
                "total": 1
              }
            },
            {
              "batter": "DN Wellalage",
              "bowler": "K Dilhara",
              "non_striker": "WRKS Darshika",
              "runs": {
                "batter": 0,
                "extras": 0,
                "total": 0
              }
            },
            {
              "batter": "DN Wellalage",
              "bowler": "K Dilhara",
              "non_striker": "WRKS Darshika",
              "runs": {
                "batter": 0,
                "extras": 0,
                "total": 0
              }
            },
            {
              "batter": "DN Wellalage",
              "bowler": "K Dilhara",
              "non_striker": "WRKS Darshika",
              "runs": {
                "batter": 1,
                "extras": 0,
                "total": 1
              }
            }
          ]
        },
        {
          "over": 13,
          "deliveries": [
            {
              "batter": "DN Wellalage",
              "bowler": "S Jayathilake",
              "non_striker": "WRKS Darshika",
              "runs": {
                "batter": 1,
                "extras": 0,
                "total": 1
              }
            },
            {
              "batter": "WRKS Darshika",
              "bowler": "S Jayathilake",
              "non_striker": "DN Wellalage",
              "runs": {
                "batter": 0,
                "extras": 0,
                "total": 0
              }
            },
            {
              "batter": "WRKS Darshika",
              "bowler": "S Jayathilake",
              "non_striker": "DN Wellalage",
              "runs": {
                "batter": 4,
                "extras": 0,
                "total": 4
              }
            },
            {
              "batter": "WRKS Darshika",
              "bowler": "S Jayathilake",
              "non_striker": "DN Wellalage",
              "runs": {
                "batter": 0,
                "extras": 0,
                "total": 0
              }
            },
            {
              "batter": "WRKS Darshika",
              "bowler": "S Jayathilake",
              "non_striker": "DN Wellalage",
              "runs": {
                "batter": 1,
                "extras": 0,
                "total": 1
              }
            },
            {
              "batter": "DN Wellalage",
              "bowler": "S Jayathilake",
              "non_striker": "WRKS Darshika",
              "runs": {
                "batter": 3,
                "extras": 0,
                "total": 3
              }
            }
          ]
        },
        {
          "over": 14,
          "deliveries": [
            {
              "batter": "DN Wellalage",
              "bowler": "KTH Ratnayake",
              "non_striker": "WRKS Darshika",
              "runs": {
                "batter": 0,
                "extras": 0,
                "total": 0
              },
              "wickets": [
                {
                  "player_out": "DN Wellalage",
                  "fielders": [
                    {
                      "name": "Sineth Jayawardena"
                    }
                  ],
                  "kind": "caught"
                }
              ]
            },
            {
              "batter": "K Anjula",
              "bowler": "KTH Ratnayake",
              "non_striker": "WRKS Darshika",
              "runs": {
                "batter": 1,
                "extras": 0,
                "total": 1
              }
            },
            {
              "batter": "WRKS Darshika",
              "bowler": "KTH Ratnayake",
              "non_striker": "K Anjula",
              "runs": {
                "batter": 0,
                "extras": 0,
                "total": 0
              }
            },
            {
              "batter": "WRKS Darshika",
              "bowler": "KTH Ratnayake",
              "non_striker": "K Anjula",
              "runs": {
                "batter": 4,
                "extras": 0,
                "total": 4
              }
            },
            {
              "batter": "WRKS Darshika",
              "bowler": "KTH Ratnayake",
              "non_striker": "K Anjula",
              "runs": {
                "batter": 1,
                "extras": 0,
                "total": 1
              }
            },
            {
              "batter": "K Anjula",
              "bowler": "KTH Ratnayake",
              "non_striker": "WRKS Darshika",
              "runs": {
                "batter": 0,
                "extras": 0,
                "total": 0
              },
              "wickets": [
                {
                  "player_out": "K Anjula",
                  "fielders": [
                    {
                      "name": "K Nirmana"
                    }
                  ],
                  "kind": "caught"
                }
              ]
            }
          ]
        },
        {
          "over": 15,
          "deliveries": [
            {
              "batter": "WRKS Darshika",
              "bowler": "S Jayathilake",
              "non_striker": "M Lakshan",
              "runs": {
                "batter": 4,
                "extras": 0,
                "total": 4
              }
            },
            {
              "batter": "WRKS Darshika",
              "bowler": "S Jayathilake",
              "non_striker": "M Lakshan",
              "runs": {
                "batter": 1,
                "extras": 0,
                "total": 1
              }
            },
            {
              "batter": "M Lakshan",
              "bowler": "S Jayathilake",
              "non_striker": "WRKS Darshika",
              "runs": {
                "batter": 2,
                "extras": 0,
                "total": 2
              }
            },
            {
              "batter": "M Lakshan",
              "bowler": "S Jayathilake",
              "non_striker": "WRKS Darshika",
              "runs": {
                "batter": 0,
                "extras": 0,
                "total": 0
              }
            },
            {
              "batter": "M Lakshan",
              "bowler": "S Jayathilake",
              "non_striker": "WRKS Darshika",
              "runs": {
                "batter": 1,
                "extras": 0,
                "total": 1
              }
            },
            {
              "batter": "WRKS Darshika",
              "bowler": "S Jayathilake",
              "non_striker": "M Lakshan",
              "runs": {
                "batter": 6,
                "extras": 0,
                "total": 6
              }
            }
          ]
        },
        {
          "over": 16,
          "deliveries": [
            {
              "batter": "M Lakshan",
              "bowler": "V Viyaskanth",
              "non_striker": "WRKS Darshika",
              "runs": {
                "batter": 1,
                "extras": 0,
                "total": 1
              }
            },
            {
              "batter": "WRKS Darshika",
              "bowler": "V Viyaskanth",
              "non_striker": "M Lakshan",
              "runs": {
                "batter": 1,
                "extras": 0,
                "total": 1
              }
            },
            {
              "batter": "M Lakshan",
              "bowler": "V Viyaskanth",
              "non_striker": "WRKS Darshika",
              "runs": {
                "batter": 1,
                "extras": 0,
                "total": 1
              }
            },
            {
              "batter": "WRKS Darshika",
              "bowler": "V Viyaskanth",
              "non_striker": "M Lakshan",
              "runs": {
                "batter": 2,
                "extras": 0,
                "total": 2
              }
            },
            {
              "batter": "WRKS Darshika",
              "bowler": "V Viyaskanth",
              "non_striker": "M Lakshan",
              "runs": {
                "batter": 1,
                "extras": 0,
                "total": 1
              }
            },
            {
              "batter": "M Lakshan",
              "bowler": "V Viyaskanth",
              "non_striker": "WRKS Darshika",
              "runs": {
                "batter": 0,
                "extras": 0,
                "total": 0
              }
            }
          ]
        },
        {
          "over": 17,
          "deliveries": [
            {
              "batter": "WRKS Darshika",
              "bowler": "SMLD Samarakoon",
              "non_striker": "M Lakshan",
              "runs": {
                "batter": 0,
                "extras": 0,
                "total": 0
              }
            },
            {
              "batter": "WRKS Darshika",
              "bowler": "SMLD Samarakoon",
              "non_striker": "M Lakshan",
              "runs": {
                "batter": 4,
                "extras": 0,
                "total": 4
              }
            },
            {
              "batter": "WRKS Darshika",
              "bowler": "SMLD Samarakoon",
              "non_striker": "M Lakshan",
              "runs": {
                "batter": 4,
                "extras": 0,
                "total": 4
              }
            },
            {
              "batter": "WRKS Darshika",
              "bowler": "SMLD Samarakoon",
              "non_striker": "M Lakshan",
              "runs": {
                "batter": 1,
                "extras": 0,
                "total": 1
              }
            },
            {
              "batter": "M Lakshan",
              "bowler": "SMLD Samarakoon",
              "non_striker": "WRKS Darshika",
              "runs": {
                "batter": 1,
                "extras": 0,
                "total": 1
              }
            },
            {
              "batter": "WRKS Darshika",
              "bowler": "SMLD Samarakoon",
              "extras": {
                "noballs": 1
              },
              "non_striker": "M Lakshan",
              "runs": {
                "batter": 0,
                "extras": 1,
                "total": 1
              }
            },
            {
              "batter": "WRKS Darshika",
              "bowler": "SMLD Samarakoon",
              "non_striker": "M Lakshan",
              "runs": {
                "batter": 0,
                "extras": 0,
                "total": 0
              }
            }
          ]
        },
        {
          "over": 18,
          "deliveries": [
            {
              "batter": "M Lakshan",
              "bowler": "K Dilhara",
              "non_striker": "WRKS Darshika",
              "runs": {
                "batter": 0,
                "extras": 0,
                "total": 0
              }
            },
            {
              "batter": "M Lakshan",
              "bowler": "K Dilhara",
              "non_striker": "WRKS Darshika",
              "runs": {
                "batter": 0,
                "extras": 0,
                "total": 0
              }
            },
            {
              "batter": "M Lakshan",
              "bowler": "K Dilhara",
              "non_striker": "WRKS Darshika",
              "runs": {
                "batter": 6,
                "extras": 0,
                "total": 6
              }
            },
            {
              "batter": "M Lakshan",
              "bowler": "K Dilhara",
              "non_striker": "WRKS Darshika",
              "runs": {
                "batter": 0,
                "extras": 0,
                "total": 0
              }
            },
            {
              "batter": "M Lakshan",
              "bowler": "K Dilhara",
              "non_striker": "WRKS Darshika",
              "runs": {
                "batter": 4,
                "extras": 0,
                "total": 4
              }
            },
            {
              "batter": "M Lakshan",
              "bowler": "K Dilhara",
              "extras": {
                "wides": 1
              },
              "non_striker": "WRKS Darshika",
              "runs": {
                "batter": 0,
                "extras": 1,
                "total": 1
              }
            }
          ]
        }
      ],
      "powerplays": [
        {
          "from": 0.1,
          "to": 5.6,
          "type": "mandatory"
        }
      ],
      "target": {
        "overs": 20,
        "runs": 166
      }
    }
  ]
}